536	HCvdjrM	3	3.0037	3.1667	5	6	0.00046	0.02038	8	12	4
537	HCpvUzq	3	3.0068	3.2000	5	6	0.00076	0.02146	9	10	4
538	H?bBThY	4	4.0099	4.2000	4	5	0.00110	0.02112	9	9	5
539	HCpvRym	3	3.0126	3.2000	4	6	0.00140	0.02083	9	10	4
540	HCQeJaL	4	4.0170	4.2500	4	5	0.00154	0.02119	11	8	5
541	HCpvexy	3	3.0148	3.2000	4	6	0.00164	0.02058	9	8	4
542	HCpunp]	3	3.0148	3.2000	5	6	0.00164	0.02058	9	10	4
543	HCZelpZ	3	3.0150	3.2000	5	6	0.00187	0.02313	8	11	4
544	HCRduxy	3	3.0217	3.2500	4	6	0.00217	0.02283	10	11	4
545	HEhvTy{	3	3.0217	3.2500	5	7	0.00217	0.02283	10	10	4
546	H?bBTjQ	4	4.0235	4.2500	4	5	0.00235	0.02265	10	8	5
547	HCvdjp]	3	3.0217	3.2500	5	6	0.00241	0.02537	9	11	4
548	HCpulrd	3	3.0258	3.2500	4	6	0.00258	0.02242	10	10	4
549	HCRdvg}	3	3.0258	3.2500	4	6	0.00258	0.02242	10	9	4
550	HCrbvW}	3	3.0258	3.2500	4	6	0.00258	0.02242	10	10	4
551	HEjfaxu	3	3.0258	3.2500	5	6	0.00258	0.02242	10	9	4
552	HCQ`faw	4	4.0304	4.2500	4	5	0.00277	0.01996	11	7	5
553	H?bDjpw	4	4.0362	4.3333	4	6	0.00279	0.02286	13	6	5
554	HCQvEt{	3	3.0258	3.2500	4	6	0.00286	0.02492	9	11	4
555	HCQbvXu	3	3.0258	3.2500	4	6	0.00286	0.02492	9	10	4
556	HCpulrL	3	3.0258	3.2500	4	6	0.00286	0.02492	9	11	4
557	HCpfdxu	3	3.0258	3.2500	5	6	0.00286	0.02492	9	11	4
558	HCZelrJ	3	3.0258	3.2500	5	6	0.00286	0.02492	9	11	4
559	HEjejrJ	3	3.0258	3.2500	5	6	0.00286	0.02492	9	10	4
560	HCpulr{	3	3.0258	3.2500	5	7	0.00286	0.02492	9	9	4
561	HCZbvXu	3	3.0258	3.2500	5	6	0.00286	0.02492	9	9	4
562	HCpulrt	3	3.0258	3.2500	5	7	0.00286	0.02492	9	10	4
563	HCpulry	3	3.0258	3.2500	5	7	0.00286	0.02492	9	9	4
564	HCpulq}	3	3.0258	3.2500	5	7	0.00286	0.02492	9	9	4
565	H?bBRqs	4	4.0362	4.3333	4	5	0.00302	0.02476	12	7	5
566	H?bDJqU	4	4.0283	4.2500	4	5	0.00314	0.02464	9	8	5
567	HCQdexy	3	3.0258	3.2500	4	6	0.00322	0.02803	8	11	4
568	HCQu]px	3	3.0258	3.2500	4	6	0.00322	0.02803	8	12	4
569	HCpulpl	3	3.0258	3.2500	4	6	0.00322	0.02803	8	12	4
570	HCpulpm	3	3.0258	3.2500	4	6	0.00322	0.02803	8	12	4
571	HCpulql	3	3.0258	3.2500	4	6	0.00322	0.02803	8	10	4
572	HCpulrl	3	3.0258	3.2500	4	7	0.00322	0.02803	8	11	4
573	HCXetij	3	3.0258	3.2500	5	6	0.00322	0.02803	8	11	4
574	HCZelov	3	3.0258	3.2500	5	6	0.00322	0.02803	8	10	4
575	HCpulqf	3	3.0258	3.2500	5	6	0.00322	0.02803	8	10	4
576	HCZK~bT	3	3.0258	3.2500	5	6	0.00322	0.02803	8	11	4
577	HCZelqf	3	3.0258	3.2500	5	6	0.00322	0.02803	8	11	4
578	HCpulp]	3	3.0258	3.2500	5	6	0.00322	0.02803	8	11	4
579	HCpulpu	3	3.0258	3.2500	5	6	0.00322	0.02803	8	12	4
580	HCZTmqZ	3	3.0258	3.2500	5	6	0.00322	0.02803	8	11	4
581	HCpulqV	3	3.0258	3.2500	5	6	0.00322	0.02803	8	11	4
582	HCpulp|	3	3.0258	3.2500	5	7	0.00322	0.02803	8	11	4
583	HCpunrM	3	3.0258	3.2500	5	6	0.00322	0.02803	8	10	4
584	HCpulrf	3	3.0258	3.2500	5	7	0.00322	0.02803	8	9	4
585	HCpulrm	3	3.0258	3.2500	5	7	0.00322	0.02803	8	11	4
586	HCpulp}	3	3.0258	3.2500	5	7	0.00322	0.02803	8	11	4
587	HCpulq|	3	3.0258	3.2500	5	7	0.00322	0.02803	8	11	4
588	HCpulr\	3	3.0258	3.2500	5	7	0.00322	0.02803	8	10	4
589	HCpulrN	3	3.0258	3.2500	5	7	0.00322	0.02803	8	10	4
590	HCpulqv	3	3.0258	3.2500	5	7	0.00322	0.02803	8	11	4
591	HCpulr]	3	3.0258	3.2500	5	7	0.00322	0.02803	8	11	4
592	HCpulru	3	3.0258	3.2500	5	7	0.00322	0.02803	8	11	4
593	HCpulrV	3	3.0258	3.2500	5	7	0.00322	0.02803	8	10	4
594	HCpulr|	3	3.0258	3.2500	5	8	0.00322	0.02803	8	10	4
595	HCpulrn	3	3.0258	3.2500	5	8	0.00322	0.02803	8	10	4
596	HCpulr}	3	3.0258	3.2500	5	8	0.00322	0.02803	8	10	4
597	HCpulrv	3	3.0258	3.2500	5	8	0.00322	0.02803	8	10	4
598	HCpulr^	3	3.0258	3.2500	5	8	0.00322	0.02803	8	10	4
599	HCpulr~	3	3.0258	3.2500	5	9	0.00322	0.02803	8	9	4
600	HCOfBa[	4	4.0362	4.3333	4	5	0.00329	0.02701	11	7	5
601	H?`ciox	4	4.0331	4.2500	4	5	0.00331	0.02169	10	7	5
602	HEhethj	3	3.0275	3.2000	4	6	0.00344	0.02156	8	9	4
603	H?bbV_]	4	4.0449	4.3333	4	5	0.00345	0.02219	13	7	5
604	HCpvfim	3	3.0376	3.2500	4	6	0.00376	0.02124	10	7	4
605	H?bBbqs	4	4.0458	4.3333	4	5	0.00382	0.02396	12	7	5
606	HCrfRym	3	3.0353	3.2500	5	6	0.00392	0.02386	9	8	4
607	H?bebO\	4	4.0491	4.3333	4	5	0.00409	0.02368	12	7	5
608	H?bF`xw	4	4.0633	4.5000	4	5	0.00422	0.02912	15	8	5
609	HCpulrk	3	3.0382	3.2500	4	6	0.00425	0.02353	9	10	4
610	H?bBDhY	4	4.0389	4.2500	3	5	0.00433	0.02345	9	9	5
611	HCQ`eaw	4	4.0433	4.2500	4	5	0.00433	0.02067	10	7	5
612	H?bFBqs	4	4.0529	4.3333	4	5	0.00441	0.02337	12	7	5
613	H?bBbQs	4	4.0491	4.3333	4	5	0.00447	0.02584	11	7	5
614	H?`cn`w	4	4.0638	4.5000	4	5	0.00456	0.03116	14	6	5
615	HEhtnQ{	3	3.0411	3.2500	5	6	0.00456	0.02322	9	10	4
616	HCZJdrU	3	3.0320	3.2000	4	6	0.00457	0.02401	7	10	4
617	HCpujqx	3	3.0374	3.2500	5	6	0.00467	0.02658	8	10	4
618	H?bfBqU	4	4.0587	4.3333	4	5	0.00489	0.02289	12	6	5
619	H?`cm_x	4	4.0542	4.3333	4	5	0.00492	0.02538	11	7	5
620	HCZTdXy	3	3.0394	3.2500	4	6	0.00493	0.02632	8	11	4
621	H?bBDhw	4	4.0543	4.3333	4	5	0.00494	0.02537	11	7	5
622	H?bbVaU	4	4.0642	4.3333	4	5	0.00494	0.02070	13	6	5
623	H?b@bPX	4	4.0451	4.2500	4	5	0.00501	0.02277	9	7	5
624	H?bBV_{	4	4.0711	4.5000	4	5	0.00508	0.03063	14	8	5
625	HCRURyy	3	3.0509	3.3333	4	6	0.00509	0.02824	10	12	4
626	HCpulrY	3	3.0410	3.2500	5	6	0.00513	0.02612	8	10	4
627	H?`cjra	4	4.0621	4.3333	4	5	0.00518	0.02260	12	6	5
628	H?bDJqs	4	4.0587	4.3333	4	5	0.00533	0.02497	11	7	5
629	H?bDJpw	4	4.0642	4.3333	4	6	0.00535	0.02243	12	6	5
630	H?bDJro	4	4.0642	4.3333	4	5	0.00535	0.02243	12	7	5
631	H?`vBQR	4	4.0642	4.3333	4	5	0.00535	0.02243	12	7	5
632	H?bBVbQ	4	4.0642	4.3333	4	5	0.00535	0.02243	12	7	5
633	H?`cn@w	4	4.0704	4.5000	4	5	0.00542	0.03304	13	5	5
634	H?`acgy	4	4.0545	4.3333	3	5	0.00545	0.02789	10	7	5
635	HEhetgz	3	3.0439	3.2500	5	6	0.00548	0.02577	8	9	4
636	HEhetir	3	3.0439	3.2500	5	6	0.00548	0.02577	8	10	4
637	HCpvUzU	3	3.0494	3.3333	5	6	0.00549	0.03155	9	10	4
638	H?`F`xw	4	4.0769	4.5000	4	5	0.00549	0.03022	14	6	5
639	H?`ciro	4	4.0719	4.5000	4	5	0.00553	0.03293	13	7	5
640	HEhfcyy	3	3.0511	3.2500	5	6	0.00568	0.02210	9	10	4
641	HCpvVW}	3	3.0523	3.2500	4	6	0.00581	0.02196	9	9	4
642	HCZJvGv	3	3.0523	3.2500	4	6	0.00582	0.02196	9	9	4
643	HCZJvIf	3	3.0523	3.2500	4	6	0.00582	0.02196	9	9	4
644	H?bB`qs	4	4.0642	4.3333	4	5	0.00583	0.02447	11	7	5
645	H?bDJPw	4	4.0642	4.3333	4	5	0.00583	0.02447	11	7	5
646	H?bDJ`w	4	4.0642	4.3333	4	5	0.00583	0.02447	11	7	5
647	H?bBEc{	4	4.0642	4.3333	4	5	0.00583	0.02447	11	7	5
648	H?b@bqs	4	4.0642	4.3333	4	5	0.00583	0.02447	11	6	5
649	H?bDJRo	4	4.0642	4.3333	4	5	0.00583	0.02447	11	7	5
650	H?`cira	4	4.0642	4.3333	4	5	0.00583	0.02447	11	6	5
651	H?`FBqU	4	4.0642	4.3333	4	5	0.00583	0.02447	11	7	5
652	H?bfAqU	4	4.0642	4.3333	4	5	0.00583	0.02447	11	6	5
653	H?bBTiU	4	4.0642	4.3333	4	5	0.00583	0.02447	11	7	5
654	H?`F@zQ	4	4.0587	4.3333	4	5	0.00587	0.02747	10	7	5
655	HCRTvX]	3	3.0504	3.3333	5	6	0.00630	0.03536	8	11	4
656	H?`Dbo{	4	4.0822	4.5000	4	5	0.00632	0.03214	13	7	5
657	HCpulp\	3	3.0509	3.3333	5	6	0.00636	0.03531	8	11	4
658	H?`DEc{	4	4.0642	4.3333	3	5	0.00642	0.02692	10	7	5
659	HCOedOw	4	4.0642	4.3333	4	4	0.00642	0.02692	10	7	5
660	H?`aciq	4	4.0642	4.3333	4	5	0.00642	0.02692	10	6	5
661	H?b@bQs	4	4.0642	4.3333	4	5	0.00642	0.02692	10	7	5
662	H?b@dHw	4	4.0642	4.3333	4	5	0.00642	0.02692	10	7	5
663	H?`DbO\	4	4.0642	4.3333	4	5	0.00642	0.02692	10	7	5
664	H?`DEdw	4	4.0642	4.3333	4	5	0.00642	0.02692	10	7	5
665	H?bDJ_]	4	4.0642	4.3333	4	5	0.00642	0.02692	10	7	5
666	H?`cmap	4	4.0642	4.3333	4	5	0.00642	0.02692	10	7	5
667	H?bDJQT	4	4.0642	4.3333	4	5	0.00642	0.02692	10	7	5
668	H?bDJRw	4	4.0642	4.3333	4	6	0.00642	0.02692	10	6	5
669	H?bDJRs	4	4.0642	4.3333	4	6	0.00642	0.02692	10	7	5
670	HCRcuxy	3	3.0642	3.3333	4	6	0.00642	0.02692	10	10	4
671	HCQfdxu	3	3.0642	3.3333	4	6	0.00642	0.02692	10	8	4
672	HCRelp\	3	3.0642	3.3333	4	6	0.00642	0.02692	10	10	4
673	HCRelpt	3	3.0642	3.3333	4	6	0.00642	0.02692	10	9	4
674	HCpvbr[	3	3.0642	3.3333	4	6	0.00642	0.02692	10	7	4
675	HCRfezi	3	3.0642	3.3333	4	6	0.00642	0.02692	10	9	4
676	HCpvTr[	3	3.0642	3.3333	5	6	0.00642	0.02692	10	10	4
677	HCRfdxu	3	3.0642	3.3333	5	6	0.00642	0.02692	10	9	4
678	HCpvVrq	3	3.0642	3.3333	5	6	0.00642	0.02692	10	8	4
679	HEjfaze	3	3.0642	3.3333	5	6	0.00642	0.02692	10	9	4
680	HCZfRze	3	3.0642	3.3333	5	6	0.00642	0.02692	10	9	4
681	HCqjfr{	3	3.0642	3.3333	5	7	0.00642	0.02692	10	7	4
682	HCreZry	3	3.0642	3.3333	5	7	0.00642	0.02692	10	8	4
683	HCxvezM	3	3.0642	3.3333	5	6	0.00642	0.02692	10	8	4
684	HCxvfri	3	3.0642	3.3333	5	6	0.00642	0.02692	10	8	4
685	HCzbvZe	3	3.0642	3.3333	5	6	0.00642	0.02692	10	8	4
686	HCqjfz{	3	3.0642	3.3333	5	8	0.00642	0.02692	10	7	4
687	HCpunri	3	3.0647	3.3333	5	6	0.00647	0.02686	10	9	4
688	H?qa`pS	4	4.0780	4.5000	4	4	0.00650	0.03516	12	6	5
689	HCpdexy	3	3.0534	3.2500	4	6	0.00667	0.02458	8	10	4
690	HCpdvhu	3	3.0533	3.2500	5	6	0.00667	0.02458	8	10	4
691	HCRdvpy	3	3.0742	3.3333	4	6	0.00674	0.02356	11	8	4
692	HCxvez[	3	3.0742	3.3333	5	7	0.00674	0.02356	11	7	4
693	H?bFBo{	4	4.0967	4.5000	4	5	0.00691	0.02881	14	8	5
694	HCrJvi]	3	3.0498	3.2500	5	6	0.00712	0.02859	7	10	4
695	H?b@bQc	4	4.0642	4.3333	3	4	0.00713	0.02991	9	6	5
696	H?`DCdw	4	4.0642	4.3333	3	5	0.00713	0.02991	9	7	5
697	H?`D@rQ	4	4.0642	4.3333	3	5	0.00713	0.02991	9	7	5
698	H?`DbPX	4	4.0642	4.3333	4	5	0.00713	0.02991	9	7	5
699	H?bBbQe	4	4.0642	4.3333	4	5	0.00713	0.02991	9	7	5
700	H?bDJRP	4	4.0642	4.3333	4	5	0.00713	0.02991	9	7	5
701	H?`cirE	4	4.0642	4.3333	4	5	0.00713	0.02991	9	7	5
702	H?bDJQt	4	4.0642	4.3333	4	6	0.00713	0.02991	9	6	5
703	H?bDJRp	4	4.0642	4.3333	4	6	0.00713	0.02991	9	8	5
704	H?bDJRT	4	4.0642	4.3333	4	6	0.00713	0.02991	9	8	5
705	H?bDJQV	4	4.0642	4.3333	4	6	0.00713	0.02991	9	7	5
706	H?bDJR{	4	4.0642	4.3333	4	7	0.00713	0.02991	9	6	5
707	H?bDJRt	4	4.0642	4.3333	4	7	0.00713	0.02991	9	7	5
708	HCRcuXy	3	3.0642	3.3333	4	6	0.00713	0.02991	9	11	4
709	HCQedxu	3	3.0642	3.3333	4	6	0.00713	0.02991	9	9	4
710	HCQeVL{	3	3.0642	3.3333	4	6	0.00713	0.02991	9	10	4
711	HCQfMXy	3	3.0642	3.3333	4	6	0.00713	0.02991	9	10	4
712	HCQUVd{	3	3.0642	3.3333	4	6	0.00713	0.02991	9	11	4
713	HCOfezi	3	3.0642	3.3333	4	6	0.00713	0.02991	9	9	4
714	HCRelpx	3	3.0642	3.3333	4	6	0.00713	0.02991	9	11	4
715	HCpelon	3	3.0642	3.3333	4	6	0.00713	0.02991	9	10	4
716	HCpelrd	3	3.0642	3.3333	4	6	0.00713	0.02991	9	10	4
717	HCRelo|	3	3.0642	3.3333	4	6	0.00713	0.02991	9	9	4
718	HCRelpj	3	3.0642	3.3333	4	6	0.00713	0.02991	9	10	4
719	HCRelon	3	3.0642	3.3333	4	6	0.00713	0.02991	9	9	4
720	HCprnal	3	3.0642	3.3333	4	6	0.00713	0.02991	9	8	4
721	HCZJval	3	3.0642	3.3333	4	6	0.00713	0.02991	9	9	4
722	HCqjfS}	3	3.0642	3.3333	4	6	0.00713	0.02991	9	9	4
723	HCreZqr	3	3.0642	3.3333	4	6	0.00713	0.02991	9	10	4
724	HCreZrp	3	3.0642	3.3333	4	6	0.00713	0.02991	9	10	4
725	HCRelp|	3	3.0642	3.3333	4	7	0.00713	0.02991	9	10	4
726	HCqjfUm	3	3.0642	3.3333	4	6	0.00713	0.02991	9	9	4
727	HCqjfru	3	3.0642	3.3333	4	7	0.00713	0.02991	9	8	4
728	HCQbvZe	3	3.0642	3.3333	5	6	0.00713	0.02991	9	10	4
729	HCQfRze	3	3.0642	3.3333	5	6	0.00713	0.02991	9	10	4
730	HCQuZrR	3	3.0642	3.3333	5	6	0.00713	0.02991	9	11	4
731	HCRelrJ	3	3.0642	3.3333	5	6	0.00713	0.02991	9	10	4
732	HCRelrR	3	3.0642	3.3333	5	6	0.00713	0.02991	9	10	4
733	HCqjffi	3	3.0642	3.3333	5	6	0.00713	0.02991	9	9	4
734	HCqjfVe	3	3.0642	3.3333	5	6	0.00713	0.02991	9	9	4
735	HCRdux]	3	3.0642	3.3333	5	6	0.00713	0.02991	9	9	4
736	HCRelr{	3	3.0642	3.3333	5	7	0.00713	0.02991	9	8	4
737	HCpulr[	3	3.0642	3.3333	5	6	0.00713	0.02991	9	10	4
738	HCrbT\u	3	3.0642	3.3333	5	6	0.00713	0.02991	9	9	4
739	HCZJti]	3	3.0642	3.3333	5	6	0.00713	0.02991	9	11	4
740	HCZK~`V	3	3.0642	3.3333	5	6	0.00713	0.02991	9	10	4
741	HCZMthV	3	3.0642	3.3333	5	6	0.00713	0.02991	9	10	4
742	HCreZrd	3	3.0642	3.3333	5	6	0.00713	0.02991	9	10	4
743	HCreZrR	3	3.0642	3.3333	5	6	0.00713	0.02991	9	9	4
744	HCreZrT	3	3.0642	3.3333	5	6	0.00713	0.02991	9	9	4
745	HCpelo~	3	3.0642	3.3333	5	7	0.00713	0.02991	9	9	4
746	HCRelrj	3	3.0642	3.3333	5	7	0.00713	0.02991	9	9	4
747	HCXfRze	3	3.0642	3.3333	5	6	0.00713	0.02991	9	8	4
748	HCpvVaj	3	3.0642	3.3333	5	6	0.00713	0.02991	9	8	4
749	HCRelrt	3	3.0642	3.3333	5	7	0.00713	0.02991	9	9	4
750	HCRelry	3	3.0642	3.3333	5	7	0.00713	0.02991	9	8	4
751	HCZJvJM	3	3.0642	3.3333	5	6	0.00713	0.02991	9	10	4
752	HEhferT	3	3.0642	3.3333	5	6	0.00713	0.02991	9	9	4
753	HCRelq}	3	3.0642	3.3333	5	7	0.00713	0.02991	9	8	4
754	HCRelrr	3	3.0642	3.3333	5	7	0.00713	0.02991	9	9	4
755	HCqjfry	3	3.0642	3.3333	5	7	0.00713	0.02991	9	7	4
756	HCpunr[	3	3.0642	3.3333	5	6	0.00713	0.02991	9	9	4
757	HCrfRze	3	3.0642	3.3333	5	6	0.00713	0.02991	9	9	4
758	HCrUrze	3	3.0642	3.3333	5	6	0.00713	0.02991	9	8	4
759	HCqjffy	3	3.0642	3.3333	5	7	0.00713	0.02991	9	8	4
760	HCqjfVy	3	3.0642	3.3333	5	7	0.00713	0.02991	9	8	4
761	HCreZrr	3	3.0642	3.3333	5	7	0.00713	0.02991	9	9	4
762	HCqjfrf	3	3.0642	3.3333	5	7	0.00713	0.02991	9	7	4
763	HCreZrt	3	3.0642	3.3333	5	7	0.00713	0.02991	9	10	4
764	HCqjfrt	3	3.0642	3.3333	5	7	0.00713	0.02991	9	6	4
765	HCqjfrV	3	3.0642	3.3333	5	7	0.00713	0.02991	9	7	4
766	HCqjfS~	3	3.0642	3.3333	5	7	0.00713	0.02991	9	8	4
767	HCqjfZ{	3	3.0642	3.3333	5	7	0.00713	0.02991	9	8	4
768	HCreZpz	3	3.0642	3.3333	5	7	0.00713	0.02991	9	10	4
769	HCqjfrj	3	3.0642	3.3333	5	7	0.00713	0.02991	9	7	4
770	HCqjfT^	3	3.0642	3.3333	5	7	0.00713	0.02991	9	8	4
771	HCqjfvy	3	3.0642	3.3333	5	8	0.00713	0.02991	9	7	4
772	HCreZr{	3	3.0642	3.3333	6	7	0.00713	0.02991	9	8	4
773	HCpvTrU	3	3.0651	3.3333	5	6	0.00723	0.02981	9	10	4
774	HCrfRw}	3	3.0867	3.3333	4	6	0.00723	0.02055	12	8	4
775	HCxvfpy	3	3.0867	3.3333	5	6	0.00723	0.02055	12	7	4
776	H?bBVaU	4	4.0888	4.3333	4	5	0.00740	0.02038	12	6	5
777	HCpvVb[	3	3.0742	3.3333	5	6	0.00742	0.02592	10	9	4
778	HEjfazJ	3	3.0742	3.3333	5	6	0.00742	0.02591	10	8	4
779	H?`cm`w	4	4.0967	4.5000	4	5	0.00744	0.03102	13	7	5
780	H?bebQT	4	4.0893	4.3333	4	5	0.00744	0.02033	12	6	5
781	H?`FBqs	4	4.0978	4.5000	4	5	0.00752	0.03094	13	6	5
782	HCZJd\u	3	3.0686	3.2500	4	6	0.00763	0.02015	9	8	4
783	HCpvezM	3	3.0694	3.3333	5	6	0.00771	0.02933	9	8	4
784	H?o~fbo	4	4.1317	4.5000	4	6	0.00774	0.02167	17	5	5
785	HCpunpy	3	3.0867	3.3333	5	6	0.00788	0.02242	11	8	4
786	HCrUrzw	3	3.0867	3.3333	5	6	0.00788	0.02242	11	8	4
787	HCRdtw}	3	3.0867	3.3333	4	6	0.00789	0.02242	11	7	4
788	HCpfdw}	3	3.0874	3.3333	4	6	0.00794	0.02236	11	9	4
789	HCrfQw}	3	3.0874	3.3333	4	6	0.00794	0.02236	11	8	4
790	HCZffpy	3	3.0874	3.3333	5	6	0.00794	0.02236	11	8	4
791	HEjfayf	3	3.0874	3.3333	5	6	0.00794	0.02236	11	8	4
792	H?b@bQe	4	4.0642	4.3333	3	5	0.00802	0.03364	8	7	5
793	H?b@dHi	4	4.0642	4.3333	3	5	0.00802	0.03364	8	8	5
794	H?bDJ`h	4	4.0642	4.3333	4	5	0.00802	0.03364	8	9	5
795	H?bDJQX	4	4.0642	4.3333	4	5	0.00802	0.03364	8	8	5
796	H?bDJaU	4	4.0642	4.3333	4	5	0.00802	0.03364	8	8	5
797	H?bDJPx	4	4.0642	4.3333	4	6	0.00802	0.03364	8	9	5
798	H?bDJR[	4	4.0642	4.3333	4	6	0.00802	0.03364	8	7	5
799	H?bDJRX	4	4.0642	4.3333	4	6	0.00802	0.03364	8	8	5
800	H?bDJRU	4	4.0642	4.3333	4	6	0.00802	0.03364	8	8	5
801	H?bDJRx	4	4.0642	4.3333	4	7	0.00802	0.03364	8	8	5
802	H?bDJR\	4	4.0642	4.3333	4	7	0.00802	0.03364	8	8	5
803	H?bDJRu	4	4.0642	4.3333	4	7	0.00802	0.03364	8	8	5
804	H?bDJRV	4	4.0642	4.3333	4	7	0.00802	0.03364	8	7	5
805	HCQeeXy	3	3.0642	3.3333	4	6	0.00802	0.03364	8	10	4
806	HCQTeT{	3	3.0642	3.3333	4	6	0.00802	0.03364	8	11	4
807	HCOedze	3	3.0642	3.3333	4	6	0.00802	0.03364	8	10	4
808	H?bDJR|	4	4.0642	4.3333	4	8	0.00802	0.03364	8	7	5
809	H?bDJR}	4	4.0642	4.3333	4	8	0.00802	0.03364	8	7	5
810	H?bDJRv	4	4.0642	4.3333	4	8	0.00802	0.03364	8	7	5
811	HCQvBZY	3	3.0642	3.3333	4	6	0.00802	0.03364	8	11	4
812	HCQvET{	3	3.0642	3.3333	4	6	0.00802	0.03364	8	11	4
813	HCQbVf[	3	3.0642	3.3333	4	6	0.00802	0.03364	8	10	4
814	HCQfeXy	3	3.0642	3.3333	4	6	0.00802	0.03364	8	10	4
815	HCQTe\{	3	3.0642	3.3333	4	6	0.00802	0.03364	8	11	4
816	HCQbuYr	3	3.0642	3.3333	4	6	0.00802	0.03364	8	10	4
817	HCQbuZd	3	3.0642	3.3333	4	6	0.00802	0.03364	8	10	4
818	HCQVbZY	3	3.0642	3.3333	4	6	0.00802	0.03364	8	11	4
819	H?bDJR~	4	4.0642	4.3333	4	9	0.00802	0.03364	8	6	5
820	HCqjbfw	3	3.0642	3.3333	4	6	0.00802	0.03364	8	9	4
821	HCQbuZ{	3	3.0642	3.3333	4	7	0.00802	0.03364	8	8	4
822	HCded\{	3	3.0642	3.3333	4	6	0.00802	0.03364	8	11	4
823	HCpejix	3	3.0642	3.3333	4	6	0.00802	0.03364	8	10	4
824	HCpelpj	3	3.0642	3.3333	4	6	0.00802	0.03364	8	9	4
825	HCRelpl	3	3.0642	3.3333	4	6	0.00802	0.03364	8	11	4
826	HCQbuZu	3	3.0642	3.3333	4	7	0.00802	0.03364	8	10	4
827	HCpdrim	3	3.0642	3.3333	4	6	0.00802	0.03364	8	11	4
828	HCpfRim	3	3.0642	3.3333	4	6	0.00802	0.03364	8	10	4
829	HCqjbfM	3	3.0642	3.3333	4	6	0.00802	0.03364	8	11	4
830	HCpelpN	3	3.0642	3.3333	4	6	0.00802	0.03364	8	10	4
831	HCpelre	3	3.0642	3.3333	4	6	0.00802	0.03364	8	10	4
832	HCpelrL	3	3.0642	3.3333	4	6	0.00802	0.03364	8	10	4
833	HCqjbfJ	3	3.0642	3.3333	4	6	0.00802	0.03364	8	11	4
834	HCQu^RX	3	3.0642	3.3333	4	6	0.00802	0.03364	8	10	4
835	HCRdjrM	3	3.0642	3.3333	4	6	0.00802	0.03364	8	11	4
836	HCXferT	3	3.0642	3.3333	4	6	0.00802	0.03364	8	8	4
837	HCRelpf	3	3.0642	3.3333	4	6	0.00802	0.03364	8	9	4
838	HCRelpN	3	3.0642	3.3333	4	6	0.00802	0.03364	8	10	4
839	HCQbuZm	3	3.0642	3.3333	4	7	0.00802	0.03364	8	9	4
840	HCQbuZt	3	3.0642	3.3333	4	7	0.00802	0.03364	8	10	4
841	HCQbuZx	3	3.0642	3.3333	4	7	0.00802	0.03364	8	8	4
842	HCqjfd{	3	3.0642	3.3333	4	6	0.00802	0.03364	8	9	4
843	HCqjeve	3	3.0642	3.3333	4	6	0.00802	0.03364	8	10	4
844	HCreZqt	3	3.0642	3.3333	4	6	0.00802	0.03364	8	11	4
845	HCprnQl	3	3.0642	3.3333	4	6	0.00802	0.03364	8	11	4
846	HCrerim	3	3.0642	3.3333	4	6	0.00802	0.03364	8	10	4
847	HCreZpx	3	3.0642	3.3333	4	6	0.00802	0.03364	8	11	4
848	HCrJd\y	3	3.0642	3.3333	4	6	0.00802	0.03364	8	10	4
849	HCY]vIy	3	3.0642	3.3333	4	6	0.00802	0.03364	8	8	4
850	HCpelze	3	3.0642	3.3333	4	6	0.00802	0.03364	8	9	4
851	HCreZqf	3	3.0642	3.3333	4	6	0.00802	0.03364	8	9	4
852	HCpelp}	3	3.0642	3.3333	4	7	0.00802	0.03364	8	10	4
853	HCpelrt	3	3.0642	3.3333	4	7	0.00802	0.03364	8	9	4
854	HCRelpn	3	3.0642	3.3333	4	7	0.00802	0.03364	8	10	4
855	HCRelrx	3	3.0642	3.3333	4	7	0.00802	0.03364	8	10	4
856	HCqje^u	3	3.0642	3.3333	4	7	0.00802	0.03364	8	9	4
857	HCqjff{	3	3.0642	3.3333	4	7	0.00802	0.03364	8	10	4
858	HCqjfU}	3	3.0642	3.3333	4	7	0.00802	0.03364	8	9	4
859	HCreZqv	3	3.0642	3.3333	4	7	0.00802	0.03364	8	10	4
860	HCQbuZR	3	3.0642	3.3333	5	6	0.00802	0.03364	8	10	4
861	HCQbuZJ	3	3.0642	3.3333	5	6	0.00802	0.03364	8	10	4
862	HCpeiyx	3	3.0642	3.3333	5	6	0.00802	0.03364	8	10	4
863	HCpfdXu	3	3.0642	3.3333	5	6	0.00802	0.03364	8	10	4
864	HCQVfX]	3	3.0642	3.3333	5	6	0.00802	0.03364	8	10	4
865	HCpelov	3	3.0642	3.3333	5	6	0.00802	0.03364	8	10	4
866	HCpelpZ	3	3.0642	3.3333	5	6	0.00802	0.03364	8	9	4
867	HCRelpZ	3	3.0642	3.3333	5	6	0.00802	0.03364	8	10	4
868	HCpelqf	3	3.0642	3.3333	5	6	0.00802	0.03364	8	10	4
869	HCRelov	3	3.0642	3.3333	5	6	0.00802	0.03364	8	9	4
870	HCRelrL	3	3.0642	3.3333	5	6	0.00802	0.03364	8	10	4
871	HCQbuZr	3	3.0642	3.3333	5	7	0.00802	0.03364	8	9	4
872	HCpelrM	3	3.0642	3.3333	5	6	0.00802	0.03364	8	10	4
873	HCRblrU	3	3.0642	3.3333	5	6	0.00802	0.03364	8	9	4
874	HCRczrM	3	3.0642	3.3333	5	6	0.00802	0.03364	8	10	4
875	HCpelrJ	3	3.0642	3.3333	5	6	0.00802	0.03364	8	10	4
876	HCRelqf	3	3.0642	3.3333	5	6	0.00802	0.03364	8	10	4
877	HCQbuZf	3	3.0642	3.3333	5	7	0.00802	0.03364	8	9	4
878	HCRejrM	3	3.0642	3.3333	5	6	0.00802	0.03364	8	10	4
879	HCRelqr	3	3.0642	3.3333	5	6	0.00802	0.03364	8	10	4
880	HCRelqZ	3	3.0642	3.3333	5	6	0.00802	0.03364	8	10	4
881	HCRfLrU	3	3.0642	3.3333	5	6	0.00802	0.03364	8	10	4
882	HCQbuZj	3	3.0642	3.3333	5	7	0.00802	0.03364	8	9	4
883	HCRelrU	3	3.0642	3.3333	5	6	0.00802	0.03364	8	10	4
884	HCRelqV	3	3.0642	3.3333	5	6	0.00802	0.03364	8	10	4
885	HCqnbpr	3	3.0642	3.3333	5	6	0.00802	0.03364	8	9	4
886	HCrVJqx	3	3.0642	3.3333	5	6	0.00802	0.03364	8	10	4
887	HCRc~p]	3	3.0642	3.3333	5	6	0.00802	0.03364	8	9	4
888	HCpelr{	3	3.0642	3.3333	5	7	0.00802	0.03364	8	8	4
889	HCZL^`x	3	3.0642	3.3333	5	6	0.00802	0.03364	8	11	4
890	HCZJd\y	3	3.0642	3.3333	5	6	0.00802	0.03364	8	9	4
891	HCpfezi	3	3.0642	3.3333	5	6	0.00802	0.03364	8	9	4
892	HCpelpz	3	3.0642	3.3333	5	7	0.00802	0.03364	8	8	4
893	HCqjbfy	3	3.0642	3.3333	5	7	0.00802	0.03364	8	9	4
894	HCRelo~	3	3.0642	3.3333	5	7	0.00802	0.03364	8	8	4
895	HCRelpz	3	3.0642	3.3333	5	7	0.00802	0.03364	8	10	4
896	HCZLd\y	3	3.0642	3.3333	5	6	0.00802	0.03364	8	11	4
897	HCRelrl	3	3.0642	3.3333	5	7	0.00802	0.03364	8	10	4
898	HCrdrim	3	3.0642	3.3333	5	6	0.00802	0.03364	8	10	4
899	HCrfRim	3	3.0642	3.3333	5	6	0.00802	0.03364	8	9	4
900	HCZH~a]	3	3.0642	3.3333	5	6	0.00802	0.03364	8	11	4
901	HCZJtil	3	3.0642	3.3333	5	6	0.00802	0.03364	8	11	4
902	HCZJvIl	3	3.0642	3.3333	5	6	0.00802	0.03364	8	9	4
903	HCZK~bF	3	3.0642	3.3333	5	6	0.00802	0.03364	8	10	4
904	HCZMtjF	3	3.0642	3.3333	5	6	0.00802	0.03364	8	10	4
905	HCpelq}	3	3.0642	3.3333	5	7	0.00802	0.03364	8	8	4
906	HCpelqn	3	3.0642	3.3333	5	7	0.00802	0.03364	8	9	4
907	HCpelrf	3	3.0642	3.3333	5	7	0.00802	0.03364	8	9	4
908	HCpelrj	3	3.0642	3.3333	5	7	0.00802	0.03364	8	9	4
909	HCpelrm	3	3.0642	3.3333	5	7	0.00802	0.03364	8	10	4
910	HCpelry	3	3.0642	3.3333	5	7	0.00802	0.03364	8	8	4
911	HCqjbfm	3	3.0642	3.3333	5	7	0.00802	0.03364	8	11	4
912	HCRelp^	3	3.0642	3.3333	5	7	0.00802	0.03364	8	9	4
913	HCRelp}	3	3.0642	3.3333	5	7	0.00802	0.03364	8	10	4
914	HCRelpv	3	3.0642	3.3333	5	7	0.00802	0.03364	8	8	4
915	HCRelq|	3	3.0642	3.3333	5	7	0.00802	0.03364	8	10	4
916	HCRelqn	3	3.0642	3.3333	5	7	0.00802	0.03364	8	9	4
917	HCRelr\	3	3.0642	3.3333	5	7	0.00802	0.03364	8	9	4
918	HCrJdZy	3	3.0642	3.3333	5	7	0.00802	0.03364	8	10	4
919	HCQbuZv	3	3.0642	3.3333	5	8	0.00802	0.03364	8	9	4
920	HCreZre	3	3.0642	3.3333	5	6	0.00802	0.03364	8	10	4
921	HCreZrU	3	3.0642	3.3333	5	6	0.00802	0.03364	8	9	4
922	HCZK~am	3	3.0642	3.3333	5	6	0.00802	0.03364	8	10	4
923	HCRenrM	3	3.0642	3.3333	5	6	0.00802	0.03364	8	9	4
924	HCpelr\	3	3.0642	3.3333	5	7	0.00802	0.03364	8	9	4
925	HCpelrr	3	3.0642	3.3333	5	7	0.00802	0.03364	8	9	4
926	HCqjbfj	3	3.0642	3.3333	5	7	0.00802	0.03364	8	10	4
927	HCRelqz	3	3.0642	3.3333	5	7	0.00802	0.03364	8	10	4
928	HCRelrf	3	3.0642	3.3333	5	7	0.00802	0.03364	8	9	4
929	HCRelrm	3	3.0642	3.3333	5	7	0.00802	0.03364	8	10	4
930	HCRelrN	3	3.0642	3.3333	5	7	0.00802	0.03364	8	9	4
931	HCRelrZ	3	3.0642	3.3333	5	7	0.00802	0.03364	8	10	4
932	HCrJdY}	3	3.0642	3.3333	5	7	0.00802	0.03364	8	9	4
933	HCrJdYz	3	3.0642	3.3333	5	7	0.00802	0.03364	8	10	4
934	HCrJdZj	3	3.0642	3.3333	5	7	0.00802	0.03364	8	9	4
935	HCrJdZx	3	3.0642	3.3333	5	7	0.00802	0.03364	8	8	4
936	HCreZrJ	3	3.0642	3.3333	5	6	0.00802	0.03364	8	10	4
937	HCpelq^	3	3.0642	3.3333	5	7	0.00802	0.03364	8	9	4
938	HCRelq^	3	3.0642	3.3333	5	7	0.00802	0.03364	8	9	4
939	HCRelqv	3	3.0642	3.3333	5	7	0.00802	0.03364	8	10	4
940	HCRelr]	3	3.0642	3.3333	5	7	0.00802	0.03364	8	10	4
941	HCRelru	3	3.0642	3.3333	5	7	0.00802	0.03364	8	10	4
942	HCrJdZ{	3	3.0642	3.3333	5	7	0.00802	0.03364	8	8	4
943	HCrJdZm	3	3.0642	3.3333	5	7	0.00802	0.03364	8	9	4
944	HCRelrV	3	3.0642	3.3333	5	7	0.00802	0.03364	8	9	4
945	HCqjfT}	3	3.0642	3.3333	5	7	0.00802	0.03364	8	9	4
946	HCqjfVu	3	3.0642	3.3333	5	7	0.00802	0.03364	8	9	4
947	HCqjfd|	3	3.0642	3.3333	5	7	0.00802	0.03364	8	8	4
948	HCqjevu	3	3.0642	3.3333	5	7	0.00802	0.03364	8	10	4
949	HCqjevy	3	3.0642	3.3333	5	7	0.00802	0.03364	8	8	4
950	HCqjev]	3	3.0642	3.3333	5	7	0.00802	0.03364	8	8	4
951	HCqjev{	3	3.0642	3.3333	5	7	0.00802	0.03364	8	10	4
952	HCqjffm	3	3.0642	3.3333	5	7	0.00802	0.03364	8	10	4
953	HCqjfrm	3	3.0642	3.3333	5	7	0.00802	0.03364	8	8	4
954	HCqjfV]	3	3.0642	3.3333	5	7	0.00802	0.03364	8	9	4
955	HCqjfV{	3	3.0642	3.3333	5	7	0.00802	0.03364	8	9	4
956	HCqjfVm	3	3.0642	3.3333	5	7	0.00802	0.03364	8	8	4
957	HCqjfX}	3	3.0642	3.3333	5	7	0.00802	0.03364	8	10	4
958	HCqjfZy	3	3.0642	3.3333	5	7	0.00802	0.03364	8	10	4
959	HCreZqz	3	3.0642	3.3333	5	7	0.00802	0.03364	8	10	4
960	HCreZrx	3	3.0642	3.3333	5	7	0.00802	0.03364	8	10	4
961	HCqjffl	3	3.0642	3.3333	5	7	0.00802	0.03364	8	10	4
962	HCqjffx	3	3.0642	3.3333	5	7	0.00802	0.03364	8	8	4
963	HCqjfqv	3	3.0642	3.3333	5	7	0.00802	0.03364	8	8	4
964	HCqjfUv	3	3.0642	3.3333	5	7	0.00802	0.03364	8	9	4
965	HCqjbf}	3	3.0642	3.3333	5	8	0.00802	0.03364	8	10	4
966	HCRelp~	3	3.0642	3.3333	5	8	0.00802	0.03364	8	9	4
967	HCRelr|	3	3.0642	3.3333	5	8	0.00802	0.03364	8	9	4
968	HCqje]}	3	3.0642	3.3333	5	7	0.00802	0.03364	8	9	4
969	HCqje^m	3	3.0642	3.3333	5	7	0.00802	0.03364	8	8	4
970	HCqjfZ]	3	3.0642	3.3333	5	7	0.00802	0.03364	8	10	4
971	HCqjfZm	3	3.0642	3.3333	5	7	0.00802	0.03364	8	8	4
972	HCreZrf	3	3.0642	3.3333	5	7	0.00802	0.03364	8	9	4
973	HCreZru	3	3.0642	3.3333	5	7	0.00802	0.03364	8	10	4
974	HCreZrV	3	3.0642	3.3333	5	7	0.00802	0.03364	8	8	4
975	HCqjeun	3	3.0642	3.3333	5	7	0.00802	0.03364	8	9	4
976	HCqjfd^	3	3.0642	3.3333	5	7	0.00802	0.03364	8	9	4
977	HCqjffj	3	3.0642	3.3333	5	7	0.00802	0.03364	8	9	4
978	HCqjfqn	3	3.0642	3.3333	5	7	0.00802	0.03364	8	7	4
979	HCqjfU^	3	3.0642	3.3333	5	7	0.00802	0.03364	8	8	4
980	HCqjfU|	3	3.0642	3.3333	5	7	0.00802	0.03364	8	9	4
981	HCqjfUz	3	3.0642	3.3333	5	7	0.00802	0.03364	8	8	4
982	HCqjfVf	3	3.0642	3.3333	5	7	0.00802	0.03364	8	8	4
983	HCRelrn	3	3.0642	3.3333	5	8	0.00802	0.03364	8	9	4
984	HCRelrz	3	3.0642	3.3333	5	8	0.00802	0.03364	8	9	4
985	HCrJdZz	3	3.0642	3.3333	5	8	0.00802	0.03364	8	9	4
986	HCreZrj	3	3.0642	3.3333	5	7	0.00802	0.03364	8	9	4
987	HCreZrZ	3	3.0642	3.3333	5	7	0.00802	0.03364	8	10	4
988	HCqjevV	3	3.0642	3.3333	5	7	0.00802	0.03364	8	9	4
989	HCqjfez	3	3.0642	3.3333	5	7	0.00802	0.03364	8	9	4
990	HCqjfrl	3	3.0642	3.3333	5	7	0.00802	0.03364	8	8	4
991	HCqjfrN	3	3.0642	3.3333	5	7	0.00802	0.03364	8	7	4
992	HCqjfrx	3	3.0642	3.3333	5	7	0.00802	0.03364	8	7	4
993	HCqjfrZ	3	3.0642	3.3333	5	7	0.00802	0.03364	8	8	4
994	HCqjfUn	3	3.0642	3.3333	5	7	0.00802	0.03364	8	8	4
995	HCqjfV\	3	3.0642	3.3333	5	7	0.00802	0.03364	8	9	4
996	HCqjfVl	3	3.0642	3.3333	5	7	0.00802	0.03364	8	9	4
997	HCqjfVZ	3	3.0642	3.3333	5	7	0.00802	0.03364	8	9	4
998	HCRelq~	3	3.0642	3.3333	5	8	0.00802	0.03364	8	9	4
999	HCRelr}	3	3.0642	3.3333	5	8	0.00802	0.03364	8	9	4
1000	HCqjfr\	3	3.0642	3.3333	5	7	0.00802	0.03364	8	8	4
1001	HCqjfVj	3	3.0642	3.3333	5	7	0.00802	0.03364	8	8	4
1002	HCqjfVN	3	3.0642	3.3333	5	7	0.00802	0.03364	8	8	4
1003	HCRelr^	3	3.0642	3.3333	5	8	0.00802	0.03364	8	9	4
1004	HCRelrv	3	3.0642	3.3333	5	8	0.00802	0.03364	8	9	4
1005	HCqjfvu	3	3.0642	3.3333	5	7	0.00802	0.03364	8	9	4
1006	HCqjfv{	3	3.0642	3.3333	5	7	0.00802	0.03364	8	9	4
1007	HCqjev}	3	3.0642	3.3333	5	8	0.00802	0.03364	8	9	4
1008	HCqjfr}	3	3.0642	3.3333	5	8	0.00802	0.03364	8	7	4
1009	HCqjfrv	3	3.0642	3.3333	5	8	0.00802	0.03364	8	7	4
1010	HCqjfV}	3	3.0642	3.3333	5	8	0.00802	0.03364	8	8	4
1011	HCqjf^]	3	3.0642	3.3333	5	7	0.00802	0.03364	8	9	4
1012	HCqjf^m	3	3.0642	3.3333	5	8	0.00802	0.03364	8	7	4
1013	HCqjfVv	3	3.0642	3.3333	5	8	0.00802	0.03364	8	8	4
1014	HCqjfZ}	3	3.0642	3.3333	5	8	0.00802	0.03364	8	9	4
1015	HCreZrv	3	3.0642	3.3333	5	8	0.00802	0.03364	8	9	4
1016	HCqjfrn	3	3.0642	3.3333	5	8	0.00802	0.03364	8	7	4
1017	HCqjfrz	3	3.0642	3.3333	5	8	0.00802	0.03364	8	7	4
1018	HCqjfT~	3	3.0642	3.3333	5	8	0.00802	0.03364	8	8	4
1019	HCqjfU~	3	3.0642	3.3333	5	8	0.00802	0.03364	8	8	4
1020	HCqjfV|	3	3.0642	3.3333	5	8	0.00802	0.03364	8	8	4
1021	HCreZrz	3	3.0642	3.3333	5	8	0.00802	0.03364	8	9	4
1022	HCqjfr^	3	3.0642	3.3333	5	8	0.00802	0.03364	8	7	4
1023	HCqjfr|	3	3.0642	3.3333	5	8	0.00802	0.03364	8	7	4
1024	HCqjfV^	3	3.0642	3.3333	5	8	0.00802	0.03364	8	8	4
1025	HCqjfVz	3	3.0642	3.3333	5	8	0.00802	0.03364	8	8	4
1026	HCRelr~	3	3.0642	3.3333	5	9	0.00802	0.03364	8	8	4
1027	HCqjfVn	3	3.0642	3.3333	5	8	0.00802	0.03364	8	8	4
1028	HCqjfr~	3	3.0642	3.3333	5	9	0.00802	0.03364	8	6	4
1029	HCqjfV~	3	3.0642	3.3333	5	9	0.00802	0.03364	8	7	4
1030	HCqjf~}	3	3.0642	3.3333	5	9	0.00802	0.03364	8	7	4
1031	HCreZrM	3	3.0642	3.3333	6	6	0.00802	0.03364	8	10	4
1032	HCreZrl	3	3.0642	3.3333	6	7	0.00802	0.03364	8	9	4
1033	HCreZrm	3	3.0642	3.3333	6	7	0.00802	0.03364	8	10	4
1034	HCreZrN	3	3.0642	3.3333	6	7	0.00802	0.03364	8	9	4
1035	HCreZr|	3	3.0642	3.3333	6	8	0.00802	0.03364	8	9	4
1036	HCreZr}	3	3.0642	3.3333	6	8	0.00802	0.03364	8	9	4
1037	HCreZrn	3	3.0642	3.3333	6	8	0.00802	0.03364	8	9	4
1038	HCreZr~	3	3.0642	3.3333	6	9	0.00802	0.03364	8	8	4
1039	HEhfcxj	3	3.0884	3.3333	4	6	0.00803	0.02227	11	9	4
1040	H?`e`qS	4	4.0968	4.5000	4	4	0.00806	0.03360	12	7	5
1041	H?`eaqb	4	4.0894	4.3333	4	5	0.00813	0.02217	11	7	5
1042	HCpujqj	3	3.0737	3.3333	4	6	0.00818	0.02885	9	8	4
1043	H?bBbO\	4	4.0901	4.3333	4	5	0.00819	0.02211	11	7	5
1044	H?bBbQT	4	4.0901	4.3333	4	5	0.00819	0.02211	11	7	5
1045	H?o~Fbo	4	4.1317	4.5000	4	6	0.00823	0.02302	16	6	5
1046	H?`FBo{	4	4.1073	4.5000	4	5	0.00826	0.03021	13	6	5
1047	HCZJc~U	3	3.0745	3.3333	5	6	0.00827	0.02876	9	9	4
1048	HCZJ`~e	3	3.0686	3.2500	4	6	0.00858	0.02267	8	8	4
1049	HCQvFp{	3	3.0874	3.3333	4	6	0.00874	0.02460	10	9	4
1050	HCQbvrq	3	3.0874	3.3333	4	6	0.00874	0.02460	10	8	4
1051	HCQfVXu	3	3.0874	3.3333	4	6	0.00874	0.02460	10	8	4
1052	HCpulrw	3	3.0874	3.3333	5	6	0.00874	0.02460	10	9	4
1053	HCZMthu	3	3.0874	3.3333	5	6	0.00874	0.02460	10	9	4
1054	HCpvVbU	3	3.0874	3.3333	5	6	0.00874	0.02460	10	9	4
1055	HCrUrjw	3	3.0874	3.3333	5	6	0.00874	0.02460	10	9	4
1056	HCrfQyf	3	3.0874	3.3333	5	6	0.00874	0.02460	10	8	4
1057	HCrvRrR	3	3.0874	3.3333	5	6	0.00874	0.02460	10	8	4
1058	HCrfQz{	3	3.0874	3.3333	5	7	0.00874	0.02460	10	7	4
1059	HCZfVXu	3	3.0874	3.3333	5	6	0.00874	0.02460	10	7	4
1060	HCrfQx}	3	3.0874	3.3333	5	7	0.00874	0.02460	10	8	4
1061	H?o~Dbo	4	4.1317	4.5000	4	5	0.00878	0.02456	15	7	5
1062	H?re`ro	4	4.1317	4.5000	4	5	0.00878	0.02456	15	6	5
1063	H?o~FBo	4	4.1317	4.5000	4	5	0.00878	0.02456	15	6	5
1064	H?q`vbo	4	4.1317	4.5000	4	6	0.00878	0.02456	15	6	5
1065	HCZJdjY	3	3.0884	3.3333	4	6	0.00884	0.02449	10	10	4
1066	HCRfdw}	3	3.1081	3.3333	4	6	0.00901	0.01877	12	7	4
1067	H?bB@qs	4	4.0902	4.3333	4	5	0.00902	0.02431	10	8	5
1068	H?bBbRP	4	4.0993	4.3333	4	5	0.00902	0.02128	11	6	5
1069	HCrerrp	3	3.0996	3.3333	4	6	0.00906	0.02125	11	9	4
1070	HCrbvrU	3	3.0910	3.3333	4	6	0.00910	0.02424	10	7	4
1071	HCrbP|{	3	3.1099	3.3333	4	6	0.00916	0.01862	12	8	4
1072	HCpvfpy	3	3.1099	3.3333	4	6	0.00916	0.01862	12	7	4
1073	HCOebM{	3	3.0642	3.3333	4	6	0.00917	0.03845	7	11	4
1074	HCQbTf[	3	3.0642	3.3333	4	6	0.00917	0.03845	7	11	4
1075	HCQTbZY	3	3.0642	3.3333	4	6	0.00917	0.03845	7	11	4
1076	HCpddXu	3	3.0642	3.3333	4	6	0.00917	0.03845	7	10	4
1077	HCQdmXy	3	3.0642	3.3333	4	6	0.00917	0.03845	7	11	4
1078	HCqjbfK	3	3.0642	3.3333	4	5	0.00917	0.03845	7	12	4
1079	HCdebYu	3	3.0642	3.3333	4	6	0.00917	0.03845	7	11	4
1080	HCQrUZY	3	3.0642	3.3333	4	6	0.00917	0.03845	7	11	4
1081	HCQbuXy	3	3.0642	3.3333	4	6	0.00917	0.03845	7	11	4
1082	HCQbuYt	3	3.0642	3.3333	4	6	0.00917	0.03845	7	11	4
1083	HCQbuZY	3	3.0642	3.3333	4	6	0.00917	0.03845	7	10	4
1084	HCQbuYf	3	3.0642	3.3333	4	6	0.00917	0.03845	7	10	4
1085	HCQbuZL	3	3.0642	3.3333	4	6	0.00917	0.03845	7	10	4
1086	HCpejYx	3	3.0642	3.3333	4	6	0.00917	0.03845	7	11	4
1087	HCqjbfk	3	3.0642	3.3333	4	6	0.00917	0.03845	7	12	4
1088	HCperim	3	3.0642	3.3333	4	6	0.00917	0.03845	7	11	4
1089	HCXmcyy	3	3.0642	3.3333	4	6	0.00917	0.03845	7	11	4
1090	HCdfIw|	3	3.0642	3.3333	4	6	0.00917	0.03845	7	11	4
1091	HCpelpf	3	3.0642	3.3333	4	6	0.00917	0.03845	7	10	4
1092	HCpelql	3	3.0642	3.3333	4	6	0.00917	0.03845	7	10	4
1093	HCpelqt	3	3.0642	3.3333	4	6	0.00917	0.03845	7	10	4
1094	HCQbuYv	3	3.0642	3.3333	4	7	0.00917	0.03845	7	10	4
1095	HCQbuZy	3	3.0642	3.3333	4	7	0.00917	0.03845	7	10	4
1096	HCpelrU	3	3.0642	3.3333	4	6	0.00917	0.03845	7	10	4
1097	HCQbuZl	3	3.0642	3.3333	4	7	0.00917	0.03845	7	10	4
1098	HCprmql	3	3.0642	3.3333	4	6	0.00917	0.03845	7	11	4
1099	HCqjeum	3	3.0642	3.3333	4	6	0.00917	0.03845	7	10	4
1100	HCpelpn	3	3.0642	3.3333	4	7	0.00917	0.03845	7	10	4
1101	HCpelrl	3	3.0642	3.3333	4	7	0.00917	0.03845	7	10	4
1102	HCqjbf{	3	3.0642	3.3333	4	7	0.00917	0.03845	7	11	4
1103	HCrJdZr	3	3.0642	3.3333	4	7	0.00917	0.03845	7	10	4
1104	HCQbuZ}	3	3.0642	3.3333	4	8	0.00917	0.03845	7	9	4
1105	HCpelru	3	3.0642	3.3333	4	7	0.00917	0.03845	7	10	4
1106	HCqjbfN	3	3.0642	3.3333	4	7	0.00917	0.03845	7	10	4
1107	HCrJdX}	3	3.0642	3.3333	4	7	0.00917	0.03845	7	10	4
1108	HCQbuZ|	3	3.0642	3.3333	4	8	0.00917	0.03845	7	9	4
1109	HCQRDzU	3	3.0642	3.3333	5	6	0.00917	0.03845	7	10	4
1110	HCpbTXu	3	3.0642	3.3333	5	6	0.00917	0.03845	7	9	4
1111	HCQbuXj	3	3.0642	3.3333	5	6	0.00917	0.03845	7	10	4
1112	HCpejqx	3	3.0642	3.3333	5	6	0.00917	0.03845	7	9	4
1113	HCpelrX	3	3.0642	3.3333	5	6	0.00917	0.03845	7	10	4
1114	HCqjbfR	3	3.0642	3.3333	5	6	0.00917	0.03845	7	11	4
1115	HCpelqr	3	3.0642	3.3333	5	6	0.00917	0.03845	7	10	4
1116	HCQbuXz	3	3.0642	3.3333	5	7	0.00917	0.03845	7	10	4
1117	HCQbuZZ	3	3.0642	3.3333	5	7	0.00917	0.03845	7	10	4
1118	HCqjbdr	3	3.0642	3.3333	5	6	0.00917	0.03845	7	12	4
1119	HCpelqZ	3	3.0642	3.3333	5	6	0.00917	0.03845	7	10	4
1120	HCQbuZN	3	3.0642	3.3333	5	7	0.00917	0.03845	7	9	4
1121	HCdc}qx	3	3.0642	3.3333	5	6	0.00917	0.03845	7	10	4
1122	HCrJdYl	3	3.0642	3.3333	5	6	0.00917	0.03845	7	10	4
1123	HCpelp|	3	3.0642	3.3333	5	7	0.00917	0.03845	7	10	4
1124	HCqje\y	3	3.0642	3.3333	5	6	0.00917	0.03845	7	10	4
1125	HCpenrM	3	3.0642	3.3333	5	6	0.00917	0.03845	7	9	4
1126	HCpelp^	3	3.0642	3.3333	5	7	0.00917	0.03845	7	9	4
1127	HCpelpv	3	3.0642	3.3333	5	7	0.00917	0.03845	7	10	4
1128	HCpelq|	3	3.0642	3.3333	5	7	0.00917	0.03845	7	10	4
1129	HCpelqv	3	3.0642	3.3333	5	7	0.00917	0.03845	7	10	4
1130	HCpelr]	3	3.0642	3.3333	5	7	0.00917	0.03845	7	10	4
1131	HCpelrN	3	3.0642	3.3333	5	7	0.00917	0.03845	7	9	4
1132	HCpelrx	3	3.0642	3.3333	5	7	0.00917	0.03845	7	10	4
1133	HCqjbfZ	3	3.0642	3.3333	5	7	0.00917	0.03845	7	11	4
1134	HCQbuZz	3	3.0642	3.3333	5	8	0.00917	0.03845	7	9	4
1135	HCpelqz	3	3.0642	3.3333	5	7	0.00917	0.03845	7	10	4
1136	HCpelrV	3	3.0642	3.3333	5	7	0.00917	0.03845	7	9	4
1137	HCpelrZ	3	3.0642	3.3333	5	7	0.00917	0.03845	7	10	4
1138	HCqjbfr	3	3.0642	3.3333	5	7	0.00917	0.03845	7	11	4
1139	HCrJdZ]	3	3.0642	3.3333	5	7	0.00917	0.03845	7	10	4
1140	HCQbuZn	3	3.0642	3.3333	5	8	0.00917	0.03845	7	9	4
1141	HCrJdY|	3	3.0642	3.3333	5	7	0.00917	0.03845	7	10	4
1142	HCrJdYn	3	3.0642	3.3333	5	7	0.00917	0.03845	7	9	4
1143	HCrJdZl	3	3.0642	3.3333	5	7	0.00917	0.03845	7	10	4
1144	HCrJdZN	3	3.0642	3.3333	5	7	0.00917	0.03845	7	9	4
1145	HCqjfd}	3	3.0642	3.3333	5	7	0.00917	0.03845	7	10	4
1146	HCqjevm	3	3.0642	3.3333	5	7	0.00917	0.03845	7	10	4
1147	HCqje^y	3	3.0642	3.3333	5	7	0.00917	0.03845	7	9	4
1148	HCqjff]	3	3.0642	3.3333	5	7	0.00917	0.03845	7	10	4
1149	HCpelp~	3	3.0642	3.3333	5	8	0.00917	0.03845	7	9	4
1150	HCqje^{	3	3.0642	3.3333	5	7	0.00917	0.03845	7	9	4
1151	HCqjeuv	3	3.0642	3.3333	5	7	0.00917	0.03845	7	10	4
1152	HCqjfdn	3	3.0642	3.3333	5	7	0.00917	0.03845	7	10	4
1153	HCqjff\	3	3.0642	3.3333	5	7	0.00917	0.03845	7	10	4
1154	HCqjffN	3	3.0642	3.3333	5	7	0.00917	0.03845	7	9	4
1155	HCpelr|	3	3.0642	3.3333	5	8	0.00917	0.03845	7	9	4
1156	HCpelr}	3	3.0642	3.3333	5	8	0.00917	0.03845	7	9	4
1157	HCpelrn	3	3.0642	3.3333	5	8	0.00917	0.03845	7	9	4
1158	HCqjevl	3	3.0642	3.3333	5	7	0.00917	0.03845	7	10	4
1159	HCqjfdz	3	3.0642	3.3333	5	7	0.00917	0.03845	7	10	4
1160	HCqjfe^	3	3.0642	3.3333	5	7	0.00917	0.03845	7	9	4
1161	HCqjffZ	3	3.0642	3.3333	5	7	0.00917	0.03845	7	10	4
1162	HCpelq~	3	3.0642	3.3333	5	8	0.00917	0.03845	7	9	4
1163	HCpelrv	3	3.0642	3.3333	5	8	0.00917	0.03845	7	9	4
1164	HCpelrz	3	3.0642	3.3333	5	8	0.00917	0.03845	7	9	4
1165	HCqjbfn	3	3.0642	3.3333	5	8	0.00917	0.03845	7	10	4
1166	HCqjbfz	3	3.0642	3.3333	5	8	0.00917	0.03845	7	10	4
1167	HCrJdZ}	3	3.0642	3.3333	5	8	0.00917	0.03845	7	9	4
1168	HCQbuZ~	3	3.0642	3.3333	5	9	0.00917	0.03845	7	8	4
1169	HCqjev\	3	3.0642	3.3333	5	7	0.00917	0.03845	7	10	4
1170	HCqjevN	3	3.0642	3.3333	5	7	0.00917	0.03845	7	9	4
1171	HCqjffr	3	3.0642	3.3333	5	7	0.00917	0.03845	7	10	4
1172	HCpelr^	3	3.0642	3.3333	5	8	0.00917	0.03845	7	9	4
1173	HCqjevZ	3	3.0642	3.3333	5	7	0.00917	0.03845	7	10	4
1174	HCqje]n	3	3.0642	3.3333	5	7	0.00917	0.03845	7	8	4
1175	HCqje^N	3	3.0642	3.3333	5	7	0.00917	0.03845	7	8	4
1176	HCqjfY^	3	3.0642	3.3333	5	7	0.00917	0.03845	7	9	4
1177	HCqjfZ\	3	3.0642	3.3333	5	7	0.00917	0.03845	7	10	4
1178	HCqjfZl	3	3.0642	3.3333	5	7	0.00917	0.03845	7	10	4
1179	HCqjfZN	3	3.0642	3.3333	5	7	0.00917	0.03845	7	9	4
1180	HCrJdY~	3	3.0642	3.3333	5	8	0.00917	0.03845	7	9	4
1181	HCrJdZ|	3	3.0642	3.3333	5	8	0.00917	0.03845	7	9	4
1182	HCrJdZn	3	3.0642	3.3333	5	8	0.00917	0.03845	7	9	4
1183	HCqjfv]	3	3.0642	3.3333	5	7	0.00917	0.03845	7	9	4
1184	HCqjfvm	3	3.0642	3.3333	5	7	0.00917	0.03845	7	9	4
1185	HCqjff}	3	3.0642	3.3333	5	8	0.00917	0.03845	7	9	4
1186	HCqjfzm	3	3.0642	3.3333	5	7	0.00917	0.03845	7	9	4
1187	HCqje^}	3	3.0642	3.3333	5	8	0.00917	0.03845	7	8	4
1188	HCqjff|	3	3.0642	3.3333	5	8	0.00917	0.03845	7	9	4
1189	HCqje^v	3	3.0642	3.3333	5	8	0.00917	0.03845	7	8	4
1190	HCqjevv	3	3.0642	3.3333	5	8	0.00917	0.03845	7	9	4
1191	HCqjfd~	3	3.0642	3.3333	5	8	0.00917	0.03845	7	9	4
1192	HCqjffn	3	3.0642	3.3333	5	8	0.00917	0.03845	7	9	4
1193	HCqjfZz	3	3.0642	3.3333	5	8	0.00917	0.03845	7	9	4
1194	HCqjev|	3	3.0642	3.3333	5	8	0.00917	0.03845	7	9	4
1195	HCqjevn	3	3.0642	3.3333	5	8	0.00917	0.03845	7	9	4
1196	HCqje^z	3	3.0642	3.3333	5	8	0.00917	0.03845	7	8	4
1197	HCqjff^	3	3.0642	3.3333	5	8	0.00917	0.03845	7	9	4
1198	HCqjffz	3	3.0642	3.3333	5	8	0.00917	0.03845	7	9	4
1199	HCqjfX~	3	3.0642	3.3333	5	8	0.00917	0.03845	7	9	4
1200	HCpelr~	3	3.0642	3.3333	5	9	0.00917	0.03845	7	8	4
1201	HCqjbf~	3	3.0642	3.3333	5	9	0.00917	0.03845	7	9	4
1202	HCqjevz	3	3.0642	3.3333	5	8	0.00917	0.03845	7	9	4
1203	HCqjev^	3	3.0642	3.3333	5	8	0.00917	0.03845	7	9	4
1204	HCqje^|	3	3.0642	3.3333	5	8	0.00917	0.03845	7	8	4
1205	HCqje]~	3	3.0642	3.3333	5	8	0.00917	0.03845	7	8	4
1206	HCqje^n	3	3.0642	3.3333	5	8	0.00917	0.03845	7	8	4
1207	HCqjfZ^	3	3.0642	3.3333	5	8	0.00917	0.03845	7	9	4
1208	HCqjfZ|	3	3.0642	3.3333	5	8	0.00917	0.03845	7	9	4
1209	HCqjfZn	3	3.0642	3.3333	5	8	0.00917	0.03845	7	9	4
1210	HCrJdZ~	3	3.0642	3.3333	5	9	0.00917	0.03845	7	8	4
1211	HCqjfv}	3	3.0642	3.3333	5	8	0.00917	0.03845	7	8	4
1212	HCqjf^}	3	3.0642	3.3333	5	8	0.00917	0.03845	7	8	4
1213	HCqjfz}	3	3.0642	3.3333	5	8	0.00917	0.03845	7	8	4
1214	HCqjfv|	3	3.0642	3.3333	5	8	0.00917	0.03845	7	8	4
1215	HCqjfvv	3	3.0642	3.3333	5	8	0.00917	0.03845	7	8	4
1216	HCqjfvn	3	3.0642	3.3333	5	8	0.00917	0.03845	7	8	4
1217	HCqjff~	3	3.0642	3.3333	5	9	0.00917	0.03845	7	8	4
1218	HCqjfv^	3	3.0642	3.3333	5	8	0.00917	0.03845	7	8	4
1219	HCqjfvz	3	3.0642	3.3333	5	8	0.00917	0.03845	7	8	4
1220	HCqjev~	3	3.0642	3.3333	5	9	0.00917	0.03845	7	8	4
1221	HCqjf^^	3	3.0642	3.3333	5	8	0.00917	0.03845	7	8	4
1222	HCqjf^n	3	3.0642	3.3333	5	8	0.00917	0.03845	7	8	4
1223	HCqjfz|	3	3.0642	3.3333	5	8	0.00917	0.03845	7	8	4
1224	HCqjfzn	3	3.0642	3.3333	5	8	0.00917	0.03845	7	8	4
1225	HCqje^~	3	3.0642	3.3333	5	9	0.00917	0.03845	7	7	4
1226	HCqjfZ~	3	3.0642	3.3333	5	9	0.00917	0.03845	7	8	4
1227	HCqjfv~	3	3.0642	3.3333	5	9	0.00917	0.03845	7	7	4
1228	HCqjf^~	3	3.0642	3.3333	5	9	0.00917	0.03845	7	7	4
1229	HCqjfz~	3	3.0642	3.3333	5	9	0.00917	0.03845	7	7	4
1230	HCqjf~~	3	3.0642	3.3333	5	9	0.00917	0.03845	7	6	4
1231	HUzvvx}	2	2.0642	2.2500	6	7	0.00917	0.02655	7	9	3
1232	H?bB`qc	4	4.0921	4.3333	4	4	0.00921	0.02413	10	7	5
1233	H?`DbO{	4	4.1106	4.5000	4	5	0.00922	0.03245	12	7	5
1234	H?`cioj	4	4.1018	4.3333	4	5	0.00925	0.02105	11	7	5
1235	H?`ciqb	4	4.1018	4.3333	4	5	0.00925	0.02105	11	6	5
1236	H?`FAqs	4	4.1114	4.5000	4	5	0.00928	0.03238	12	6	5
1237	H?be`pw	4	4.1317	4.5000	4	5	0.00940	0.02631	14	7	5
1238	HCQf@o]	4	4.1317	4.5000	4	5	0.00940	0.02631	14	7	5
1239	H?q`vBo	4	4.1317	4.5000	4	5	0.00940	0.02631	14	7	5
1240	H?bBbo{	4	4.1321	4.5000	4	5	0.00944	0.02628	14	7	5
1241	HCpelp{	3	3.0757	3.3333	4	6	0.00946	0.03220	8	9	4
1242	HCrbP~k	3	3.0946	3.3333	5	6	0.00946	0.02387	10	9	4
1243	HCRdtxu	3	3.0951	3.3333	4	6	0.00951	0.02383	10	8	4
1244	HCRelp{	3	3.0867	3.3333	4	6	0.00964	0.02740	9	9	4
1245	HCreZrs	3	3.0867	3.3333	5	6	0.00964	0.02740	9	9	4
1246	HEhvFeu	3	3.0867	3.3333	5	6	0.00964	0.02740	9	8	4
1247	HEhfepN	3	3.0871	3.3333	5	6	0.00968	0.02736	9	9	4
1248	HEhfepj	3	3.0871	3.3333	5	6	0.00968	0.02736	9	9	4
1249	HCQdfpy	3	3.0874	3.3333	4	6	0.00971	0.02733	9	9	4
1250	HCrfQyr	3	3.0874	3.3333	4	6	0.00971	0.02733	9	8	4
1251	HCpulo}	3	3.0874	3.3333	4	6	0.00971	0.02733	9	10	4
1252	HCrfQy]	3	3.0874	3.3333	4	6	0.00971	0.02733	9	9	4
1253	HCQu]pr	3	3.0874	3.3333	5	6	0.00971	0.02733	9	9	4
1254	HCXfeqj	3	3.0874	3.3333	5	6	0.00971	0.02733	9	9	4
1255	HCrfbim	3	3.0874	3.3333	5	6	0.00971	0.02733	9	8	4
1256	HCY]vHV	3	3.0874	3.3333	5	6	0.00971	0.02733	9	8	4
1257	HCZen_v	3	3.0874	3.3333	5	6	0.00971	0.02733	9	8	4
1258	HCZMtg}	3	3.0874	3.3333	5	6	0.00971	0.02733	9	10	4
1259	HCrfQzR	3	3.0874	3.3333	5	6	0.00971	0.02733	9	8	4
1260	HEhfeoz	3	3.0874	3.3333	5	6	0.00971	0.02733	9	9	4
1261	HCrfQze	3	3.0874	3.3333	5	6	0.00971	0.02733	9	9	4
1262	HCrUrjq	3	3.0874	3.3333	5	6	0.00971	0.02733	9	8	4
1263	HCY]vJF	3	3.0874	3.3333	5	6	0.00971	0.02733	9	9	4
1264	HCZenaf	3	3.0874	3.3333	5	6	0.00971	0.02733	9	9	4
1265	HCprnbU	3	3.0874	3.3333	5	6	0.00971	0.02733	9	9	4
1266	HEhfeqr	3	3.0874	3.3333	5	6	0.00971	0.02733	9	9	4
1267	HCrfQzJ	3	3.0874	3.3333	5	6	0.00971	0.02733	9	9	4
1268	HCrfQzr	3	3.0874	3.3333	5	7	0.00971	0.02733	9	7	4
1269	HCpuuzw	3	3.0874	3.3333	5	6	0.00971	0.02733	9	8	4
1270	HCrfQyv	3	3.0874	3.3333	5	7	0.00971	0.02733	9	9	4
1271	HCrfQzu	3	3.0874	3.3333	5	7	0.00971	0.02733	9	9	4
1272	HCrfQy}	3	3.0874	3.3333	5	7	0.00971	0.02733	9	9	4
1273	HCrfQyz	3	3.0874	3.3333	5	7	0.00971	0.02733	9	9	4
1274	HCrfQzf	3	3.0874	3.3333	5	7	0.00971	0.02733	9	8	4
1275	HCrfQzV	3	3.0874	3.3333	5	7	0.00971	0.02733	9	7	4
1276	HCrfQz]	3	3.0874	3.3333	5	7	0.00971	0.02733	9	8	4
1277	HCrfQzm	3	3.0874	3.3333	5	7	0.00971	0.02733	9	9	4
1278	HCrfQzy	3	3.0874	3.3333	5	7	0.00971	0.02733	9	9	4
1279	HCrfQzj	3	3.0874	3.3333	5	7	0.00971	0.02733	9	8	4
1280	HCrfQzZ	3	3.0874	3.3333	5	7	0.00971	0.02733	9	9	4
1281	HCrfQzN	3	3.0874	3.3333	5	7	0.00971	0.02733	9	8	4
1282	HCrfQzv	3	3.0874	3.3333	5	8	0.00971	0.02733	9	8	4
1283	HCrfQz}	3	3.0874	3.3333	5	8	0.00971	0.02733	9	8	4
1284	HCrfQzz	3	3.0874	3.3333	5	8	0.00971	0.02733	9	8	4
1285	HCrfQzn	3	3.0874	3.3333	5	8	0.00971	0.02733	9	8	4
1286	HCrfQz~	3	3.0874	3.3333	5	9	0.00971	0.02733	9	7	4
1287	H?rF`zo	4	4.1554	4.5000	4	6	0.00971	0.02154	16	5	5
1288	HCfvRrF	3	3.0981	3.3333	5	6	0.00981	0.02353	10	9	4
1289	HCZjva]	3	3.0981	3.3333	5	6	0.00981	0.02353	10	10	4
1290	HEjfaxr	3	3.0981	3.3333	5	6	0.00981	0.02353	10	9	4
1291	HCfvRp}	3	3.0981	3.3333	5	7	0.00981	0.02353	10	7	4
1292	HCfvRrf	3	3.0981	3.3333	5	7	0.00981	0.02353	10	9	4
1293	HCfvRr{	3	3.0981	3.3333	5	7	0.00981	0.02353	10	8	4
1294	HCQfdw}	3	3.1082	3.3333	4	6	0.00984	0.02047	11	8	4
1295	HCpdlpt	3	3.0690	3.2500	4	6	0.00986	0.02586	7	9	4
1296	HCRtvP]	3	3.0992	3.3333	5	6	0.00992	0.02342	10	10	4
1297	HCZJrif	3	3.0996	3.3333	4	6	0.00996	0.02337	10	7	4
1298	HCZJrgv	3	3.0996	3.3333	5	6	0.00996	0.02337	10	9	4
1299	HCRdn_|	3	3.1099	3.3333	4	6	0.00999	0.02031	11	7	4
1300	HCXfUWv	3	3.1099	3.3333	4	6	0.00999	0.02031	11	9	4
1301	HCpujrw	3	3.1099	3.3333	4	6	0.00999	0.02031	11	8	4
1302	HCrfRW}	3	3.1099	3.3333	4	6	0.00999	0.02031	11	8	4
1303	HCZen`\	3	3.1099	3.3333	4	6	0.00999	0.02031	11	8	4
1304	HCZffhu	3	3.1099	3.3333	5	6	0.00999	0.02031	11	7	4
1305	HCRdlo|	3	3.1004	3.3333	4	6	0.01004	0.02330	10	8	4
1306	HCZJdjU	3	3.0905	3.3333	5	6	0.01005	0.02699	9	10	4
1307	HCQf@o[	4	4.1317	4.5000	4	4	0.01013	0.02833	13	7	5
1308	H?qa`ro	4	4.1317	4.5000	4	5	0.01013	0.02833	13	7	5
1309	HCOf@o]	4	4.1317	4.5000	4	5	0.01013	0.02833	13	7	5
1310	H?bBbO{	4	4.1324	4.5000	4	5	0.01018	0.02828	13	7	5
1311	H?bB@rQ	4	4.1022	4.3333	4	5	0.01022	0.02311	10	7	5
1312	H?`DBo{	4	4.1230	4.5000	4	5	0.01025	0.03142	12	7	5
1313	HCZJril	3	3.0927	3.3333	5	6	0.01030	0.02673	9	8	4
1314	H?opvbE	4	4.1554	4.5000	4	5	0.01036	0.02297	15	6	5
1315	H?bfBo]	4	4.1554	4.5000	4	5	0.01036	0.02297	15	6	5
1316	HCrJdrU	3	3.0834	3.3333	5	6	0.01043	0.03124	8	10	4
1317	HCfvRpu	3	3.1043	3.3333	5	6	0.01043	0.02290	10	8	4
1318	HCqjer{	3	3.0939	3.3333	5	7	0.01044	0.02660	9	8	4
1319	HCrbT\{	3	3.0946	3.3333	4	6	0.01052	0.02652	9	7	4
1320	H?bBBo{	4	4.1369	4.5000	4	5	0.01053	0.02793	13	7	5
1321	H?`cjpw	4	4.1508	4.5000	4	6	0.01077	0.02494	14	5	5
1322	HCQdfg}	3	3.1082	3.3333	4	6	0.01082	0.02251	10	7	4
1323	H?bB@qQ	4	4.1191	4.5000	3	4	0.01083	0.03463	11	7	5
1324	H?b@bQT	4	4.1084	4.3333	4	5	0.01084	0.02249	10	7	5
1325	H?b@bRP	4	4.1084	4.3333	4	5	0.01084	0.02249	10	7	5
1326	HCQVvX{	3	3.0981	3.3333	4	6	0.01090	0.02614	9	10	4
1327	HCZveqx	3	3.0981	3.3333	4	6	0.01090	0.02614	9	9	4
1328	HCfvRpf	3	3.0981	3.3333	5	6	0.01090	0.02614	9	10	4
1329	HCfvRrU	3	3.0981	3.3333	5	6	0.01090	0.02614	9	9	4
1330	HCfvRq]	3	3.0981	3.3333	5	6	0.01090	0.02614	9	9	4
1331	HCfvRru	3	3.0981	3.3333	5	7	0.01090	0.02614	9	9	4
1332	HCfvRrV	3	3.0981	3.3333	5	7	0.01090	0.02614	9	8	4
1333	HCfvRr]	3	3.0981	3.3333	5	7	0.01090	0.02614	9	9	4
1334	HCfvRq^	3	3.0981	3.3333	5	7	0.01090	0.02614	9	8	4
1335	HCfvRrv	3	3.0981	3.3333	5	8	0.01090	0.02614	9	8	4
1336	HCfvRr}	3	3.0981	3.3333	5	8	0.01090	0.02614	9	8	4
1337	HCfvRr^	3	3.0981	3.3333	5	8	0.01090	0.02614	9	8	4
1338	HCfvRr~	3	3.0981	3.3333	5	9	0.01090	0.02614	9	7	4
1339	HCqjfr]	3	3.0873	3.3333	5	7	0.01092	0.03075	8	8	4
1340	HCQdfhu	3	3.1099	3.3333	4	6	0.01099	0.02234	10	8	4
1341	HCQdn_|	3	3.1099	3.3333	4	6	0.01099	0.02234	10	8	4
1342	HCQtfGz	3	3.1099	3.3333	4	6	0.01099	0.02234	10	8	4
1343	HCZJdrs	3	3.1099	3.3333	4	6	0.01099	0.02234	10	9	4
1344	HCpev`x	3	3.1099	3.3333	4	6	0.01099	0.02234	10	9	4
1345	HCQffhu	3	3.1099	3.3333	4	6	0.01099	0.02234	10	7	4
1346	HCpujrp	3	3.1099	3.3333	4	6	0.01099	0.02234	10	8	4
1347	HCrUrh{	3	3.1099	3.3333	5	6	0.01099	0.02234	10	8	4
1348	HCrUqzw	3	3.1099	3.3333	5	6	0.01099	0.02234	10	8	4
1349	HCpfdhu	3	3.0990	3.3333	5	6	0.01100	0.02604	9	10	4
1350	H?bvbro	4	4.1872	4.5000	4	6	0.01101	0.01840	17	5	5
1351	HCrerrT	3	3.0996	3.3333	4	6	0.01107	0.02597	9	7	4
1352	H?opuJo	4	4.1554	4.5000	4	5	0.01110	0.02461	14	5	5
1353	H?bB`zo	4	4.1554	4.5000	4	5	0.01110	0.02461	14	7	5
1354	H?bFBo]	4	4.1554	4.5000	4	5	0.01110	0.02461	14	7	5
1355	H?`cn`i	4	4.1554	4.5000	4	5	0.01110	0.02461	14	6	5
1356	H?`F`zo	4	4.1554	4.5000	4	6	0.01110	0.02461	14	5	5
1357	HCRdlpt	3	3.1004	3.3333	4	6	0.01115	0.02589	9	8	4
1358	HCXfQyf	3	3.1004	3.3333	4	6	0.01115	0.02589	9	8	4
1359	HCZTdXr	3	3.1154	3.3333	4	6	0.01154	0.02180	10	9	4
1360	HCZJejY	3	3.1154	3.3333	4	6	0.01154	0.02180	10	9	4
1361	HCrdrrT	3	3.1040	3.3333	4	6	0.01155	0.02548	9	8	4
1362	HCZJfbU	3	3.1040	3.3333	4	6	0.01156	0.02548	9	8	4
1363	H?`cipw	4	4.1508	4.5000	4	5	0.01160	0.02686	13	6	5
1364	H?`cj`w	4	4.1508	4.5000	4	5	0.01160	0.02686	13	6	5
1365	HCpdfhu	3	3.1044	3.3333	5	6	0.01160	0.02544	9	10	4
1366	H?bfbro	4	4.1872	4.5000	4	6	0.01170	0.01955	16	6	5
1367	HCQbuZs	3	3.0939	3.3333	4	6	0.01174	0.02992	8	9	4
1368	HCQuRre	3	3.0939	3.3333	4	6	0.01174	0.02992	8	10	4
1369	HCpelrk	3	3.0939	3.3333	4	6	0.01174	0.02992	8	9	4
1370	HCqjere	3	3.0939	3.3333	4	6	0.01174	0.02992	8	9	4
1371	HCqjerq	3	3.0939	3.3333	4	6	0.01174	0.02992	8	9	4
1372	HCZJdel	3	3.0939	3.3333	4	6	0.01174	0.02992	8	10	4
1373	HCqjeru	3	3.0939	3.3333	4	7	0.01174	0.02992	8	9	4
1374	HCdenO}	3	3.0939	3.3333	5	6	0.01174	0.02992	8	10	4
1375	HCRVTre	3	3.0939	3.3333	5	6	0.01174	0.02992	8	9	4
1376	HCqjbfY	3	3.0939	3.3333	5	6	0.01174	0.02992	8	10	4
1377	HCqjerY	3	3.0939	3.3333	5	6	0.01174	0.02992	8	8	4
1378	HCqjerk	3	3.0939	3.3333	5	6	0.01174	0.02992	8	9	4
1379	HCRetrU	3	3.0939	3.3333	5	6	0.01174	0.02992	8	9	4
1380	HCRelqu	3	3.0939	3.3333	5	6	0.01174	0.02992	8	9	4
1381	HCrJdYx	3	3.0939	3.3333	5	6	0.01174	0.02992	8	9	4
1382	HCqjepv	3	3.0939	3.3333	5	7	0.01174	0.02992	8	9	4
1383	HCqjerf	3	3.0939	3.3333	5	7	0.01174	0.02992	8	8	4
1384	HCqjery	3	3.0939	3.3333	5	7	0.01174	0.02992	8	8	4
1385	HCqjert	3	3.0939	3.3333	5	7	0.01174	0.02992	8	7	4
1386	HCqjerV	3	3.0939	3.3333	5	7	0.01174	0.02992	8	8	4
1387	HCqjeqn	3	3.0939	3.3333	5	7	0.01174	0.02992	8	8	4
1388	HCqjerj	3	3.0939	3.3333	5	7	0.01174	0.02992	8	8	4
1389	HCqjerx	3	3.0939	3.3333	5	7	0.01174	0.02992	8	8	4
1390	HCpelpy	3	3.1072	3.3333	4	6	0.01191	0.02513	9	8	4
1391	HCpfbim	3	3.1072	3.3333	4	6	0.01191	0.02513	9	9	4
1392	H?bFB_{	4	4.1554	4.5000	4	5	0.01196	0.02650	13	8	5
1393	H?`cjRo	4	4.1554	4.5000	4	5	0.01196	0.02650	13	6	5
1394	H?bBF_{	4	4.1554	4.5000	4	5	0.01196	0.02650	13	7	5
1395	H?`Df_{	4	4.1554	4.5000	4	5	0.01196	0.02650	13	6	5
1396	H?`FF_{	4	4.1554	4.5000	4	5	0.01196	0.02650	13	6	5
1397	H?`FBo]	4	4.1554	4.5000	4	5	0.01196	0.02650	13	6	5
1398	H?b@bQS	4	4.1090	4.3333	3	4	0.01212	0.02492	9	8	5
1399	HCpdfg}	3	3.1220	3.3333	4	6	0.01220	0.02113	10	10	4
1400	HCRetpx	3	3.1220	3.3333	4	6	0.01220	0.02113	10	9	4
1401	HCRc~py	3	3.1220	3.3333	4	6	0.01220	0.02113	10	8	4
1402	HCRtvRM	3	3.1220	3.3333	5	6	0.01220	0.02113	10	9	4
1403	HCfvRp]	3	3.1220	3.3333	5	6	0.01220	0.02113	10	8	4
1404	HCZbrze	3	3.1220	3.3333	5	6	0.01220	0.02113	10	8	4
1405	HCrJrj{	3	3.1220	3.3333	5	7	0.01220	0.02113	10	8	4
1406	HCQddhu	3	3.1099	3.3333	4	6	0.01221	0.02482	9	7	4
1407	HCQdn`t	3	3.1099	3.3333	4	6	0.01221	0.02482	9	8	4
1408	HCpeuhx	3	3.1099	3.3333	4	6	0.01221	0.02482	9	7	4
1409	HCRdn`t	3	3.1099	3.3333	5	6	0.01221	0.02482	9	9	4
1410	HCpujr[	3	3.1099	3.3333	5	6	0.01221	0.02482	9	8	4
1411	HCpujp]	3	3.1099	3.3333	5	6	0.01221	0.02482	9	9	4
1412	H?`vf`w	4	4.1966	4.5000	4	6	0.01228	0.01897	16	5	5
1413	H?bebro	4	4.1872	4.5000	4	5	0.01248	0.02086	15	7	5
1414	H?bfBro	4	4.1872	4.5000	4	5	0.01248	0.02086	15	6	5
1415	HCOf?xo	4	4.1508	4.5000	4	4	0.01257	0.02910	12	6	5
1416	H?qa`r_	4	4.1508	4.5000	4	4	0.01257	0.02910	12	6	5
1417	H?`achw	4	4.1508	4.5000	4	5	0.01257	0.02910	12	6	5
1418	HCZTdXZ	3	3.1154	3.3333	4	6	0.01282	0.02422	9	9	4
1419	HCZJdjQ	3	3.1159	3.3333	4	5	0.01288	0.02416	9	10	4
1420	HCpdfpy	3	3.1294	3.3333	4	6	0.01294	0.02039	10	9	4
1421	H?bBD_{	4	4.1554	4.5000	4	5	0.01295	0.02871	12	7	5
1422	H?`Db_{	4	4.1554	4.5000	4	5	0.01295	0.02871	12	6	5
1423	H?`Df?{	4	4.1554	4.5000	4	5	0.01295	0.02871	12	7	5
1424	H?`FE_{	4	4.1554	4.5000	4	5	0.01295	0.02871	12	6	5
1425	H?`F?xw	4	4.1554	4.5000	4	5	0.01295	0.02871	12	6	5
1426	H?`DF_{	4	4.1554	4.5000	4	5	0.01295	0.02871	12	6	5
1427	HCqjerU	3	3.1040	3.3333	4	6	0.01300	0.02866	8	8	4
1428	H?opvbo	4	4.1966	4.5000	4	6	0.01310	0.02023	15	5	5
1429	H?`vBpw	4	4.1966	4.5000	4	6	0.01310	0.02023	15	6	5
1430	H?`vF`w	4	4.1966	4.5000	4	5	0.01310	0.02023	15	6	5
1431	H?bbVbo	4	4.1966	4.5000	4	6	0.01310	0.02023	15	6	5
1432	HCpfQw}	3	3.1317	3.3333	4	6	0.01317	0.02017	10	9	4
1433	HCpfQyf	3	3.1317	3.3333	4	6	0.01317	0.02017	10	9	4
1434	H?bBD`Y	4	4.1320	4.3333	3	5	0.01320	0.02014	10	7	5
1435	H?qbF_]	4	4.1872	4.5000	4	5	0.01337	0.02235	14	6	5
1436	H?`cjpi	4	4.1872	4.5000	4	5	0.01337	0.02235	14	6	5
1437	H?bFBro	4	4.1872	4.5000	4	5	0.01337	0.02235	14	7	5
1438	HCpddhu	3	3.1073	3.3333	4	6	0.01341	0.02825	8	9	4
1439	HCrfQxz	3	3.1207	3.3333	5	7	0.01341	0.02363	9	9	4
1440	HCQuRqe	3	3.0939	3.3333	4	5	0.01342	0.03420	7	10	4
1441	HCXmdqs	3	3.0939	3.3333	4	5	0.01342	0.03420	7	10	4
1442	HCZJdek	3	3.0939	3.3333	4	5	0.01342	0.03420	7	10	4
1443	HCQburL	3	3.0939	3.3333	4	6	0.01342	0.03420	7	9	4
1444	HCXedqt	3	3.0939	3.3333	4	6	0.01342	0.03420	7	9	4
1445	HCqjepu	3	3.0939	3.3333	4	6	0.01342	0.03420	7	10	4
1446	HCdenQu	3	3.0939	3.3333	4	6	0.01342	0.03420	7	9	4
1447	HCpdlrU	3	3.0939	3.3333	4	6	0.01342	0.03420	7	9	4
1448	HCpdurT	3	3.0939	3.3333	5	6	0.01342	0.03420	7	9	4
1449	HCqjerX	3	3.0939	3.3333	5	6	0.01342	0.03420	7	9	4
1450	HCrJdZ[	3	3.0939	3.3333	5	6	0.01342	0.03420	7	9	4
1451	HCqjeqv	3	3.0939	3.3333	5	7	0.01342	0.03420	7	9	4
1452	HCqjer]	3	3.0939	3.3333	5	7	0.01342	0.03420	7	7	4
1453	HCqjerm	3	3.0939	3.3333	5	7	0.01342	0.03420	7	9	4
1454	HCqjerr	3	3.0939	3.3333	5	7	0.01342	0.03420	7	9	4
1455	HCqjerl	3	3.0939	3.3333	5	7	0.01342	0.03420	7	9	4
1456	HCqjerN	3	3.0939	3.3333	5	7	0.01342	0.03420	7	8	4
1457	HCqjerZ	3	3.0939	3.3333	5	7	0.01342	0.03420	7	9	4
1458	HCqjer\	3	3.0939	3.3333	5	7	0.01342	0.03420	7	9	4
1459	HCqjer}	3	3.0939	3.3333	5	8	0.01342	0.03420	7	8	4
1460	HCqjerv	3	3.0939	3.3333	5	8	0.01342	0.03420	7	8	4
1461	HCqjern	3	3.0939	3.3333	5	8	0.01342	0.03420	7	8	4
1462	HCqjerz	3	3.0939	3.3333	5	8	0.01342	0.03420	7	8	4
1463	HCqjer^	3	3.0939	3.3333	5	8	0.01342	0.03420	7	8	4
1464	HCqjer|	3	3.0939	3.3333	5	8	0.01342	0.03420	7	8	4
1465	HCqjer~	3	3.0939	3.3333	5	9	0.01342	0.03420	7	7	4
1466	HCQVfX{	3	3.1220	3.3333	4	6	0.01356	0.02348	9	9	4
1467	HCQbvrU	3	3.1220	3.3333	4	6	0.01356	0.02348	9	9	4
1468	HCrJrij	3	3.1220	3.3333	4	6	0.01356	0.02348	9	8	4
1469	HCpvVa]	3	3.1220	3.3333	4	6	0.01356	0.02348	9	9	4
1470	HCRVTp\	3	3.1220	3.3333	5	6	0.01356	0.02348	9	10	4
1471	HCQvRrR	3	3.1220	3.3333	5	6	0.01356	0.02348	9	10	4
1472	HCdffX{	3	3.1220	3.3333	5	6	0.01356	0.02348	9	9	4
1473	HCrJriy	3	3.1220	3.3333	5	6	0.01356	0.02348	9	10	4
1474	HCrJrgz	3	3.1220	3.3333	5	6	0.01356	0.02348	9	9	4
1475	HCrJriZ	3	3.1220	3.3333	5	6	0.01356	0.02348	9	9	4
1476	HCRturM	3	3.1220	3.3333	5	6	0.01356	0.02348	9	9	4
1477	HCZLn`V	3	3.1220	3.3333	5	6	0.01356	0.02348	9	9	4
1478	HEhfcwz	3	3.1220	3.3333	5	6	0.01356	0.02348	9	9	4
1479	HCrJrgn	3	3.1220	3.3333	5	6	0.01356	0.02348	9	8	4
1480	HCZVRqZ	3	3.1220	3.3333	5	6	0.01356	0.02348	9	10	4
1481	HCZTnbe	3	3.1220	3.3333	5	6	0.01356	0.02348	9	9	4
1482	HEhfcyr	3	3.1220	3.3333	5	6	0.01356	0.02348	9	9	4
1483	HCrJrju	3	3.1220	3.3333	5	7	0.01356	0.02348	9	7	4
1484	HCrJrg~	3	3.1220	3.3333	5	7	0.01356	0.02348	9	8	4
1485	HCrJriz	3	3.1220	3.3333	5	7	0.01356	0.02348	9	9	4
1486	HCrJrjr	3	3.1220	3.3333	5	7	0.01356	0.02348	9	9	4
1487	HCrJrjj	3	3.1220	3.3333	5	7	0.01356	0.02348	9	8	4
1488	HCrJrh}	3	3.1220	3.3333	5	7	0.01356	0.02348	9	8	4
1489	HCrJriu	3	3.1235	3.3333	4	6	0.01372	0.02332	9	8	4
1490	HCrdrrM	3	3.1235	3.3333	5	6	0.01373	0.02331	9	9	4
1491	HCQtfHr	3	3.1099	3.3333	4	6	0.01374	0.02793	8	8	4
1492	HCXfUYf	3	3.1099	3.3333	4	6	0.01374	0.02793	8	7	4
1493	HCpeuh\	3	3.1099	3.3333	4	6	0.01374	0.02793	8	9	4
1494	HCrUqzk	3	3.1099	3.3333	5	6	0.01374	0.02793	8	8	4
1495	HCrfRYm	3	3.1099	3.3333	5	6	0.01374	0.02793	8	8	4
1496	HCrUrh\	3	3.1099	3.3333	5	6	0.01374	0.02793	8	10	4
1497	HCrUqz{	3	3.1099	3.3333	5	7	0.01374	0.02793	8	7	4
1498	HCrUqzu	3	3.1099	3.3333	5	7	0.01374	0.02793	8	9	4
1499	HCrUqzy	3	3.1099	3.3333	5	7	0.01374	0.02793	8	9	4
1500	HCrUqz}	3	3.1099	3.3333	5	8	0.01374	0.02793	8	8	4
1501	HCrUqz~	3	3.1099	3.3333	5	9	0.01374	0.02793	8	7	4
1502	HQy~vjZ	2	2.1099	2.3333	5	7	0.01374	0.02793	8	11	3
1503	HCY]vH{	3	3.1263	3.3333	4	6	0.01403	0.02300	9	8	4
1504	H?be`ro	4	4.1966	4.5000	4	5	0.01404	0.02167	14	7	5
1505	H?opvBo	4	4.1966	4.5000	4	5	0.01404	0.02167	14	6	5
1506	H?r@f_{	4	4.1966	4.5000	4	5	0.01404	0.02167	14	5	5
1507	H?`vAro	4	4.1966	4.5000	4	5	0.01404	0.02167	14	7	5
1508	H?bebRo	4	4.1966	4.5000	4	5	0.01404	0.02167	14	7	5
1509	H?bfAo]	4	4.1966	4.5000	4	5	0.01404	0.02167	14	6	5
1510	H?bfAro	4	4.1966	4.5000	4	5	0.01404	0.02167	14	6	5
1511	H?bfBPw	4	4.1966	4.5000	4	5	0.01404	0.02167	14	6	5
1512	H?bfB`w	4	4.1966	4.5000	4	5	0.01404	0.02167	14	6	5
1513	H?`vBRo	4	4.1966	4.5000	4	5	0.01404	0.02167	14	6	5
1514	H?bfBRo	4	4.1966	4.5000	4	5	0.01404	0.02167	14	6	5
1515	H?`fF`w	4	4.1966	4.5000	4	5	0.01404	0.02167	14	6	5
1516	HCRdrrM	3	3.1268	3.4000	4	6	0.01408	0.03036	9	9	4
1517	H?`DE_{	4	4.1554	4.5000	3	5	0.01413	0.03132	11	7	5
1518	H?`DB_{	4	4.1554	4.5000	4	5	0.01413	0.03132	11	7	5
1519	H?bBF_]	4	4.1872	4.5000	4	5	0.01440	0.02406	13	6	5
1520	H?`bF_]	4	4.1872	4.5000	4	5	0.01440	0.02406	13	5	5
1521	H?`FF_]	4	4.1872	4.5000	4	5	0.01440	0.02406	13	6	5
1522	H?`ad_[	4	4.1602	4.5000	3	4	0.01457	0.03089	11	6	5
1523	HCpdfP]	3	3.1317	3.3333	4	6	0.01463	0.02241	9	10	4
1524	HCQvAzY	3	3.1317	3.3333	4	6	0.01463	0.02241	9	10	4
1525	HCQbRnk	3	3.1317	3.3333	4	6	0.01463	0.02241	9	9	4
1526	HCQfepy	3	3.1317	3.3333	4	6	0.01463	0.02241	9	9	4
1527	HCRc}py	3	3.1317	3.3333	4	6	0.01463	0.02241	9	8	4
1528	HCRcvp]	3	3.1317	3.3333	4	6	0.01463	0.02241	9	8	4
1529	HCpfQy]	3	3.1317	3.3333	4	6	0.01463	0.02241	9	10	4
1530	HCpfQxu	3	3.1317	3.3333	5	6	0.01463	0.02241	9	10	4
1531	HCRVTrL	3	3.1317	3.3333	5	6	0.01463	0.02241	9	9	4
1532	HCrJdrY	3	3.1317	3.3333	5	6	0.01463	0.02241	9	10	4
1533	HCrJrjU	3	3.1317	3.3333	5	6	0.01463	0.02241	9	8	4
1534	HCpfQz{	3	3.1317	3.3333	5	7	0.01463	0.02241	9	8	4
1535	HCXnRjb	3	3.1317	3.3333	5	6	0.01463	0.02241	9	8	4
1536	HCpfQx}	3	3.1317	3.3333	5	7	0.01463	0.02241	9	9	4
1537	HCpfQzf	3	3.1317	3.3333	5	7	0.01463	0.02241	9	9	4
1538	HCZJrh]	3	3.1317	3.3333	5	6	0.01463	0.02241	9	9	4
1539	HCpbuZx	3	3.1317	3.3333	5	7	0.01463	0.02241	9	8	4
1540	HCpfQz]	3	3.1317	3.3333	5	7	0.01463	0.02241	9	9	4
1541	H?bB@`Y	4	4.1320	4.3333	3	5	0.01467	0.02237	9	7	5
1542	H?ovE_w	4	4.1966	4.5000	4	4	0.01512	0.02334	13	6	5
1543	H?`vAqo	4	4.1966	4.5000	4	4	0.01512	0.02334	13	8	5
1544	H?bBb_{	4	4.1966	4.5000	4	5	0.01512	0.02334	13	6	5
1545	H?bFBO{	4	4.1966	4.5000	4	5	0.01512	0.02334	13	8	5
1546	H?bF@pw	4	4.1966	4.5000	4	5	0.01512	0.02334	13	7	5
1547	H?`cjbo	4	4.1966	4.5000	4	5	0.01512	0.02334	13	6	5
1548	H?`cjPw	4	4.1966	4.5000	4	5	0.01512	0.02334	13	6	5
1549	H?`ed`w	4	4.1966	4.5000	4	5	0.01512	0.02334	13	6	5
1550	H?`e`ro	4	4.1966	4.5000	4	5	0.01512	0.02334	13	7	5
1551	H?bBbRo	4	4.1966	4.5000	4	5	0.01512	0.02334	13	7	5
1552	H?b@bro	4	4.1966	4.5000	4	5	0.01512	0.02334	13	6	5
1553	H?b@f_{	4	4.1966	4.5000	4	5	0.01512	0.02334	13	6	5
1554	H?`bFaU	4	4.1966	4.5000	4	5	0.01512	0.02334	13	6	5
1555	H?bFBPw	4	4.1966	4.5000	4	5	0.01512	0.02334	13	7	5
1556	H?bF@ro	4	4.1966	4.5000	4	5	0.01512	0.02334	13	7	5
1557	H?`cipi	4	4.1966	4.5000	4	5	0.01512	0.02334	13	6	5
1558	H?`cj`i	4	4.1966	4.5000	4	5	0.01512	0.02334	13	6	5
1559	H?`Dbpw	4	4.1966	4.5000	4	6	0.01512	0.02334	13	5	5
1560	H?`Df`w	4	4.1966	4.5000	4	5	0.01512	0.02334	13	6	5
1561	H?`earo	4	4.1966	4.5000	4	5	0.01512	0.02334	13	7	5
1562	H?`ebQT	4	4.1966	4.5000	4	5	0.01512	0.02334	13	6	5
1563	H?`F@w{	4	4.1966	4.5000	4	6	0.01512	0.02334	13	5	5
1564	H?bFBRo	4	4.1966	4.5000	4	5	0.01512	0.02334	13	7	5
1565	H?`cm_j	4	4.1966	4.5000	4	5	0.01512	0.02334	13	7	5
1566	H?bfBRw	4	4.1966	4.5000	4	6	0.01512	0.02334	13	5	5
1567	HCQTfX{	3	3.1220	3.3333	4	6	0.01525	0.02642	8	10	4
1568	HCQUvX{	3	3.1220	3.3333	4	6	0.01525	0.02642	8	10	4
1569	HCXfeqx	3	3.1220	3.3333	4	6	0.01525	0.02642	8	9	4
1570	HCprna]	3	3.1220	3.3333	4	6	0.01525	0.02642	8	9	4
1571	HCdefX{	3	3.1220	3.3333	5	6	0.01525	0.02642	8	10	4
1572	HCrJrir	3	3.1220	3.3333	5	6	0.01525	0.02642	8	10	4
1573	HCpujrM	3	3.1220	3.3333	5	6	0.01525	0.02642	8	9	4
1574	HCY]vJR	3	3.1220	3.3333	5	6	0.01525	0.02642	8	9	4
1575	HCZLnbF	3	3.1220	3.3333	5	6	0.01525	0.02642	8	9	4
1576	HCY]na\	3	3.1220	3.3333	5	6	0.01525	0.02642	8	9	4
1577	HCrJrhN	3	3.1220	3.3333	5	6	0.01525	0.02642	8	9	4
1578	HCrJrhz	3	3.1220	3.3333	5	7	0.01525	0.02642	8	9	4
1579	HCrJri^	3	3.1220	3.3333	5	7	0.01525	0.02642	8	8	4
1580	HCrJri}	3	3.1220	3.3333	5	7	0.01525	0.02642	8	9	4
1581	HCrJrin	3	3.1220	3.3333	5	7	0.01525	0.02642	8	7	4
1582	HCrJrjy	3	3.1220	3.3333	5	7	0.01525	0.02642	8	9	4
1583	HCrJrjZ	3	3.1220	3.3333	5	7	0.01525	0.02642	8	8	4
1584	HCrJrh^	3	3.1220	3.3333	5	7	0.01525	0.02642	8	8	4
1585	HCrJrhn	3	3.1220	3.3333	5	7	0.01525	0.02642	8	9	4
1586	HCrJrj]	3	3.1220	3.3333	5	7	0.01525	0.02642	8	9	4
1587	HCrJrjm	3	3.1220	3.3333	5	7	0.01525	0.02642	8	9	4
1588	HCrJrjN	3	3.1220	3.3333	5	7	0.01525	0.02642	8	8	4
1589	HCrJri~	3	3.1220	3.3333	5	8	0.01525	0.02642	8	8	4
1590	HCrJrjz	3	3.1220	3.3333	5	8	0.01525	0.02642	8	8	4
1591	HCrJrh~	3	3.1220	3.3333	5	8	0.01525	0.02642	8	8	4
1592	HCrJrj}	3	3.1220	3.3333	5	8	0.01525	0.02642	8	8	4
1593	HCrJrj^	3	3.1220	3.3333	5	8	0.01525	0.02642	8	8	4
1594	HCrJrjn	3	3.1220	3.3333	5	8	0.01525	0.02642	8	8	4
1595	HCrJrj~	3	3.1220	3.3333	5	9	0.01525	0.02642	8	7	4
1596	HCpdepy	3	3.1381	3.3333	4	6	0.01535	0.02169	9	10	4
1597	HCZJdrY	3	3.1388	3.3333	4	6	0.01542	0.02161	9	9	4
1598	H?`DA_{	4	4.1554	4.5000	3	5	0.01554	0.03446	10	7	5
1599	HCqnbrM	3	3.1244	3.3333	5	6	0.01555	0.02611	8	8	4
1600	H?`DF_]	4	4.1872	4.5000	4	5	0.01560	0.02607	12	6	5
1601	HCZJdql	3	3.1099	3.3333	5	6	0.01570	0.03192	7	8	4
1602	HQjVvx}	2	2.1099	2.3333	5	7	0.01570	0.03192	7	12	3
1603	HQy~vh^	2	2.1099	2.3333	5	7	0.01570	0.03192	7	11	3
1604	HQy~vjy	2	2.1099	2.3333	5	7	0.01570	0.03192	7	11	3
1605	HQy~vjm	2	2.1099	2.3333	6	7	0.01570	0.03192	7	11	3
1606	HQy~vin	2	2.1099	2.3333	6	7	0.01570	0.03192	7	11	3
1607	HUxvvz]	2	2.1099	2.3333	6	7	0.01570	0.03192	7	10	3
1608	HUzrvzy	2	2.1099	2.3333	6	7	0.01570	0.03192	7	10	3
1609	HQy~vj^	2	2.1099	2.3333	6	8	0.01570	0.03192	7	10	3
1610	HQy~vjz	2	2.1099	2.3333	6	8	0.01570	0.03192	7	10	3
1611	HQy~vj}	2	2.1099	2.3333	6	8	0.01570	0.03192	7	10	3
1612	HQy~vjn	2	2.1099	2.3333	6	8	0.01570	0.03192	7	10	3
1613	HUzrvz}	2	2.1099	2.3333	6	8	0.01570	0.03192	7	9	3
1614	HUzrvzz	2	2.1099	2.3333	6	8	0.01570	0.03192	7	9	3
1615	HUzrvzn	2	2.1099	2.3333	6	8	0.01570	0.03192	7	9	3
1616	HUzrvzv	2	2.1099	2.3333	6	8	0.01570	0.03192	7	9	3
1617	HQy~vj~	2	2.1099	2.3333	6	9	0.01570	0.03192	7	9	3
1618	HUzrvz|	2	2.1099	2.3333	6	8	0.01570	0.03192	7	9	3
1619	HUzrv~}	2	2.1099	2.3333	6	9	0.01570	0.03192	7	8	3
1620	HUzrvz~	2	2.1099	2.3333	6	9	0.01570	0.03192	7	8	3
1621	HUzrv~~	2	2.1099	2.3333	6	9	0.01570	0.03192	7	7	3
1622	H?`rf`w	4	4.2361	4.5000	4	5	0.01574	0.01760	15	5	5
1623	H?bB`ro	4	4.2079	4.5000	4	5	0.01599	0.02247	13	7	5
1624	H?`e`qo	4	4.1966	4.5000	4	4	0.01638	0.02529	12	7	5
1625	H?`e`r_	4	4.1966	4.5000	4	4	0.01638	0.02529	12	7	5
1626	H?qad`S	4	4.1966	4.5000	4	4	0.01638	0.02529	12	7	5
1627	H?bBbOk	4	4.1966	4.5000	4	4	0.01638	0.02529	12	7	5
1628	H?`cj`o	4	4.1966	4.5000	4	5	0.01638	0.02529	12	5	5
1629	H?`eaqS	4	4.1966	4.5000	4	4	0.01638	0.02529	12	6	5
1630	H?`acjo	4	4.1966	4.5000	4	5	0.01638	0.02529	12	7	5
1631	H?bBD`w	4	4.1966	4.5000	4	5	0.01638	0.02529	12	6	5
1632	H?b@bRo	4	4.1966	4.5000	4	5	0.01638	0.02529	12	7	5
1633	H?b@d`w	4	4.1966	4.5000	4	5	0.01638	0.02529	12	5	5
1634	H?b@f?{	4	4.1966	4.5000	4	5	0.01638	0.02529	12	7	5
1635	H?b@f@w	4	4.1966	4.5000	4	5	0.01638	0.02529	12	6	5
1636	H?`DbPw	4	4.1966	4.5000	4	5	0.01638	0.02529	12	6	5
1637	H?`DbQs	4	4.1966	4.5000	4	5	0.01638	0.02529	12	6	5
1638	H?`Dd`w	4	4.1966	4.5000	4	5	0.01638	0.02529	12	5	5
1639	H?`Df@w	4	4.1966	4.5000	4	5	0.01638	0.02529	12	6	5
1640	H?`D`ro	4	4.1966	4.5000	4	5	0.01638	0.02529	12	6	5
1641	H?`F@Xw	4	4.1966	4.5000	4	5	0.01638	0.02529	12	6	5
1642	H?`F?zo	4	4.1966	4.5000	4	5	0.01638	0.02529	12	6	5
1643	H?`F@Zo	4	4.1966	4.5000	4	5	0.01638	0.02529	12	6	5
1644	H?`acgj	4	4.1966	4.5000	4	5	0.01638	0.02529	12	7	5
1645	H?`Df?\	4	4.1966	4.5000	4	5	0.01638	0.02529	12	6	5
1646	H?`DF`w	4	4.1966	4.5000	4	5	0.01638	0.02529	12	6	5
1647	H?`DF`Y	4	4.1966	4.5000	4	5	0.01638	0.02529	12	6	5
1648	H?`@f_{	4	4.1966	4.5000	4	5	0.01638	0.02529	12	5	5
1649	H?`FE`w	4	4.1966	4.5000	4	5	0.01638	0.02529	12	6	5
1650	H?bebPi	4	4.1966	4.5000	4	5	0.01638	0.02529	12	7	5
1651	H?bfBRW	4	4.1966	4.5000	4	5	0.01638	0.02529	12	6	5
1652	H?bfBRP	4	4.1966	4.5000	4	5	0.01638	0.02529	12	6	5
1653	H?bFBP{	4	4.1966	4.5000	4	6	0.01638	0.02529	12	7	5
1654	H?bFBRw	4	4.1966	4.5000	4	6	0.01638	0.02529	12	6	5
1655	H?bfBP{	4	4.1966	4.5000	4	6	0.01638	0.02529	12	6	5
1656	H?bfBRp	4	4.1966	4.5000	4	6	0.01638	0.02529	12	5	5
1657	HCrfbg}	3	3.1966	3.5000	4	6	0.01638	0.02529	12	8	4
1658	H?bfBP}	4	4.1966	4.5000	5	7	0.01638	0.02529	12	5	5
1659	HCrvbp]	3	3.1966	3.5000	5	6	0.01638	0.02529	12	7	4
1660	HCRcrrM	3	3.1317	3.4000	4	6	0.01646	0.03354	8	9	4
1661	HCQbPnk	3	3.1317	3.3333	4	6	0.01646	0.02521	8	10	4
1662	HCQVeX{	3	3.1317	3.3333	4	6	0.01646	0.02521	8	9	4
1663	HCQbVL{	3	3.1317	3.3333	4	6	0.01646	0.02521	8	9	4
1664	HCQfJXy	3	3.1317	3.3333	4	6	0.01646	0.02521	8	9	4
1665	HCQuRrX	3	3.1317	3.3333	4	6	0.01646	0.02521	8	11	4
1666	HCdenP{	3	3.1317	3.3333	4	6	0.01646	0.02521	8	9	4
1667	HCpdjrM	3	3.1317	3.3333	4	6	0.01646	0.02521	8	10	4
1668	HCpfQyu	3	3.1317	3.3333	4	6	0.01646	0.02521	8	11	4
1669	HCpbuYf	3	3.1317	3.3333	4	6	0.01646	0.02521	8	8	4
1670	HCpbuYr	3	3.1317	3.3333	4	6	0.01646	0.02521	8	9	4
1671	HCpdlrd	3	3.1317	3.3333	4	6	0.01646	0.02521	8	9	4
1672	HCpfQyr	3	3.1317	3.3333	4	6	0.01646	0.02521	8	9	4
1673	HCRetrL	3	3.1317	3.3333	4	6	0.01646	0.02521	8	8	4
1674	HCpbuYx	3	3.1317	3.3333	4	6	0.01646	0.02521	8	9	4
1675	HCpdmht	3	3.1317	3.3333	4	6	0.01646	0.02521	8	9	4
1676	HCpfQyy	3	3.1317	3.3333	4	6	0.01646	0.02521	8	11	4
1677	HCpbuYv	3	3.1317	3.3333	4	7	0.01646	0.02521	8	9	4
1678	HCpfQyv	3	3.1317	3.3333	4	7	0.01646	0.02521	8	10	4
1679	HCpfQy}	3	3.1317	3.3333	4	7	0.01646	0.02521	8	10	4
1680	HCQueTy	3	3.1317	3.3333	5	6	0.01646	0.02521	8	10	4
1681	HCXedrJ	3	3.1317	3.3333	5	6	0.01646	0.02521	8	10	4
1682	HCqjeri	3	3.1317	3.3333	5	6	0.01646	0.02521	8	9	4
1683	HCdenPZ	3	3.1317	3.3333	5	6	0.01646	0.02521	8	9	4
1684	HCpbuqy	3	3.1317	3.3333	5	6	0.01646	0.02521	8	9	4
1685	HCpdup]	3	3.1317	3.3333	5	6	0.01646	0.02521	8	9	4
1686	HCZJdfF	3	3.1317	3.3333	5	6	0.01646	0.02521	8	10	4
1687	HCRdlql	3	3.1317	3.3333	5	6	0.01646	0.02521	8	9	4
1688	HCRdlrd	3	3.1317	3.3333	5	6	0.01646	0.02521	8	8	4
1689	HCpfJrM	3	3.1317	3.3333	5	6	0.01646	0.02521	8	9	4
1690	HCpfQyZ	3	3.1317	3.3333	5	6	0.01646	0.02521	8	10	4
1691	HCZJehV	3	3.1317	3.3333	5	6	0.01646	0.02521	8	10	4
1692	HCpbuZX	3	3.1317	3.3333	5	6	0.01646	0.02521	8	9	4
1693	HCZTcyx	3	3.1317	3.3333	5	6	0.01646	0.02521	8	10	4
1694	HCZTdil	3	3.1317	3.3333	5	6	0.01646	0.02521	8	10	4
1695	HCpfQxj	3	3.1317	3.3333	5	6	0.01646	0.02521	8	9	4
1696	HCpfQzJ	3	3.1317	3.3333	5	6	0.01646	0.02521	8	10	4
1697	HCpbuZ{	3	3.1317	3.3333	5	7	0.01646	0.02521	8	7	4
1698	HCpbuZr	3	3.1317	3.3333	5	7	0.01646	0.02521	8	8	4
1699	HCpbuZu	3	3.1317	3.3333	5	7	0.01646	0.02521	8	9	4
1700	HCpfQzr	3	3.1317	3.3333	5	7	0.01646	0.02521	8	8	4
1701	HCpfQzu	3	3.1317	3.3333	5	7	0.01646	0.02521	8	10	4
1702	HCpbuZf	3	3.1317	3.3333	5	7	0.01646	0.02521	8	8	4
1703	HCpbuZm	3	3.1317	3.3333	5	7	0.01646	0.02521	8	8	4
1704	HCpfQyz	3	3.1317	3.3333	5	7	0.01646	0.02521	8	10	4
1705	HCpfQzV	3	3.1317	3.3333	5	7	0.01646	0.02521	8	8	4
1706	HCpbuXz	3	3.1317	3.3333	5	7	0.01646	0.02521	8	8	4
1707	HCpfQxz	3	3.1317	3.3333	5	7	0.01646	0.02521	8	8	4
1708	HCpfQzm	3	3.1317	3.3333	5	7	0.01646	0.02521	8	10	4
1709	HCpfQzy	3	3.1317	3.3333	5	7	0.01646	0.02521	8	10	4
1710	HCpfQzj	3	3.1317	3.3333	5	7	0.01646	0.02521	8	9	4
1711	HCpfQzZ	3	3.1317	3.3333	5	7	0.01646	0.02521	8	10	4
1712	HCpfQzN	3	3.1317	3.3333	5	7	0.01646	0.02521	8	9	4
1713	HCpfQzv	3	3.1317	3.3333	5	8	0.01646	0.02521	8	9	4
1714	HCpfQz}	3	3.1317	3.3333	5	8	0.01646	0.02521	8	9	4
1715	HCpfQzz	3	3.1317	3.3333	5	8	0.01646	0.02521	8	9	4
1716	HCpfQzn	3	3.1317	3.3333	5	8	0.01646	0.02521	8	9	4
1717	HCpfQz~	3	3.1317	3.3333	5	9	0.01646	0.02521	8	8	4
1718	H?`rf@w	4	4.2361	4.5000	4	5	0.01686	0.01885	14	6	5
1719	H?`bf`w	4	4.2361	4.5000	4	5	0.01686	0.01885	14	6	5
1720	H?`fBpw	4	4.2361	4.5000	4	6	0.01686	0.01885	14	5	5
1721	H?`@F_]	4	4.1872	4.5000	3	5	0.01701	0.02844	11	6	5
1722	HCZJdq]	3	3.1388	3.3333	4	6	0.01735	0.02432	8	8	4
1723	HCZLbam	3	3.1409	3.3333	4	6	0.01761	0.02406	8	9	4
1724	H?bB@ro	4	4.2119	4.5000	4	5	0.01766	0.02401	12	7	5
1725	HCZJdrQ	3	3.1415	3.3333	4	5	0.01769	0.02397	8	10	4
1726	H?`acgi	4	4.1966	4.5000	3	4	0.01787	0.02759	11	7	5
1727	H?`acia	4	4.1966	4.5000	3	4	0.01787	0.02759	11	5	5
1728	H?b@bQo	4	4.1966	4.5000	4	4	0.01787	0.02759	11	6	5
1729	H?qa`_w	4	4.1966	4.5000	4	4	0.01787	0.02759	11	6	5
1730	H?`abaS	4	4.1966	4.5000	4	4	0.01787	0.02759	11	6	5
1731	H?`adaS	4	4.1966	4.5000	4	4	0.01787	0.02759	11	6	5
1732	H?b@bR_	4	4.1966	4.5000	4	4	0.01787	0.02759	11	6	5
1733	H?`F?zO	4	4.1966	4.5000	4	4	0.01787	0.02759	11	6	5
1734	H?`DB_]	4	4.1966	4.5000	4	5	0.01787	0.02759	11	6	5
1735	H?`DD`w	4	4.1966	4.5000	4	5	0.01787	0.02759	11	6	5
1736	H?`DE`w	4	4.1966	4.5000	4	5	0.01787	0.02759	11	6	5
1737	H?`D@ro	4	4.1966	4.5000	4	5	0.01787	0.02759	11	6	5
1738	H?`@f?{	4	4.1966	4.5000	4	5	0.01787	0.02759	11	6	5
1739	H?`@F_{	4	4.1966	4.5000	4	5	0.01787	0.02759	11	6	5
1740	H?bBbas	4	4.1966	4.5000	4	5	0.01787	0.02759	11	6	5
1741	H?bBbOm	4	4.1966	4.5000	4	5	0.01787	0.02759	11	8	5
1742	H?bFBas	4	4.1966	4.5000	4	5	0.01787	0.02759	11	7	5
1743	H?`cirS	4	4.1966	4.5000	4	5	0.01787	0.02759	11	6	5
1744	H?`cjba	4	4.1966	4.5000	4	5	0.01787	0.02759	11	6	5
1745	H?`cm`[	4	4.1966	4.5000	4	5	0.01787	0.02759	11	7	5
1746	H?`earS	4	4.1966	4.5000	4	5	0.01787	0.02759	11	7	5
1747	H?bFBQp	4	4.1966	4.5000	4	5	0.01787	0.02759	11	6	5
1748	H?bFBRW	4	4.1966	4.5000	4	5	0.01787	0.02759	11	6	5
1749	HCOfB_y	4	4.1966	4.5000	4	5	0.01787	0.02759	11	6	5
1750	H?bFBRP	4	4.1966	4.5000	4	5	0.01787	0.02759	11	6	5
1751	H?`F@W}	4	4.1966	4.5000	4	6	0.01787	0.02759	11	5	5
1752	H?`F@Zw	4	4.1966	4.5000	4	6	0.01787	0.02759	11	6	5
1753	H?bfBQX	4	4.1966	4.5000	4	5	0.01787	0.02759	11	7	5
1754	H?bL`qs	4	4.1966	4.5000	4	5	0.01787	0.02759	11	7	5
1755	H?bebRa	4	4.1966	4.5000	4	5	0.01787	0.02759	11	7	5
1756	H?bfBaU	4	4.1966	4.5000	4	5	0.01787	0.02759	11	6	5
1757	H?`vBRc	4	4.1966	4.5000	4	5	0.01787	0.02759	11	6	5
1758	H?bFBPy	4	4.1966	4.5000	4	6	0.01787	0.02759	11	7	5
1759	H?bFBQ{	4	4.1966	4.5000	4	6	0.01787	0.02759	11	8	5
1760	H?bFBRp	4	4.1966	4.5000	4	6	0.01787	0.02759	11	6	5
1761	H?bFBRs	4	4.1966	4.5000	4	6	0.01787	0.02759	11	7	5
1762	H?bfBQ]	4	4.1966	4.5000	4	6	0.01787	0.02759	11	7	5
1763	H?bfBR[	4	4.1966	4.5000	4	6	0.01787	0.02759	11	7	5
1764	H?bfBRs	4	4.1966	4.5000	4	6	0.01787	0.02759	11	7	5
1765	H?bfBRT	4	4.1966	4.5000	4	6	0.01787	0.02759	11	7	5
1766	H?bfBRX	4	4.1966	4.5000	4	6	0.01787	0.02759	11	7	5
1767	H?bFBP}	4	4.1966	4.5000	4	7	0.01787	0.02759	11	6	5
1768	H?bFBR{	4	4.1966	4.5000	4	7	0.01787	0.02759	11	7	5
1769	H?bfBR{	4	4.1966	4.5000	4	7	0.01787	0.02759	11	6	5
1770	H?bfBRx	4	4.1966	4.5000	4	7	0.01787	0.02759	11	6	5
1771	H?bfBR\	4	4.1966	4.5000	4	7	0.01787	0.02759	11	7	5
1772	HCRfdps	3	3.1966	3.5000	4	5	0.01787	0.02759	11	9	4
1773	HCQfbi{	3	3.1966	3.5000	4	6	0.01787	0.02759	11	7	4
1774	HCRcvPy	3	3.1966	3.5000	4	6	0.01787	0.02759	11	9	4
1775	HCQffP]	3	3.1966	3.5000	4	6	0.01787	0.02759	11	9	4
1776	HCRfdp{	3	3.1966	3.5000	4	6	0.01787	0.02759	11	9	4
1777	HCR`vq{	3	3.1966	3.5000	4	6	0.01787	0.02759	11	7	4
1778	HCRdrr[	3	3.1966	3.5000	4	6	0.01787	0.02759	11	9	4
1779	HCRVTp{	3	3.1966	3.5000	4	6	0.01787	0.02759	11	10	4
1780	HCpfbg}	3	3.1966	3.5000	4	6	0.01787	0.02759	11	9	4
1781	HCpfdg}	3	3.1966	3.5000	4	6	0.01787	0.02759	11	9	4
1782	HCpffG}	3	3.1966	3.5000	4	6	0.01787	0.02759	11	10	4
1783	HCR`~ay	3	3.1966	3.5000	4	6	0.01787	0.02759	11	8	4
1784	HCrbdg}	3	3.1966	3.5000	4	6	0.01787	0.02759	11	9	4
1785	HCRbna{	3	3.1966	3.5000	4	6	0.01787	0.02759	11	8	4
1786	HCRc~Py	3	3.1966	3.5000	4	6	0.01787	0.02759	11	9	4
1787	HCRcvpy	3	3.1966	3.5000	4	6	0.01787	0.02759	11	8	4
1788	HCRczri	3	3.1966	3.5000	4	6	0.01787	0.02759	11	9	4
1789	HCRdvPy	3	3.1966	3.5000	4	6	0.01787	0.02759	11	9	4
1790	HCRdvR[	3	3.1966	3.5000	4	6	0.01787	0.02759	11	9	4
1791	HCRfdrs	3	3.1966	3.5000	4	6	0.01787	0.02759	11	8	4
1792	HCR`tzq	3	3.1966	3.5000	4	6	0.01787	0.02759	11	8	4
1793	HCXfczM	3	3.1966	3.5000	4	6	0.01787	0.02759	11	9	4
1794	HCZJfbY	3	3.1966	3.5000	4	6	0.01787	0.02759	11	9	4
1795	HCQfRxu	3	3.1966	3.5000	4	6	0.01787	0.02759	11	8	4
1796	HCRc~_|	3	3.1966	3.5000	4	6	0.01787	0.02759	11	8	4
1797	HCRfdrh	3	3.1966	3.5000	4	6	0.01787	0.02759	11	9	4
1798	HCRffR[	3	3.1966	3.5000	4	6	0.01787	0.02759	11	8	4
1799	HCrbfo}	3	3.1966	3.5000	4	6	0.01787	0.02759	11	9	4
1800	HCpvRq{	3	3.1966	3.5000	4	6	0.01787	0.02759	11	9	4
1801	HCY^fbk	3	3.1966	3.5000	4	6	0.01787	0.02759	11	9	4
1802	HCpvRp{	3	3.1966	3.5000	4	6	0.01787	0.02759	11	9	4
1803	HCpvRqf	3	3.1966	3.5000	4	6	0.01787	0.02759	11	8	4
1804	HCpvRqV	3	3.1966	3.5000	4	6	0.01787	0.02759	11	9	4
1805	HCpvRrp	3	3.1966	3.5000	4	6	0.01787	0.02759	11	8	4
1806	HCpvV_z	3	3.1966	3.5000	4	6	0.01787	0.02759	11	8	4
1807	HCrdrrp	3	3.1966	3.5000	4	6	0.01787	0.02759	11	9	4
1808	HCrfbi{	3	3.1966	3.5000	4	6	0.01787	0.02759	11	9	4
1809	HCrfRg}	3	3.1966	3.5000	4	6	0.01787	0.02759	11	9	4
1810	HCRvfQx	3	3.1966	3.5000	4	6	0.01787	0.02759	11	9	4
1811	HCY^N`Z	3	3.1966	3.5000	4	6	0.01787	0.02759	11	9	4
1812	HCrbfrs	3	3.1966	3.5000	4	6	0.01787	0.02759	11	8	4
1813	HCrfRrp	3	3.1966	3.5000	4	6	0.01787	0.02759	11	8	4
1814	HCRVfrk	3	3.1966	3.5000	4	6	0.01787	0.02759	11	9	4
1815	HCRfdr{	3	3.1966	3.5000	4	7	0.01787	0.02759	11	8	4
1816	HCR`vr{	3	3.1966	3.5000	4	7	0.01787	0.02759	11	6	4
1817	HCrbdvi	3	3.1966	3.5000	4	6	0.01787	0.02759	11	8	4
1818	HCrbfUm	3	3.1966	3.5000	4	6	0.01787	0.02759	11	7	4
1819	HCrfRql	3	3.1966	3.5000	4	6	0.01787	0.02759	11	7	4
1820	HCRfdp|	3	3.1966	3.5000	4	7	0.01787	0.02759	11	9	4
1821	HCrvRp{	3	3.1966	3.5000	4	6	0.01787	0.02759	11	8	4
1822	HCxvFrq	3	3.1966	3.5000	4	6	0.01787	0.02759	11	7	4
1823	HCxvFrs	3	3.1966	3.5000	4	6	0.01787	0.02759	11	8	4
1824	H?bfBPu	4	4.1966	4.5000	5	6	0.01787	0.02759	11	6	5
1825	H?bfBRU	4	4.1966	4.5000	5	6	0.01787	0.02759	11	7	5
1826	H?bfBR]	4	4.1966	4.5000	5	7	0.01787	0.02759	11	7	5
1827	H?bfBRt	4	4.1966	4.5000	5	7	0.01787	0.02759	11	6	5
1828	H?bfBRu	4	4.1966	4.5000	5	7	0.01787	0.02759	11	7	5
1829	H?bfBR|	4	4.1966	4.5000	5	8	0.01787	0.02759	11	6	5
1830	H?bfBR}	4	4.1966	4.5000	5	8	0.01787	0.02759	11	6	5
1831	H?bfBRv	4	4.1966	4.5000	5	8	0.01787	0.02759	11	6	5
1832	HCRblrs	3	3.1966	3.5000	5	6	0.01787	0.02759	11	9	4
1833	HCXfczi	3	3.1966	3.5000	5	6	0.01787	0.02759	11	9	4
1834	HCRfdov	3	3.1966	3.5000	5	6	0.01787	0.02759	11	8	4
1835	HCRfdpZ	3	3.1966	3.5000	5	6	0.01787	0.02759	11	9	4
1836	HCXfczJ	3	3.1966	3.5000	5	6	0.01787	0.02759	11	9	4
1837	HCRfdrJ	3	3.1966	3.5000	5	6	0.01787	0.02759	11	9	4
1838	H?bfBR~	4	4.1966	4.5000	5	9	0.01787	0.02759	11	5	5
1839	HCY^N`y	3	3.1966	3.5000	5	6	0.01787	0.02759	11	8	4
1840	HCpvRrd	3	3.1966	3.5000	5	6	0.01787	0.02759	11	8	4
1841	HCrfbr[	3	3.1966	3.5000	5	6	0.01787	0.02759	11	9	4
1842	HCY^f`f	3	3.1966	3.5000	5	6	0.01787	0.02759	11	7	4
1843	HCpvbp]	3	3.1966	3.5000	5	6	0.01787	0.02759	11	8	4
1844	HCXfcz{	3	3.1966	3.5000	5	7	0.01787	0.02759	11	7	4
1845	HCY^V`{	3	3.1966	3.5000	5	6	0.01787	0.02759	11	10	4
1846	HCpvRo|	3	3.1966	3.5000	5	6	0.01787	0.02759	11	9	4
1847	HCpvRr[	3	3.1966	3.5000	5	6	0.01787	0.02759	11	9	4
1848	HCrdrg}	3	3.1966	3.5000	5	6	0.01787	0.02759	11	10	4
1849	HCY^fbi	3	3.1966	3.5000	5	6	0.01787	0.02759	11	9	4
1850	HCY^fbM	3	3.1966	3.5000	5	6	0.01787	0.02759	11	9	4
1851	HCY^Nbh	3	3.1966	3.5000	5	6	0.01787	0.02759	11	9	4
1852	HCY^N`r	3	3.1966	3.5000	5	6	0.01787	0.02759	11	8	4
1853	HEhfczw	3	3.1966	3.5000	5	6	0.01787	0.02759	11	9	4
1854	HCrfRrk	3	3.1966	3.5000	5	6	0.01787	0.02759	11	8	4
1855	HCRvdql	3	3.1966	3.5000	5	6	0.01787	0.02759	11	8	4
1856	HCRvfP]	3	3.1966	3.5000	5	6	0.01787	0.02759	11	9	4
1857	HCY^fbJ	3	3.1966	3.5000	5	6	0.01787	0.02759	11	9	4
1858	HCY^NbJ	3	3.1966	3.5000	5	6	0.01787	0.02759	11	9	4
1859	HCY^NbL	3	3.1966	3.5000	5	6	0.01787	0.02759	11	9	4
1860	HCY^N`f	3	3.1966	3.5000	5	6	0.01787	0.02759	11	8	4
1861	HCRfdo~	3	3.1966	3.5000	5	7	0.01787	0.02759	11	7	4
1862	HCRfdp^	3	3.1966	3.5000	5	7	0.01787	0.02759	11	8	4
1863	HCRfdp}	3	3.1966	3.5000	5	7	0.01787	0.02759	11	9	4
1864	HCR`tz{	3	3.1966	3.5000	5	7	0.01787	0.02759	11	7	4
1865	HCRvdre	3	3.1966	3.5000	5	6	0.01787	0.02759	11	8	4
1866	HCY^Nbb	3	3.1966	3.5000	5	6	0.01787	0.02759	11	9	4
1867	HCRvdqf	3	3.1966	3.5000	5	6	0.01787	0.02759	11	8	4
1868	HCrbdj{	3	3.1966	3.5000	5	7	0.01787	0.02759	11	9	4
1869	HCRfdpv	3	3.1966	3.5000	5	7	0.01787	0.02759	11	8	4
1870	HCRfdpz	3	3.1966	3.5000	5	7	0.01787	0.02759	11	9	4
1871	HCRfdrj	3	3.1966	3.5000	5	7	0.01787	0.02759	11	8	4
1872	HCXfczj	3	3.1966	3.5000	5	7	0.01787	0.02759	11	8	4
1873	HCXfczm	3	3.1966	3.5000	5	7	0.01787	0.02759	11	9	4
1874	HCRfdq}	3	3.1966	3.5000	5	7	0.01787	0.02759	11	7	4
1875	HCY^Nrw	3	3.1966	3.5000	5	7	0.01787	0.02759	11	7	4
1876	HCvfRh{	3	3.1966	3.5000	5	6	0.01787	0.02759	11	8	4
1877	HCxvFjY	3	3.1966	3.5000	5	6	0.01787	0.02759	11	9	4
1878	HCxvVHx	3	3.1966	3.5000	5	6	0.01787	0.02759	11	7	4
1879	HCY^Nrk	3	3.1966	3.5000	5	6	0.01787	0.02759	11	8	4
1880	HCZverM	3	3.1966	3.5000	5	6	0.01787	0.02759	11	8	4
1881	HEjfazs	3	3.1966	3.5000	5	6	0.01787	0.02759	11	8	4
1882	HCxvFjk	3	3.1966	3.5000	5	6	0.01787	0.02759	11	8	4
1883	HCpvRr{	3	3.1966	3.5000	5	7	0.01787	0.02759	11	8	4
1884	HCrbbz{	3	3.1966	3.5000	5	7	0.01787	0.02759	11	7	4
1885	HCrbfp}	3	3.1966	3.5000	5	7	0.01787	0.02759	11	9	4
1886	HCrbfr{	3	3.1966	3.5000	5	7	0.01787	0.02759	11	8	4
1887	HCrfRr{	3	3.1966	3.5000	5	7	0.01787	0.02759	11	8	4
1888	HCY^Nby	3	3.1966	3.5000	5	7	0.01787	0.02759	11	7	4
1889	HCrbfo~	3	3.1966	3.5000	5	7	0.01787	0.02759	11	8	4
1890	HCzbrjk	3	3.1966	3.5000	5	6	0.01787	0.02759	11	8	4
1891	HCZjvbh	3	3.1966	3.5000	5	6	0.01787	0.02759	11	9	4
1892	HCZnfPy	3	3.1966	3.5000	5	6	0.01787	0.02759	11	9	4
1893	HCxvFZM	3	3.1966	3.5000	5	6	0.01787	0.02759	11	8	4
1894	HCZfRxu	3	3.1966	3.5000	5	6	0.01787	0.02759	11	7	4
1895	HCpvRo~	3	3.1966	3.5000	5	7	0.01787	0.02759	11	8	4
1896	HCpvRq|	3	3.1966	3.5000	5	7	0.01787	0.02759	11	9	4
1897	HCpvRrf	3	3.1966	3.5000	5	7	0.01787	0.02759	11	8	4
1898	HCrbdz{	3	3.1966	3.5000	5	7	0.01787	0.02759	11	8	4
1899	HCrbfj{	3	3.1966	3.5000	5	7	0.01787	0.02759	11	8	4
1900	HCrfRq|	3	3.1966	3.5000	5	7	0.01787	0.02759	11	9	4
1901	HCRvdqn	3	3.1966	3.5000	5	7	0.01787	0.02759	11	7	4
1902	HCRvdrl	3	3.1966	3.5000	5	7	0.01787	0.02759	11	9	4
1903	HCRvdrm	3	3.1966	3.5000	5	7	0.01787	0.02759	11	9	4
1904	HCRvdrN	3	3.1966	3.5000	5	7	0.01787	0.02759	11	8	4
1905	HCY^fbf	3	3.1966	3.5000	5	7	0.01787	0.02759	11	7	4
1906	HCY^fbm	3	3.1966	3.5000	5	7	0.01787	0.02759	11	9	4
1907	HCY^fbN	3	3.1966	3.5000	5	7	0.01787	0.02759	11	8	4
1908	HCY^Nbl	3	3.1966	3.5000	5	7	0.01787	0.02759	11	8	4
1909	HCY^N`z	3	3.1966	3.5000	5	7	0.01787	0.02759	11	9	4
1910	HCZfRq^	3	3.1966	3.5000	5	7	0.01787	0.02759	11	8	4
1911	HCZfRr{	3	3.1966	3.5000	5	7	0.01787	0.02759	11	8	4
1912	HCR`vz{	3	3.1966	3.5000	5	8	0.01787	0.02759	11	6	4
1913	HCRvdrf	3	3.1966	3.5000	5	7	0.01787	0.02759	11	7	4
1914	HCY^fbj	3	3.1966	3.5000	5	7	0.01787	0.02759	11	9	4
1915	HCY^Nbj	3	3.1966	3.5000	5	7	0.01787	0.02759	11	9	4
1916	HCRfdp~	3	3.1966	3.5000	5	8	0.01787	0.02759	11	8	4
1917	HCXfczn	3	3.1966	3.5000	5	8	0.01787	0.02759	11	8	4
1918	HCpvRrl	3	3.1966	3.5000	5	7	0.01787	0.02759	11	7	4
1919	HCrfRp}	3	3.1966	3.5000	5	7	0.01787	0.02759	11	7	4
1920	HCrbfp|	3	3.1966	3.5000	5	7	0.01787	0.02759	11	7	4
1921	HCRvdq}	3	3.1966	3.5000	5	7	0.01787	0.02759	11	7	4
1922	HCZfRp}	3	3.1966	3.5000	5	7	0.01787	0.02759	11	7	4
1923	HCxvBv{	3	3.1966	3.5000	5	7	0.01787	0.02759	11	7	4
1924	HCxvFjy	3	3.1966	3.5000	5	7	0.01787	0.02759	11	8	4
1925	HCxvFp}	3	3.1966	3.5000	5	7	0.01787	0.02759	11	8	4
1926	HCxvFry	3	3.1966	3.5000	5	7	0.01787	0.02759	11	7	4
1927	HCxvFhz	3	3.1966	3.5000	5	7	0.01787	0.02759	11	6	4
1928	HCxvFjm	3	3.1966	3.5000	5	7	0.01787	0.02759	11	8	4
1929	HCxvBzr	3	3.1966	3.5000	5	7	0.01787	0.02759	11	8	4
1930	HCxvFrf	3	3.1966	3.5000	5	7	0.01787	0.02759	11	7	4
1931	HCxvFjj	3	3.1966	3.5000	5	7	0.01787	0.02759	11	8	4
1932	HCRvdrn	3	3.1966	3.5000	5	8	0.01787	0.02759	11	8	4
1933	HCY^fbn	3	3.1966	3.5000	5	8	0.01787	0.02759	11	8	4
1934	HCxvExz	3	3.1966	3.5000	5	7	0.01787	0.02759	11	7	4
1935	HCxvBvl	3	3.1966	3.5000	5	7	0.01787	0.02759	11	6	4
1936	HCxvBxz	3	3.1966	3.5000	5	7	0.01787	0.02759	11	7	4
1937	HCxvFpz	3	3.1966	3.5000	5	7	0.01787	0.02759	11	6	4
1938	HCxvBv|	3	3.1966	3.5000	5	8	0.01787	0.02759	11	6	4
1939	HCxvBvy	3	3.1966	3.5000	6	7	0.01787	0.02759	11	6	4
1940	HCxvBx}	3	3.1966	3.5000	6	7	0.01787	0.02759	11	7	4
1941	HCrbfz{	3	3.1966	3.5000	6	8	0.01787	0.02759	11	7	4
1942	HCxvBtz	3	3.1966	3.5000	6	7	0.01787	0.02759	11	6	4
1943	HCxvBvj	3	3.1966	3.5000	6	7	0.01787	0.02759	11	7	4
1944	HCxvFvy	3	3.1966	3.5000	6	8	0.01787	0.02759	11	6	4
1945	HCxvBv}	3	3.1966	3.5000	6	8	0.01787	0.02759	11	6	4
1946	HCxvBvn	3	3.1966	3.5000	6	8	0.01787	0.02759	11	6	4
1947	HCxvBvz	3	3.1966	3.5000	6	8	0.01787	0.02759	11	6	4
1948	HCxvBv~	3	3.1966	3.5000	6	9	0.01787	0.02759	11	5	4
1949	H?bB`pw	4	4.2361	4.5000	4	5	0.01816	0.02030	13	7	5
1950	H?r@d_{	4	4.2361	4.5000	4	5	0.01816	0.02030	13	5	5
1951	H?bAV_{	4	4.2361	4.5000	4	5	0.01816	0.02030	13	6	5
1952	H?bBbPw	4	4.2361	4.5000	4	5	0.01816	0.02030	13	7	5
1953	H?bBb`w	4	4.2361	4.5000	4	5	0.01816	0.02030	13	6	5
1954	H?b@bpw	4	4.2361	4.5000	4	6	0.01816	0.02030	13	5	5
1955	H?`ebRo	4	4.2361	4.5000	4	5	0.01816	0.02030	13	6	5
1956	H?`fBO]	4	4.2361	4.5000	4	5	0.01816	0.02030	13	6	5
1957	H?`bf@w	4	4.2361	4.5000	4	5	0.01816	0.02030	13	6	5
1958	H?`cn?\	4	4.2361	4.5000	4	5	0.01816	0.02030	13	6	5
1959	HCOfB_N	4	4.2361	4.5000	4	5	0.01816	0.02030	13	7	5
1960	H?`fBOV	4	4.2361	4.5000	4	4	0.01816	0.02030	13	6	5
1961	H?`fBRo	4	4.2361	4.5000	4	5	0.01816	0.02030	13	6	5
1962	H?`bF`w	4	4.2361	4.5000	4	5	0.01816	0.02030	13	6	5
1963	H?bB`r_	4	4.2181	4.5000	4	4	0.01818	0.02349	12	8	5
1964	HCpdbim	3	3.1471	3.3333	4	6	0.01838	0.02329	8	10	4
1965	H?bB`qo	4	4.2226	4.5000	4	4	0.01855	0.02311	12	7	5
1966	HCQbTL{	3	3.1317	3.3333	4	6	0.01881	0.02881	7	10	4
1967	HCpdeXy	3	3.1317	3.3333	4	6	0.01881	0.02881	7	10	4
1968	HCXedrX	3	3.1317	3.3333	4	6	0.01881	0.02881	7	9	4
1969	HCpdmXy	3	3.1317	3.3333	4	6	0.01881	0.02881	7	10	4
1970	HCZTeqx	3	3.1317	3.3333	4	6	0.01881	0.02881	7	9	4
1971	HCpejrM	3	3.1317	3.3333	5	6	0.01881	0.02881	7	8	4
1972	HCpbuYZ	3	3.1317	3.3333	5	6	0.01881	0.02881	7	9	4
1973	HCZTdYf	3	3.1317	3.3333	5	6	0.01881	0.02881	7	9	4
1974	HCZTcyZ	3	3.1317	3.3333	5	6	0.01881	0.02881	7	9	4
1975	HCpbuZJ	3	3.1317	3.3333	5	6	0.01881	0.02881	7	9	4
1976	HCpbuYz	3	3.1317	3.3333	5	7	0.01881	0.02881	7	9	4
1977	HCpbuZt	3	3.1317	3.3333	5	7	0.01881	0.02881	7	9	4
1978	HCpbuZV	3	3.1317	3.3333	5	7	0.01881	0.02881	7	7	4
1979	HCpbuZy	3	3.1317	3.3333	5	7	0.01881	0.02881	7	9	4
1980	HCpbuZj	3	3.1317	3.3333	5	7	0.01881	0.02881	7	8	4
1981	HCpbuZl	3	3.1317	3.3333	5	7	0.01881	0.02881	7	9	4
1982	HCpbuZZ	3	3.1317	3.3333	5	7	0.01881	0.02881	7	9	4
1983	HCpbuZN	3	3.1317	3.3333	5	7	0.01881	0.02881	7	8	4
1984	HCpbuZ}	3	3.1317	3.3333	5	8	0.01881	0.02881	7	8	4
1985	HCpbuZv	3	3.1317	3.3333	5	8	0.01881	0.02881	7	8	4
1986	HCpbuZ|	3	3.1317	3.3333	5	8	0.01881	0.02881	7	8	4
1987	HCpbuZz	3	3.1317	3.3333	5	8	0.01881	0.02881	7	8	4
1988	HCpbuZn	3	3.1317	3.3333	5	8	0.01881	0.02881	7	8	4
1989	HCpbuZ~	3	3.1317	3.3333	5	9	0.01881	0.02881	7	7	4
1990	HCrfRr[	3	3.2117	3.5000	5	6	0.01925	0.02621	11	9	4
1991	HCRdrri	3	3.2133	3.5000	4	6	0.01939	0.02607	11	9	4
1992	HCrbfr[	3	3.2140	3.5000	5	6	0.01945	0.02600	11	9	4
1993	H?`a`aS	4	4.1966	4.5000	3	4	0.01966	0.03034	10	5	5
1994	H?`D@rO	4	4.1966	4.5000	3	4	0.01966	0.03034	10	6	5
1995	H?`@E_{	4	4.1966	4.5000	3	5	0.01966	0.03034	10	6	5
1996	H?b@bRa	4	4.1966	4.5000	4	5	0.01966	0.03034	10	7	5
1997	H?b@f@i	4	4.1966	4.5000	4	5	0.01966	0.03034	10	7	5
1998	H?b@f?m	4	4.1966	4.5000	4	5	0.01966	0.03034	10	7	5
1999	H?`F@Yw	4	4.1966	4.5000	4	5	0.01966	0.03034	10	7	5
2000	H?`F@ZW	4	4.1966	4.5000	4	5	0.01966	0.03034	10	6	5
2001	H?`acib	4	4.1966	4.5000	4	5	0.01966	0.03034	10	6	5
2002	H?`Df?m	4	4.1966	4.5000	4	5	0.01966	0.03034	10	6	5
2003	H?`Df@X	4	4.1966	4.5000	4	5	0.01966	0.03034	10	7	5
2004	H?`FAqU	4	4.1966	4.5000	4	5	0.01966	0.03034	10	6	5
2005	H?`F@YR	4	4.1966	4.5000	4	5	0.01966	0.03034	10	6	5
2006	H?bF@ph	4	4.1966	4.5000	4	5	0.01966	0.03034	10	8	5
2007	H?bBbRa	4	4.1966	4.5000	4	5	0.01966	0.03034	10	7	5
2008	H?bFAhh	4	4.1966	4.5000	4	5	0.01966	0.03034	10	7	5
2009	H?bFBaU	4	4.1966	4.5000	4	5	0.01966	0.03034	10	7	5
2010	H?bFBQX	4	4.1966	4.5000	4	5	0.01966	0.03034	10	8	5
2011	H?bFBRS	4	4.1966	4.5000	4	5	0.01966	0.03034	10	8	5
2012	H?`cm`M	4	4.1966	4.5000	4	5	0.01966	0.03034	10	8	5
2013	H?`cmab	4	4.1966	4.5000	4	5	0.01966	0.03034	10	7	5
2014	H?`F@Xy	4	4.1966	4.5000	4	6	0.01966	0.03034	10	7	5
2015	H?`F@Y]	4	4.1966	4.5000	4	6	0.01966	0.03034	10	7	5
2016	H?`F@ZR	4	4.1966	4.5000	4	6	0.01966	0.03034	10	6	5
2017	H?bFBQt	4	4.1966	4.5000	4	6	0.01966	0.03034	10	6	5
2018	H?`F@Z{	4	4.1966	4.5000	4	7	0.01966	0.03034	10	5	5
2019	H?bFBPu	4	4.1966	4.5000	4	6	0.01966	0.03034	10	7	5
2020	H?bFBQ]	4	4.1966	4.5000	4	6	0.01966	0.03034	10	8	5
2021	H?bFBQu	4	4.1966	4.5000	4	6	0.01966	0.03034	10	7	5
2022	H?bFBQx	4	4.1966	4.5000	4	6	0.01966	0.03034	10	8	5
2023	H?bFBQy	4	4.1966	4.5000	4	6	0.01966	0.03034	10	8	5
2024	H?bFBR[	4	4.1966	4.5000	4	6	0.01966	0.03034	10	8	5
2025	H?bFBRq	4	4.1966	4.5000	4	6	0.01966	0.03034	10	8	5
2026	H?bFBRR	4	4.1966	4.5000	4	6	0.01966	0.03034	10	6	5
2027	H?bFBRT	4	4.1966	4.5000	4	6	0.01966	0.03034	10	7	5
2028	H?bFBRX	4	4.1966	4.5000	4	6	0.01966	0.03034	10	7	5
2029	H?bFBRY	4	4.1966	4.5000	4	6	0.01966	0.03034	10	7	5
2030	H?`F@Y}	4	4.1966	4.5000	4	7	0.01966	0.03034	10	6	5
2031	H?bFBQ|	4	4.1966	4.5000	4	7	0.01966	0.03034	10	8	5
2032	H?bFBQ}	4	4.1966	4.5000	4	7	0.01966	0.03034	10	8	5
2033	H?bFBRt	4	4.1966	4.5000	4	7	0.01966	0.03034	10	6	5
2034	H?bFBRx	4	4.1966	4.5000	4	7	0.01966	0.03034	10	7	5
2035	H?bFBRy	4	4.1966	4.5000	4	7	0.01966	0.03034	10	7	5
2036	H?bFBR\	4	4.1966	4.5000	4	7	0.01966	0.03034	10	8	5
2037	H?bFBRZ	4	4.1966	4.5000	4	7	0.01966	0.03034	10	6	5
2038	HCQbvJg	3	3.1966	3.5000	4	5	0.01966	0.03034	10	10	4
2039	HCR`szI	3	3.1966	3.5000	4	5	0.01966	0.03034	10	8	4
2040	HCOffR[	3	3.1966	3.5000	4	6	0.01966	0.03034	10	8	4
2041	HCQePl{	3	3.1966	3.5000	4	6	0.01966	0.03034	10	10	4
2042	HCQebi{	3	3.1966	3.5000	4	6	0.01966	0.03034	10	8	4
2043	HCQebim	3	3.1966	3.5000	4	6	0.01966	0.03034	10	9	4
2044	HCQefPy	3	3.1966	3.5000	4	6	0.01966	0.03034	10	10	4
2045	HCOfczM	3	3.1966	3.5000	4	6	0.01966	0.03034	10	9	4
2046	H?bFBR|	4	4.1966	4.5000	4	8	0.01966	0.03034	10	7	5
2047	HCQvRrc	3	3.1966	3.5000	4	5	0.01966	0.03034	10	10	4
2048	HCQbvb[	3	3.1966	3.5000	4	6	0.01966	0.03034	10	9	4
2049	HCQbvRk	3	3.1966	3.5000	4	6	0.01966	0.03034	10	9	4
2050	HCQbvRs	3	3.1966	3.5000	4	6	0.01966	0.03034	10	10	4
2051	HCQfNP{	3	3.1966	3.5000	4	6	0.01966	0.03034	10	9	4
2052	HCQVbZw	3	3.1966	3.5000	4	6	0.01966	0.03034	10	10	4
2053	HCQvFP{	3	3.1966	3.5000	4	6	0.01966	0.03034	10	10	4
2054	HCQVfP{	3	3.1966	3.5000	4	6	0.01966	0.03034	10	10	4
2055	HCQVVP{	3	3.1966	3.5000	4	6	0.01966	0.03034	10	10	4
2056	HCR`szi	3	3.1966	3.5000	4	6	0.01966	0.03034	10	9	4
2057	HCR`tjw	3	3.1966	3.5000	4	6	0.01966	0.03034	10	8	4
2058	HCOfezw	3	3.1966	3.5000	4	6	0.01966	0.03034	10	8	4
2059	HCQdfp]	3	3.1966	3.5000	4	6	0.01966	0.03034	10	9	4
2060	HCQeRl{	3	3.1966	3.5000	4	6	0.01966	0.03034	10	9	4
2061	HCR`sx{	3	3.1966	3.5000	4	6	0.01966	0.03034	10	8	4
2062	HCpddg}	3	3.1966	3.5000	4	6	0.01966	0.03034	10	10	4
2063	HCpdfG}	3	3.1966	3.5000	4	6	0.01966	0.03034	10	11	4
2064	HCQvBrM	3	3.1966	3.5000	4	6	0.01966	0.03034	10	10	4
2065	HCQvBrY	3	3.1966	3.5000	4	6	0.01966	0.03034	10	10	4
2066	HCRcupy	3	3.1966	3.5000	4	6	0.01966	0.03034	10	9	4
2067	HCR`syy	3	3.1966	3.5000	4	6	0.01966	0.03034	10	9	4
2068	HCR`szY	3	3.1966	3.5000	4	6	0.01966	0.03034	10	8	4
2069	HCR`tjq	3	3.1966	3.5000	4	6	0.01966	0.03034	10	8	4
2070	HCRUTp{	3	3.1966	3.5000	4	6	0.01966	0.03034	10	10	4
2071	HCRUTpu	3	3.1966	3.5000	4	6	0.01966	0.03034	10	9	4
2072	HCQbvRT	3	3.1966	3.5000	4	6	0.01966	0.03034	10	10	4
2073	HCQefp]	3	3.1966	3.5000	4	6	0.01966	0.03034	10	9	4
2074	HCQefpy	3	3.1966	3.5000	4	6	0.01966	0.03034	10	9	4
2075	HCQffPy	3	3.1966	3.5000	4	6	0.01966	0.03034	10	9	4
2076	HCQfHzh	3	3.1966	3.5000	4	6	0.01966	0.03034	10	9	4
2077	HCQfHzp	3	3.1966	3.5000	4	6	0.01966	0.03034	10	8	4
2078	HCQfIxy	3	3.1966	3.5000	4	6	0.01966	0.03034	10	10	4
2079	HCQfNP]	3	3.1966	3.5000	4	6	0.01966	0.03034	10	10	4
2080	HCQfNPy	3	3.1966	3.5000	4	6	0.01966	0.03034	10	9	4
2081	HCQfRh\	3	3.1966	3.5000	4	6	0.01966	0.03034	10	9	4
2082	HCQfRhx	3	3.1966	3.5000	4	6	0.01966	0.03034	10	9	4
2083	HCQvFRY	3	3.1966	3.5000	4	6	0.01966	0.03034	10	9	4
2084	HCRcpze	3	3.1966	3.5000	4	6	0.01966	0.03034	10	9	4
2085	HCRcpzs	3	3.1966	3.5000	4	6	0.01966	0.03034	10	8	4
2086	HCR`szJ	3	3.1966	3.5000	4	6	0.01966	0.03034	10	9	4
2087	HCRUTX{	3	3.1966	3.5000	4	6	0.01966	0.03034	10	9	4
2088	HCRUTZq	3	3.1966	3.5000	4	6	0.01966	0.03034	10	8	4
2089	HCOfezM	3	3.1966	3.5000	4	6	0.01966	0.03034	10	8	4
2090	HCQfHx]	3	3.1966	3.5000	4	6	0.01966	0.03034	10	9	4
2091	HCR`szR	3	3.1966	3.5000	4	6	0.01966	0.03034	10	9	4
2092	HCpvRqs	3	3.1966	3.5000	4	5	0.01966	0.03034	10	10	4
2093	HCXk~bo	3	3.1966	3.5000	4	6	0.01966	0.03034	10	10	4
2094	HCpfbi{	3	3.1966	3.5000	4	6	0.01966	0.03034	10	10	4
2095	HCpfcx{	3	3.1966	3.5000	4	6	0.01966	0.03034	10	9	4
2096	HCpfdp{	3	3.1966	3.5000	4	6	0.01966	0.03034	10	10	4
2097	HCQuZrw	3	3.1966	3.5000	4	6	0.01966	0.03034	10	10	4
2098	HCQvRrk	3	3.1966	3.5000	4	6	0.01966	0.03034	10	10	4
2099	HCQvVP{	3	3.1966	3.5000	4	6	0.01966	0.03034	10	10	4
2100	HCZJdjw	3	3.1966	3.5000	4	6	0.01966	0.03034	10	9	4
2101	HCZJfa{	3	3.1966	3.5000	4	6	0.01966	0.03034	10	9	4
2102	HCpfdrs	3	3.1966	3.5000	4	6	0.01966	0.03034	10	9	4
2103	HCQbvr[	3	3.1966	3.5000	4	6	0.01966	0.03034	10	9	4
2104	HCQfVX{	3	3.1966	3.5000	4	6	0.01966	0.03034	10	9	4
2105	HCQvA~w	3	3.1966	3.5000	4	6	0.01966	0.03034	10	9	4
2106	HCQVRx{	3	3.1966	3.5000	4	7	0.01966	0.03034	10	10	4
2107	HCQVVp{	3	3.1966	3.5000	4	6	0.01966	0.03034	10	10	4
2108	HCrbcw}	3	3.1966	3.5000	4	6	0.01966	0.03034	10	10	4
2109	HCrbcx{	3	3.1966	3.5000	4	6	0.01966	0.03034	10	8	4
2110	HCrbdZw	3	3.1966	3.5000	4	6	0.01966	0.03034	10	8	4
2111	HCRc~`{	3	3.1966	3.5000	4	6	0.01966	0.03034	10	8	4
2112	HCRc|p{	3	3.1966	3.5000	4	6	0.01966	0.03034	10	9	4
2113	HCRc~`y	3	3.1966	3.5000	4	6	0.01966	0.03034	10	9	4
2114	HCR`tzi	3	3.1966	3.5000	4	6	0.01966	0.03034	10	8	4
2115	HCRUVo}	3	3.1966	3.5000	4	6	0.01966	0.03034	10	8	4
2116	HCR`vrs	3	3.1966	3.5000	4	6	0.01966	0.03034	10	7	4
2117	HCOfvr[	3	3.1966	3.5000	4	7	0.01966	0.03034	10	7	4
2118	HCRfdon	3	3.1966	3.5000	4	6	0.01966	0.03034	10	8	4
2119	HCRfdpN	3	3.1966	3.5000	4	6	0.01966	0.03034	10	9	4
2120	HCRVdon	3	3.1966	3.5000	4	6	0.01966	0.03034	10	9	4
2121	HCQbvR{	3	3.1966	3.5000	4	7	0.01966	0.03034	10	9	4
2122	HCQfQz{	3	3.1966	3.5000	4	7	0.01966	0.03034	10	8	4
2123	HCpbtrq	3	3.1966	3.5000	4	6	0.01966	0.03034	10	9	4
2124	HCpfcx]	3	3.1966	3.5000	4	6	0.01966	0.03034	10	10	4
2125	HCpfdrk	3	3.1966	3.5000	4	6	0.01966	0.03034	10	10	4
2126	HCpfJo|	3	3.1966	3.5000	4	6	0.01966	0.03034	10	9	4
2127	HCpfRg}	3	3.1966	3.5000	4	6	0.01966	0.03034	10	10	4
2128	HCrbczi	3	3.1966	3.5000	4	6	0.01966	0.03034	10	9	4
2129	HCrbczq	3	3.1966	3.5000	4	6	0.01966	0.03034	10	10	4
2130	HCrbdhj	3	3.1966	3.5000	4	6	0.01966	0.03034	10	9	4
2131	HCrbdhZ	3	3.1966	3.5000	4	6	0.01966	0.03034	10	10	4
2132	HCrbdZi	3	3.1966	3.5000	4	6	0.01966	0.03034	10	8	4
2133	HCRc|px	3	3.1966	3.5000	4	6	0.01966	0.03034	10	10	4
2134	HCRc~`x	3	3.1966	3.5000	4	6	0.01966	0.03034	10	10	4
2135	HCRdnPy	3	3.1966	3.5000	4	6	0.01966	0.03034	10	10	4
2136	HCR`tzY	3	3.1966	3.5000	4	6	0.01966	0.03034	10	9	4
2137	HCRUtrk	3	3.1966	3.5000	4	6	0.01966	0.03034	10	10	4
2138	HCR`vjq	3	3.1966	3.5000	4	6	0.01966	0.03034	10	8	4
2139	HCZVDX{	3	3.1966	3.5000	4	6	0.01966	0.03034	10	9	4
2140	HCpfcwn	3	3.1966	3.5000	4	6	0.01966	0.03034	10	9	4
2141	HCpfcxj	3	3.1966	3.5000	4	6	0.01966	0.03034	10	8	4
2142	HCpfczd	3	3.1966	3.5000	4	6	0.01966	0.03034	10	10	4
2143	HCpfdon	3	3.1966	3.5000	4	6	0.01966	0.03034	10	9	4
2144	HCpfdpN	3	3.1966	3.5000	4	6	0.01966	0.03034	10	10	4
2145	HCpfdrd	3	3.1966	3.5000	4	6	0.01966	0.03034	10	9	4
2146	HCRc~`\	3	3.1966	3.5000	4	6	0.01966	0.03034	10	9	4
2147	HCRc~bh	3	3.1966	3.5000	4	6	0.01966	0.03034	10	9	4
2148	HCRc|o|	3	3.1966	3.5000	4	6	0.01966	0.03034	10	8	4
2149	HCRc|p\	3	3.1966	3.5000	4	6	0.01966	0.03034	10	8	4
2150	HCRc|pt	3	3.1966	3.5000	4	6	0.01966	0.03034	10	9	4
2151	HCRc|rh	3	3.1966	3.5000	4	6	0.01966	0.03034	10	9	4
2152	HCRfdpj	3	3.1966	3.5000	4	6	0.01966	0.03034	10	9	4
2153	HCRfdrL	3	3.1966	3.5000	4	6	0.01966	0.03034	10	9	4
2154	HCRfN_|	3	3.1966	3.5000	4	6	0.01966	0.03034	10	8	4
2155	HCRVTrq	3	3.1966	3.5000	4	6	0.01966	0.03034	10	10	4
2156	HCRc|pf	3	3.1966	3.5000	4	6	0.01966	0.03034	10	9	4
2157	HCR`szj	3	3.1966	3.5000	4	7	0.01966	0.03034	10	8	4
2158	HCR`szy	3	3.1966	3.5000	4	7	0.01966	0.03034	10	9	4
2159	HCrbdXj	3	3.1966	3.5000	4	6	0.01966	0.03034	10	8	4
2160	HCR`uzY	3	3.1966	3.5000	4	6	0.01966	0.03034	10	8	4
2161	HCpfJi]	3	3.1966	3.5000	4	6	0.01966	0.03034	10	10	4
2162	HCRc|rL	3	3.1966	3.5000	4	6	0.01966	0.03034	10	8	4
2163	HCR`rnU	3	3.1966	3.5000	4	6	0.01966	0.03034	10	8	4
2164	HCR`ul]	3	3.1966	3.5000	4	6	0.01966	0.03034	10	8	4
2165	HCQbvRu	3	3.1966	3.5000	4	7	0.01966	0.03034	10	10	4
2166	HCR`szm	3	3.1966	3.5000	4	7	0.01966	0.03034	10	9	4
2167	HCXfczq	3	3.1966	3.5000	4	6	0.01966	0.03034	10	9	4
2168	HCXfczY	3	3.1966	3.5000	4	6	0.01966	0.03034	10	9	4
2169	HCpfczh	3	3.1966	3.5000	4	6	0.01966	0.03034	10	9	4
2170	HCrbczh	3	3.1966	3.5000	4	6	0.01966	0.03034	10	9	4
2171	HCRfdrq	3	3.1966	3.5000	4	6	0.01966	0.03034	10	9	4
2172	HCRfdrY	3	3.1966	3.5000	4	6	0.01966	0.03034	10	9	4
2173	HCQbvP|	3	3.1966	3.5000	4	7	0.01966	0.03034	10	8	4
2174	HCQfQx}	3	3.1966	3.5000	4	7	0.01966	0.03034	10	9	4
2175	HCR`szr	3	3.1966	3.5000	4	7	0.01966	0.03034	10	8	4
2176	HCR`szx	3	3.1966	3.5000	4	7	0.01966	0.03034	10	7	4
2177	HCrbdt{	3	3.1966	3.5000	4	6	0.01966	0.03034	10	9	4
2178	HCY^N`{	3	3.1966	3.5000	4	6	0.01966	0.03034	10	9	4
2179	HCZLnbw	3	3.1966	3.5000	4	6	0.01966	0.03034	10	9	4
2180	HCrfbix	3	3.1966	3.5000	4	6	0.01966	0.03034	10	8	4
2181	HCrfRrs	3	3.1966	3.5000	4	6	0.01966	0.03034	10	9	4
2182	HCY^f`N	3	3.1966	3.5000	4	6	0.01966	0.03034	10	9	4
2183	HCY]vJw	3	3.1966	3.5000	4	6	0.01966	0.03034	10	8	4
2184	HCRvdon	3	3.1966	3.5000	4	6	0.01966	0.03034	10	8	4
2185	HCRvdpN	3	3.1966	3.5000	4	6	0.01966	0.03034	10	9	4
2186	HCZJva{	3	3.1966	3.5000	4	6	0.01966	0.03034	10	10	4
2187	HCpvRqr	3	3.1966	3.5000	4	6	0.01966	0.03034	10	8	4
2188	HCrfbYx	3	3.1966	3.5000	4	6	0.01966	0.03034	10	10	4
2189	HCrfRqt	3	3.1966	3.5000	4	6	0.01966	0.03034	10	10	4
2190	HCrH~`x	3	3.1966	3.5000	4	6	0.01966	0.03034	10	10	4
2191	HCRvdpl	3	3.1966	3.5000	4	6	0.01966	0.03034	10	10	4
2192	HCrVJo|	3	3.1966	3.5000	4	6	0.01966	0.03034	10	9	4
2193	HCZfRqV	3	3.1966	3.5000	4	6	0.01966	0.03034	10	9	4
2194	HCZfRrs	3	3.1966	3.5000	4	6	0.01966	0.03034	10	9	4
2195	HCZJv_|	3	3.1966	3.5000	4	6	0.01966	0.03034	10	9	4
2196	HCpfNi{	3	3.1966	3.5000	4	6	0.01966	0.03034	10	9	4
2197	HCpujoz	3	3.1966	3.5000	4	6	0.01966	0.03034	10	9	4
2198	HCpujrb	3	3.1966	3.5000	4	6	0.01966	0.03034	10	7	4
2199	HCrbfem	3	3.1966	3.5000	4	6	0.01966	0.03034	10	8	4
2200	HCrbffs	3	3.1966	3.5000	4	6	0.01966	0.03034	10	9	4
2201	HCrbfrU	3	3.1966	3.5000	4	6	0.01966	0.03034	10	8	4
2202	HCrfRrT	3	3.1966	3.5000	4	6	0.01966	0.03034	10	8	4
2203	HCR`tzy	3	3.1966	3.5000	4	7	0.01966	0.03034	10	8	4
2204	HCrbdXz	3	3.1966	3.5000	4	7	0.01966	0.03034	10	9	4
2205	HCRc|p|	3	3.1966	3.5000	4	7	0.01966	0.03034	10	9	4
2206	HCR`uzy	3	3.1966	3.5000	4	7	0.01966	0.03034	10	9	4
2207	HCpvVay	3	3.1966	3.5000	4	6	0.01966	0.03034	10	9	4
2208	HCqnbr[	3	3.1966	3.5000	4	6	0.01966	0.03034	10	8	4
2209	HCY^Nbp	3	3.1966	3.5000	4	6	0.01966	0.03034	10	9	4
2210	HCY]vJq	3	3.1966	3.5000	4	6	0.01966	0.03034	10	9	4
2211	HCpvRpx	3	3.1966	3.5000	4	6	0.01966	0.03034	10	9	4
2212	HCrH~a{	3	3.1966	3.5000	4	6	0.01966	0.03034	10	9	4
2213	HCRvdrs	3	3.1966	3.5000	4	6	0.01966	0.03034	10	9	4
2214	HCY^fbq	3	3.1966	3.5000	4	6	0.01966	0.03034	10	9	4
2215	HCY^Nbe	3	3.1966	3.5000	4	6	0.01966	0.03034	10	9	4
2216	HCRc~by	3	3.1966	3.5000	4	7	0.01966	0.03034	10	8	4
2217	HCRc|ry	3	3.1966	3.5000	4	7	0.01966	0.03034	10	7	4
2218	HCRfdr\	3	3.1966	3.5000	4	7	0.01966	0.03034	10	9	4
2219	HCRfdrx	3	3.1966	3.5000	4	7	0.01966	0.03034	10	8	4
2220	HCRfdry	3	3.1966	3.5000	4	7	0.01966	0.03034	10	8	4
2221	HCRVdr{	3	3.1966	3.5000	4	7	0.01966	0.03034	10	9	4
2222	HCXfcz]	3	3.1966	3.5000	4	7	0.01966	0.03034	10	8	4
2223	HCZNfq{	3	3.1966	3.5000	4	6	0.01966	0.03034	10	9	4
2224	HCxvFZq	3	3.1966	3.5000	4	6	0.01966	0.03034	10	8	4
2225	HCrbbzy	3	3.1966	3.5000	4	7	0.01966	0.03034	10	8	4
2226	HCxvFVs	3	3.1966	3.5000	4	6	0.01966	0.03034	10	9	4
2227	HCrbfU}	3	3.1966	3.5000	4	7	0.01966	0.03034	10	8	4
2228	HCR`vzy	3	3.1966	3.5000	4	7	0.01966	0.03034	10	8	4
2229	HCpvRq}	3	3.1966	3.5000	4	7	0.01966	0.03034	10	9	4
2230	HCRvdr{	3	3.1966	3.5000	4	7	0.01966	0.03034	10	8	4
2231	HCRvdrx	3	3.1966	3.5000	4	7	0.01966	0.03034	10	8	4
2232	HCY^fb{	3	3.1966	3.5000	4	7	0.01966	0.03034	10	8	4
2233	HCY^Nb{	3	3.1966	3.5000	4	7	0.01966	0.03034	10	8	4
2234	HCZfRr\	3	3.1966	3.5000	4	7	0.01966	0.03034	10	9	4
2235	H?bFBRU	4	4.1966	4.5000	5	6	0.01966	0.03034	10	8	5
2236	H?bFBR]	4	4.1966	4.5000	5	7	0.01966	0.03034	10	8	5
2237	H?bFBRr	4	4.1966	4.5000	5	7	0.01966	0.03034	10	7	5
2238	H?bFBRu	4	4.1966	4.5000	5	7	0.01966	0.03034	10	8	5
2239	H?bFBR}	4	4.1966	4.5000	5	8	0.01966	0.03034	10	7	5
2240	H?bFBRv	4	4.1966	4.5000	5	8	0.01966	0.03034	10	7	5
2241	H?bFBRz	4	4.1966	4.5000	5	8	0.01966	0.03034	10	7	5
2242	HCQbvJk	3	3.1966	3.5000	5	6	0.01966	0.03034	10	10	4
2243	HCXe`]{	3	3.1966	3.5000	5	6	0.01966	0.03034	10	10	4
2244	HCR`sz[	3	3.1966	3.5000	5	6	0.01966	0.03034	10	8	4
2245	HCQbvRd	3	3.1966	3.5000	5	6	0.01966	0.03034	10	10	4
2246	HCQfIzi	3	3.1966	3.5000	5	6	0.01966	0.03034	10	10	4
2247	HCR`syu	3	3.1966	3.5000	5	6	0.01966	0.03034	10	9	4
2248	HCQbvPf	3	3.1966	3.5000	5	6	0.01966	0.03034	10	9	4
2249	HCQbvRR	3	3.1966	3.5000	5	6	0.01966	0.03034	10	9	4
2250	HCQfHzT	3	3.1966	3.5000	5	6	0.01966	0.03034	10	9	4
2251	HCQfQzR	3	3.1966	3.5000	5	6	0.01966	0.03034	10	9	4
2252	HCR`sx\	3	3.1966	3.5000	5	6	0.01966	0.03034	10	9	4
2253	H?bFBR~	4	4.1966	4.5000	5	9	0.01966	0.03034	10	6	5
2254	HCdbFq]	3	3.1966	3.5000	5	6	0.01966	0.03034	10	9	4
2255	HCQbvPN	3	3.1966	3.5000	5	6	0.01966	0.03034	10	9	4
2256	HCpfbq\	3	3.1966	3.5000	5	6	0.01966	0.03034	10	9	4
2257	HCdfJp{	3	3.1966	3.5000	5	6	0.01966	0.03034	10	10	4
2258	HCdfN`{	3	3.1966	3.5000	5	6	0.01966	0.03034	10	10	4
2259	HCpdrjs	3	3.1966	3.5000	5	6	0.01966	0.03034	10	10	4
2260	HCpfLrs	3	3.1966	3.5000	5	6	0.01966	0.03034	10	10	4
2261	HCpf`xu	3	3.1966	3.5000	5	6	0.01966	0.03034	10	10	4
2262	HCpf`ze	3	3.1966	3.5000	5	6	0.01966	0.03034	10	10	4
2263	HCQbvZk	3	3.1966	3.5000	5	7	0.01966	0.03034	10	9	4
2264	HCQvfP]	3	3.1966	3.5000	5	6	0.01966	0.03034	10	10	4
2265	HCRczr[	3	3.1966	3.5000	5	6	0.01966	0.03034	10	9	4
2266	HCRdjri	3	3.1966	3.5000	5	6	0.01966	0.03034	10	10	4
2267	HCXedym	3	3.1966	3.5000	5	6	0.01966	0.03034	10	9	4
2268	HCZJdi{	3	3.1966	3.5000	5	6	0.01966	0.03034	10	9	4
2269	HCRdvOz	3	3.1966	3.5000	5	6	0.01966	0.03034	10	8	4
2270	HCRelri	3	3.1966	3.5000	5	6	0.01966	0.03034	10	9	4
2271	HCRev_z	3	3.1966	3.5000	5	6	0.01966	0.03034	10	8	4
2272	HCRfdpf	3	3.1966	3.5000	5	6	0.01966	0.03034	10	9	4
2273	HCRfdql	3	3.1966	3.5000	5	6	0.01966	0.03034	10	9	4
2274	HCRfdrd	3	3.1966	3.5000	5	6	0.01966	0.03034	10	8	4
2275	HCRfdrM	3	3.1966	3.5000	5	6	0.01966	0.03034	10	9	4
2276	HCXfcxj	3	3.1966	3.5000	5	6	0.01966	0.03034	10	9	4
2277	HCR`sz{	3	3.1966	3.5000	5	7	0.01966	0.03034	10	7	4
2278	HCpdrg}	3	3.1966	3.5000	5	6	0.01966	0.03034	10	11	4
2279	HCpfcxu	3	3.1966	3.5000	5	6	0.01966	0.03034	10	11	4
2280	HCpfRjk	3	3.1966	3.5000	5	6	0.01966	0.03034	10	10	4
2281	HCrbdhr	3	3.1966	3.5000	5	6	0.01966	0.03034	10	10	4
2282	HCXfcxm	3	3.1966	3.5000	5	6	0.01966	0.03034	10	10	4
2283	HCpfcze	3	3.1966	3.5000	5	6	0.01966	0.03034	10	10	4
2284	HCpfczi	3	3.1966	3.5000	5	6	0.01966	0.03034	10	9	4
2285	HCpfczM	3	3.1966	3.5000	5	6	0.01966	0.03034	10	10	4
2286	HCpfdre	3	3.1966	3.5000	5	6	0.01966	0.03034	10	10	4
2287	HCpfdrM	3	3.1966	3.5000	5	6	0.01966	0.03034	10	10	4
2288	HCpffHu	3	3.1966	3.5000	5	6	0.01966	0.03034	10	10	4
2289	HCrbdZk	3	3.1966	3.5000	5	6	0.01966	0.03034	10	8	4
2290	HCRc~`t	3	3.1966	3.5000	5	6	0.01966	0.03034	10	9	4
2291	HCRfdre	3	3.1966	3.5000	5	6	0.01966	0.03034	10	9	4
2292	HCRVdre	3	3.1966	3.5000	5	6	0.01966	0.03034	10	9	4
2293	HCRVdrM	3	3.1966	3.5000	5	6	0.01966	0.03034	10	10	4
2294	HCXfVH{	3	3.1966	3.5000	5	6	0.01966	0.03034	10	7	4
2295	HCZJdg|	3	3.1966	3.5000	5	6	0.01966	0.03034	10	10	4
2296	HCZJeg|	3	3.1966	3.5000	5	6	0.01966	0.03034	10	10	4
2297	HCpfcyf	3	3.1966	3.5000	5	6	0.01966	0.03034	10	9	4
2298	HCpfdqf	3	3.1966	3.5000	5	6	0.01966	0.03034	10	9	4
2299	HCRc~bJ	3	3.1966	3.5000	5	6	0.01966	0.03034	10	9	4
2300	HCRc~bL	3	3.1966	3.5000	5	6	0.01966	0.03034	10	9	4
2301	HCRc~`f	3	3.1966	3.5000	5	6	0.01966	0.03034	10	9	4
2302	HCRc|rJ	3	3.1966	3.5000	5	6	0.01966	0.03034	10	9	4
2303	HCRfdqf	3	3.1966	3.5000	5	6	0.01966	0.03034	10	9	4
2304	HCQbvPv	3	3.1966	3.5000	5	7	0.01966	0.03034	10	8	4
2305	HCQbvRt	3	3.1966	3.5000	5	7	0.01966	0.03034	10	10	4
2306	HCQbvRV	3	3.1966	3.5000	5	7	0.01966	0.03034	10	9	4
2307	HCQfQzr	3	3.1966	3.5000	5	7	0.01966	0.03034	10	8	4
2308	HCQfQzu	3	3.1966	3.5000	5	7	0.01966	0.03034	10	10	4
2309	HCR`sx|	3	3.1966	3.5000	5	7	0.01966	0.03034	10	8	4
2310	HCR`sxv	3	3.1966	3.5000	5	7	0.01966	0.03034	10	8	4
2311	HCR`sy}	3	3.1966	3.5000	5	7	0.01966	0.03034	10	8	4
2312	HCR`sz]	3	3.1966	3.5000	5	7	0.01966	0.03034	10	7	4
2313	HCR`szu	3	3.1966	3.5000	5	7	0.01966	0.03034	10	9	4
2314	HCR`tj{	3	3.1966	3.5000	5	7	0.01966	0.03034	10	8	4
2315	HCpfJiV	3	3.1966	3.5000	5	6	0.01966	0.03034	10	9	4
2316	HCQbvRf	3	3.1966	3.5000	5	7	0.01966	0.03034	10	9	4
2317	HCQbvRr	3	3.1966	3.5000	5	7	0.01966	0.03034	10	8	4
2318	HCQfQzf	3	3.1966	3.5000	5	7	0.01966	0.03034	10	9	4
2319	HCRfdqt	3	3.1966	3.5000	5	6	0.01966	0.03034	10	8	4
2320	HCRfdrU	3	3.1966	3.5000	5	6	0.01966	0.03034	10	9	4
2321	HCXfczR	3	3.1966	3.5000	5	6	0.01966	0.03034	10	9	4
2322	HCRfdqr	3	3.1966	3.5000	5	6	0.01966	0.03034	10	9	4
2323	HCRfdqV	3	3.1966	3.5000	5	6	0.01966	0.03034	10	9	4
2324	HCRfdqZ	3	3.1966	3.5000	5	6	0.01966	0.03034	10	9	4
2325	HCRfdrR	3	3.1966	3.5000	5	6	0.01966	0.03034	10	9	4
2326	HCQbvP^	3	3.1966	3.5000	5	7	0.01966	0.03034	10	9	4
2327	HCpvRrq	3	3.1966	3.5000	5	6	0.01966	0.03034	10	8	4
2328	HCrfbgz	3	3.1966	3.5000	5	6	0.01966	0.03034	10	9	4
2329	HCrfbqx	3	3.1966	3.5000	5	6	0.01966	0.03034	10	9	4
2330	HCY^N`u	3	3.1966	3.5000	5	6	0.01966	0.03034	10	8	4
2331	HCXk~bw	3	3.1966	3.5000	5	6	0.01966	0.03034	10	10	4
2332	HCZJtjw	3	3.1966	3.5000	5	6	0.01966	0.03034	10	10	4
2333	HCpvRov	3	3.1966	3.5000	5	6	0.01966	0.03034	10	9	4
2334	HCpvRrT	3	3.1966	3.5000	5	6	0.01966	0.03034	10	9	4
2335	HCpvRrU	3	3.1966	3.5000	5	6	0.01966	0.03034	10	9	4
2336	HCrdrpr	3	3.1966	3.5000	5	6	0.01966	0.03034	10	9	4
2337	HCrerg}	3	3.1966	3.5000	5	6	0.01966	0.03034	10	10	4
2338	HCrfRqu	3	3.1966	3.5000	5	6	0.01966	0.03034	10	10	4
2339	HCRvdpm	3	3.1966	3.5000	5	6	0.01966	0.03034	10	10	4
2340	HCY^N`\	3	3.1966	3.5000	5	6	0.01966	0.03034	10	9	4
2341	HCY^N`l	3	3.1966	3.5000	5	6	0.01966	0.03034	10	9	4
2342	HCZK~`u	3	3.1966	3.5000	5	6	0.01966	0.03034	10	9	4
2343	HCZLna{	3	3.1966	3.5000	5	6	0.01966	0.03034	10	9	4
2344	HCpffr[	3	3.1966	3.5000	5	6	0.01966	0.03034	10	9	4
2345	HCprn_|	3	3.1966	3.5000	5	6	0.01966	0.03034	10	8	4
2346	HCpvRrR	3	3.1966	3.5000	5	6	0.01966	0.03034	10	8	4
2347	HCrbP|u	3	3.1966	3.5000	5	6	0.01966	0.03034	10	9	4
2348	HCrfbrM	3	3.1966	3.5000	5	6	0.01966	0.03034	10	9	4
2349	HCrfRrd	3	3.1966	3.5000	5	6	0.01966	0.03034	10	8	4
2350	HCrfRrU	3	3.1966	3.5000	5	6	0.01966	0.03034	10	8	4
2351	HCRvdpf	3	3.1966	3.5000	5	6	0.01966	0.03034	10	8	4
2352	HCY^N`N	3	3.1966	3.5000	5	6	0.01966	0.03034	10	9	4
2353	HCY^N`V	3	3.1966	3.5000	5	6	0.01966	0.03034	10	8	4
2354	HCZfRpV	3	3.1966	3.5000	5	6	0.01966	0.03034	10	8	4
2355	HCRenri	3	3.1966	3.5000	5	6	0.01966	0.03034	10	8	4
2356	HCrfRrR	3	3.1966	3.5000	5	6	0.01966	0.03034	10	8	4
2357	HCpfcz{	3	3.1966	3.5000	5	7	0.01966	0.03034	10	8	4
2358	HCpfdr{	3	3.1966	3.5000	5	7	0.01966	0.03034	10	9	4
2359	HCRc~b{	3	3.1966	3.5000	5	7	0.01966	0.03034	10	7	4
2360	HCRc|r{	3	3.1966	3.5000	5	7	0.01966	0.03034	10	8	4
2361	HCprnRk	3	3.1966	3.5000	5	6	0.01966	0.03034	10	10	4
2362	HCXk~bi	3	3.1966	3.5000	5	6	0.01966	0.03034	10	10	4
2363	HCY^f`j	3	3.1966	3.5000	5	6	0.01966	0.03034	10	10	4
2364	HCY^N`j	3	3.1966	3.5000	5	6	0.01966	0.03034	10	10	4
2365	HCZH~bh	3	3.1966	3.5000	5	6	0.01966	0.03034	10	11	4
2366	HCZJti{	3	3.1966	3.5000	5	6	0.01966	0.03034	10	10	4
2367	HCZVRrk	3	3.1966	3.5000	5	6	0.01966	0.03034	10	10	4
2368	HCpulrs	3	3.1966	3.5000	5	6	0.01966	0.03034	10	10	4
2369	HCpvRpf	3	3.1966	3.5000	5	6	0.01966	0.03034	10	9	4
2370	HCrdroz	3	3.1966	3.5000	5	6	0.01966	0.03034	10	9	4
2371	HCreroz	3	3.1966	3.5000	5	6	0.01966	0.03034	10	9	4
2372	HCrfbY\	3	3.1966	3.5000	5	6	0.01966	0.03034	10	10	4
2373	HCrfRXr	3	3.1966	3.5000	5	6	0.01966	0.03034	10	8	4
2374	HCrH~bY	3	3.1966	3.5000	5	6	0.01966	0.03034	10	9	4
2375	HCrJ`|y	3	3.1966	3.5000	5	6	0.01966	0.03034	10	10	4
2376	HCrUrg}	3	3.1966	3.5000	5	6	0.01966	0.03034	10	9	4
2377	HCRuuqj	3	3.1966	3.5000	5	6	0.01966	0.03034	10	8	4
2378	HCZfRpt	3	3.1966	3.5000	5	6	0.01966	0.03034	10	8	4
2379	HCZfRrF	3	3.1966	3.5000	5	6	0.01966	0.03034	10	9	4
2380	HCZfRrR	3	3.1966	3.5000	5	6	0.01966	0.03034	10	9	4
2381	HCpfLy]	3	3.1966	3.5000	5	6	0.01966	0.03034	10	9	4
2382	HCpvVbb	3	3.1966	3.5000	5	6	0.01966	0.03034	10	9	4
2383	HCrbffe	3	3.1966	3.5000	5	6	0.01966	0.03034	10	9	4
2384	HCZenbJ	3	3.1966	3.5000	5	6	0.01966	0.03034	10	9	4
2385	HCpfcw~	3	3.1966	3.5000	5	7	0.01966	0.03034	10	9	4
2386	HCpfcx}	3	3.1966	3.5000	5	7	0.01966	0.03034	10	10	4
2387	HCpfdo~	3	3.1966	3.5000	5	7	0.01966	0.03034	10	9	4
2388	HCpfdp}	3	3.1966	3.5000	5	7	0.01966	0.03034	10	10	4
2389	HCpfJj{	3	3.1966	3.5000	5	7	0.01966	0.03034	10	9	4
2390	HCrbcy}	3	3.1966	3.5000	5	7	0.01966	0.03034	10	9	4
2391	HCrbcz{	3	3.1966	3.5000	5	7	0.01966	0.03034	10	8	4
2392	HCrbczy	3	3.1966	3.5000	5	7	0.01966	0.03034	10	10	4
2393	HCrbdh^	3	3.1966	3.5000	5	7	0.01966	0.03034	10	9	4
2394	HCrbdhz	3	3.1966	3.5000	5	7	0.01966	0.03034	10	10	4
2395	HCrbdjj	3	3.1966	3.5000	5	7	0.01966	0.03034	10	8	4
2396	HCrbdX^	3	3.1966	3.5000	5	7	0.01966	0.03034	10	8	4
2397	HCrbdY}	3	3.1966	3.5000	5	7	0.01966	0.03034	10	8	4
2398	HCrbdZ{	3	3.1966	3.5000	5	7	0.01966	0.03034	10	7	4
2399	HCrbdZr	3	3.1966	3.5000	5	7	0.01966	0.03034	10	8	4
2400	HCRc~`|	3	3.1966	3.5000	5	7	0.01966	0.03034	10	9	4
2401	HCRc~bj	3	3.1966	3.5000	5	7	0.01966	0.03034	10	8	4
2402	HCRc|rj	3	3.1966	3.5000	5	7	0.01966	0.03034	10	8	4
2403	HCRfdpn	3	3.1966	3.5000	5	7	0.01966	0.03034	10	9	4
2404	HCRfdqn	3	3.1966	3.5000	5	7	0.01966	0.03034	10	8	4
2405	HCRfdrl	3	3.1966	3.5000	5	7	0.01966	0.03034	10	9	4
2406	HCRfdrm	3	3.1966	3.5000	5	7	0.01966	0.03034	10	9	4
2407	HCRfdrN	3	3.1966	3.5000	5	7	0.01966	0.03034	10	8	4
2408	HCR`uz{	3	3.1966	3.5000	5	7	0.01966	0.03034	10	7	4
2409	HCRVdqn	3	3.1966	3.5000	5	7	0.01966	0.03034	10	8	4
2410	HCRVdrl	3	3.1966	3.5000	5	7	0.01966	0.03034	10	10	4
2411	HCRVdrm	3	3.1966	3.5000	5	7	0.01966	0.03034	10	10	4
2412	HCR`vj{	3	3.1966	3.5000	5	7	0.01966	0.03034	10	7	4
2413	HCR`tzj	3	3.1966	3.5000	5	7	0.01966	0.03034	10	7	4
2414	HCZfJrk	3	3.1966	3.5000	5	6	0.01966	0.03034	10	9	4
2415	HCZJvJh	3	3.1966	3.5000	5	6	0.01966	0.03034	10	9	4
2416	HCXfRxu	3	3.1966	3.5000	5	6	0.01966	0.03034	10	8	4
2417	HCrbfNM	3	3.1966	3.5000	5	6	0.01966	0.03034	10	9	4
2418	HCpfczf	3	3.1966	3.5000	5	7	0.01966	0.03034	10	9	4
2419	HCpfczm	3	3.1966	3.5000	5	7	0.01966	0.03034	10	10	4
2420	HCpfdrf	3	3.1966	3.5000	5	7	0.01966	0.03034	10	9	4
2421	HCpfdrm	3	3.1966	3.5000	5	7	0.01966	0.03034	10	10	4
2422	HCpfJi^	3	3.1966	3.5000	5	7	0.01966	0.03034	10	9	4
2423	HCrbcz]	3	3.1966	3.5000	5	7	0.01966	0.03034	10	9	4
2424	HCrbczm	3	3.1966	3.5000	5	7	0.01966	0.03034	10	10	4
2425	HCrbczu	3	3.1966	3.5000	5	7	0.01966	0.03034	10	10	4
2426	HCRc~bl	3	3.1966	3.5000	5	7	0.01966	0.03034	10	9	4
2427	HCRc|rl	3	3.1966	3.5000	5	7	0.01966	0.03034	10	9	4
2428	HCRfdrf	3	3.1966	3.5000	5	7	0.01966	0.03034	10	8	4
2429	HCRVdrf	3	3.1966	3.5000	5	7	0.01966	0.03034	10	8	4
2430	HCRVdrj	3	3.1966	3.5000	5	7	0.01966	0.03034	10	10	4
2431	HCRVdrN	3	3.1966	3.5000	5	7	0.01966	0.03034	10	9	4
2432	HCXfcxn	3	3.1966	3.5000	5	7	0.01966	0.03034	10	9	4
2433	HCR`sz}	3	3.1966	3.5000	5	8	0.01966	0.03034	10	8	4
2434	HCQbvRv	3	3.1966	3.5000	5	8	0.01966	0.03034	10	9	4
2435	HCQfQzv	3	3.1966	3.5000	5	8	0.01966	0.03034	10	9	4
2436	HCpvRp\	3	3.1966	3.5000	5	6	0.01966	0.03034	10	9	4
2437	HCpvRqj	3	3.1966	3.5000	5	6	0.01966	0.03034	10	8	4
2438	HCpvRrX	3	3.1966	3.5000	5	6	0.01966	0.03034	10	9	4
2439	HCpvTqy	3	3.1966	3.5000	5	6	0.01966	0.03034	10	9	4
2440	HCrVJp]	3	3.1966	3.5000	5	6	0.01966	0.03034	10	8	4
2441	HCY^NbR	3	3.1966	3.5000	5	6	0.01966	0.03034	10	9	4
2442	HCZJvJk	3	3.1966	3.5000	5	6	0.01966	0.03034	10	9	4
2443	HCZK~be	3	3.1966	3.5000	5	6	0.01966	0.03034	10	9	4
2444	HCY^NbF	3	3.1966	3.5000	5	6	0.01966	0.03034	10	9	4
2445	HCpfcy}	3	3.1966	3.5000	5	7	0.01966	0.03034	10	9	4
2446	HCpfdq}	3	3.1966	3.5000	5	7	0.01966	0.03034	10	8	4
2447	HCrbdg~	3	3.1966	3.5000	5	7	0.01966	0.03034	10	9	4
2448	HCrbdh|	3	3.1966	3.5000	5	7	0.01966	0.03034	10	8	4
2449	HCrbdjx	3	3.1966	3.5000	5	7	0.01966	0.03034	10	8	4
2450	HCrbdW~	3	3.1966	3.5000	5	7	0.01966	0.03034	10	8	4
2451	HCrbdX|	3	3.1966	3.5000	5	7	0.01966	0.03034	10	7	4
2452	HCrbdZx	3	3.1966	3.5000	5	7	0.01966	0.03034	10	8	4
2453	HCRc~a|	3	3.1966	3.5000	5	7	0.01966	0.03034	10	8	4
2454	HCRfdq|	3	3.1966	3.5000	5	7	0.01966	0.03034	10	9	4
2455	HCRfdr]	3	3.1966	3.5000	5	7	0.01966	0.03034	10	9	4
2456	HCRfdrt	3	3.1966	3.5000	5	7	0.01966	0.03034	10	7	4
2457	HCRfdru	3	3.1966	3.5000	5	7	0.01966	0.03034	10	9	4
2458	HCXfczy	3	3.1966	3.5000	5	7	0.01966	0.03034	10	9	4
2459	HCR`tx|	3	3.1966	3.5000	5	7	0.01966	0.03034	10	7	4
2460	HCR`tzr	3	3.1966	3.5000	5	7	0.01966	0.03034	10	7	4
2461	HCR`vq|	3	3.1966	3.5000	5	7	0.01966	0.03034	10	6	4
2462	HCY[~bs	3	3.1966	3.5000	5	6	0.01966	0.03034	10	9	4
2463	HCY^Na\	3	3.1966	3.5000	5	6	0.01966	0.03034	10	9	4
2464	HCY]nbe	3	3.1966	3.5000	5	6	0.01966	0.03034	10	9	4
2465	HCY]nbq	3	3.1966	3.5000	5	6	0.01966	0.03034	10	9	4
2466	HCY^NbT	3	3.1966	3.5000	5	6	0.01966	0.03034	10	9	4
2467	HEhvAzs	3	3.1966	3.5000	5	6	0.01966	0.03034	10	9	4
2468	HCpvRpN	3	3.1966	3.5000	5	6	0.01966	0.03034	10	9	4
2469	HCpvRpZ	3	3.1966	3.5000	5	6	0.01966	0.03034	10	9	4
2470	HCRvdrT	3	3.1966	3.5000	5	6	0.01966	0.03034	10	9	4
2471	HCY^fbR	3	3.1966	3.5000	5	6	0.01966	0.03034	10	9	4
2472	HCZfRpl	3	3.1966	3.5000	5	6	0.01966	0.03034	10	8	4
2473	HCZfRpN	3	3.1966	3.5000	5	5	0.01966	0.03034	10	9	4
2474	HCZfRri	3	3.1966	3.5000	5	6	0.01966	0.03034	10	9	4
2475	HCZfRrJ	3	3.1966	3.5000	5	6	0.01966	0.03034	10	9	4
2476	HEhfeqV	3	3.1966	3.5000	5	6	0.01966	0.03034	10	9	4
2477	HCpfczx	3	3.1966	3.5000	5	7	0.01966	0.03034	10	9	4
2478	HCpfJg~	3	3.1966	3.5000	5	7	0.01966	0.03034	10	9	4
2479	HCpfJh}	3	3.1966	3.5000	5	7	0.01966	0.03034	10	8	4
2480	HCrbczx	3	3.1966	3.5000	5	7	0.01966	0.03034	10	9	4
2481	HCRc|rr	3	3.1966	3.5000	5	7	0.01966	0.03034	10	8	4
2482	HCRfdq^	3	3.1966	3.5000	5	7	0.01966	0.03034	10	8	4
2483	HCRfdqv	3	3.1966	3.5000	5	7	0.01966	0.03034	10	9	4
2484	HCRfdqz	3	3.1966	3.5000	5	7	0.01966	0.03034	10	9	4
2485	HCRfdrr	3	3.1966	3.5000	5	7	0.01966	0.03034	10	8	4
2486	HCRfdrV	3	3.1966	3.5000	5	7	0.01966	0.03034	10	8	4
2487	HCRfdrZ	3	3.1966	3.5000	5	7	0.01966	0.03034	10	9	4
2488	HCRVdq}	3	3.1966	3.5000	5	7	0.01966	0.03034	10	8	4
2489	HCXfczr	3	3.1966	3.5000	5	7	0.01966	0.03034	10	8	4
2490	HCXfczZ	3	3.1966	3.5000	5	7	0.01966	0.03034	10	9	4
2491	HCY^faV	3	3.1966	3.5000	5	6	0.01966	0.03034	10	9	4
2492	HCY^NaV	3	3.1966	3.5000	5	6	0.01966	0.03034	10	9	4
2493	HCZTna\	3	3.1966	3.5000	5	6	0.01966	0.03034	10	9	4
2494	HCrfRrJ	3	3.1966	3.5000	5	6	0.01966	0.03034	10	9	4
2495	HCRvdqV	3	3.1966	3.5000	5	6	0.01966	0.03034	10	9	4
2496	HCpfdq^	3	3.1966	3.5000	5	7	0.01966	0.03034	10	9	4
2497	HCfvRrk	3	3.1966	3.5000	5	6	0.01966	0.03034	10	8	4
2498	HCxvFi]	3	3.1966	3.5000	5	6	0.01966	0.03034	10	8	4
2499	HCZLnrw	3	3.1966	3.5000	5	7	0.01966	0.03034	10	9	4
2500	HCrJvjw	3	3.1966	3.5000	5	6	0.01966	0.03034	10	8	4
2501	HCrvbrM	3	3.1966	3.5000	5	6	0.01966	0.03034	10	8	4
2502	HCrvRrk	3	3.1966	3.5000	5	6	0.01966	0.03034	10	8	4
2503	HEjfazM	3	3.1966	3.5000	5	6	0.01966	0.03034	10	8	4
2504	HCrbfq}	3	3.1966	3.5000	5	7	0.01966	0.03034	10	9	4
2505	HCrbfry	3	3.1966	3.5000	5	7	0.01966	0.03034	10	8	4
2506	HCvdjri	3	3.1966	3.5000	5	6	0.01966	0.03034	10	10	4
2507	HCvfJp{	3	3.1966	3.5000	5	6	0.01966	0.03034	10	10	4
2508	HEhuVW}	3	3.1966	3.5000	5	6	0.01966	0.03034	10	10	4
2509	HCvfRjk	3	3.1966	3.5000	5	6	0.01966	0.03034	10	9	4
2510	HCxvVH{	3	3.1966	3.5000	5	6	0.01966	0.03034	10	9	4
2511	HCZLnq{	3	3.1966	3.5000	5	6	0.01966	0.03034	10	9	4
2512	HEhfezM	3	3.1966	3.5000	5	6	0.01966	0.03034	10	8	4
2513	HEhuuZp	3	3.1966	3.5000	5	6	0.01966	0.03034	10	8	4
2514	HCxvEzk	3	3.1966	3.5000	5	6	0.01966	0.03034	10	8	4
2515	HCxvFZe	3	3.1966	3.5000	5	6	0.01966	0.03034	10	7	4
2516	HCZverF	3	3.1966	3.5000	5	6	0.01966	0.03034	10	8	4
2517	HCpvRqv	3	3.1966	3.5000	5	7	0.01966	0.03034	10	9	4
2518	HCpvRrr	3	3.1966	3.5000	5	7	0.01966	0.03034	10	7	4
2519	HCpvRrt	3	3.1966	3.5000	5	7	0.01966	0.03034	10	9	4
2520	HCpvRru	3	3.1966	3.5000	5	7	0.01966	0.03034	10	9	4
2521	HCpvRrV	3	3.1966	3.5000	5	7	0.01966	0.03034	10	8	4
2522	HCrbbzu	3	3.1966	3.5000	5	7	0.01966	0.03034	10	8	4
2523	HCrbdvy	3	3.1966	3.5000	5	7	0.01966	0.03034	10	8	4
2524	HCrbdy}	3	3.1966	3.5000	5	7	0.01966	0.03034	10	8	4
2525	HCrbdzy	3	3.1966	3.5000	5	7	0.01966	0.03034	10	10	4
2526	HCrbff{	3	3.1966	3.5000	5	7	0.01966	0.03034	10	9	4
2527	HCrbffy	3	3.1966	3.5000	5	7	0.01966	0.03034	10	8	4
2528	HCrbfh}	3	3.1966	3.5000	5	7	0.01966	0.03034	10	9	4
2529	HCrbfr]	3	3.1966	3.5000	5	7	0.01966	0.03034	10	9	4
2530	HCrbfrm	3	3.1966	3.5000	5	7	0.01966	0.03034	10	9	4
2531	HCrbfru	3	3.1966	3.5000	5	7	0.01966	0.03034	10	9	4
2532	HCrbfVy	3	3.1966	3.5000	5	7	0.01966	0.03034	10	7	4
2533	HCrfRrr	3	3.1966	3.5000	5	7	0.01966	0.03034	10	7	4
2534	HCrfRrt	3	3.1966	3.5000	5	7	0.01966	0.03034	10	9	4
2535	HCrfRru	3	3.1966	3.5000	5	7	0.01966	0.03034	10	9	4
2536	HCRvdpn	3	3.1966	3.5000	5	7	0.01966	0.03034	10	9	4
2537	HCY^f`n	3	3.1966	3.5000	5	7	0.01966	0.03034	10	9	4
2538	HCY^N`^	3	3.1966	3.5000	5	7	0.01966	0.03034	10	8	4
2539	HCY^N`|	3	3.1966	3.5000	5	7	0.01966	0.03034	10	9	4
2540	HCY^N`}	3	3.1966	3.5000	5	7	0.01966	0.03034	10	9	4
2541	HCY^N`v	3	3.1966	3.5000	5	7	0.01966	0.03034	10	7	4
2542	HCrbbzr	3	3.1966	3.5000	5	7	0.01966	0.03034	10	7	4
2543	HCrbdt|	3	3.1966	3.5000	5	7	0.01966	0.03034	10	8	4
2544	HCvfJrk	3	3.1966	3.5000	5	6	0.01966	0.03034	10	10	4
2545	HCxvRjk	3	3.1966	3.5000	5	6	0.01966	0.03034	10	10	4
2546	HCxvVJh	3	3.1966	3.5000	5	6	0.01966	0.03034	10	8	4
2547	HCpvRpv	3	3.1966	3.5000	5	7	0.01966	0.03034	10	9	4
2548	HCrbffm	3	3.1966	3.5000	5	7	0.01966	0.03034	10	9	4
2549	HCrbfVm	3	3.1966	3.5000	5	7	0.01966	0.03034	10	7	4
2550	HCrbfX}	3	3.1966	3.5000	5	7	0.01966	0.03034	10	10	4
2551	HCrbfY}	3	3.1966	3.5000	5	7	0.01966	0.03034	10	10	4
2552	HCrfRrf	3	3.1966	3.5000	5	7	0.01966	0.03034	10	8	4
2553	HCY^N`n	3	3.1966	3.5000	5	7	0.01966	0.03034	10	9	4
2554	HCZfRrt	3	3.1966	3.5000	5	7	0.01966	0.03034	10	9	4
2555	HCZfRru	3	3.1966	3.5000	5	7	0.01966	0.03034	10	9	4
2556	HCZfRrV	3	3.1966	3.5000	5	7	0.01966	0.03034	10	9	4
2557	HCrbdx^	3	3.1966	3.5000	5	7	0.01966	0.03034	10	9	4
2558	HCrbdxz	3	3.1966	3.5000	5	7	0.01966	0.03034	10	10	4
2559	HCrbfpv	3	3.1966	3.5000	5	7	0.01966	0.03034	10	9	4
2560	HCrbfrf	3	3.1966	3.5000	5	7	0.01966	0.03034	10	8	4
2561	HCrbfVt	3	3.1966	3.5000	5	7	0.01966	0.03034	10	7	4
2562	HCrbffl	3	3.1966	3.5000	5	7	0.01966	0.03034	10	9	4
2563	HCrbcz}	3	3.1966	3.5000	5	8	0.01966	0.03034	10	9	4
2564	HCRfdrn	3	3.1966	3.5000	5	8	0.01966	0.03034	10	8	4
2565	HCRVdrn	3	3.1966	3.5000	5	8	0.01966	0.03034	10	9	4
2566	HCpvRp|	3	3.1966	3.5000	5	7	0.01966	0.03034	10	9	4
2567	HCpvRp}	3	3.1966	3.5000	5	7	0.01966	0.03034	10	8	4
2568	HCpvRq^	3	3.1966	3.5000	5	7	0.01966	0.03034	10	8	4
2569	HCpvRqn	3	3.1966	3.5000	5	7	0.01966	0.03034	10	7	4
2570	HCpvRqz	3	3.1966	3.5000	5	7	0.01966	0.03034	10	9	4
2571	HCpvRr\	3	3.1966	3.5000	5	7	0.01966	0.03034	10	9	4
2572	HCpvRrx	3	3.1966	3.5000	5	7	0.01966	0.03034	10	8	4
2573	HCrfRq}	3	3.1966	3.5000	5	7	0.01966	0.03034	10	9	4
2574	HCrfRr\	3	3.1966	3.5000	5	7	0.01966	0.03034	10	9	4
2575	HCrfRrl	3	3.1966	3.5000	5	7	0.01966	0.03034	10	7	4
2576	HCrfRrx	3	3.1966	3.5000	5	7	0.01966	0.03034	10	8	4
2577	HCY^fby	3	3.1966	3.5000	5	7	0.01966	0.03034	10	8	4
2578	HCY^Nbf	3	3.1966	3.5000	5	7	0.01966	0.03034	10	8	4
2579	HCY^Nbm	3	3.1966	3.5000	5	7	0.01966	0.03034	10	9	4
2580	HCY^NbN	3	3.1966	3.5000	5	7	0.01966	0.03034	10	8	4
2581	HCY^Nbr	3	3.1966	3.5000	5	7	0.01966	0.03034	10	9	4
2582	HCY^Nbx	3	3.1966	3.5000	5	7	0.01966	0.03034	10	9	4
2583	HCY^NbZ	3	3.1966	3.5000	5	7	0.01966	0.03034	10	8	4
2584	HCZfRr]	3	3.1966	3.5000	5	7	0.01966	0.03034	10	9	4
2585	HCrbbzj	3	3.1966	3.5000	5	7	0.01966	0.03034	10	6	4
2586	HCrbbzV	3	3.1966	3.5000	5	7	0.01966	0.03034	10	6	4
2587	HCrbbzZ	3	3.1966	3.5000	5	7	0.01966	0.03034	10	8	4
2588	HCrbdx|	3	3.1966	3.5000	5	7	0.01966	0.03034	10	8	4
2589	HCrbfp^	3	3.1966	3.5000	5	7	0.01966	0.03034	10	8	4
2590	HCrbfpn	3	3.1966	3.5000	5	7	0.01966	0.03034	10	9	4
2591	HCrbfpz	3	3.1966	3.5000	5	7	0.01966	0.03034	10	9	4
2592	HCrbfqn	3	3.1966	3.5000	5	7	0.01966	0.03034	10	7	4
2593	HCrbfqv	3	3.1966	3.5000	5	7	0.01966	0.03034	10	9	4
2594	HCrbfrr	3	3.1966	3.5000	5	7	0.01966	0.03034	10	8	4
2595	HCrbfrt	3	3.1966	3.5000	5	7	0.01966	0.03034	10	7	4
2596	HCrbfrV	3	3.1966	3.5000	5	7	0.01966	0.03034	10	7	4
2597	HCRfdr|	3	3.1966	3.5000	5	8	0.01966	0.03034	10	8	4
2598	HCRfdr}	3	3.1966	3.5000	5	8	0.01966	0.03034	10	8	4
2599	HCXfcz}	3	3.1966	3.5000	5	8	0.01966	0.03034	10	8	4
2600	HCpvRp^	3	3.1966	3.5000	5	7	0.01966	0.03034	10	8	4
2601	HCpvRpn	3	3.1966	3.5000	5	7	0.01966	0.03034	10	9	4
2602	HCpvRpz	3	3.1966	3.5000	5	7	0.01966	0.03034	10	8	4
2603	HCpvRr]	3	3.1966	3.5000	5	7	0.01966	0.03034	10	9	4
2604	HCpvRrm	3	3.1966	3.5000	5	7	0.01966	0.03034	10	9	4
2605	HCpvRry	3	3.1966	3.5000	5	7	0.01966	0.03034	10	8	4
2606	HCrfRr]	3	3.1966	3.5000	5	7	0.01966	0.03034	10	9	4
2607	HCrfRrm	3	3.1966	3.5000	5	7	0.01966	0.03034	10	9	4
2608	HCrfRry	3	3.1966	3.5000	5	7	0.01966	0.03034	10	8	4
2609	HCRvdq|	3	3.1966	3.5000	5	7	0.01966	0.03034	10	9	4
2610	HCRvdr]	3	3.1966	3.5000	5	7	0.01966	0.03034	10	9	4
2611	HCRvdr\	3	3.1966	3.5000	5	7	0.01966	0.03034	10	9	4
2612	HCRvdrt	3	3.1966	3.5000	5	7	0.01966	0.03034	10	8	4
2613	HCRvdru	3	3.1966	3.5000	5	7	0.01966	0.03034	10	9	4
2614	HCY^fb]	3	3.1966	3.5000	5	7	0.01966	0.03034	10	9	4
2615	HCY^fbr	3	3.1966	3.5000	5	7	0.01966	0.03034	10	9	4
2616	HCY^fbu	3	3.1966	3.5000	5	7	0.01966	0.03034	10	8	4
2617	HCY^fbZ	3	3.1966	3.5000	5	7	0.01966	0.03034	10	8	4
2618	HCY^Nb]	3	3.1966	3.5000	5	7	0.01966	0.03034	10	9	4
2619	HCY^Nb\	3	3.1966	3.5000	5	7	0.01966	0.03034	10	9	4
2620	HCY^Nbt	3	3.1966	3.5000	5	7	0.01966	0.03034	10	8	4
2621	HCY^Nbu	3	3.1966	3.5000	5	7	0.01966	0.03034	10	8	4
2622	HCZfRp^	3	3.1966	3.5000	5	7	0.01966	0.03034	10	8	4
2623	HCZfRp|	3	3.1966	3.5000	5	7	0.01966	0.03034	10	9	4
2624	HCZfRrl	3	3.1966	3.5000	5	7	0.01966	0.03034	10	7	4
2625	HCZfRrm	3	3.1966	3.5000	5	7	0.01966	0.03034	10	9	4
2626	HCZfRrN	3	3.1966	3.5000	5	7	0.01966	0.03034	10	8	4
2627	HCZfRrx	3	3.1966	3.5000	5	7	0.01966	0.03034	10	8	4
2628	HCZfRry	3	3.1966	3.5000	5	7	0.01966	0.03034	10	8	4
2629	HCZfRrZ	3	3.1966	3.5000	5	7	0.01966	0.03034	10	9	4
2630	HCrbbz\	3	3.1966	3.5000	5	7	0.01966	0.03034	10	8	4
2631	HCrbbzf	3	3.1966	3.5000	5	7	0.01966	0.03034	10	7	4
2632	HCrbbzt	3	3.1966	3.5000	5	7	0.01966	0.03034	10	7	4
2633	HCrbdvx	3	3.1966	3.5000	5	7	0.01966	0.03034	10	9	4
2634	HCrbfq^	3	3.1966	3.5000	5	7	0.01966	0.03034	10	8	4
2635	HCrbfq|	3	3.1966	3.5000	5	7	0.01966	0.03034	10	9	4
2636	HCrbfrj	3	3.1966	3.5000	5	7	0.01966	0.03034	10	7	4
2637	HCrbfrl	3	3.1966	3.5000	5	7	0.01966	0.03034	10	9	4
2638	HCrbfrN	3	3.1966	3.5000	5	7	0.01966	0.03034	10	8	4
2639	HCRfdq~	3	3.1966	3.5000	5	8	0.01966	0.03034	10	8	4
2640	HCRfdr^	3	3.1966	3.5000	5	8	0.01966	0.03034	10	8	4
2641	HCRfdrv	3	3.1966	3.5000	5	8	0.01966	0.03034	10	8	4
2642	HCRfdrz	3	3.1966	3.5000	5	8	0.01966	0.03034	10	8	4
2643	HCXfczz	3	3.1966	3.5000	5	8	0.01966	0.03034	10	8	4
2644	HCpvRrj	3	3.1966	3.5000	5	7	0.01966	0.03034	10	9	4
2645	HCpvRrN	3	3.1966	3.5000	5	7	0.01966	0.03034	10	8	4
2646	HCpvRrZ	3	3.1966	3.5000	5	7	0.01966	0.03034	10	9	4
2647	HCrfRrj	3	3.1966	3.5000	5	7	0.01966	0.03034	10	8	4
2648	HCrfRrZ	3	3.1966	3.5000	5	7	0.01966	0.03034	10	9	4
2649	HCRvdq^	3	3.1966	3.5000	5	7	0.01966	0.03034	10	8	4
2650	HCRvdqv	3	3.1966	3.5000	5	7	0.01966	0.03034	10	9	4
2651	HCRvdrV	3	3.1966	3.5000	5	7	0.01966	0.03034	10	8	4
2652	HCY^fa^	3	3.1966	3.5000	5	7	0.01966	0.03034	10	8	4
2653	HCY^fbV	3	3.1966	3.5000	5	7	0.01966	0.03034	10	9	4
2654	HCY^Na^	3	3.1966	3.5000	5	7	0.01966	0.03034	10	8	4
2655	HCY^NbV	3	3.1966	3.5000	5	7	0.01966	0.03034	10	9	4
2656	HCrbbx|	3	3.1966	3.5000	5	7	0.01966	0.03034	10	7	4
2657	HCrbbzl	3	3.1966	3.5000	5	7	0.01966	0.03034	10	8	4
2658	HCrbfr\	3	3.1966	3.5000	5	7	0.01966	0.03034	10	9	4
2659	HCrbfrx	3	3.1966	3.5000	5	7	0.01966	0.03034	10	8	4
2660	HCrbfrZ	3	3.1966	3.5000	5	7	0.01966	0.03034	10	9	4
2661	HCxvFh}	3	3.1966	3.5000	5	7	0.01966	0.03034	10	8	4
2662	HCxvFj]	3	3.1966	3.5000	5	7	0.01966	0.03034	10	8	4
2663	HCxvFj{	3	3.1966	3.5000	5	7	0.01966	0.03034	10	7	4
2664	HCxvFr]	3	3.1966	3.5000	5	7	0.01966	0.03034	10	8	4
2665	HCxvFr{	3	3.1966	3.5000	5	7	0.01966	0.03034	10	7	4
2666	HCxvFru	3	3.1966	3.5000	5	7	0.01966	0.03034	10	8	4
2667	HCxvBz]	3	3.1966	3.5000	5	7	0.01966	0.03034	10	9	4
2668	HCxvBzu	3	3.1966	3.5000	5	7	0.01966	0.03034	10	9	4
2669	HCxvBzy	3	3.1966	3.5000	5	7	0.01966	0.03034	10	9	4
2670	HCxvEz{	3	3.1966	3.5000	5	7	0.01966	0.03034	10	7	4
2671	HCxvEzu	3	3.1966	3.5000	5	7	0.01966	0.03034	10	9	4
2672	HCxvEzy	3	3.1966	3.5000	5	7	0.01966	0.03034	10	9	4
2673	HCxvFrm	3	3.1966	3.5000	5	7	0.01966	0.03034	10	8	4
2674	HCxvFZ]	3	3.1966	3.5000	5	7	0.01966	0.03034	10	8	4
2675	HCxvFZu	3	3.1966	3.5000	5	7	0.01966	0.03034	10	8	4
2676	HCxvFZy	3	3.1966	3.5000	5	7	0.01966	0.03034	10	8	4
2677	HCrbfvy	3	3.1966	3.5000	5	8	0.01966	0.03034	10	7	4
2678	HCrbfx}	3	3.1966	3.5000	5	7	0.01966	0.03034	10	9	4
2679	HCrbbz}	3	3.1966	3.5000	5	8	0.01966	0.03034	10	7	4
2680	HCrbfr}	3	3.1966	3.5000	5	8	0.01966	0.03034	10	8	4
2681	HCxvEzm	3	3.1966	3.5000	5	7	0.01966	0.03034	10	9	4
2682	HCxvFV{	3	3.1966	3.5000	5	7	0.01966	0.03034	10	9	4
2683	HCpvRrv	3	3.1966	3.5000	5	8	0.01966	0.03034	10	8	4
2684	HCrfRrv	3	3.1966	3.5000	5	8	0.01966	0.03034	10	8	4
2685	HCY^N`~	3	3.1966	3.5000	5	8	0.01966	0.03034	10	8	4
2686	HCxvBzZ	3	3.1966	3.5000	5	7	0.01966	0.03034	10	9	4
2687	HCxvEzf	3	3.1966	3.5000	5	7	0.01966	0.03034	10	8	4
2688	HCxvEzr	3	3.1966	3.5000	5	7	0.01966	0.03034	10	8	4
2689	HCxvFjN	3	3.1966	3.5000	5	7	0.01966	0.03034	10	7	4
2690	HCxvFjx	3	3.1966	3.5000	5	7	0.01966	0.03034	10	7	4
2691	HCxvFjZ	3	3.1966	3.5000	5	7	0.01966	0.03034	10	8	4
2692	HCxvFp^	3	3.1966	3.5000	5	7	0.01966	0.03034	10	7	4
2693	HCxvFrr	3	3.1966	3.5000	5	7	0.01966	0.03034	10	6	4
2694	HCpvRq~	3	3.1966	3.5000	5	8	0.01966	0.03034	10	8	4
2695	HCpvRr|	3	3.1966	3.5000	5	8	0.01966	0.03034	10	8	4
2696	HCrbbzz	3	3.1966	3.5000	5	8	0.01966	0.03034	10	7	4
2697	HCrbfp~	3	3.1966	3.5000	5	8	0.01966	0.03034	10	8	4
2698	HCrbfrv	3	3.1966	3.5000	5	8	0.01966	0.03034	10	8	4
2699	HCrfRr|	3	3.1966	3.5000	5	8	0.01966	0.03034	10	8	4
2700	HCY^Nbn	3	3.1966	3.5000	5	8	0.01966	0.03034	10	8	4
2701	HCY^Nbz	3	3.1966	3.5000	5	8	0.01966	0.03034	10	8	4
2702	HCxvBzf	3	3.1966	3.5000	5	7	0.01966	0.03034	10	8	4
2703	HCxvBzj	3	3.1966	3.5000	5	7	0.01966	0.03034	10	9	4
2704	HCxvBzN	3	3.1966	3.5000	5	7	0.01966	0.03034	10	8	4
2705	HCxvBzx	3	3.1966	3.5000	5	7	0.01966	0.03034	10	8	4
2706	HCxvEyv	3	3.1966	3.5000	5	7	0.01966	0.03034	10	9	4
2707	HCxvEyz	3	3.1966	3.5000	5	7	0.01966	0.03034	10	9	4
2708	HCxvEzj	3	3.1966	3.5000	5	7	0.01966	0.03034	10	9	4
2709	HCxvFh^	3	3.1966	3.5000	5	7	0.01966	0.03034	10	7	4
2710	HCxvFhn	3	3.1966	3.5000	5	7	0.01966	0.03034	10	8	4
2711	HCxvFi^	3	3.1966	3.5000	5	7	0.01966	0.03034	10	7	4
2712	HCxvFjl	3	3.1966	3.5000	5	7	0.01966	0.03034	10	7	4
2713	HCxvFpn	3	3.1966	3.5000	5	7	0.01966	0.03034	10	8	4
2714	HCxvFrN	3	3.1966	3.5000	5	7	0.01966	0.03034	10	7	4
2715	HCxvFZf	3	3.1966	3.5000	5	7	0.01966	0.03034	10	6	4
2716	HCpvRp~	3	3.1966	3.5000	5	8	0.01966	0.03034	10	8	4
2717	HCpvRr}	3	3.1966	3.5000	5	8	0.01966	0.03034	10	8	4
2718	HCrbbzv	3	3.1966	3.5000	5	8	0.01966	0.03034	10	7	4
2719	HCrbfq~	3	3.1966	3.5000	5	8	0.01966	0.03034	10	8	4
2720	HCrbfrn	3	3.1966	3.5000	5	8	0.01966	0.03034	10	8	4
2721	HCrfRr}	3	3.1966	3.5000	5	8	0.01966	0.03034	10	8	4
2722	HCRvdr|	3	3.1966	3.5000	5	8	0.01966	0.03034	10	8	4
2723	HCRvdr}	3	3.1966	3.5000	5	8	0.01966	0.03034	10	8	4
2724	HCY^fb}	3	3.1966	3.5000	5	8	0.01966	0.03034	10	8	4
2725	HCY^fbz	3	3.1966	3.5000	5	8	0.01966	0.03034	10	8	4
2726	HCY^Nb|	3	3.1966	3.5000	5	8	0.01966	0.03034	10	8	4
2727	HCY^Nb}	3	3.1966	3.5000	5	8	0.01966	0.03034	10	8	4
2728	HCZfRr^	3	3.1966	3.5000	5	8	0.01966	0.03034	10	8	4
2729	HCZfRr|	3	3.1966	3.5000	5	8	0.01966	0.03034	10	8	4
2730	HCZfRr}	3	3.1966	3.5000	5	8	0.01966	0.03034	10	8	4
2731	HCRfdr~	3	3.1966	3.5000	5	9	0.01966	0.03034	10	7	4
2732	HCXfcz~	3	3.1966	3.5000	5	9	0.01966	0.03034	10	7	4
2733	HCxvBxv	3	3.1966	3.5000	5	7	0.01966	0.03034	10	9	4
2734	HCxvEx|	3	3.1966	3.5000	5	7	0.01966	0.03034	10	9	4
2735	HCxvEy|	3	3.1966	3.5000	5	7	0.01966	0.03034	10	9	4
2736	HCxvEzl	3	3.1966	3.5000	5	7	0.01966	0.03034	10	8	4
2737	HCxvEzx	3	3.1966	3.5000	5	7	0.01966	0.03034	10	8	4
2738	HCxvFh|	3	3.1966	3.5000	5	7	0.01966	0.03034	10	8	4
2739	HCxvFj\	3	3.1966	3.5000	5	7	0.01966	0.03034	10	8	4
2740	HCxvFrj	3	3.1966	3.5000	5	7	0.01966	0.03034	10	8	4
2741	HCxvFrl	3	3.1966	3.5000	5	7	0.01966	0.03034	10	7	4
2742	HCxvFrZ	3	3.1966	3.5000	5	7	0.01966	0.03034	10	8	4
2743	HCxvFZj	3	3.1966	3.5000	5	7	0.01966	0.03034	10	8	4
2744	HCxvFZN	3	3.1966	3.5000	5	7	0.01966	0.03034	10	7	4
2745	HCpvRr^	3	3.1966	3.5000	5	8	0.01966	0.03034	10	8	4
2746	HCpvRrn	3	3.1966	3.5000	5	8	0.01966	0.03034	10	8	4
2747	HCpvRrz	3	3.1966	3.5000	5	8	0.01966	0.03034	10	8	4
2748	HCrbbz|	3	3.1966	3.5000	5	8	0.01966	0.03034	10	7	4
2749	HCrbbzn	3	3.1966	3.5000	5	8	0.01966	0.03034	10	7	4
2750	HCrbfr^	3	3.1966	3.5000	5	8	0.01966	0.03034	10	8	4
2751	HCrbfr|	3	3.1966	3.5000	5	8	0.01966	0.03034	10	8	4
2752	HCrbfrz	3	3.1966	3.5000	5	8	0.01966	0.03034	10	8	4
2753	HCrfRrn	3	3.1966	3.5000	5	8	0.01966	0.03034	10	8	4
2754	HCrfRrz	3	3.1966	3.5000	5	8	0.01966	0.03034	10	8	4
2755	HCRvdq~	3	3.1966	3.5000	5	8	0.01966	0.03034	10	8	4
2756	HCRvdr^	3	3.1966	3.5000	5	8	0.01966	0.03034	10	8	4
2757	HCRvdrv	3	3.1966	3.5000	5	8	0.01966	0.03034	10	8	4
2758	HCY^fb^	3	3.1966	3.5000	5	8	0.01966	0.03034	10	8	4
2759	HCY^fbv	3	3.1966	3.5000	5	8	0.01966	0.03034	10	8	4
2760	HCY^Nb^	3	3.1966	3.5000	5	8	0.01966	0.03034	10	8	4
2761	HCY^Nbv	3	3.1966	3.5000	5	8	0.01966	0.03034	10	8	4
2762	HCxvFjt	3	3.1966	3.5000	5	7	0.01966	0.03034	10	7	4
2763	HCxvFrx	3	3.1966	3.5000	5	7	0.01966	0.03034	10	7	4
2764	HCxvEz\	3	3.1966	3.5000	5	7	0.01966	0.03034	10	9	4
2765	HCxvFz]	3	3.1966	3.5000	5	7	0.01966	0.03034	10	8	4
2766	HCxvFzu	3	3.1966	3.5000	5	7	0.01966	0.03034	10	8	4
2767	HCxvFzy	3	3.1966	3.5000	5	7	0.01966	0.03034	10	8	4
2768	HCxvFj}	3	3.1966	3.5000	5	8	0.01966	0.03034	10	7	4
2769	HCxvFr}	3	3.1966	3.5000	5	8	0.01966	0.03034	10	7	4
2770	HCxvEz}	3	3.1966	3.5000	5	8	0.01966	0.03034	10	8	4
2771	HCxvFjz	3	3.1966	3.5000	5	8	0.01966	0.03034	10	7	4
2772	HCxvFrv	3	3.1966	3.5000	5	8	0.01966	0.03034	10	7	4
2773	HCxvBzz	3	3.1966	3.5000	5	8	0.01966	0.03034	10	8	4
2774	HCxvFjn	3	3.1966	3.5000	5	8	0.01966	0.03034	10	7	4
2775	HCxvFp~	3	3.1966	3.5000	5	8	0.01966	0.03034	10	7	4
2776	HCxvFZv	3	3.1966	3.5000	5	8	0.01966	0.03034	10	7	4
2777	HCxvBz^	3	3.1966	3.5000	5	8	0.01966	0.03034	10	8	4
2778	HCxvBzv	3	3.1966	3.5000	5	8	0.01966	0.03034	10	8	4
2779	HCxvEzn	3	3.1966	3.5000	5	8	0.01966	0.03034	10	8	4
2780	HCxvEzv	3	3.1966	3.5000	5	8	0.01966	0.03034	10	8	4
2781	HCxvEzz	3	3.1966	3.5000	5	8	0.01966	0.03034	10	8	4
2782	HCxvFh~	3	3.1966	3.5000	5	8	0.01966	0.03034	10	7	4
2783	HCxvFj^	3	3.1966	3.5000	5	8	0.01966	0.03034	10	7	4
2784	HCxvFr^	3	3.1966	3.5000	5	8	0.01966	0.03034	10	7	4
2785	HCxvFrn	3	3.1966	3.5000	5	8	0.01966	0.03034	10	7	4
2786	HCxvFV|	3	3.1966	3.5000	5	8	0.01966	0.03034	10	8	4
2787	HCxvFZ^	3	3.1966	3.5000	5	8	0.01966	0.03034	10	7	4
2788	HCxvFZz	3	3.1966	3.5000	5	8	0.01966	0.03034	10	7	4
2789	HCpvRr~	3	3.1966	3.5000	5	9	0.01966	0.03034	10	7	4
2790	HCrbbz~	3	3.1966	3.5000	5	9	0.01966	0.03034	10	6	4
2791	HCrbfr~	3	3.1966	3.5000	5	9	0.01966	0.03034	10	7	4
2792	HCrfRr~	3	3.1966	3.5000	5	9	0.01966	0.03034	10	7	4
2793	HCRvdr~	3	3.1966	3.5000	5	9	0.01966	0.03034	10	7	4
2794	HCY^fb~	3	3.1966	3.5000	5	9	0.01966	0.03034	10	7	4
2795	HCY^Nb~	3	3.1966	3.5000	5	9	0.01966	0.03034	10	7	4
2796	HCxvFj|	3	3.1966	3.5000	5	8	0.01966	0.03034	10	7	4
2797	HCxvFr|	3	3.1966	3.5000	5	8	0.01966	0.03034	10	7	4
2798	HCxvFrz	3	3.1966	3.5000	5	8	0.01966	0.03034	10	7	4
2799	HCxvEz|	3	3.1966	3.5000	5	8	0.01966	0.03034	10	8	4
2800	HCxvFzv	3	3.1966	3.5000	5	8	0.01966	0.03034	10	7	4
2801	HCxvFzz	3	3.1966	3.5000	5	8	0.01966	0.03034	10	7	4
2802	HCxvFj~	3	3.1966	3.5000	5	9	0.01966	0.03034	10	6	4
2803	HCxvFr~	3	3.1966	3.5000	5	9	0.01966	0.03034	10	6	4
2804	HCxvFz^	3	3.1966	3.5000	5	8	0.01966	0.03034	10	7	4
2805	HCxvEz~	3	3.1966	3.5000	5	9	0.01966	0.03034	10	7	4
2806	HCZfRpf	3	3.1966	3.5000	6	6	0.01966	0.03034	10	8	4
2807	HCZfRpj	3	3.1966	3.5000	6	6	0.01966	0.03034	10	9	4
2808	HCrRvZk	3	3.1966	3.5000	6	7	0.01966	0.03034	10	8	4
2809	HCrbvZk	3	3.1966	3.5000	6	7	0.01966	0.03034	10	8	4
2810	HCZbrzk	3	3.1966	3.5000	6	6	0.01966	0.03034	10	8	4
2811	HCrbez{	3	3.1966	3.5000	6	7	0.01966	0.03034	10	8	4
2812	HCrbfZ{	3	3.1966	3.5000	6	7	0.01966	0.03034	10	8	4
2813	HCZfRpv	3	3.1966	3.5000	6	7	0.01966	0.03034	10	7	4
2814	HCZfRrr	3	3.1966	3.5000	6	7	0.01966	0.03034	10	8	4
2815	HCxvFTm	3	3.1966	3.5000	6	6	0.01966	0.03034	10	8	4
2816	HCxvFVi	3	3.1966	3.5000	6	7	0.01966	0.03034	10	7	4
2817	HCZfRrf	3	3.1966	3.5000	6	7	0.01966	0.03034	10	8	4
2818	HCZfRpn	3	3.1966	3.5000	6	7	0.01966	0.03034	10	9	4
2819	HCZfRpz	3	3.1966	3.5000	6	7	0.01966	0.03034	10	9	4
2820	HCZfRrj	3	3.1966	3.5000	6	7	0.01966	0.03034	10	8	4
2821	HCxvBz{	3	3.1966	3.5000	6	7	0.01966	0.03034	10	7	4
2822	HCxvFX}	3	3.1966	3.5000	6	7	0.01966	0.03034	10	8	4
2823	HCxvFZ{	3	3.1966	3.5000	6	7	0.01966	0.03034	10	7	4
2824	HCxvBzm	3	3.1966	3.5000	6	7	0.01966	0.03034	10	9	4
2825	HCxvFT}	3	3.1966	3.5000	6	7	0.01966	0.03034	10	9	4
2826	HCxvFV]	3	3.1966	3.5000	6	7	0.01966	0.03034	10	9	4
2827	HCxvFVy	3	3.1966	3.5000	6	7	0.01966	0.03034	10	7	4
2828	HCxvFZm	3	3.1966	3.5000	6	7	0.01966	0.03034	10	7	4
2829	HCxvFVm	3	3.1966	3.5000	6	7	0.01966	0.03034	10	7	4
2830	HCZfRrv	3	3.1966	3.5000	6	8	0.01966	0.03034	10	8	4
2831	HCxvBxn	3	3.1966	3.5000	6	7	0.01966	0.03034	10	9	4
2832	HCxvBzl	3	3.1966	3.5000	6	7	0.01966	0.03034	10	8	4
2833	HCxvFTn	3	3.1966	3.5000	6	7	0.01966	0.03034	10	9	4
2834	HCxvFXn	3	3.1966	3.5000	6	7	0.01966	0.03034	10	8	4
2835	HCZfRp~	3	3.1966	3.5000	6	8	0.01966	0.03034	10	8	4
2836	HCZfRrn	3	3.1966	3.5000	6	8	0.01966	0.03034	10	8	4
2837	HCZfRrz	3	3.1966	3.5000	6	8	0.01966	0.03034	10	8	4
2838	HCxvBx|	3	3.1966	3.5000	6	7	0.01966	0.03034	10	9	4
2839	HCxvFZl	3	3.1966	3.5000	6	7	0.01966	0.03034	10	7	4
2840	HCxvFVj	3	3.1966	3.5000	6	7	0.01966	0.03034	10	9	4
2841	HCxvFt}	3	3.1966	3.5000	6	7	0.01966	0.03034	10	8	4
2842	HCxvFx}	3	3.1966	3.5000	6	7	0.01966	0.03034	10	8	4
2843	HCxvFz{	3	3.1966	3.5000	6	8	0.01966	0.03034	10	6	4
2844	HCxvFvm	3	3.1966	3.5000	6	7	0.01966	0.03034	10	8	4
2845	HCxvFzm	3	3.1966	3.5000	6	7	0.01966	0.03034	10	8	4
2846	HCxvBz}	3	3.1966	3.5000	6	8	0.01966	0.03034	10	8	4
2847	HCxvFZ}	3	3.1966	3.5000	6	8	0.01966	0.03034	10	7	4
2848	HCxvF^m	3	3.1966	3.5000	6	8	0.01966	0.03034	10	6	4
2849	HCxvFV}	3	3.1966	3.5000	6	8	0.01966	0.03034	10	8	4
2850	HCxvBzn	3	3.1966	3.5000	6	8	0.01966	0.03034	10	8	4
2851	HCxvFT~	3	3.1966	3.5000	6	8	0.01966	0.03034	10	8	4
2852	HCxvFV^	3	3.1966	3.5000	6	8	0.01966	0.03034	10	8	4
2853	HCxvFX~	3	3.1966	3.5000	6	8	0.01966	0.03034	10	7	4
2854	HCZfRr~	3	3.1966	3.5000	6	9	0.01966	0.03034	10	7	4
2855	HCxvBx~	3	3.1966	3.5000	6	8	0.01966	0.03034	10	8	4
2856	HCxvBz|	3	3.1966	3.5000	6	8	0.01966	0.03034	10	8	4
2857	HCxvFZ|	3	3.1966	3.5000	6	8	0.01966	0.03034	10	7	4
2858	HCxvFZn	3	3.1966	3.5000	6	8	0.01966	0.03034	10	7	4
2859	HCxvFVn	3	3.1966	3.5000	6	8	0.01966	0.03034	10	8	4
2860	HCxvFVz	3	3.1966	3.5000	6	8	0.01966	0.03034	10	8	4
2861	HCxvFv}	3	3.1966	3.5000	6	8	0.01966	0.03034	10	7	4
2862	HCxvFz}	3	3.1966	3.5000	6	8	0.01966	0.03034	10	7	4
2863	HCxvF^}	3	3.1966	3.5000	6	8	0.01966	0.03034	10	7	4
2864	HCxvFt~	3	3.1966	3.5000	6	8	0.01966	0.03034	10	7	4
2865	HCxvFx~	3	3.1966	3.5000	6	8	0.01966	0.03034	10	7	4
2866	HCxvFzn	3	3.1966	3.5000	6	8	0.01966	0.03034	10	7	4
2867	HCxvBz~	3	3.1966	3.5000	6	9	0.01966	0.03034	10	7	4
2868	HCxvFZ~	3	3.1966	3.5000	6	9	0.01966	0.03034	10	6	4
2869	HCxvFvn	3	3.1966	3.5000	6	8	0.01966	0.03034	10	7	4
2870	HCxvFV~	3	3.1966	3.5000	6	9	0.01966	0.03034	10	7	4
2871	HCxvFvz	3	3.1966	3.5000	6	8	0.01966	0.03034	10	7	4
2872	HCxvFz|	3	3.1966	3.5000	6	8	0.01966	0.03034	10	7	4
2873	HCxvF^n	3	3.1966	3.5000	6	8	0.01966	0.03034	10	7	4
2874	HCxvF~}	3	3.1966	3.5000	6	9	0.01966	0.03034	10	6	4
2875	HCxvFv~	3	3.1966	3.5000	6	9	0.01966	0.03034	10	6	4
2876	HCxvFz~	3	3.1966	3.5000	6	9	0.01966	0.03034	10	6	4
2877	HCxvF^~	3	3.1966	3.5000	6	9	0.01966	0.03034	10	6	4
2878	HCxvF~~	3	3.1966	3.5000	6	9	0.01966	0.03034	10	5	4
2879	H?`ed`g	4	4.2361	4.5000	4	4	0.01967	0.02199	12	6	5
2880	H?`e`po	4	4.2361	4.5000	4	4	0.01967	0.02199	12	8	5
2881	H?r@d_w	4	4.2361	4.5000	4	4	0.01967	0.02199	12	6	5
2882	H?`cipW	4	4.2361	4.5000	4	5	0.01967	0.02199	12	5	5
2883	H?`ad`w	4	4.2361	4.5000	4	5	0.01967	0.02199	12	6	5
2884	H?b@aTw	4	4.2361	4.5000	4	5	0.01967	0.02199	12	7	5
2885	H?b@aVo	4	4.2361	4.5000	4	5	0.01967	0.02199	12	6	5
2886	H?b@b_{	4	4.2361	4.5000	4	5	0.01967	0.02199	12	6	5
2887	H?bBBO{	4	4.2361	4.5000	4	5	0.01967	0.02199	12	7	5
2888	H?b@bPw	4	4.2361	4.5000	4	5	0.01967	0.02199	12	6	5
2889	H?bB@pw	4	4.2361	4.5000	4	5	0.01967	0.02199	12	7	5
2890	H?b@b`w	4	4.2361	4.5000	4	5	0.01967	0.02199	12	6	5
2891	H?b@d_{	4	4.2361	4.5000	4	5	0.01967	0.02199	12	6	5
2892	H?`DbRo	4	4.2361	4.5000	4	5	0.01967	0.02199	12	6	5
2893	H?`Db`w	4	4.2361	4.5000	4	5	0.01967	0.02199	12	6	5
2894	H?`FBQs	4	4.2361	4.5000	4	5	0.01967	0.02199	12	6	5
2895	H?`af@w	4	4.2361	4.5000	4	5	0.01967	0.02199	12	6	5
2896	H?b@aUp	4	4.2361	4.5000	4	5	0.01967	0.02199	12	6	5
2897	H?b@f?\	4	4.2361	4.5000	4	5	0.01967	0.02199	12	7	5
2898	H?`DBpw	4	4.2361	4.5000	4	6	0.01967	0.02199	12	5	5
2899	H?`DfAs	4	4.2361	4.5000	4	5	0.01967	0.02199	12	7	5
2900	H?`FAo]	4	4.2361	4.5000	4	5	0.01967	0.02199	12	6	5
2901	H?`FAro	4	4.2361	4.5000	4	5	0.01967	0.02199	12	6	5
2902	H?`FBRo	4	4.2361	4.5000	4	5	0.01967	0.02199	12	7	5
2903	H?`@f`w	4	4.2361	4.5000	4	5	0.01967	0.02199	12	6	5
2904	H?`FBOV	4	4.2361	4.5000	4	5	0.01967	0.02199	12	7	5
2905	H?bAV`{	4	4.2361	4.5000	4	6	0.01967	0.02199	12	6	5
2906	H?bAV_}	4	4.2361	4.5000	4	6	0.01967	0.02199	12	7	5
2907	H?bAVbw	4	4.2361	4.5000	4	6	0.01967	0.02199	12	6	5
2908	H?`fBQV	4	4.2361	4.5000	4	6	0.01967	0.02199	12	5	5
2909	H?`fBRw	4	4.2361	4.5000	4	6	0.01967	0.02199	12	5	5
2910	H?bAVrw	4	4.2361	4.5000	4	7	0.01967	0.02199	12	5	5
2911	HCrbdo{	3	3.2361	3.5000	4	5	0.01967	0.02199	12	8	4
2912	HCrbbo}	3	3.2361	3.5000	4	6	0.01967	0.02199	12	9	4
2913	HCR`~a{	3	3.2361	3.5000	4	6	0.01967	0.02199	12	7	4
2914	HCrbbpy	3	3.2361	3.5000	4	6	0.01967	0.02199	12	8	4
2915	HCrbrrq	3	3.2361	3.5000	4	6	0.01967	0.02199	12	8	4
2916	HCrbdq{	3	3.2361	3.5000	5	6	0.01967	0.02199	12	9	4
2917	HCrbrrR	3	3.2361	3.5000	5	6	0.01967	0.02199	12	7	4
2918	HCrbbp}	3	3.2361	3.5000	5	7	0.01967	0.02199	12	8	4
2919	HCrbrpr	3	3.2361	3.5000	5	6	0.01967	0.02199	12	8	4
2920	HCrbrrr	3	3.2361	3.5000	5	7	0.01967	0.02199	12	7	4
2921	HCpV~z{	3	3.2361	3.5000	5	8	0.01967	0.02199	12	6	4
2922	HCrdrp]	3	3.2172	3.5000	5	6	0.01975	0.02571	11	8	4
2923	HCzbrje	3	3.2172	3.5000	5	6	0.01975	0.02571	11	7	4
2924	HCxvBvm	3	3.2172	3.5000	6	7	0.01975	0.02571	11	7	4
2925	HCRfdoz	3	3.2185	3.5000	5	6	0.01986	0.02559	11	8	4
2926	HCrdrri	3	3.1999	3.5000	4	6	0.01999	0.03001	10	9	4
2927	H?b@bRO	4	4.2226	4.5000	4	4	0.02024	0.02521	11	7	5
2928	H?bB@rO	4	4.2226	4.5000	4	4	0.02024	0.02521	11	7	5
2929	HCrbdp{	3	3.2251	3.5000	4	6	0.02047	0.02499	11	9	4
2930	HCrbdrq	3	3.2251	3.5000	4	6	0.02047	0.02499	11	10	4
2931	HCrbdrs	3	3.2251	3.5000	4	6	0.02047	0.02499	11	9	4
2932	HCrbdrY	3	3.2251	3.5000	5	6	0.02047	0.02499	11	10	4
2933	HCrbdq}	3	3.2251	3.5000	5	7	0.02047	0.02499	11	8	4
2934	HCrbdr{	3	3.2251	3.5000	5	7	0.02047	0.02499	11	9	4
2935	HCrbdry	3	3.2251	3.5000	5	7	0.02047	0.02499	11	9	4
2936	HCR`szq	3	3.2256	3.5000	4	6	0.02051	0.02495	11	9	4
2937	H?`ad`g	4	4.2361	4.5000	4	4	0.02146	0.02399	11	7	5
2938	H?`ad_w	4	4.2361	4.5000	4	4	0.02146	0.02399	11	7	5
2939	H?b@b`I	4	4.2361	4.5000	4	4	0.02146	0.02399	11	6	5
2940	H?b@b_k	4	4.2361	4.5000	4	4	0.02146	0.02399	11	6	5
2941	H?b@bPo	4	4.2361	4.5000	4	4	0.02146	0.02399	11	6	5
2942	H?b@d`I	4	4.2361	4.5000	4	4	0.02146	0.02399	11	7	5
2943	H?`afAS	4	4.2361	4.5000	4	4	0.02146	0.02399	11	6	5
2944	H?b@aV_	4	4.2361	4.5000	4	4	0.02146	0.02399	11	6	5
2945	H?bBD`g	4	4.2361	4.5000	4	4	0.02146	0.02399	11	6	5
2946	H?b@bPg	4	4.2361	4.5000	4	5	0.02146	0.02399	11	6	5
2947	H?bB@pg	4	4.2361	4.5000	4	4	0.02146	0.02399	11	7	5
2948	H?b@bPI	4	4.2361	4.5000	4	4	0.02146	0.02399	11	7	5
2949	H?b@b_s	4	4.2361	4.5000	4	4	0.02146	0.02399	11	5	5
2950	H?b@f?s	4	4.2361	4.5000	4	4	0.02146	0.02399	11	7	5
2951	H?`DbR_	4	4.2361	4.5000	4	4	0.02146	0.02399	11	6	5
2952	H?bAPbo	4	4.2361	4.5000	4	5	0.02146	0.02399	11	6	5
2953	H?bB@_{	4	4.2361	4.5000	4	5	0.02146	0.02399	11	7	5
2954	H?bB@`w	4	4.2361	4.5000	4	5	0.02146	0.02399	11	6	5
2955	H?`bC`w	4	4.2361	4.5000	4	5	0.02146	0.02399	11	5	5
2956	H?`DBas	4	4.2361	4.5000	4	5	0.02146	0.02399	11	6	5
2957	H?`DBO{	4	4.2361	4.5000	4	5	0.02146	0.02399	11	7	5
2958	H?`DBPw	4	4.2361	4.5000	4	5	0.02146	0.02399	11	6	5
2959	H?`DBQs	4	4.2361	4.5000	4	5	0.02146	0.02399	11	6	5
2960	H?`DBRo	4	4.2361	4.5000	4	5	0.02146	0.02399	11	6	5
2961	H?`DB`w	4	4.2361	4.5000	4	5	0.02146	0.02399	11	6	5
2962	H?`DB`Y	4	4.2361	4.5000	4	5	0.02146	0.02399	11	6	5
2963	H?`DE`Y	4	4.2361	4.5000	4	5	0.02146	0.02399	11	6	5
2964	H?`D@pw	4	4.2361	4.5000	4	5	0.02146	0.02399	11	6	5
2965	H?`@d`w	4	4.2361	4.5000	4	5	0.02146	0.02399	11	5	5
2966	H?`@f@w	4	4.2361	4.5000	4	5	0.02146	0.02399	11	6	5
2967	H?`DEas	4	4.2361	4.5000	4	5	0.02146	0.02399	11	6	5
2968	H?`@f?\	4	4.2361	4.5000	4	5	0.02146	0.02399	11	6	5
2969	H?`@F`w	4	4.2361	4.5000	4	5	0.02146	0.02399	11	6	5
2970	H?`fBQ[	4	4.2361	4.5000	4	5	0.02146	0.02399	11	6	5
2971	H?bAV_m	4	4.2361	4.5000	4	5	0.02146	0.02399	11	7	5
2972	H?bAV_y	4	4.2361	4.5000	4	5	0.02146	0.02399	11	7	5
2973	H?`cip[	4	4.2361	4.5000	4	5	0.02146	0.02399	11	6	5
2974	H?`cjRa	4	4.2361	4.5000	4	5	0.02146	0.02399	11	6	5
2975	H?`fBRW	4	4.2361	4.5000	4	5	0.02146	0.02399	11	6	5
2976	H?`cj_\	4	4.2361	4.5000	4	5	0.02146	0.02399	11	7	5
2977	H?`cjO\	4	4.2361	4.5000	4	5	0.02146	0.02399	11	7	5
2978	H?`cm_\	4	4.2361	4.5000	4	5	0.02146	0.02399	11	6	5
2979	H?`ef@i	4	4.2361	4.5000	4	5	0.02146	0.02399	11	6	5
2980	H?`fBQR	4	4.2361	4.5000	4	5	0.02146	0.02399	11	6	5
2981	H?bAVbg	4	4.2361	4.5000	4	5	0.02146	0.02399	11	7	5
2982	H?b@aUt	4	4.2361	4.5000	4	6	0.02146	0.02399	11	6	5
2983	H?b@aVp	4	4.2361	4.5000	4	6	0.02146	0.02399	11	5	5
2984	H?b@aVw	4	4.2361	4.5000	4	6	0.02146	0.02399	11	7	5
2985	H?bBBO}	4	4.2361	4.5000	4	6	0.02146	0.02399	11	8	5
2986	H?bBBP{	4	4.2361	4.5000	4	6	0.02146	0.02399	11	6	5
2987	H?bBBRw	4	4.2361	4.5000	4	6	0.02146	0.02399	11	6	5
2988	H?`FBO}	4	4.2361	4.5000	4	6	0.02146	0.02399	11	6	5
2989	H?`FBQ{	4	4.2361	4.5000	4	6	0.02146	0.02399	11	7	5
2990	H?`FBQV	4	4.2361	4.5000	4	6	0.02146	0.02399	11	6	5
2991	H?`FBRs	4	4.2361	4.5000	4	6	0.02146	0.02399	11	7	5
2992	H?`FBRw	4	4.2361	4.5000	4	6	0.02146	0.02399	11	6	5
2993	H?bATrw	4	4.2361	4.5000	4	6	0.02146	0.02399	11	6	5
2994	H?bAVa{	4	4.2361	4.5000	4	6	0.02146	0.02399	11	7	5
2995	H?bAVay	4	4.2361	4.5000	4	6	0.02146	0.02399	11	8	5
2996	H?bAVbs	4	4.2361	4.5000	4	6	0.02146	0.02399	11	7	5
2997	H?bAVRw	4	4.2361	4.5000	4	6	0.02146	0.02399	11	6	5
2998	H?`fBP]	4	4.2361	4.5000	4	6	0.02146	0.02399	11	7	5
2999	H?`fBPy	4	4.2361	4.5000	4	6	0.02146	0.02399	11	5	5
3000	H?`fBQ]	4	4.2361	4.5000	4	6	0.02146	0.02399	11	7	5
3001	H?`fBRs	4	4.2361	4.5000	4	6	0.02146	0.02399	11	6	5
3002	H?bAV_|	4	4.2361	4.5000	4	6	0.02146	0.02399	11	7	5
3003	H?bAVp{	4	4.2361	4.5000	4	6	0.02146	0.02399	11	7	5
3004	H?bAVqu	4	4.2361	4.5000	4	6	0.02146	0.02399	11	6	5
3005	H?bAVq{	4	4.2361	4.5000	4	6	0.02146	0.02399	11	7	5
3006	H?bAVa}	4	4.2361	4.5000	4	7	0.02146	0.02399	11	8	5
3007	H?bAVb{	4	4.2361	4.5000	4	7	0.02146	0.02399	11	6	5
3008	H?bAVby	4	4.2361	4.5000	4	7	0.02146	0.02399	11	7	5
3009	H?`fBQ^	4	4.2361	4.5000	4	7	0.02146	0.02399	11	6	5
3010	HCpbdo{	3	3.2361	3.5000	4	5	0.02146	0.02399	11	9	4
3011	HCpb`zg	3	3.2361	3.5000	4	5	0.02146	0.02399	11	8	4
3012	HCRbcxw	3	3.2361	3.5000	4	5	0.02146	0.02399	11	9	4
3013	HCR`vai	3	3.2361	3.5000	4	5	0.02146	0.02399	11	8	4
3014	HCR`vbI	3	3.2361	3.5000	4	5	0.02146	0.02399	11	8	4
3015	HCR`v`s	3	3.2361	3.5000	4	5	0.02146	0.02399	11	7	4
3016	H?bAVr{	4	4.2361	4.5000	4	7	0.02146	0.02399	11	6	5
3017	H?bAVb}	4	4.2361	4.5000	4	8	0.02146	0.02399	11	7	5
3018	HCRV@q{	3	3.2361	3.5000	4	6	0.02146	0.02399	11	8	4
3019	HCQbfP\	3	3.2361	3.5000	4	6	0.02146	0.02399	11	9	4
3020	HCpf`yw	3	3.2361	3.5000	4	5	0.02146	0.02399	11	10	4
3021	HCpf`zc	3	3.2361	3.5000	4	5	0.02146	0.02399	11	9	4
3022	HCrbbqs	3	3.2361	3.5000	4	5	0.02146	0.02399	11	9	4
3023	HCrbdps	3	3.2361	3.5000	4	5	0.02146	0.02399	11	9	4
3024	HCXfczg	3	3.2361	3.5000	4	5	0.02146	0.02399	11	8	4
3025	HCXfczW	3	3.2361	3.5000	4	5	0.02146	0.02399	11	9	4
3026	HCY^Bps	3	3.2361	3.5000	4	5	0.02146	0.02399	11	8	4
3027	HCZbeq[	3	3.2361	3.5000	4	5	0.02146	0.02399	11	8	4
3028	HCpb`y{	3	3.2361	3.5000	4	6	0.02146	0.02399	11	9	4
3029	HCpb`zw	3	3.2361	3.5000	4	6	0.02146	0.02399	11	9	4
3030	HCQbvP{	3	3.2361	3.5000	4	6	0.02146	0.02399	11	9	4
3031	HCQfQzw	3	3.2361	3.5000	4	6	0.02146	0.02399	11	9	4
3032	HCQfRh{	3	3.2361	3.5000	4	6	0.02146	0.02399	11	8	4
3033	HCRbczw	3	3.2361	3.5000	4	6	0.02146	0.02399	11	8	4
3034	HCRbfQ{	3	3.2361	3.5000	4	6	0.02146	0.02399	11	8	4
3035	HCRbfQm	3	3.2361	3.5000	4	6	0.02146	0.02399	11	7	4
3036	HCRbfQy	3	3.2361	3.5000	4	6	0.02146	0.02399	11	9	4
3037	HCR`szw	3	3.2361	3.5000	4	6	0.02146	0.02399	11	7	4
3038	HCR`v`{	3	3.2361	3.5000	4	6	0.02146	0.02399	11	8	4
3039	HCR`vbi	3	3.2361	3.5000	4	6	0.02146	0.02399	11	8	4
3040	HCY^F`[	3	3.2361	3.5000	4	5	0.02146	0.02399	11	9	4
3041	HCpbfQ]	3	3.2361	3.5000	4	6	0.02146	0.02399	11	9	4
3042	HCpb`zk	3	3.2361	3.5000	4	6	0.02146	0.02399	11	9	4
3043	HCQf`zs	3	3.2361	3.5000	4	6	0.02146	0.02399	11	8	4
3044	HCRbcyy	3	3.2361	3.5000	4	6	0.02146	0.02399	11	10	4
3045	HCRcrpy	3	3.2361	3.5000	4	6	0.02146	0.02399	11	8	4
3046	HCRcrri	3	3.2361	3.5000	4	6	0.02146	0.02399	11	9	4
3047	HCR`vay	3	3.2361	3.5000	4	6	0.02146	0.02399	11	8	4
3048	HCR`vb[	3	3.2361	3.5000	4	6	0.02146	0.02399	11	8	4
3049	HCR`vbs	3	3.2361	3.5000	4	6	0.02146	0.02399	11	7	4
3050	HCR`vbY	3	3.2361	3.5000	4	6	0.02146	0.02399	11	8	4
3051	HCpbfP{	3	3.2361	3.5000	4	6	0.02146	0.02399	11	8	4
3052	HCpbfQV	3	3.2361	3.5000	4	6	0.02146	0.02399	11	9	4
3053	HCpb`zh	3	3.2361	3.5000	4	6	0.02146	0.02399	11	9	4
3054	HCQbvPt	3	3.2361	3.5000	4	6	0.02146	0.02399	11	8	4
3055	HCQfdo}	3	3.2361	3.5000	4	6	0.02146	0.02399	11	8	4
3056	HCQfdp]	3	3.2361	3.5000	4	6	0.02146	0.02399	11	9	4
3057	HCQfdrs	3	3.2361	3.5000	4	6	0.02146	0.02399	11	8	4
3058	HCRbfPy	3	3.2361	3.5000	4	6	0.02146	0.02399	11	9	4
3059	HCRbfR[	3	3.2361	3.5000	4	6	0.02146	0.02399	11	8	4
3060	HCRbfRY	3	3.2361	3.5000	4	6	0.02146	0.02399	11	9	4
3061	HCRcpxr	3	3.2361	3.5000	4	6	0.02146	0.02399	11	9	4
3062	HCR`rij	3	3.2361	3.5000	4	6	0.02146	0.02399	11	9	4
3063	HCR`rjJ	3	3.2361	3.5000	4	6	0.02146	0.02399	11	9	4
3064	HCR`v`\	3	3.2361	3.5000	4	6	0.02146	0.02399	11	8	4
3065	HCR`vaj	3	3.2361	3.5000	4	6	0.02146	0.02399	11	8	4
3066	HCR`vbJ	3	3.2361	3.5000	4	6	0.02146	0.02399	11	8	4
3067	HCpb`zd	3	3.2361	3.5000	4	6	0.02146	0.02399	11	9	4
3068	HCQbvP\	3	3.2361	3.5000	4	6	0.02146	0.02399	11	9	4
3069	HCR`va\	3	3.2361	3.5000	4	6	0.02146	0.02399	11	8	4
3070	HCR`vax	3	3.2361	3.5000	4	6	0.02146	0.02399	11	8	4
3071	HCRVDY{	3	3.2361	3.5000	4	6	0.02146	0.02399	11	9	4
3072	HCY^N`w	3	3.2361	3.5000	4	5	0.02146	0.02399	11	9	4
3073	HCpf`zs	3	3.2361	3.5000	4	6	0.02146	0.02399	11	9	4
3074	HCrbbq{	3	3.2361	3.5000	4	6	0.02146	0.02399	11	9	4
3075	HCrbbqy	3	3.2361	3.5000	4	6	0.02146	0.02399	11	8	4
3076	HCRczrw	3	3.2361	3.5000	4	6	0.02146	0.02399	11	8	4
3077	HCRdtp{	3	3.2361	3.5000	4	6	0.02146	0.02399	11	8	4
3078	HCXfczw	3	3.2361	3.5000	4	6	0.02146	0.02399	11	8	4
3079	HCY^F`u	3	3.2361	3.5000	4	6	0.02146	0.02399	11	7	4
3080	HCQfRx{	3	3.2361	3.5000	4	7	0.02146	0.02399	11	8	4
3081	HCrbbrq	3	3.2361	3.5000	4	6	0.02146	0.02399	11	8	4
3082	HCrbbrs	3	3.2361	3.5000	4	6	0.02146	0.02399	11	8	4
3083	HCRbfq{	3	3.2361	3.5000	4	6	0.02146	0.02399	11	8	4
3084	HCZbay]	3	3.2361	3.5000	4	6	0.02146	0.02399	11	8	4
3085	HCpVbrs	3	3.2361	3.5000	4	6	0.02146	0.02399	11	8	4
3086	HCrbbqu	3	3.2361	3.5000	4	6	0.02146	0.02399	11	10	4
3087	HCY^F`]	3	3.2361	3.5000	4	6	0.02146	0.02399	11	9	4
3088	HCY^F`{	3	3.2361	3.5000	4	6	0.02146	0.02399	11	9	4
3089	HCpbbw}	3	3.2361	3.5000	4	6	0.02146	0.02399	11	9	4
3090	HCpVbZw	3	3.2361	3.5000	4	6	0.02146	0.02399	11	9	4
3091	HCrbbrU	3	3.2361	3.5000	4	6	0.02146	0.02399	11	8	4
3092	HCrbbrY	3	3.2361	3.5000	4	6	0.02146	0.02399	11	8	4
3093	HCrbdqm	3	3.2361	3.5000	4	6	0.02146	0.02399	11	8	4
3094	HCrbdri	3	3.2361	3.5000	4	6	0.02146	0.02399	11	9	4
3095	HCRbdyy	3	3.2361	3.5000	4	6	0.02146	0.02399	11	9	4
3096	HCR`~bs	3	3.2361	3.5000	4	6	0.02146	0.02399	11	7	4
3097	HCRczpy	3	3.2361	3.5000	4	6	0.02146	0.02399	11	8	4
3098	HCRdrpy	3	3.2361	3.5000	4	6	0.02146	0.02399	11	8	4
3099	HCRdtpu	3	3.2361	3.5000	4	6	0.02146	0.02399	11	8	4
3100	HCR`vr[	3	3.2361	3.5000	4	6	0.02146	0.02399	11	7	4
3101	HCY^Fbe	3	3.2361	3.5000	4	6	0.02146	0.02399	11	8	4
3102	HCY^Fbk	3	3.2361	3.5000	4	6	0.02146	0.02399	11	9	4
3103	HCY^Fbq	3	3.2361	3.5000	4	6	0.02146	0.02399	11	8	4
3104	HCY^FbY	3	3.2361	3.5000	4	6	0.02146	0.02399	11	9	4
3105	HCY^F`Z	3	3.2361	3.5000	4	6	0.02146	0.02399	11	9	4
3106	HCZber[	3	3.2361	3.5000	4	6	0.02146	0.02399	11	7	4
3107	HCZJfIZ	3	3.2361	3.5000	4	6	0.02146	0.02399	11	9	4
3108	HCZJfRs	3	3.2361	3.5000	4	6	0.02146	0.02399	11	9	4
3109	HCpbvO|	3	3.2361	3.5000	4	6	0.02146	0.02399	11	9	4
3110	HCpbvQV	3	3.2361	3.5000	4	6	0.02146	0.02399	11	8	4
3111	HCpffGz	3	3.2361	3.5000	4	6	0.02146	0.02399	11	9	4
3112	HCpVdon	3	3.2361	3.5000	4	6	0.02146	0.02399	11	8	4
3113	HCpVdqm	3	3.2361	3.5000	4	6	0.02146	0.02399	11	7	4
3114	HCRbn_|	3	3.2361	3.5000	4	6	0.02146	0.02399	11	7	4
3115	HCRbnO|	3	3.2361	3.5000	4	6	0.02146	0.02399	11	8	4
3116	HCRc|ri	3	3.2361	3.5000	4	6	0.02146	0.02399	11	8	4
3117	HCRdtri	3	3.2361	3.5000	4	6	0.02146	0.02399	11	8	4
3118	HCRdvPr	3	3.2361	3.5000	4	6	0.02146	0.02399	11	8	4
3119	HCRfdri	3	3.2361	3.5000	4	6	0.02146	0.02399	11	9	4
3120	HCRbd]]	3	3.2361	3.5000	4	6	0.02146	0.02399	11	8	4
3121	HCpb`z{	3	3.2361	3.5000	4	7	0.02146	0.02399	11	8	4
3122	HCRbfQ}	3	3.2361	3.5000	4	7	0.02146	0.02399	11	9	4
3123	HCRbfR{	3	3.2361	3.5000	4	7	0.02146	0.02399	11	7	4
3124	HCRbfRy	3	3.2361	3.5000	4	7	0.02146	0.02399	11	8	4
3125	HCR`vb{	3	3.2361	3.5000	4	7	0.02146	0.02399	11	7	4
3126	HCR`vby	3	3.2361	3.5000	4	7	0.02146	0.02399	11	7	4
3127	HCRbfR]	3	3.2361	3.5000	4	7	0.02146	0.02399	11	9	4
3128	HCR`vbj	3	3.2361	3.5000	4	7	0.02146	0.02399	11	7	4
3129	HCRdtrq	3	3.2361	3.5000	4	6	0.02146	0.02399	11	8	4
3130	HCRfdq]	3	3.2361	3.5000	4	6	0.02146	0.02399	11	8	4
3131	HCRVdq{	3	3.2361	3.5000	4	6	0.02146	0.02399	11	9	4
3132	HCZbazJ	3	3.2361	3.5000	4	6	0.02146	0.02399	11	9	4
3133	HCY^Nbw	3	3.2361	3.5000	4	6	0.02146	0.02399	11	8	4
3134	HCrbrqf	3	3.2361	3.5000	4	6	0.02146	0.02399	11	7	4
3135	HCrbrqu	3	3.2361	3.5000	4	6	0.02146	0.02399	11	9	4
3136	HCrbrrU	3	3.2361	3.5000	4	6	0.02146	0.02399	11	7	4
3137	HCrVJrw	3	3.2361	3.5000	4	6	0.02146	0.02399	11	7	4
3138	HCpVfZs	3	3.2361	3.5000	4	6	0.02146	0.02399	11	8	4
3139	HCRVVrk	3	3.2361	3.5000	4	6	0.02146	0.02399	11	8	4
3140	HCRffri	3	3.2361	3.5000	4	6	0.02146	0.02399	11	8	4
3141	HCrbbq}	3	3.2361	3.5000	4	7	0.02146	0.02399	11	9	4
3142	HCrbbry	3	3.2361	3.5000	4	7	0.02146	0.02399	11	7	4
3143	HCRbfr{	3	3.2361	3.5000	4	7	0.02146	0.02399	11	7	4
3144	HCRdtr{	3	3.2361	3.5000	4	7	0.02146	0.02399	11	7	4
3145	HCpvTpr	3	3.2361	3.5000	4	6	0.02146	0.02399	11	8	4
3146	HCpvTpV	3	3.2361	3.5000	4	6	0.02146	0.02399	11	10	4
3147	HCpVfpy	3	3.2361	3.5000	4	6	0.02146	0.02399	11	8	4
3148	HCRdtp}	3	3.2361	3.5000	4	7	0.02146	0.02399	11	8	4
3149	HCrbrpy	3	3.2361	3.5000	4	6	0.02146	0.02399	11	8	4
3150	HCrbrri	3	3.2361	3.5000	4	6	0.02146	0.02399	11	8	4
3151	H?bAVjs	4	4.2361	4.5000	5	7	0.02146	0.02399	11	7	5
3152	H?`fBP}	4	4.2361	4.5000	5	7	0.02146	0.02399	11	6	5
3153	HCpbdq{	3	3.2361	3.5000	5	6	0.02146	0.02399	11	9	4
3154	HCpbdo|	3	3.2361	3.5000	5	6	0.02146	0.02399	11	10	4
3155	HCRbfPm	3	3.2361	3.5000	5	6	0.02146	0.02399	11	8	4
3156	HCR`v`t	3	3.2361	3.5000	5	6	0.02146	0.02399	11	8	4
3157	H?bAVz{	4	4.2361	4.5000	5	8	0.02146	0.02399	11	6	5
3158	HCXfczk	3	3.2361	3.5000	5	6	0.02146	0.02399	11	8	4
3159	HCY^F`y	3	3.2361	3.5000	5	6	0.02146	0.02399	11	9	4
3160	HCpbdy{	3	3.2361	3.5000	5	7	0.02146	0.02399	11	8	4
3161	HCrbbpu	3	3.2361	3.5000	5	6	0.02146	0.02399	11	9	4
3162	HCrbbr[	3	3.2361	3.5000	5	6	0.02146	0.02399	11	9	4
3163	HCrbbre	3	3.2361	3.5000	5	6	0.02146	0.02399	11	9	4
3164	HCrbbrk	3	3.2361	3.5000	5	6	0.02146	0.02399	11	9	4
3165	HCY^F`f	3	3.2361	3.5000	5	6	0.02146	0.02399	11	8	4
3166	HCY^F`V	3	3.2361	3.5000	5	6	0.02146	0.02399	11	8	4
3167	HCRc~a{	3	3.2361	3.5000	5	6	0.02146	0.02399	11	8	4
3168	HCRfdqm	3	3.2361	3.5000	5	6	0.02146	0.02399	11	8	4
3169	HCY^Bp{	3	3.2361	3.5000	5	6	0.02146	0.02399	11	8	4
3170	HCY^Brk	3	3.2361	3.5000	5	6	0.02146	0.02399	11	9	4
3171	HCY^F`\	3	3.2361	3.5000	5	6	0.02146	0.02399	11	9	4
3172	HCpfIxy	3	3.2361	3.5000	5	6	0.02146	0.02399	11	9	4
3173	HCQvdqm	3	3.2361	3.5000	5	6	0.02146	0.02399	11	8	4
3174	HCrbbpr	3	3.2361	3.5000	5	6	0.02146	0.02399	11	9	4
3175	HCrbdX\	3	3.2361	3.5000	5	6	0.02146	0.02399	11	8	4
3176	HCRdtov	3	3.2361	3.5000	5	6	0.02146	0.02399	11	7	4
3177	HCRdtpZ	3	3.2361	3.5000	5	6	0.02146	0.02399	11	8	4
3178	HCXfeX]	3	3.2361	3.5000	5	6	0.02146	0.02399	11	9	4
3179	HCY^FbF	3	3.2361	3.5000	5	6	0.02146	0.02399	11	9	4
3180	HCZJfG|	3	3.2361	3.5000	5	6	0.02146	0.02399	11	9	4
3181	HCRdtrJ	3	3.2361	3.5000	5	6	0.02146	0.02399	11	8	4
3182	HCRfdqj	3	3.2361	3.5000	5	6	0.02146	0.02399	11	8	4
3183	HCpb`zx	3	3.2361	3.5000	5	7	0.02146	0.02399	11	9	4
3184	HCQfdp^	3	3.2361	3.5000	5	7	0.02146	0.02399	11	8	4
3185	HCRbcy}	3	3.2361	3.5000	5	7	0.02146	0.02399	11	9	4
3186	HCRbfP}	3	3.2361	3.5000	5	7	0.02146	0.02399	11	9	4
3187	HCRbfRm	3	3.2361	3.5000	5	7	0.02146	0.02399	11	7	4
3188	HCR`rjj	3	3.2361	3.5000	5	7	0.02146	0.02399	11	8	4
3189	HCR`v`|	3	3.2361	3.5000	5	7	0.02146	0.02399	11	7	4
3190	HCRdtoz	3	3.2361	3.5000	5	6	0.02146	0.02399	11	7	4
3191	HCRdtqj	3	3.2361	3.5000	5	6	0.02146	0.02399	11	8	4
3192	HCpfdq]	3	3.2361	3.5000	5	6	0.02146	0.02399	11	9	4
3193	HCrbbpj	3	3.2361	3.5000	5	6	0.02146	0.02399	11	8	4
3194	HCZJfP{	3	3.2361	3.5000	5	6	0.02146	0.02399	11	9	4
3195	HCpb`zf	3	3.2361	3.5000	5	7	0.02146	0.02399	11	9	4
3196	HCRbfP|	3	3.2361	3.5000	5	7	0.02146	0.02399	11	8	4
3197	HCR`va|	3	3.2361	3.5000	5	7	0.02146	0.02399	11	7	4
3198	HCRdtrR	3	3.2361	3.5000	5	6	0.02146	0.02399	11	8	4
3199	HCpvRrk	3	3.2361	3.5000	5	6	0.02146	0.02399	11	8	4
3200	HCrbrqr	3	3.2361	3.5000	5	6	0.02146	0.02399	11	8	4
3201	HCrbrrk	3	3.2361	3.5000	5	6	0.02146	0.02399	11	8	4
3202	HCY^NbY	3	3.2361	3.5000	5	6	0.02146	0.02399	11	8	4
3203	HCY^VJw	3	3.2361	3.5000	5	6	0.02146	0.02399	11	8	4
3204	HCpVfZk	3	3.2361	3.5000	5	7	0.02146	0.02399	11	7	4
3205	HCrbbr{	3	3.2361	3.5000	5	7	0.02146	0.02399	11	8	4
3206	HCY^Nbi	3	3.2361	3.5000	5	6	0.02146	0.02399	11	8	4
3207	HCY^Vbk	3	3.2361	3.5000	5	6	0.02146	0.02399	11	9	4
3208	HCpvRrb	3	3.2361	3.5000	5	6	0.02146	0.02399	11	8	4
3209	HCrfRX{	3	3.2361	3.5000	5	6	0.02146	0.02399	11	8	4
3210	HCY^fbF	3	3.2361	3.5000	5	6	0.02146	0.02399	11	8	4
3211	HCZbc~e	3	3.2361	3.5000	5	6	0.02146	0.02399	11	8	4
3212	HCZbnP{	3	3.2361	3.5000	5	6	0.02146	0.02399	11	7	4
3213	HCZbrrq	3	3.2361	3.5000	5	6	0.02146	0.02399	11	8	4
3214	HCZfRrq	3	3.2361	3.5000	5	6	0.02146	0.02399	11	9	4
3215	HCRvfRM	3	3.2361	3.5000	5	6	0.02146	0.02399	11	8	4
3216	HCpVdr{	3	3.2361	3.5000	5	7	0.02146	0.02399	11	8	4
3217	HCrbbr]	3	3.2361	3.5000	5	7	0.02146	0.02399	11	9	4
3218	HCrbbrm	3	3.2361	3.5000	5	7	0.02146	0.02399	11	9	4
3219	HCrbbrr	3	3.2361	3.5000	5	7	0.02146	0.02399	11	8	4
3220	HCrbbrt	3	3.2361	3.5000	5	7	0.02146	0.02399	11	7	4
3221	HCrbbru	3	3.2361	3.5000	5	7	0.02146	0.02399	11	9	4
3222	HCRbbz{	3	3.2361	3.5000	5	7	0.02146	0.02399	11	7	4
3223	HCRbdz{	3	3.2361	3.5000	5	7	0.02146	0.02399	11	8	4
3224	HCRdtp^	3	3.2361	3.5000	5	7	0.02146	0.02399	11	7	4
3225	HCRdtpv	3	3.2361	3.5000	5	7	0.02146	0.02399	11	7	4
3226	HCY^F`^	3	3.2361	3.5000	5	7	0.02146	0.02399	11	8	4
3227	HCY^F`}	3	3.2361	3.5000	5	7	0.02146	0.02399	11	9	4
3228	HCY^Fby	3	3.2361	3.5000	5	7	0.02146	0.02399	11	8	4
3229	HCY^F`v	3	3.2361	3.5000	5	7	0.02146	0.02399	11	7	4
3230	HCZbay^	3	3.2361	3.5000	5	7	0.02146	0.02399	11	8	4
3231	HCZbayn	3	3.2361	3.5000	5	7	0.02146	0.02399	11	8	4
3232	HCZbaz]	3	3.2361	3.5000	5	7	0.02146	0.02399	11	7	4
3233	HCZbaz{	3	3.2361	3.5000	5	7	0.02146	0.02399	11	7	4
3234	HCY^fbb	3	3.2361	3.5000	5	6	0.02146	0.02399	11	8	4
3235	HCrbbpv	3	3.2361	3.5000	5	7	0.02146	0.02399	11	9	4
3236	HCRdto~	3	3.2361	3.5000	5	7	0.02146	0.02399	11	6	4
3237	HCRdtpz	3	3.2361	3.5000	5	7	0.02146	0.02399	11	8	4
3238	HCRdtrj	3	3.2361	3.5000	5	7	0.02146	0.02399	11	7	4
3239	HCXfRq^	3	3.2361	3.5000	5	7	0.02146	0.02399	11	8	4
3240	HCY^F`|	3	3.2361	3.5000	5	7	0.02146	0.02399	11	9	4
3241	HCY^Fbf	3	3.2361	3.5000	5	7	0.02146	0.02399	11	8	4
3242	HCY^Fbl	3	3.2361	3.5000	5	7	0.02146	0.02399	11	8	4
3243	HCY^F`z	3	3.2361	3.5000	5	7	0.02146	0.02399	11	9	4
3244	HCRbfR}	3	3.2361	3.5000	5	8	0.02146	0.02399	11	8	4
3245	HCpvRrh	3	3.2361	3.5000	5	6	0.02146	0.02399	11	8	4
3246	HCrbrrM	3	3.2361	3.5000	5	6	0.02146	0.02399	11	8	4
3247	HCrbbp|	3	3.2361	3.5000	5	7	0.02146	0.02399	11	8	4
3248	HCrbbpz	3	3.2361	3.5000	5	7	0.02146	0.02399	11	9	4
3249	HCrbbr\	3	3.2361	3.5000	5	7	0.02146	0.02399	11	9	4
3250	HCrbbrj	3	3.2361	3.5000	5	7	0.02146	0.02399	11	7	4
3251	HCrbbrl	3	3.2361	3.5000	5	7	0.02146	0.02399	11	9	4
3252	HCrbbrx	3	3.2361	3.5000	5	7	0.02146	0.02399	11	8	4
3253	HCZbazj	3	3.2361	3.5000	5	7	0.02146	0.02399	11	8	4
3254	HCRvdq]	3	3.2361	3.5000	5	6	0.02146	0.02399	11	8	4
3255	HCZbrri	3	3.2361	3.5000	5	6	0.02146	0.02399	11	8	4
3256	HCRdtrr	3	3.2361	3.5000	5	7	0.02146	0.02399	11	7	4
3257	HCrbrr{	3	3.2361	3.5000	5	7	0.02146	0.02399	11	7	4
3258	HCZffri	3	3.2361	3.5000	5	6	0.02146	0.02399	11	8	4
3259	HCrbrqv	3	3.2361	3.5000	5	7	0.02146	0.02399	11	8	4
3260	HCrbrrf	3	3.2361	3.5000	5	7	0.02146	0.02399	11	7	4
3261	HCrbrru	3	3.2361	3.5000	5	7	0.02146	0.02399	11	8	4
3262	HCrbrrV	3	3.2361	3.5000	5	7	0.02146	0.02399	11	6	4
3263	HCZbfr{	3	3.2361	3.5000	5	7	0.02146	0.02399	11	6	4
3264	HCrbrqz	3	3.2361	3.5000	5	7	0.02146	0.02399	11	8	4
3265	HCZbc~m	3	3.2361	3.5000	5	7	0.02146	0.02399	11	8	4
3266	HCZbrr{	3	3.2361	3.5000	5	7	0.02146	0.02399	11	7	4
3267	HCRbd}}	3	3.2361	3.5000	5	8	0.02146	0.02399	11	7	4
3268	HCRbfz{	3	3.2361	3.5000	5	8	0.02146	0.02399	11	7	4
3269	HCZbc||	3	3.2361	3.5000	5	7	0.02146	0.02399	11	7	4
3270	HCrbbr}	3	3.2361	3.5000	5	8	0.02146	0.02399	11	8	4
3271	HCrbbrv	3	3.2361	3.5000	5	8	0.02146	0.02399	11	8	4
3272	HCRdtp~	3	3.2361	3.5000	5	8	0.02146	0.02399	11	7	4
3273	HCY^F`~	3	3.2361	3.5000	5	8	0.02146	0.02399	11	8	4
3274	HCrbrrm	3	3.2361	3.5000	5	7	0.02146	0.02399	11	8	4
3275	HCrbrry	3	3.2361	3.5000	5	7	0.02146	0.02399	11	7	4
3276	HCrbbp~	3	3.2361	3.5000	5	8	0.02146	0.02399	11	8	4
3277	HCrbbr|	3	3.2361	3.5000	5	8	0.02146	0.02399	11	8	4
3278	HCrbbrz	3	3.2361	3.5000	5	8	0.02146	0.02399	11	8	4
3279	HCrbrpz	3	3.2361	3.5000	5	7	0.02146	0.02399	11	8	4
3280	HCrbrrj	3	3.2361	3.5000	5	7	0.02146	0.02399	11	7	4
3281	HCrbrrN	3	3.2361	3.5000	5	7	0.02146	0.02399	11	7	4
3282	HCrbrrZ	3	3.2361	3.5000	5	7	0.02146	0.02399	11	8	4
3283	HCZbbzj	3	3.2361	3.5000	5	7	0.02146	0.02399	11	7	4
3284	HCpVfz{	3	3.2361	3.5000	5	8	0.02146	0.02399	11	6	4
3285	HCpVVz{	3	3.2361	3.5000	5	8	0.02146	0.02399	11	8	4
3286	HCrbrrv	3	3.2361	3.5000	5	8	0.02146	0.02399	11	7	4
3287	HCrbrr}	3	3.2361	3.5000	5	8	0.02146	0.02399	11	7	4
3288	HCrbbr~	3	3.2361	3.5000	5	9	0.02146	0.02399	11	7	4
3289	HCrbrrn	3	3.2361	3.5000	5	8	0.02146	0.02399	11	7	4
3290	HCrbrrz	3	3.2361	3.5000	5	8	0.02146	0.02399	11	7	4
3291	HCpVvz{	3	3.2361	3.5000	5	8	0.02146	0.02399	11	7	4
3292	HCpU~z{	3	3.2361	3.5000	5	8	0.02146	0.02399	11	7	4
3293	HCrbrr~	3	3.2361	3.5000	5	9	0.02146	0.02399	11	6	4
3294	HCxvBvi	3	3.2361	3.5000	6	6	0.02146	0.02399	11	7	4
3295	HCZbrrj	3	3.2361	3.5000	6	7	0.02146	0.02399	11	7	4
3296	HCrbfey	3	3.2166	3.5000	5	6	0.02166	0.02834	10	9	4
3297	HCRdrp]	3	3.2172	3.5000	4	6	0.02172	0.02828	10	8	4
3298	HCqnbp]	3	3.2172	3.5000	4	6	0.02172	0.02828	10	7	4
3299	HCrdrq\	3	3.2172	3.5000	5	6	0.02172	0.02828	10	8	4
3300	HCrbbzm	3	3.2172	3.5000	5	7	0.02172	0.02828	10	8	4
3301	H?b@bQa	4	4.1966	4.5000	3	4	0.02184	0.03372	9	7	5
3302	H?`DBaU	4	4.1966	4.5000	3	5	0.02184	0.03372	9	7	5
3303	H?`@f?m	4	4.1966	4.5000	3	5	0.02184	0.03372	9	6	5
3304	H?`DbQe	4	4.1966	4.5000	4	5	0.02184	0.03372	9	7	5
3305	H?`DU_]	4	4.1966	4.5000	4	5	0.02184	0.03372	9	7	5
3306	H?`F?zQ	4	4.1966	4.5000	4	5	0.02184	0.03372	9	7	5
3307	H?`F@Wr	4	4.1966	4.5000	4	5	0.02184	0.03372	9	7	5
3308	H?`F@XZ	4	4.1966	4.5000	4	6	0.02184	0.03372	9	5	5
3309	H?`F@Z[	4	4.1966	4.5000	4	6	0.02184	0.03372	9	6	5
3310	H?`F@Yr	4	4.1966	4.5000	4	6	0.02184	0.03372	9	7	5
3311	H?`F@Yy	4	4.1966	4.5000	4	6	0.02184	0.03372	9	7	5
3312	H?`F@YZ	4	4.1966	4.5000	4	6	0.02184	0.03372	9	7	5
3313	H?`F@Zq	4	4.1966	4.5000	4	6	0.02184	0.03372	9	7	5
3314	H?`F@ZY	4	4.1966	4.5000	4	6	0.02184	0.03372	9	7	5
3315	H?`F@Xz	4	4.1966	4.5000	4	7	0.02184	0.03372	9	6	5
3316	H?`F@Z]	4	4.1966	4.5000	4	7	0.02184	0.03372	9	7	5
3317	H?`F@Zr	4	4.1966	4.5000	4	7	0.02184	0.03372	9	6	5
3318	H?`F@Zy	4	4.1966	4.5000	4	7	0.02184	0.03372	9	7	5
3319	H?`F@ZZ	4	4.1966	4.5000	4	7	0.02184	0.03372	9	6	5
3320	H?`F@Yz	4	4.1966	4.5000	4	7	0.02184	0.03372	9	7	5
3321	HCQeRrc	3	3.1966	3.5000	4	5	0.02184	0.03372	9	9	4
3322	HCQTbXM	3	3.1966	3.5000	4	5	0.02184	0.03372	9	11	4
3323	HCOefG}	3	3.1966	3.5000	4	6	0.02184	0.03372	9	10	4
3324	HCOefI{	3	3.1966	3.5000	4	6	0.02184	0.03372	9	9	4
3325	HCOe`^s	3	3.1966	3.5000	4	6	0.02184	0.03372	9	10	4
3326	HCOefP]	3	3.1966	3.5000	4	6	0.02184	0.03372	9	9	4
3327	HCQeRHx	3	3.1966	3.5000	4	6	0.02184	0.03372	9	9	4
3328	H?`F@Z}	4	4.1966	4.5000	4	8	0.02184	0.03372	9	6	5
3329	H?`F@Z^	4	4.1966	4.5000	4	8	0.02184	0.03372	9	6	5
3330	H?`F@Zz	4	4.1966	4.5000	4	8	0.02184	0.03372	9	6	5
3331	HCdebWm	3	3.1966	3.5000	4	5	0.02184	0.03372	9	11	4
3332	HCQuRrc	3	3.1966	3.5000	4	5	0.02184	0.03372	9	10	4
3333	HCR`swy	3	3.1966	3.5000	4	5	0.02184	0.03372	9	10	4
3334	HCR`sxY	3	3.1966	3.5000	4	5	0.02184	0.03372	9	9	4
3335	HCQbSnw	3	3.1966	3.5000	4	6	0.02184	0.03372	9	11	4
3336	HCQbVa]	3	3.1966	3.5000	4	6	0.02184	0.03372	9	10	4
3337	HCQbVb[	3	3.1966	3.5000	4	6	0.02184	0.03372	9	9	4
3338	HCQdbr[	3	3.1966	3.5000	4	6	0.02184	0.03372	9	10	4
3339	HCQdbrM	3	3.1966	3.5000	4	6	0.02184	0.03372	9	10	4
3340	HCQePnk	3	3.1966	3.5000	4	6	0.02184	0.03372	9	10	4
3341	HCQeRL{	3	3.1966	3.5000	4	6	0.02184	0.03372	9	9	4
3342	HCQeRrk	3	3.1966	3.5000	4	6	0.02184	0.03372	9	9	4
3343	HCQeRrs	3	3.1966	3.5000	4	6	0.02184	0.03372	9	9	4
3344	HCQeVG}	3	3.1966	3.5000	4	6	0.02184	0.03372	9	10	4
3345	HCQeVH{	3	3.1966	3.5000	4	6	0.02184	0.03372	9	9	4
3346	HCQTa^k	3	3.1966	3.5000	4	6	0.02184	0.03372	9	10	4
3347	HCQTa^w	3	3.1966	3.5000	4	6	0.02184	0.03372	9	11	4
3348	HCQTbZw	3	3.1966	3.5000	4	6	0.02184	0.03372	9	11	4
3349	HCOed]{	3	3.1966	3.5000	4	6	0.02184	0.03372	9	9	4
3350	HCOed^s	3	3.1966	3.5000	4	6	0.02184	0.03372	9	9	4
3351	HCOedzs	3	3.1966	3.5000	4	6	0.02184	0.03372	9	9	4
3352	HCQePlx	3	3.1966	3.5000	4	6	0.02184	0.03372	9	9	4
3353	HCpdepY	3	3.1966	3.5000	4	5	0.02184	0.03372	9	9	4
3354	HCQbVG}	3	3.1966	3.5000	4	6	0.02184	0.03372	9	10	4
3355	HCQeepy	3	3.1966	3.5000	4	6	0.02184	0.03372	9	8	4
3356	HCQeRim	3	3.1966	3.5000	4	6	0.02184	0.03372	9	10	4
3357	HCQeRre	3	3.1966	3.5000	4	6	0.02184	0.03372	9	9	4
3358	HCQeRrU	3	3.1966	3.5000	4	6	0.02184	0.03372	9	9	4
3359	HCQURre	3	3.1966	3.5000	4	6	0.02184	0.03372	9	10	4
3360	HCQvBRY	3	3.1966	3.5000	4	6	0.02184	0.03372	9	10	4
3361	HCOefV[	3	3.1966	3.5000	4	6	0.02184	0.03372	9	8	4
3362	HCOfeXy	3	3.1966	3.5000	4	6	0.02184	0.03372	9	9	4
3363	HCQeRhx	3	3.1966	3.5000	4	6	0.02184	0.03372	9	9	4
3364	HCQeRrT	3	3.1966	3.5000	4	6	0.02184	0.03372	9	9	4
3365	HCQeVa]	3	3.1966	3.5000	4	6	0.02184	0.03372	9	9	4
3366	HCQeVHx	3	3.1966	3.5000	4	6	0.02184	0.03372	9	9	4
3367	H?`F@Z~	4	4.1966	4.5000	4	9	0.02184	0.03372	9	5	5
3368	HCQeRri	3	3.1966	3.5000	4	6	0.02184	0.03372	9	9	4
3369	HCQfHzw	3	3.1966	3.5000	4	6	0.02184	0.03372	9	8	4
3370	HCR`vJw	3	3.1966	3.5000	4	6	0.02184	0.03372	9	7	4
3371	HCOfcz{	3	3.1966	3.5000	4	7	0.02184	0.03372	9	7	4
3372	HCdfJp[	3	3.1966	3.5000	4	5	0.02184	0.03372	9	10	4
3373	HCpdrjS	3	3.1966	3.5000	4	5	0.02184	0.03372	9	10	4
3374	HCXmfa[	3	3.1966	3.5000	4	5	0.02184	0.03372	9	11	4
3375	HCXmfai	3	3.1966	3.5000	4	5	0.02184	0.03372	9	11	4
3376	HCZTfO{	3	3.1966	3.5000	4	5	0.02184	0.03372	9	11	4
3377	HCrbdXi	3	3.1966	3.5000	4	5	0.02184	0.03372	9	9	4
3378	HCZTepM	3	3.1966	3.5000	4	5	0.02184	0.03372	9	11	4
3379	HCpdbr[	3	3.1966	3.5000	4	6	0.02184	0.03372	9	9	4
3380	HCpdbrM	3	3.1966	3.5000	4	6	0.02184	0.03372	9	10	4
3381	HCQbuZk	3	3.1966	3.5000	4	6	0.02184	0.03372	9	9	4
3382	HCQrUZw	3	3.1966	3.5000	4	6	0.02184	0.03372	9	11	4
3383	HCQuRrk	3	3.1966	3.5000	4	6	0.02184	0.03372	9	11	4
3384	HCQuVP{	3	3.1966	3.5000	4	6	0.02184	0.03372	9	11	4
3385	HCQuVPu	3	3.1966	3.5000	4	6	0.02184	0.03372	9	10	4
3386	HCQvAt{	3	3.1966	3.5000	4	6	0.02184	0.03372	9	10	4
3387	HCQvAvk	3	3.1966	3.5000	4	6	0.02184	0.03372	9	10	4
3388	HCQVQx{	3	3.1966	3.5000	4	6	0.02184	0.03372	9	11	4
3389	HCQVUp{	3	3.1966	3.5000	4	6	0.02184	0.03372	9	11	4
3390	HCRcvP]	3	3.1966	3.5000	4	6	0.02184	0.03372	9	9	4
3391	HCR`sxy	3	3.1966	3.5000	4	6	0.02184	0.03372	9	10	4
3392	HCR`tji	3	3.1966	3.5000	4	6	0.02184	0.03372	9	9	4
3393	HCR`uji	3	3.1966	3.5000	4	6	0.02184	0.03372	9	9	4
3394	HCR`vJq	3	3.1966	3.5000	4	6	0.02184	0.03372	9	9	4
3395	HCXedU{	3	3.1966	3.5000	4	6	0.02184	0.03372	9	9	4
3396	HCQbUnw	3	3.1966	3.5000	4	6	0.02184	0.03372	9	10	4
3397	HCQbUzw	3	3.1966	3.5000	4	6	0.02184	0.03372	9	10	4
3398	HCQbvbL	3	3.1966	3.5000	4	6	0.02184	0.03372	9	9	4
3399	HCQeRnk	3	3.1966	3.5000	4	6	0.02184	0.03372	9	9	4
3400	HCQeVX{	3	3.1966	3.5000	4	6	0.02184	0.03372	9	9	4
3401	HCQfHxy	3	3.1966	3.5000	4	6	0.02184	0.03372	9	9	4
3402	HCQUVp{	3	3.1966	3.5000	4	6	0.02184	0.03372	9	10	4
3403	HCQUVpu	3	3.1966	3.5000	4	6	0.02184	0.03372	9	9	4
3404	HCQVdXm	3	3.1966	3.5000	4	6	0.02184	0.03372	9	9	4
3405	HCR`sw}	3	3.1966	3.5000	4	6	0.02184	0.03372	9	9	4
3406	HCR`sx]	3	3.1966	3.5000	4	6	0.02184	0.03372	9	8	4
3407	HCR`sxu	3	3.1966	3.5000	4	6	0.02184	0.03372	9	9	4
3408	HCR`tjJ	3	3.1966	3.5000	4	6	0.02184	0.03372	9	9	4
3409	HCR`uh{	3	3.1966	3.5000	4	6	0.02184	0.03372	9	8	4
3410	HCQbvOv	3	3.1966	3.5000	4	6	0.02184	0.03372	9	9	4
3411	HCQbvQV	3	3.1966	3.5000	4	6	0.02184	0.03372	9	10	4
3412	HCQfQyr	3	3.1966	3.5000	4	6	0.02184	0.03372	9	9	4
3413	HCQeRr{	3	3.1966	3.5000	4	7	0.02184	0.03372	9	8	4
3414	HCR`tiy	3	3.1966	3.5000	4	6	0.02184	0.03372	9	9	4
3415	HCR`tjY	3	3.1966	3.5000	4	6	0.02184	0.03372	9	10	4
3416	HCR`uiy	3	3.1966	3.5000	4	6	0.02184	0.03372	9	10	4
3417	HCR`ujY	3	3.1966	3.5000	4	6	0.02184	0.03372	9	9	4
3418	HCQdnPy	3	3.1966	3.5000	4	6	0.02184	0.03372	9	11	4
3419	HCQfdXu	3	3.1966	3.5000	4	6	0.02184	0.03372	9	8	4
3420	HCQfHxx	3	3.1966	3.5000	4	6	0.02184	0.03372	9	10	4
3421	HCQVdXy	3	3.1966	3.5000	4	6	0.02184	0.03372	9	10	4
3422	HCQvEZY	3	3.1966	3.5000	4	6	0.02184	0.03372	9	9	4
3423	HCQvFC}	3	3.1966	3.5000	4	6	0.02184	0.03372	9	9	4
3424	HCR`sxm	3	3.1966	3.5000	4	6	0.02184	0.03372	9	10	4
3425	HCR`thj	3	3.1966	3.5000	4	6	0.02184	0.03372	9	9	4
3426	HCR`thZ	3	3.1966	3.5000	4	6	0.02184	0.03372	9	9	4
3427	HCR`uh]	3	3.1966	3.5000	4	6	0.02184	0.03372	9	9	4
3428	HCR`vG}	3	3.1966	3.5000	4	6	0.02184	0.03372	9	9	4
3429	HCR`vI]	3	3.1966	3.5000	4	6	0.02184	0.03372	9	9	4
3430	HCQbvQr	3	3.1966	3.5000	4	6	0.02184	0.03372	9	9	4
3431	HCQfHx\	3	3.1966	3.5000	4	6	0.02184	0.03372	9	9	4
3432	HCQfHyZ	3	3.1966	3.5000	4	6	0.02184	0.03372	9	8	4
3433	HCQfHzJ	3	3.1966	3.5000	4	6	0.02184	0.03372	9	9	4
3434	HCQfHzL	3	3.1966	3.5000	4	6	0.02184	0.03372	9	9	4
3435	HCQVdWz	3	3.1966	3.5000	4	6	0.02184	0.03372	9	8	4
3436	HCQVdXr	3	3.1966	3.5000	4	6	0.02184	0.03372	9	8	4
3437	HCQVdXZ	3	3.1966	3.5000	4	6	0.02184	0.03372	9	9	4
3438	HCQVdZi	3	3.1966	3.5000	4	6	0.02184	0.03372	9	9	4
3439	HCOfczm	3	3.1966	3.5000	4	7	0.02184	0.03372	9	9	4
3440	HCQeRru	3	3.1966	3.5000	4	7	0.02184	0.03372	9	9	4
3441	HCR`uhZ	3	3.1966	3.5000	4	6	0.02184	0.03372	9	9	4
3442	HCQVdZJ	3	3.1966	3.5000	4	6	0.02184	0.03372	9	9	4
3443	HCQeRrt	3	3.1966	3.5000	4	7	0.02184	0.03372	9	9	4
3444	HCQbvPm	3	3.1966	3.5000	4	6	0.02184	0.03372	9	9	4
3445	HCQbvPy	3	3.1966	3.5000	4	6	0.02184	0.03372	9	10	4
3446	HCQbvRh	3	3.1966	3.5000	4	6	0.02184	0.03372	9	10	4
3447	HCQbvRL	3	3.1966	3.5000	4	6	0.02184	0.03372	9	9	4
3448	HCQbvRX	3	3.1966	3.5000	4	6	0.02184	0.03372	9	10	4
3449	HCQevP]	3	3.1966	3.5000	4	6	0.02184	0.03372	9	10	4
3450	HCQevPy	3	3.1966	3.5000	4	6	0.02184	0.03372	9	10	4
3451	HCQfQzi	3	3.1966	3.5000	4	6	0.02184	0.03372	9	10	4
3452	HCQfQzY	3	3.1966	3.5000	4	6	0.02184	0.03372	9	10	4
3453	HCR`tjR	3	3.1966	3.5000	4	6	0.02184	0.03372	9	9	4
3454	HCQfHy]	3	3.1966	3.5000	4	6	0.02184	0.03372	9	9	4
3455	HCR`vI\	3	3.1966	3.5000	4	6	0.02184	0.03372	9	9	4
3456	HCOfcz]	3	3.1966	3.5000	4	7	0.02184	0.03372	9	8	4
3457	HCQeRp}	3	3.1966	3.5000	4	7	0.02184	0.03372	9	7	4
3458	HCQeRry	3	3.1966	3.5000	4	7	0.02184	0.03372	9	8	4
3459	HCR`vpu	3	3.1966	3.5000	4	6	0.02184	0.03372	9	7	4
3460	HCR`vre	3	3.1966	3.5000	4	6	0.02184	0.03372	9	7	4
3461	HCrbcxy	3	3.1966	3.5000	4	6	0.02184	0.03372	9	11	4
3462	HCrbdhy	3	3.1966	3.5000	4	6	0.02184	0.03372	9	11	4
3463	HCrbdXy	3	3.1966	3.5000	4	6	0.02184	0.03372	9	10	4
3464	HCpelrs	3	3.1966	3.5000	4	6	0.02184	0.03372	9	9	4
3465	HCpfcxt	3	3.1966	3.5000	4	6	0.02184	0.03372	9	10	4
3466	HCpfdpt	3	3.1966	3.5000	4	6	0.02184	0.03372	9	9	4
3467	HCQu^P{	3	3.1966	3.5000	4	6	0.02184	0.03372	9	11	4
3468	HCrbcx]	3	3.1966	3.5000	4	6	0.02184	0.03372	9	10	4
3469	HCrbdh]	3	3.1966	3.5000	4	6	0.02184	0.03372	9	10	4
3470	HCrbdji	3	3.1966	3.5000	4	6	0.02184	0.03372	9	9	4
3471	HCrbdZq	3	3.1966	3.5000	4	6	0.02184	0.03372	9	9	4
3472	HCRVdpm	3	3.1966	3.5000	4	6	0.02184	0.03372	9	11	4
3473	HCR`vji	3	3.1966	3.5000	4	6	0.02184	0.03372	9	9	4
3474	HCR`vqu	3	3.1966	3.5000	4	6	0.02184	0.03372	9	8	4
3475	HCZJeq{	3	3.1966	3.5000	4	6	0.02184	0.03372	9	9	4
3476	HCRbnOz	3	3.1966	3.5000	4	6	0.02184	0.03372	9	8	4
3477	HCRc~`j	3	3.1966	3.5000	4	6	0.02184	0.03372	9	9	4
3478	HCRc~Oz	3	3.1966	3.5000	4	6	0.02184	0.03372	9	8	4
3479	HCRc|pj	3	3.1966	3.5000	4	6	0.02184	0.03372	9	9	4
3480	HCRenOz	3	3.1966	3.5000	4	6	0.02184	0.03372	9	8	4
3481	HCRVdpf	3	3.1966	3.5000	4	6	0.02184	0.03372	9	8	4
3482	HCRVdpN	3	3.1966	3.5000	4	6	0.02184	0.03372	9	10	4
3483	HCRc~_n	3	3.1966	3.5000	4	6	0.02184	0.03372	9	8	4
3484	HCpfbYx	3	3.1966	3.5000	4	6	0.02184	0.03372	9	11	4
3485	HCpfJix	3	3.1966	3.5000	4	6	0.02184	0.03372	9	11	4
3486	HCrbdZY	3	3.1966	3.5000	4	6	0.02184	0.03372	9	10	4
3487	HCrRRey	3	3.1966	3.5000	4	6	0.02184	0.03372	9	11	4
3488	HCR`viy	3	3.1966	3.5000	4	6	0.02184	0.03372	9	10	4
3489	HCR`vjY	3	3.1966	3.5000	4	6	0.02184	0.03372	9	10	4
3490	HCpelqm	3	3.1966	3.5000	4	6	0.02184	0.03372	9	9	4
3491	HCpfdpj	3	3.1966	3.5000	4	6	0.02184	0.03372	9	8	4
3492	HCpfJiZ	3	3.1966	3.5000	4	6	0.02184	0.03372	9	10	4
3493	HCRc|pl	3	3.1966	3.5000	4	6	0.02184	0.03372	9	10	4
3494	HCRdnOz	3	3.1966	3.5000	4	6	0.02184	0.03372	9	9	4
3495	HCRejoz	3	3.1966	3.5000	4	6	0.02184	0.03372	9	9	4
3496	HCRfLo|	3	3.1966	3.5000	4	6	0.02184	0.03372	9	9	4
3497	HCRVdpj	3	3.1966	3.5000	4	6	0.02184	0.03372	9	11	4
3498	HCRc|on	3	3.1966	3.5000	4	6	0.02184	0.03372	9	8	4
3499	HCR`vM]	3	3.1966	3.5000	4	6	0.02184	0.03372	9	8	4
3500	HCQfHzx	3	3.1966	3.5000	4	7	0.02184	0.03372	9	9	4
3501	HCR`sx}	3	3.1966	3.5000	4	7	0.02184	0.03372	9	9	4
3502	HCR`tjy	3	3.1966	3.5000	4	7	0.02184	0.03372	9	9	4
3503	HCR`ujy	3	3.1966	3.5000	4	7	0.02184	0.03372	9	9	4
3504	HCQVdXz	3	3.1966	3.5000	4	7	0.02184	0.03372	9	9	4
3505	HCR`uhz	3	3.1966	3.5000	4	7	0.02184	0.03372	9	9	4
3506	HCpfcyl	3	3.1966	3.5000	4	6	0.02184	0.03372	9	9	4
3507	HCpfcyt	3	3.1966	3.5000	4	6	0.02184	0.03372	9	10	4
3508	HCpfdql	3	3.1966	3.5000	4	6	0.02184	0.03372	9	9	4
3509	HCpfdqt	3	3.1966	3.5000	4	6	0.02184	0.03372	9	9	4
3510	HCpfdrh	3	3.1966	3.5000	4	6	0.02184	0.03372	9	9	4
3511	HCpfdrL	3	3.1966	3.5000	4	6	0.02184	0.03372	9	10	4
3512	HCpfdrq	3	3.1966	3.5000	4	6	0.02184	0.03372	9	10	4
3513	HCpfdrU	3	3.1966	3.5000	4	6	0.02184	0.03372	9	9	4
3514	HCpfJim	3	3.1966	3.5000	4	6	0.02184	0.03372	9	9	4
3515	HCrbcyr	3	3.1966	3.5000	4	6	0.02184	0.03372	9	10	4
3516	HCRc~bp	3	3.1966	3.5000	4	6	0.02184	0.03372	9	9	4
3517	HCRc~bX	3	3.1966	3.5000	4	6	0.02184	0.03372	9	9	4
3518	HCRc|qx	3	3.1966	3.5000	4	6	0.02184	0.03372	9	9	4
3519	HCRc|rX	3	3.1966	3.5000	4	6	0.02184	0.03372	9	8	4
3520	HCpfJh\	3	3.1966	3.5000	4	6	0.02184	0.03372	9	10	4
3521	HCRc~am	3	3.1966	3.5000	4	6	0.02184	0.03372	9	9	4
3522	HCRc|re	3	3.1966	3.5000	4	6	0.02184	0.03372	9	9	4
3523	HCRfNa]	3	3.1966	3.5000	4	6	0.02184	0.03372	9	9	4
3524	HCRVdqx	3	3.1966	3.5000	4	6	0.02184	0.03372	9	10	4
3525	HCRVdrq	3	3.1966	3.5000	4	6	0.02184	0.03372	9	10	4
3526	HCQbvP}	3	3.1966	3.5000	4	7	0.02184	0.03372	9	10	4
3527	HCQbvR]	3	3.1966	3.5000	4	7	0.02184	0.03372	9	10	4
3528	HCQbvR\	3	3.1966	3.5000	4	7	0.02184	0.03372	9	10	4
3529	HCQbvRm	3	3.1966	3.5000	4	7	0.02184	0.03372	9	8	4
3530	HCQbvRx	3	3.1966	3.5000	4	7	0.02184	0.03372	9	9	4
3531	HCQbvRy	3	3.1966	3.5000	4	7	0.02184	0.03372	9	9	4
3532	HCQfHx}	3	3.1966	3.5000	4	7	0.02184	0.03372	9	8	4
3533	HCQfQz]	3	3.1966	3.5000	4	7	0.02184	0.03372	9	9	4
3534	HCQfQzy	3	3.1966	3.5000	4	7	0.02184	0.03372	9	10	4
3535	HCQVdZ{	3	3.1966	3.5000	4	7	0.02184	0.03372	9	7	4
3536	HCR`syn	3	3.1966	3.5000	4	7	0.02184	0.03372	9	8	4
3537	HCR`szf	3	3.1966	3.5000	4	7	0.02184	0.03372	9	8	4
3538	HCrbdxy	3	3.1966	3.5000	4	6	0.02184	0.03372	9	11	4
3539	HCrfRgz	3	3.1966	3.5000	4	6	0.02184	0.03372	9	10	4
3540	HCZMtjw	3	3.1966	3.5000	4	6	0.02184	0.03372	9	10	4
3541	HCrbfVs	3	3.1966	3.5000	4	6	0.02184	0.03372	9	8	4
3542	HCR`vru	3	3.1966	3.5000	4	7	0.02184	0.03372	9	7	4
3543	HCrbeum	3	3.1966	3.5000	4	6	0.02184	0.03372	9	9	4
3544	HCrbevs	3	3.1966	3.5000	4	6	0.02184	0.03372	9	10	4
3545	HCrbfMy	3	3.1966	3.5000	4	6	0.02184	0.03372	9	10	4
3546	HCpelym	3	3.1966	3.5000	4	6	0.02184	0.03372	9	8	4
3547	HCrbdjy	3	3.1966	3.5000	4	7	0.02184	0.03372	9	10	4
3548	HCrbdZy	3	3.1966	3.5000	4	7	0.02184	0.03372	9	9	4
3549	HCR`tx}	3	3.1966	3.5000	4	7	0.02184	0.03372	9	8	4
3550	HCRVdpn	3	3.1966	3.5000	4	7	0.02184	0.03372	9	10	4
3551	HCR`vjy	3	3.1966	3.5000	4	7	0.02184	0.03372	9	9	4
3552	HCR`vNy	3	3.1966	3.5000	4	7	0.02184	0.03372	9	8	4
3553	HCR`ul}	3	3.1966	3.5000	4	7	0.02184	0.03372	9	8	4
3554	HCpfczt	3	3.1966	3.5000	4	7	0.02184	0.03372	9	9	4
3555	HCpfdrl	3	3.1966	3.5000	4	7	0.02184	0.03372	9	10	4
3556	HCpfdrt	3	3.1966	3.5000	4	7	0.02184	0.03372	9	8	4
3557	HCpfJi|	3	3.1966	3.5000	4	7	0.02184	0.03372	9	10	4
3558	HCpfJi}	3	3.1966	3.5000	4	7	0.02184	0.03372	9	10	4
3559	HCpfJj\	3	3.1966	3.5000	4	7	0.02184	0.03372	9	10	4
3560	HCrbczj	3	3.1966	3.5000	4	7	0.02184	0.03372	9	8	4
3561	HCrbczr	3	3.1966	3.5000	4	7	0.02184	0.03372	9	9	4
3562	HCrbdjZ	3	3.1966	3.5000	4	7	0.02184	0.03372	9	10	4
3563	HCrbdZV	3	3.1966	3.5000	4	7	0.02184	0.03372	9	8	4
3564	HCrbdZZ	3	3.1966	3.5000	4	7	0.02184	0.03372	9	9	4
3565	HCRc~bx	3	3.1966	3.5000	4	7	0.02184	0.03372	9	9	4
3566	HCRc|rx	3	3.1966	3.5000	4	7	0.02184	0.03372	9	9	4
3567	HCRVdrx	3	3.1966	3.5000	4	7	0.02184	0.03372	9	9	4
3568	HCRVdry	3	3.1966	3.5000	4	7	0.02184	0.03372	9	9	4
3569	HCQbvR}	3	3.1966	3.5000	4	8	0.02184	0.03372	9	9	4
3570	HCR`vrx	3	3.1966	3.5000	4	7	0.02184	0.03372	9	6	4
3571	HCrbfjy	3	3.1966	3.5000	4	7	0.02184	0.03372	9	9	4
3572	HCR`vr}	3	3.1966	3.5000	4	8	0.02184	0.03372	9	6	4
3573	HCQbSn[	3	3.1966	3.5000	5	6	0.02184	0.03372	9	11	4
3574	HCQTbZM	3	3.1966	3.5000	5	6	0.02184	0.03372	9	11	4
3575	HCQeRLx	3	3.1966	3.5000	5	6	0.02184	0.03372	9	9	4
3576	HCQeeTy	3	3.1966	3.5000	5	6	0.02184	0.03372	9	9	4
3577	HCOfczJ	3	3.1966	3.5000	5	6	0.02184	0.03372	9	9	4
3578	HCQeRpN	3	3.1966	3.5000	5	6	0.02184	0.03372	9	9	4
3579	HCQRDzs	3	3.1966	3.5000	5	6	0.02184	0.03372	9	10	4
3580	HCQRFi]	3	3.1966	3.5000	5	6	0.02184	0.03372	9	10	4
3581	HCpbPze	3	3.1966	3.5000	5	6	0.02184	0.03372	9	10	4
3582	HCQfHyy	3	3.1966	3.5000	5	6	0.02184	0.03372	9	8	4
3583	HCdebYm	3	3.1966	3.5000	5	6	0.02184	0.03372	9	11	4
3584	HCdebZs	3	3.1966	3.5000	5	6	0.02184	0.03372	9	11	4
3585	HCdefH{	3	3.1966	3.5000	5	6	0.02184	0.03372	9	11	4
3586	HCpdfHu	3	3.1966	3.5000	5	6	0.02184	0.03372	9	11	4
3587	HCpdfR[	3	3.1966	3.5000	5	6	0.02184	0.03372	9	9	4
3588	HCQbUn[	3	3.1966	3.5000	5	6	0.02184	0.03372	9	10	4
3589	HCQbvQt	3	3.1966	3.5000	5	6	0.02184	0.03372	9	11	4
3590	HCQdnP]	3	3.1966	3.5000	5	6	0.02184	0.03372	9	11	4
3591	HCQfHzi	3	3.1966	3.5000	5	6	0.02184	0.03372	9	9	4
3592	HCQVfP]	3	3.1966	3.5000	5	6	0.02184	0.03372	9	10	4
3593	HCQVUpt	3	3.1966	3.5000	5	6	0.02184	0.03372	9	10	4
3594	HCRcpwz	3	3.1966	3.5000	5	6	0.02184	0.03372	9	9	4
3595	HCR`tjk	3	3.1966	3.5000	5	6	0.02184	0.03372	9	9	4
3596	HCR`uj[	3	3.1966	3.5000	5	6	0.02184	0.03372	9	8	4
3597	HCR`ujJ	3	3.1966	3.5000	5	6	0.02184	0.03372	9	9	4
3598	HCR`vJU	3	3.1966	3.5000	5	6	0.02184	0.03372	9	9	4
3599	HCXedqf	3	3.1966	3.5000	5	6	0.02184	0.03372	9	10	4
3600	HCQbvQf	3	3.1966	3.5000	5	6	0.02184	0.03372	9	10	4
3601	HCQfQyf	3	3.1966	3.5000	5	6	0.02184	0.03372	9	10	4
3602	HCQVdZM	3	3.1966	3.5000	5	6	0.02184	0.03372	9	9	4
3603	HCR`th\	3	3.1966	3.5000	5	6	0.02184	0.03372	9	9	4
3604	HCQeRpv	3	3.1966	3.5000	5	7	0.02184	0.03372	9	8	4
3605	HCQrUZR	3	3.1966	3.5000	5	6	0.02184	0.03372	9	11	4
3606	HCR`vIu	3	3.1966	3.5000	5	6	0.02184	0.03372	9	9	4
3607	HCQfHy\	3	3.1966	3.5000	5	6	0.02184	0.03372	9	9	4
3608	HCQfHxN	3	3.1966	3.5000	5	6	0.02184	0.03372	9	9	4
3609	HCOfczj	3	3.1966	3.5000	5	7	0.02184	0.03372	9	8	4
3610	HCQeRrf	3	3.1966	3.5000	5	7	0.02184	0.03372	9	8	4
3611	HCQeRrr	3	3.1966	3.5000	5	7	0.02184	0.03372	9	8	4
3612	HCQeRrV	3	3.1966	3.5000	5	7	0.02184	0.03372	9	8	4
3613	HCR`ujR	3	3.1966	3.5000	5	6	0.02184	0.03372	9	9	4
3614	HCR`uh\	3	3.1966	3.5000	5	6	0.02184	0.03372	9	9	4
3615	HCQbvPj	3	3.1966	3.5000	5	6	0.02184	0.03372	9	10	4
3616	HCQbvPZ	3	3.1966	3.5000	5	6	0.02184	0.03372	9	10	4
3617	HCQbvRJ	3	3.1966	3.5000	5	6	0.02184	0.03372	9	9	4
3618	HCQfQxj	3	3.1966	3.5000	5	6	0.02184	0.03372	9	10	4
3619	HCQfQzJ	3	3.1966	3.5000	5	6	0.02184	0.03372	9	9	4
3620	HCQVdY]	3	3.1966	3.5000	5	6	0.02184	0.03372	9	9	4
3621	HCR`sy\	3	3.1966	3.5000	5	6	0.02184	0.03372	9	9	4
3622	HCR`ti\	3	3.1966	3.5000	5	6	0.02184	0.03372	9	9	4
3623	HCR`ui\	3	3.1966	3.5000	5	6	0.02184	0.03372	9	9	4
3624	HCQeRp^	3	3.1966	3.5000	5	7	0.02184	0.03372	9	8	4
3625	HCpfdp\	3	3.1966	3.5000	5	6	0.02184	0.03372	9	10	4
3626	HCpfdpx	3	3.1966	3.5000	5	6	0.02184	0.03372	9	9	4
3627	HCpbuZp	3	3.1966	3.5000	5	6	0.02184	0.03372	9	9	4
3628	HCRblq]	3	3.1966	3.5000	5	6	0.02184	0.03372	9	9	4
3629	HCRbnal	3	3.1966	3.5000	5	6	0.02184	0.03372	9	8	4
3630	HCRc~`u	3	3.1966	3.5000	5	6	0.02184	0.03372	9	9	4
3631	HCRelo}	3	3.1966	3.5000	5	6	0.02184	0.03372	9	8	4
3632	HCR`~_z	3	3.1966	3.5000	5	6	0.02184	0.03372	9	8	4
3633	HCQfHz{	3	3.1966	3.5000	5	7	0.02184	0.03372	9	7	4
3634	HCpdrje	3	3.1966	3.5000	5	6	0.02184	0.03372	9	11	4
3635	HCpelr[	3	3.1966	3.5000	5	6	0.02184	0.03372	9	9	4
3636	HCperg}	3	3.1966	3.5000	5	6	0.02184	0.03372	9	11	4
3637	HCpevG}	3	3.1966	3.5000	5	6	0.02184	0.03372	9	11	4
3638	HCpfbY\	3	3.1966	3.5000	5	6	0.02184	0.03372	9	11	4
3639	HCpfcx\	3	3.1966	3.5000	5	6	0.02184	0.03372	9	10	4
3640	HCqjbfi	3	3.1966	3.5000	5	6	0.02184	0.03372	9	10	4
3641	HCrbcxm	3	3.1966	3.5000	5	6	0.02184	0.03372	9	11	4
3642	HCrbcxu	3	3.1966	3.5000	5	6	0.02184	0.03372	9	11	4
3643	HCrbdhu	3	3.1966	3.5000	5	6	0.02184	0.03372	9	10	4
3644	HCZJdc|	3	3.1966	3.5000	5	6	0.02184	0.03372	9	11	4
3645	HCdenQm	3	3.1966	3.5000	5	6	0.02184	0.03372	9	10	4
3646	HCpelri	3	3.1966	3.5000	5	6	0.02184	0.03372	9	9	4
3647	HCpfcwv	3	3.1966	3.5000	5	6	0.02184	0.03372	9	10	4
3648	HCpfcxf	3	3.1966	3.5000	5	6	0.02184	0.03372	9	10	4
3649	HCpfcxN	3	3.1966	3.5000	5	6	0.02184	0.03372	9	10	4
3650	HCpfcxZ	3	3.1966	3.5000	5	6	0.02184	0.03372	9	9	4
3651	HCpfdov	3	3.1966	3.5000	5	6	0.02184	0.03372	9	10	4
3652	HCpfdpf	3	3.1966	3.5000	5	6	0.02184	0.03372	9	10	4
3653	HCpfdpZ	3	3.1966	3.5000	5	6	0.02184	0.03372	9	9	4
3654	HCpfJpt	3	3.1966	3.5000	5	6	0.02184	0.03372	9	9	4
3655	HCpfQzU	3	3.1966	3.5000	5	6	0.02184	0.03372	9	9	4
3656	HCpfVHu	3	3.1966	3.5000	5	6	0.02184	0.03372	9	9	4
3657	HCqjerd	3	3.1966	3.5000	5	6	0.02184	0.03372	9	8	4
3658	HCQuZpu	3	3.1966	3.5000	5	6	0.02184	0.03372	9	10	4
3659	HCR`~bd	3	3.1966	3.5000	5	6	0.02184	0.03372	9	8	4
3660	HCRbnQl	3	3.1966	3.5000	5	6	0.02184	0.03372	9	8	4
3661	HCRc~`l	3	3.1966	3.5000	5	6	0.02184	0.03372	9	10	4
3662	HCRc|oz	3	3.1966	3.5000	5	6	0.02184	0.03372	9	8	4
3663	HCRc}oz	3	3.1966	3.5000	5	6	0.02184	0.03372	9	8	4
3664	HCRc|pZ	3	3.1966	3.5000	5	6	0.02184	0.03372	9	9	4
3665	HCRc~`Z	3	3.1966	3.5000	5	6	0.02184	0.03372	9	9	4
3666	HCRczp]	3	3.1966	3.5000	5	6	0.02184	0.03372	9	9	4
3667	HCRdjp]	3	3.1966	3.5000	5	6	0.02184	0.03372	9	10	4
3668	HCRdn_z	3	3.1966	3.5000	5	6	0.02184	0.03372	9	8	4
3669	HCRdroz	3	3.1966	3.5000	5	6	0.02184	0.03372	9	8	4
3670	HCRelr[	3	3.1966	3.5000	5	6	0.02184	0.03372	9	9	4
3671	HCRetoz	3	3.1966	3.5000	5	6	0.02184	0.03372	9	8	4
3672	HCR`}rd	3	3.1966	3.5000	5	6	0.02184	0.03372	9	9	4
3673	HCRU\o}	3	3.1966	3.5000	5	6	0.02184	0.03372	9	9	4
3674	HCXfQxu	3	3.1966	3.5000	5	6	0.02184	0.03372	9	9	4
3675	HCRc~`N	3	3.1966	3.5000	5	6	0.02184	0.03372	9	9	4
3676	HCRc|ov	3	3.1966	3.5000	5	6	0.02184	0.03372	9	8	4
3677	HCRc|pN	3	3.1966	3.5000	5	6	0.02184	0.03372	9	9	4
3678	HCRc~_v	3	3.1966	3.5000	5	6	0.02184	0.03372	9	8	4
3679	HCR`vNU	3	3.1966	3.5000	5	6	0.02184	0.03372	9	8	4
3680	HCXferF	3	3.1966	3.5000	5	6	0.02184	0.03372	9	9	4
3681	HCQVdZm	3	3.1966	3.5000	5	7	0.02184	0.03372	9	8	4
3682	HCR`sxz	3	3.1966	3.5000	5	7	0.02184	0.03372	9	9	4
3683	HCR`tjj	3	3.1966	3.5000	5	7	0.02184	0.03372	9	8	4
3684	HCR`uj{	3	3.1966	3.5000	5	7	0.02184	0.03372	9	7	4
3685	HCR`ujj	3	3.1966	3.5000	5	7	0.02184	0.03372	9	8	4
3686	HCR`vJ{	3	3.1966	3.5000	5	7	0.02184	0.03372	9	7	4
3687	HCperje	3	3.1966	3.5000	5	6	0.02184	0.03372	9	11	4
3688	HCpevHu	3	3.1966	3.5000	5	6	0.02184	0.03372	9	11	4
3689	HCpfJir	3	3.1966	3.5000	5	6	0.02184	0.03372	9	10	4
3690	HCpfRje	3	3.1966	3.5000	5	6	0.02184	0.03372	9	10	4
3691	HCRdjoz	3	3.1966	3.5000	5	6	0.02184	0.03372	9	10	4
3692	HCQu]rb	3	3.1966	3.5000	5	6	0.02184	0.03372	9	9	4
3693	HCQu^RR	3	3.1966	3.5000	5	6	0.02184	0.03372	9	10	4
3694	HCQbvQv	3	3.1966	3.5000	5	7	0.02184	0.03372	9	10	4
3695	HCQfHx^	3	3.1966	3.5000	5	7	0.02184	0.03372	9	8	4
3696	HCQfHz\	3	3.1966	3.5000	5	7	0.02184	0.03372	9	9	4
3697	HCQfHzj	3	3.1966	3.5000	5	7	0.02184	0.03372	9	8	4
3698	HCQfQyv	3	3.1966	3.5000	5	7	0.02184	0.03372	9	10	4
3699	HCR`sw~	3	3.1966	3.5000	5	7	0.02184	0.03372	9	8	4
3700	HCR`sx^	3	3.1966	3.5000	5	7	0.02184	0.03372	9	8	4
3701	HCR`sxn	3	3.1966	3.5000	5	7	0.02184	0.03372	9	9	4
3702	HCR`th^	3	3.1966	3.5000	5	7	0.02184	0.03372	9	8	4
3703	HCR`thz	3	3.1966	3.5000	5	7	0.02184	0.03372	9	9	4
3704	HCR`ug~	3	3.1966	3.5000	5	7	0.02184	0.03372	9	8	4
3705	HCR`uju	3	3.1966	3.5000	5	7	0.02184	0.03372	9	8	4
3706	HCR`vI}	3	3.1966	3.5000	5	7	0.02184	0.03372	9	9	4
3707	HCR`vJ]	3	3.1966	3.5000	5	7	0.02184	0.03372	9	9	4
3708	HCR`vJu	3	3.1966	3.5000	5	7	0.02184	0.03372	9	8	4
3709	HCR`tmu	3	3.1966	3.5000	5	7	0.02184	0.03372	9	7	4
3710	HCQVdZj	3	3.1966	3.5000	5	7	0.02184	0.03372	9	9	4
3711	HCOfczn	3	3.1966	3.5000	5	8	0.02184	0.03372	9	8	4
3712	HCQeRrv	3	3.1966	3.5000	5	8	0.02184	0.03372	9	8	4
3713	HCpdlq]	3	3.1966	3.5000	5	6	0.02184	0.03372	9	10	4
3714	HCpfczL	3	3.1966	3.5000	5	6	0.02184	0.03372	9	10	4
3715	HCpfczY	3	3.1966	3.5000	5	6	0.02184	0.03372	9	10	4
3716	HCpfdrY	3	3.1966	3.5000	5	6	0.02184	0.03372	9	10	4
3717	HCpe\q]	3	3.1966	3.5000	5	6	0.02184	0.03372	9	10	4
3718	HCpfczJ	3	3.1966	3.5000	5	6	0.02184	0.03372	9	9	4
3719	HCpfdrJ	3	3.1966	3.5000	5	6	0.02184	0.03372	9	9	4
3720	HCRenP]	3	3.1966	3.5000	5	6	0.02184	0.03372	9	9	4
3721	HCRU^am	3	3.1966	3.5000	5	6	0.02184	0.03372	9	9	4
3722	HCRc~af	3	3.1966	3.5000	5	6	0.02184	0.03372	9	9	4
3723	HCQbvRl	3	3.1966	3.5000	5	7	0.02184	0.03372	9	10	4
3724	HCQfHzl	3	3.1966	3.5000	5	7	0.02184	0.03372	9	8	4
3725	HCQfHzt	3	3.1966	3.5000	5	7	0.02184	0.03372	9	8	4
3726	HCQfQzm	3	3.1966	3.5000	5	7	0.02184	0.03372	9	10	4
3727	HCR`syz	3	3.1966	3.5000	5	7	0.02184	0.03372	9	9	4
3728	HCR`szl	3	3.1966	3.5000	5	7	0.02184	0.03372	9	9	4
3729	HCR`szN	3	3.1966	3.5000	5	7	0.02184	0.03372	9	8	4
3730	HCR`szZ	3	3.1966	3.5000	5	7	0.02184	0.03372	9	9	4
3731	HCR`th|	3	3.1966	3.5000	5	7	0.02184	0.03372	9	8	4
3732	HCR`tjr	3	3.1966	3.5000	5	7	0.02184	0.03372	9	8	4
3733	HCR`tjx	3	3.1966	3.5000	5	7	0.02184	0.03372	9	7	4
3734	HCR`uh|	3	3.1966	3.5000	5	7	0.02184	0.03372	9	8	4
3735	HCR`ujr	3	3.1966	3.5000	5	7	0.02184	0.03372	9	8	4
3736	HCR`ujx	3	3.1966	3.5000	5	7	0.02184	0.03372	9	7	4
3737	HCpevay	3	3.1966	3.5000	5	6	0.02184	0.03372	9	10	4
3738	HCpfcy\	3	3.1966	3.5000	5	6	0.02184	0.03372	9	10	4
3739	HCpfdqx	3	3.1966	3.5000	5	6	0.02184	0.03372	9	10	4
3740	HCpfcyr	3	3.1966	3.5000	5	6	0.02184	0.03372	9	10	4
3741	HCpfdqr	3	3.1966	3.5000	5	6	0.02184	0.03372	9	10	4
3742	HCpfJhl	3	3.1966	3.5000	5	6	0.02184	0.03372	9	9	4
3743	HCpfJht	3	3.1966	3.5000	5	6	0.02184	0.03372	9	10	4
3744	HCQuna{	3	3.1966	3.5000	5	6	0.02184	0.03372	9	9	4
3745	HCrbcyl	3	3.1966	3.5000	5	6	0.02184	0.03372	9	9	4
3746	HCrbcyt	3	3.1966	3.5000	5	6	0.02184	0.03372	9	10	4
3747	HCrbdYt	3	3.1966	3.5000	5	6	0.02184	0.03372	9	9	4
3748	HCRc~a]	3	3.1966	3.5000	5	6	0.02184	0.03372	9	9	4
3749	HCRc~ar	3	3.1966	3.5000	5	6	0.02184	0.03372	9	9	4
3750	HCRc~au	3	3.1966	3.5000	5	6	0.02184	0.03372	9	9	4
3751	HCRc~aZ	3	3.1966	3.5000	5	6	0.02184	0.03372	9	9	4
3752	HCRc~bR	3	3.1966	3.5000	5	6	0.02184	0.03372	9	9	4
3753	HCRc|qr	3	3.1966	3.5000	5	6	0.02184	0.03372	9	9	4
3754	HCRc|qu	3	3.1966	3.5000	5	6	0.02184	0.03372	9	9	4
3755	HCRc|qZ	3	3.1966	3.5000	5	6	0.02184	0.03372	9	9	4
3756	HCRc|rU	3	3.1966	3.5000	5	6	0.02184	0.03372	9	9	4
3757	HCRUlrs	3	3.1966	3.5000	5	6	0.02184	0.03372	9	10	4
3758	HCRUna{	3	3.1966	3.5000	5	6	0.02184	0.03372	9	9	4
3759	HCRVdq\	3	3.1966	3.5000	5	6	0.02184	0.03372	9	10	4
3760	HCpfJhN	3	3.1966	3.5000	5	6	0.02184	0.03372	9	10	4
3761	HCQbvPn	3	3.1966	3.5000	5	7	0.02184	0.03372	9	10	4
3762	HCQbvPz	3	3.1966	3.5000	5	7	0.02184	0.03372	9	10	4
3763	HCQbvRj	3	3.1966	3.5000	5	7	0.02184	0.03372	9	9	4
3764	HCQbvRN	3	3.1966	3.5000	5	7	0.02184	0.03372	9	8	4
3765	HCQbvRZ	3	3.1966	3.5000	5	7	0.02184	0.03372	9	10	4
3766	HCQfHy}	3	3.1966	3.5000	5	7	0.02184	0.03372	9	8	4
3767	HCQfQxz	3	3.1966	3.5000	5	7	0.02184	0.03372	9	10	4
3768	HCQfQzj	3	3.1966	3.5000	5	7	0.02184	0.03372	9	9	4
3769	HCQfQzN	3	3.1966	3.5000	5	7	0.02184	0.03372	9	8	4
3770	HCQfQzZ	3	3.1966	3.5000	5	7	0.02184	0.03372	9	10	4
3771	HCQVdY}	3	3.1966	3.5000	5	7	0.02184	0.03372	9	8	4
3772	HCR`sy^	3	3.1966	3.5000	5	7	0.02184	0.03372	9	8	4
3773	HCR`sy|	3	3.1966	3.5000	5	7	0.02184	0.03372	9	8	4
3774	HCR`syv	3	3.1966	3.5000	5	7	0.02184	0.03372	9	9	4
3775	HCR`sz\	3	3.1966	3.5000	5	7	0.02184	0.03372	9	9	4
3776	HCR`szt	3	3.1966	3.5000	5	7	0.02184	0.03372	9	9	4
3777	HCR`szV	3	3.1966	3.5000	5	7	0.02184	0.03372	9	8	4
3778	HCR`ui|	3	3.1966	3.5000	5	7	0.02184	0.03372	9	8	4
3779	HCR`vI|	3	3.1966	3.5000	5	7	0.02184	0.03372	9	8	4
3780	HCpfcyZ	3	3.1966	3.5000	5	6	0.02184	0.03372	9	10	4
3781	HCpfdqZ	3	3.1966	3.5000	5	6	0.02184	0.03372	9	10	4
3782	HCrbcy\	3	3.1966	3.5000	5	6	0.02184	0.03372	9	10	4
3783	HCrbdit	3	3.1966	3.5000	5	6	0.02184	0.03372	9	10	4
3784	HCrbdYl	3	3.1966	3.5000	5	6	0.02184	0.03372	9	9	4
3785	HCRc~aV	3	3.1966	3.5000	5	6	0.02184	0.03372	9	9	4
3786	HCRc|qV	3	3.1966	3.5000	5	6	0.02184	0.03372	9	9	4
3787	HCRVdqV	3	3.1966	3.5000	5	6	0.02184	0.03372	9	10	4
3788	HCR`ti|	3	3.1966	3.5000	5	7	0.02184	0.03372	9	8	4
3789	HCrbfe]	3	3.1966	3.5000	5	6	0.02184	0.03372	9	9	4
3790	HCrfbi\	3	3.1966	3.5000	5	6	0.02184	0.03372	9	9	4
3791	HCprnO|	3	3.1966	3.5000	5	6	0.02184	0.03372	9	11	4
3792	HCrdrhr	3	3.1966	3.5000	5	6	0.02184	0.03372	9	11	4
3793	HCrergz	3	3.1966	3.5000	5	6	0.02184	0.03372	9	11	4
3794	HCZJtjh	3	3.1966	3.5000	5	6	0.02184	0.03372	9	11	4
3795	HCdenjk	3	3.1966	3.5000	5	6	0.02184	0.03372	9	10	4
3796	HCpemzw	3	3.1966	3.5000	5	6	0.02184	0.03372	9	8	4
3797	HCrbemy	3	3.1966	3.5000	5	6	0.02184	0.03372	9	9	4
3798	HCrbeuy	3	3.1966	3.5000	5	6	0.02184	0.03372	9	9	4
3799	HCrbfV[	3	3.1966	3.5000	5	6	0.02184	0.03372	9	9	4
3800	HCrbVK}	3	3.1966	3.5000	5	6	0.02184	0.03372	9	9	4
3801	HCrerpr	3	3.1966	3.5000	5	6	0.02184	0.03372	9	9	4
3802	HCreZpr	3	3.1966	3.5000	5	6	0.02184	0.03372	9	10	4
3803	HCrfbhr	3	3.1966	3.5000	5	6	0.02184	0.03372	9	9	4
3804	HCrfRhr	3	3.1966	3.5000	5	6	0.02184	0.03372	9	9	4
3805	HCrfRWz	3	3.1966	3.5000	5	6	0.02184	0.03372	9	9	4
3806	HCrH~bh	3	3.1966	3.5000	5	6	0.02184	0.03372	9	10	4
3807	HCrVJpt	3	3.1966	3.5000	5	6	0.02184	0.03372	9	9	4
3808	HCpenri	3	3.1966	3.5000	5	6	0.02184	0.03372	9	8	4
3809	HCpe^rq	3	3.1966	3.5000	5	6	0.02184	0.03372	9	9	4
3810	HCrbfVe	3	3.1966	3.5000	5	6	0.02184	0.03372	9	8	4
3811	HCrfQzU	3	3.1966	3.5000	5	6	0.02184	0.03372	9	8	4
3812	HCY]vIm	3	3.1966	3.5000	5	6	0.02184	0.03372	9	9	4
3813	HCpfcx|	3	3.1966	3.5000	5	7	0.02184	0.03372	9	10	4
3814	HCpfcxz	3	3.1966	3.5000	5	7	0.02184	0.03372	9	8	4
3815	HCpfdp^	3	3.1966	3.5000	5	7	0.02184	0.03372	9	9	4
3816	HCpfdp|	3	3.1966	3.5000	5	7	0.02184	0.03372	9	10	4
3817	HCrbcx}	3	3.1966	3.5000	5	7	0.02184	0.03372	9	10	4
3818	HCrbdh}	3	3.1966	3.5000	5	7	0.02184	0.03372	9	10	4
3819	HCrbdi}	3	3.1966	3.5000	5	7	0.02184	0.03372	9	8	4
3820	HCrbdX}	3	3.1966	3.5000	5	7	0.02184	0.03372	9	9	4
3821	HCRc~`}	3	3.1966	3.5000	5	7	0.02184	0.03372	9	9	4
3822	HCRc~_~	3	3.1966	3.5000	5	7	0.02184	0.03372	9	7	4
3823	HCRc|p}	3	3.1966	3.5000	5	7	0.02184	0.03372	9	9	4
3824	HCRc|pv	3	3.1966	3.5000	5	7	0.02184	0.03372	9	8	4
3825	HCRc|pz	3	3.1966	3.5000	5	7	0.02184	0.03372	9	9	4
3826	HCRc~`z	3	3.1966	3.5000	5	7	0.02184	0.03372	9	9	4
3827	HCR`ty}	3	3.1966	3.5000	5	7	0.02184	0.03372	9	7	4
3828	HCR`tz]	3	3.1966	3.5000	5	7	0.02184	0.03372	9	8	4
3829	HCR`tzm	3	3.1966	3.5000	5	7	0.02184	0.03372	9	8	4
3830	HCR`tzu	3	3.1966	3.5000	5	7	0.02184	0.03372	9	8	4
3831	HCR`vpv	3	3.1966	3.5000	5	7	0.02184	0.03372	9	6	4
3832	HCR`vrf	3	3.1966	3.5000	5	7	0.02184	0.03372	9	6	4
3833	HCprmrd	3	3.1966	3.5000	5	6	0.02184	0.03372	9	11	4
3834	HCprnRd	3	3.1966	3.5000	5	6	0.02184	0.03372	9	11	4
3835	HCrbev[	3	3.1966	3.5000	5	6	0.02184	0.03372	9	9	4
3836	HCrerhr	3	3.1966	3.5000	5	6	0.02184	0.03372	9	11	4
3837	HCrerXr	3	3.1966	3.5000	5	6	0.02184	0.03372	9	11	4
3838	HCZLfS}	3	3.1966	3.5000	5	6	0.02184	0.03372	9	11	4
3839	HCZLfTy	3	3.1966	3.5000	5	6	0.02184	0.03372	9	11	4
3840	HCpfezM	3	3.1966	3.5000	5	6	0.02184	0.03372	9	9	4
3841	HCpfUzU	3	3.1966	3.5000	5	6	0.02184	0.03372	9	8	4
3842	HCrbeve	3	3.1966	3.5000	5	6	0.02184	0.03372	9	10	4
3843	HCrerje	3	3.1966	3.5000	5	6	0.02184	0.03372	9	10	4
3844	HCrfRje	3	3.1966	3.5000	5	6	0.02184	0.03372	9	9	4
3845	HCrUrje	3	3.1966	3.5000	5	6	0.02184	0.03372	9	8	4
3846	HCZMtim	3	3.1966	3.5000	5	6	0.02184	0.03372	9	9	4
3847	HCrbene	3	3.1966	3.5000	5	6	0.02184	0.03372	9	8	4
3848	HCpfcx^	3	3.1966	3.5000	5	7	0.02184	0.03372	9	9	4
3849	HCpfcxn	3	3.1966	3.5000	5	7	0.02184	0.03372	9	10	4
3850	HCpfcxv	3	3.1966	3.5000	5	7	0.02184	0.03372	9	10	4
3851	HCpfdpn	3	3.1966	3.5000	5	7	0.02184	0.03372	9	10	4
3852	HCpfdpv	3	3.1966	3.5000	5	7	0.02184	0.03372	9	10	4
3853	HCpfdpz	3	3.1966	3.5000	5	7	0.02184	0.03372	9	8	4
3854	HCpfJiz	3	3.1966	3.5000	5	7	0.02184	0.03372	9	10	4
3855	HCpfJjx	3	3.1966	3.5000	5	7	0.02184	0.03372	9	10	4
3856	HCpfJjy	3	3.1966	3.5000	5	7	0.02184	0.03372	9	10	4
3857	HCrbdj]	3	3.1966	3.5000	5	7	0.02184	0.03372	9	10	4
3858	HCrbdjm	3	3.1966	3.5000	5	7	0.02184	0.03372	9	10	4
3859	HCrbdju	3	3.1966	3.5000	5	7	0.02184	0.03372	9	9	4
3860	HCrbdZ]	3	3.1966	3.5000	5	7	0.02184	0.03372	9	9	4
3861	HCrbdZm	3	3.1966	3.5000	5	7	0.02184	0.03372	9	8	4
3862	HCrbdZu	3	3.1966	3.5000	5	7	0.02184	0.03372	9	9	4
3863	HCRc~`^	3	3.1966	3.5000	5	7	0.02184	0.03372	9	8	4
3864	HCRc~`n	3	3.1966	3.5000	5	7	0.02184	0.03372	9	9	4
3865	HCRc|o~	3	3.1966	3.5000	5	7	0.02184	0.03372	9	7	4
3866	HCRc|p^	3	3.1966	3.5000	5	7	0.02184	0.03372	9	8	4
3867	HCRc|pn	3	3.1966	3.5000	5	7	0.02184	0.03372	9	9	4
3868	HCRc~`v	3	3.1966	3.5000	5	7	0.02184	0.03372	9	8	4
3869	HCR`rnu	3	3.1966	3.5000	5	7	0.02184	0.03372	9	7	4
3870	HCR`un]	3	3.1966	3.5000	5	7	0.02184	0.03372	9	7	4
3871	HCR`unu	3	3.1966	3.5000	5	7	0.02184	0.03372	9	7	4
3872	HCR`uz]	3	3.1966	3.5000	5	7	0.02184	0.03372	9	7	4
3873	HCR`uzu	3	3.1966	3.5000	5	7	0.02184	0.03372	9	9	4
3874	HCR`vh}	3	3.1966	3.5000	5	7	0.02184	0.03372	9	9	4
3875	HCR`vju	3	3.1966	3.5000	5	7	0.02184	0.03372	9	7	4
3876	HCR`vN]	3	3.1966	3.5000	5	7	0.02184	0.03372	9	8	4
3877	HCR`vNu	3	3.1966	3.5000	5	7	0.02184	0.03372	9	7	4
3878	HCR`tx^	3	3.1966	3.5000	5	7	0.02184	0.03372	9	7	4
3879	HCR`vjj	3	3.1966	3.5000	5	7	0.02184	0.03372	9	8	4
3880	HCpfJjZ	3	3.1966	3.5000	5	7	0.02184	0.03372	9	10	4
3881	HCR`uw~	3	3.1966	3.5000	5	7	0.02184	0.03372	9	8	4
3882	HCR`vhz	3	3.1966	3.5000	5	7	0.02184	0.03372	9	9	4
3883	HCR`sx~	3	3.1966	3.5000	5	8	0.02184	0.03372	9	8	4
3884	HCR`vJ}	3	3.1966	3.5000	5	8	0.02184	0.03372	9	8	4
3885	HCpfcyn	3	3.1966	3.5000	5	7	0.02184	0.03372	9	8	4
3886	HCpfcz]	3	3.1966	3.5000	5	7	0.02184	0.03372	9	9	4
3887	HCpfczj	3	3.1966	3.5000	5	7	0.02184	0.03372	9	8	4
3888	HCpfczl	3	3.1966	3.5000	5	7	0.02184	0.03372	9	10	4
3889	HCpfczN	3	3.1966	3.5000	5	7	0.02184	0.03372	9	9	4
3890	HCpfczu	3	3.1966	3.5000	5	7	0.02184	0.03372	9	10	4
3891	HCpfczy	3	3.1966	3.5000	5	7	0.02184	0.03372	9	10	4
3892	HCpfdqn	3	3.1966	3.5000	5	7	0.02184	0.03372	9	8	4
3893	HCpfdr]	3	3.1966	3.5000	5	7	0.02184	0.03372	9	10	4
3894	HCpfdrj	3	3.1966	3.5000	5	7	0.02184	0.03372	9	8	4
3895	HCpfdrN	3	3.1966	3.5000	5	7	0.02184	0.03372	9	9	4
3896	HCpfdru	3	3.1966	3.5000	5	7	0.02184	0.03372	9	10	4
3897	HCpfdry	3	3.1966	3.5000	5	7	0.02184	0.03372	9	9	4
3898	HCpfJj]	3	3.1966	3.5000	5	7	0.02184	0.03372	9	10	4
3899	HCrbczf	3	3.1966	3.5000	5	7	0.02184	0.03372	9	9	4
3900	HCrbdhn	3	3.1966	3.5000	5	7	0.02184	0.03372	9	10	4
3901	HCrbdhv	3	3.1966	3.5000	5	7	0.02184	0.03372	9	10	4
3902	HCrbdiz	3	3.1966	3.5000	5	7	0.02184	0.03372	9	10	4
3903	HCrbdjN	3	3.1966	3.5000	5	7	0.02184	0.03372	9	9	4
3904	HCrbdjr	3	3.1966	3.5000	5	7	0.02184	0.03372	9	9	4
3905	HCrbdXn	3	3.1966	3.5000	5	7	0.02184	0.03372	9	9	4
3906	HCrbdXv	3	3.1966	3.5000	5	7	0.02184	0.03372	9	9	4
3907	HCrbdYz	3	3.1966	3.5000	5	7	0.02184	0.03372	9	9	4
3908	HCrbdZj	3	3.1966	3.5000	5	7	0.02184	0.03372	9	7	4
3909	HCRc~an	3	3.1966	3.5000	5	7	0.02184	0.03372	9	8	4
3910	HCRc~b\	3	3.1966	3.5000	5	7	0.02184	0.03372	9	8	4
3911	HCRc~bf	3	3.1966	3.5000	5	7	0.02184	0.03372	9	8	4
3912	HCRc~bm	3	3.1966	3.5000	5	7	0.02184	0.03372	9	9	4
3913	HCRc~bN	3	3.1966	3.5000	5	7	0.02184	0.03372	9	8	4
3914	HCRc~bt	3	3.1966	3.5000	5	7	0.02184	0.03372	9	9	4
3915	HCRc|q|	3	3.1966	3.5000	5	7	0.02184	0.03372	9	8	4
3916	HCRc|qn	3	3.1966	3.5000	5	7	0.02184	0.03372	9	8	4
3917	HCRc|r\	3	3.1966	3.5000	5	7	0.02184	0.03372	9	7	4
3918	HCRc|rf	3	3.1966	3.5000	5	7	0.02184	0.03372	9	8	4
3919	HCRc|rm	3	3.1966	3.5000	5	7	0.02184	0.03372	9	9	4
3920	HCRc|rN	3	3.1966	3.5000	5	7	0.02184	0.03372	9	8	4
3921	HCRc|rt	3	3.1966	3.5000	5	7	0.02184	0.03372	9	9	4
3922	HCR`tw~	3	3.1966	3.5000	5	7	0.02184	0.03372	9	7	4
3923	HCR`txn	3	3.1966	3.5000	5	7	0.02184	0.03372	9	8	4
3924	HCR`txv	3	3.1966	3.5000	5	7	0.02184	0.03372	9	7	4
3925	HCR`tzN	3	3.1966	3.5000	5	7	0.02184	0.03372	9	7	4
3926	HCR`tzZ	3	3.1966	3.5000	5	7	0.02184	0.03372	9	8	4
3927	HCR`vjr	3	3.1966	3.5000	5	7	0.02184	0.03372	9	8	4
3928	HCR`vqv	3	3.1966	3.5000	5	7	0.02184	0.03372	9	7	4
3929	HCR`vrt	3	3.1966	3.5000	5	7	0.02184	0.03372	9	7	4
3930	HCR`vrV	3	3.1966	3.5000	5	7	0.02184	0.03372	9	6	4
3931	HCQbvR|	3	3.1966	3.5000	5	8	0.02184	0.03372	9	9	4
3932	HCQfQz}	3	3.1966	3.5000	5	8	0.02184	0.03372	9	9	4
3933	HCR`szn	3	3.1966	3.5000	5	8	0.02184	0.03372	9	8	4
3934	HCR`szz	3	3.1966	3.5000	5	8	0.02184	0.03372	9	8	4
3935	HCpfcy|	3	3.1966	3.5000	5	7	0.02184	0.03372	9	10	4
3936	HCpfcyv	3	3.1966	3.5000	5	7	0.02184	0.03372	9	10	4
3937	HCpfcz\	3	3.1966	3.5000	5	7	0.02184	0.03372	9	10	4
3938	HCpfczr	3	3.1966	3.5000	5	7	0.02184	0.03372	9	9	4
3939	HCpfczV	3	3.1966	3.5000	5	7	0.02184	0.03372	9	8	4
3940	HCpfdq|	3	3.1966	3.5000	5	7	0.02184	0.03372	9	10	4
3941	HCpfdqv	3	3.1966	3.5000	5	7	0.02184	0.03372	9	10	4
3942	HCpfdr\	3	3.1966	3.5000	5	7	0.02184	0.03372	9	10	4
3943	HCpfdrr	3	3.1966	3.5000	5	7	0.02184	0.03372	9	9	4
3944	HCpfdrV	3	3.1966	3.5000	5	7	0.02184	0.03372	9	8	4
3945	HCpfdrx	3	3.1966	3.5000	5	7	0.02184	0.03372	9	9	4
3946	HCpfJh^	3	3.1966	3.5000	5	7	0.02184	0.03372	9	9	4
3947	HCpfJh|	3	3.1966	3.5000	5	7	0.02184	0.03372	9	10	4
3948	HCpfJin	3	3.1966	3.5000	5	7	0.02184	0.03372	9	8	4
3949	HCpfJiv	3	3.1966	3.5000	5	7	0.02184	0.03372	9	10	4
3950	HCpfJjl	3	3.1966	3.5000	5	7	0.02184	0.03372	9	8	4
3951	HCpfJjm	3	3.1966	3.5000	5	7	0.02184	0.03372	9	10	4
3952	HCpfJjN	3	3.1966	3.5000	5	7	0.02184	0.03372	9	9	4
3953	HCpfJjt	3	3.1966	3.5000	5	7	0.02184	0.03372	9	9	4
3954	HCpfJju	3	3.1966	3.5000	5	7	0.02184	0.03372	9	9	4
3955	HCpfJjV	3	3.1966	3.5000	5	7	0.02184	0.03372	9	8	4
3956	HCrbcyn	3	3.1966	3.5000	5	7	0.02184	0.03372	9	8	4
3957	HCrbcyv	3	3.1966	3.5000	5	7	0.02184	0.03372	9	10	4
3958	HCrbcyz	3	3.1966	3.5000	5	7	0.02184	0.03372	9	10	4
3959	HCrbczl	3	3.1966	3.5000	5	7	0.02184	0.03372	9	10	4
3960	HCrbczN	3	3.1966	3.5000	5	7	0.02184	0.03372	9	9	4
3961	HCrbczt	3	3.1966	3.5000	5	7	0.02184	0.03372	9	9	4
3962	HCrbczV	3	3.1966	3.5000	5	7	0.02184	0.03372	9	8	4
3963	HCrbczZ	3	3.1966	3.5000	5	7	0.02184	0.03372	9	10	4
3964	HCrbdi^	3	3.1966	3.5000	5	7	0.02184	0.03372	9	9	4
3965	HCrbdin	3	3.1966	3.5000	5	7	0.02184	0.03372	9	8	4
3966	HCrbdj\	3	3.1966	3.5000	5	7	0.02184	0.03372	9	10	4
3967	HCrbdjf	3	3.1966	3.5000	5	7	0.02184	0.03372	9	9	4
3968	HCrbdjl	3	3.1966	3.5000	5	7	0.02184	0.03372	9	10	4
3969	HCrbdjV	3	3.1966	3.5000	5	7	0.02184	0.03372	9	8	4
3970	HCrbdY^	3	3.1966	3.5000	5	7	0.02184	0.03372	9	8	4
3971	HCrbdYv	3	3.1966	3.5000	5	7	0.02184	0.03372	9	9	4
3972	HCrbdZ\	3	3.1966	3.5000	5	7	0.02184	0.03372	9	9	4
3973	HCrbdZf	3	3.1966	3.5000	5	7	0.02184	0.03372	9	8	4
3974	HCrbdZN	3	3.1966	3.5000	5	7	0.02184	0.03372	9	8	4
3975	HCrbdZt	3	3.1966	3.5000	5	7	0.02184	0.03372	9	8	4
3976	HCRc~a}	3	3.1966	3.5000	5	7	0.02184	0.03372	9	9	4
3977	HCRc~az	3	3.1966	3.5000	5	7	0.02184	0.03372	9	9	4
3978	HCRc~b]	3	3.1966	3.5000	5	7	0.02184	0.03372	9	9	4
3979	HCRc~br	3	3.1966	3.5000	5	7	0.02184	0.03372	9	8	4
3980	HCRc~bu	3	3.1966	3.5000	5	7	0.02184	0.03372	9	8	4
3981	HCRc~bZ	3	3.1966	3.5000	5	7	0.02184	0.03372	9	9	4
3982	HCRc|q}	3	3.1966	3.5000	5	7	0.02184	0.03372	9	8	4
3983	HCRc|qz	3	3.1966	3.5000	5	7	0.02184	0.03372	9	9	4
3984	HCRc|r]	3	3.1966	3.5000	5	7	0.02184	0.03372	9	9	4
3985	HCRc|ru	3	3.1966	3.5000	5	7	0.02184	0.03372	9	9	4
3986	HCRc|rZ	3	3.1966	3.5000	5	7	0.02184	0.03372	9	9	4
3987	HCRVdq|	3	3.1966	3.5000	5	7	0.02184	0.03372	9	10	4
3988	HCRVdqz	3	3.1966	3.5000	5	7	0.02184	0.03372	9	10	4
3989	HCRVdr]	3	3.1966	3.5000	5	7	0.02184	0.03372	9	10	4
3990	HCRVdr\	3	3.1966	3.5000	5	7	0.02184	0.03372	9	10	4
3991	HCRVdrr	3	3.1966	3.5000	5	7	0.02184	0.03372	9	9	4
3992	HCRVdrt	3	3.1966	3.5000	5	7	0.02184	0.03372	9	8	4
3993	HCRVdru	3	3.1966	3.5000	5	7	0.02184	0.03372	9	10	4
3994	HCRVdrZ	3	3.1966	3.5000	5	7	0.02184	0.03372	9	8	4
3995	HCR`ty^	3	3.1966	3.5000	5	7	0.02184	0.03372	9	7	4
3996	HCR`tyn	3	3.1966	3.5000	5	7	0.02184	0.03372	9	7	4
3997	HCR`tz\	3	3.1966	3.5000	5	7	0.02184	0.03372	9	8	4
3998	HCR`tzf	3	3.1966	3.5000	5	7	0.02184	0.03372	9	7	4
3999	HCR`tzl	3	3.1966	3.5000	5	7	0.02184	0.03372	9	8	4
4000	HCR`tzV	3	3.1966	3.5000	5	7	0.02184	0.03372	9	7	4
4001	HCR`vr\	3	3.1966	3.5000	5	7	0.02184	0.03372	9	7	4
4002	HCQbvP~	3	3.1966	3.5000	5	8	0.02184	0.03372	9	9	4
4003	HCQbvR^	3	3.1966	3.5000	5	8	0.02184	0.03372	9	9	4
4004	HCQbvRn	3	3.1966	3.5000	5	8	0.02184	0.03372	9	9	4
4005	HCQbvRz	3	3.1966	3.5000	5	8	0.02184	0.03372	9	9	4
4006	HCQfQzn	3	3.1966	3.5000	5	8	0.02184	0.03372	9	9	4
4007	HCQfQzz	3	3.1966	3.5000	5	8	0.02184	0.03372	9	9	4
4008	HCR`sy~	3	3.1966	3.5000	5	8	0.02184	0.03372	9	8	4
4009	HCR`sz^	3	3.1966	3.5000	5	8	0.02184	0.03372	9	8	4
4010	HCR`sz|	3	3.1966	3.5000	5	8	0.02184	0.03372	9	8	4
4011	HCR`szv	3	3.1966	3.5000	5	8	0.02184	0.03372	9	8	4
4012	HCpfcy^	3	3.1966	3.5000	5	7	0.02184	0.03372	9	9	4
4013	HCpfcyz	3	3.1966	3.5000	5	7	0.02184	0.03372	9	10	4
4014	HCpfczZ	3	3.1966	3.5000	5	7	0.02184	0.03372	9	10	4
4015	HCpfdqz	3	3.1966	3.5000	5	7	0.02184	0.03372	9	10	4
4016	HCpfdrZ	3	3.1966	3.5000	5	7	0.02184	0.03372	9	10	4
4017	HCrbcy^	3	3.1966	3.5000	5	7	0.02184	0.03372	9	9	4
4018	HCrbcy|	3	3.1966	3.5000	5	7	0.02184	0.03372	9	10	4
4019	HCrbcz\	3	3.1966	3.5000	5	7	0.02184	0.03372	9	10	4
4020	HCrbdi|	3	3.1966	3.5000	5	7	0.02184	0.03372	9	10	4
4021	HCrbdiv	3	3.1966	3.5000	5	7	0.02184	0.03372	9	10	4
4022	HCrbdjt	3	3.1966	3.5000	5	7	0.02184	0.03372	9	9	4
4023	HCrbdY|	3	3.1966	3.5000	5	7	0.02184	0.03372	9	9	4
4024	HCrbdYn	3	3.1966	3.5000	5	7	0.02184	0.03372	9	8	4
4025	HCrbdZl	3	3.1966	3.5000	5	7	0.02184	0.03372	9	9	4
4026	HCRc~a^	3	3.1966	3.5000	5	7	0.02184	0.03372	9	8	4
4027	HCRc~av	3	3.1966	3.5000	5	7	0.02184	0.03372	9	9	4
4028	HCRc~bV	3	3.1966	3.5000	5	7	0.02184	0.03372	9	8	4
4029	HCRc|q^	3	3.1966	3.5000	5	7	0.02184	0.03372	9	8	4
4030	HCRc|qv	3	3.1966	3.5000	5	7	0.02184	0.03372	9	9	4
4031	HCRc|rV	3	3.1966	3.5000	5	7	0.02184	0.03372	9	8	4
4032	HCRVdq^	3	3.1966	3.5000	5	7	0.02184	0.03372	9	9	4
4033	HCRVdqv	3	3.1966	3.5000	5	7	0.02184	0.03372	9	10	4
4034	HCRVdrV	3	3.1966	3.5000	5	7	0.02184	0.03372	9	9	4
4035	HCR`ty|	3	3.1966	3.5000	5	7	0.02184	0.03372	9	7	4
4036	HCR`tyv	3	3.1966	3.5000	5	7	0.02184	0.03372	9	8	4
4037	HCR`tzt	3	3.1966	3.5000	5	7	0.02184	0.03372	9	8	4
4038	HCrbdv{	3	3.1966	3.5000	5	7	0.02184	0.03372	9	10	4
4039	HCrbdx}	3	3.1966	3.5000	5	7	0.02184	0.03372	9	10	4
4040	HCrbfd}	3	3.1966	3.5000	5	7	0.02184	0.03372	9	9	4
4041	HCrbfe}	3	3.1966	3.5000	5	7	0.02184	0.03372	9	9	4
4042	HCrbfi}	3	3.1966	3.5000	5	7	0.02184	0.03372	9	9	4
4043	HCrbfT}	3	3.1966	3.5000	5	7	0.02184	0.03372	9	8	4
4044	HCrbfV{	3	3.1966	3.5000	5	7	0.02184	0.03372	9	8	4
4045	HCrbdvm	3	3.1966	3.5000	5	7	0.02184	0.03372	9	10	4
4046	HCrbdvu	3	3.1966	3.5000	5	7	0.02184	0.03372	9	10	4
4047	HCrbdz]	3	3.1966	3.5000	5	7	0.02184	0.03372	9	10	4
4048	HCrbdzm	3	3.1966	3.5000	5	7	0.02184	0.03372	9	10	4
4049	HCrbdzu	3	3.1966	3.5000	5	7	0.02184	0.03372	9	10	4
4050	HCrben{	3	3.1966	3.5000	5	7	0.02184	0.03372	9	8	4
4051	HCrbeny	3	3.1966	3.5000	5	7	0.02184	0.03372	9	8	4
4052	HCrbet}	3	3.1966	3.5000	5	7	0.02184	0.03372	9	10	4
4053	HCrbeu}	3	3.1966	3.5000	5	7	0.02184	0.03372	9	10	4
4054	HCrbev{	3	3.1966	3.5000	5	7	0.02184	0.03372	9	10	4
4055	HCrbevy	3	3.1966	3.5000	5	7	0.02184	0.03372	9	8	4
4056	HCrbex}	3	3.1966	3.5000	5	7	0.02184	0.03372	9	10	4
4057	HCrbey}	3	3.1966	3.5000	5	7	0.02184	0.03372	9	10	4
4058	HCrbezy	3	3.1966	3.5000	5	7	0.02184	0.03372	9	10	4
4059	HCrbff]	3	3.1966	3.5000	5	7	0.02184	0.03372	9	9	4
4060	HCrbffu	3	3.1966	3.5000	5	7	0.02184	0.03372	9	8	4
4061	HCrbfj]	3	3.1966	3.5000	5	7	0.02184	0.03372	9	9	4
4062	HCrbfjm	3	3.1966	3.5000	5	7	0.02184	0.03372	9	9	4
4063	HCrbfju	3	3.1966	3.5000	5	7	0.02184	0.03372	9	8	4
4064	HCrbfM}	3	3.1966	3.5000	5	7	0.02184	0.03372	9	9	4
4065	HCrbfN{	3	3.1966	3.5000	5	7	0.02184	0.03372	9	9	4
4066	HCrbfNy	3	3.1966	3.5000	5	7	0.02184	0.03372	9	9	4
4067	HCrbfV]	3	3.1966	3.5000	5	7	0.02184	0.03372	9	8	4
4068	HCrbfVu	3	3.1966	3.5000	5	7	0.02184	0.03372	9	8	4
4069	HCrbfZy	3	3.1966	3.5000	5	7	0.02184	0.03372	9	10	4
4070	HCR`tz}	3	3.1966	3.5000	5	8	0.02184	0.03372	9	7	4
4071	HCrbenm	3	3.1966	3.5000	5	7	0.02184	0.03372	9	8	4
4072	HCrbenu	3	3.1966	3.5000	5	7	0.02184	0.03372	9	7	4
4073	HCrbev]	3	3.1966	3.5000	5	7	0.02184	0.03372	9	8	4
4074	HCrbevm	3	3.1966	3.5000	5	7	0.02184	0.03372	9	10	4
4075	HCrbevu	3	3.1966	3.5000	5	7	0.02184	0.03372	9	10	4
4076	HCrbezu	3	3.1966	3.5000	5	7	0.02184	0.03372	9	10	4
4077	HCrbfN]	3	3.1966	3.5000	5	7	0.02184	0.03372	9	9	4
4078	HCrbfZu	3	3.1966	3.5000	5	7	0.02184	0.03372	9	10	4
4079	HCR`vnu	3	3.1966	3.5000	5	8	0.02184	0.03372	9	6	4
4080	HCpfcx~	3	3.1966	3.5000	5	8	0.02184	0.03372	9	9	4
4081	HCpfdp~	3	3.1966	3.5000	5	8	0.02184	0.03372	9	9	4
4082	HCrbdj}	3	3.1966	3.5000	5	8	0.02184	0.03372	9	9	4
4083	HCrbdZ}	3	3.1966	3.5000	5	8	0.02184	0.03372	9	8	4
4084	HCRc~`~	3	3.1966	3.5000	5	8	0.02184	0.03372	9	8	4
4085	HCRc|p~	3	3.1966	3.5000	5	8	0.02184	0.03372	9	8	4
4086	HCR`uz}	3	3.1966	3.5000	5	8	0.02184	0.03372	9	8	4
4087	HCrbdvf	3	3.1966	3.5000	5	7	0.02184	0.03372	9	9	4
4088	HCrbdvl	3	3.1966	3.5000	5	7	0.02184	0.03372	9	10	4
4089	HCrbdvt	3	3.1966	3.5000	5	7	0.02184	0.03372	9	9	4
4090	HCrbdxn	3	3.1966	3.5000	5	7	0.02184	0.03372	9	10	4
4091	HCrbdxv	3	3.1966	3.5000	5	7	0.02184	0.03372	9	10	4
4092	HCrbdzj	3	3.1966	3.5000	5	7	0.02184	0.03372	9	8	4
4093	HCrbdzr	3	3.1966	3.5000	5	7	0.02184	0.03372	9	9	4
4094	HCrbeun	3	3.1966	3.5000	5	7	0.02184	0.03372	9	8	4
4095	HCrbevf	3	3.1966	3.5000	5	7	0.02184	0.03372	9	9	4
4096	HCrbevt	3	3.1966	3.5000	5	7	0.02184	0.03372	9	9	4
4097	HCrbexv	3	3.1966	3.5000	5	7	0.02184	0.03372	9	10	4
4098	HCrbfen	3	3.1966	3.5000	5	7	0.02184	0.03372	9	7	4
4099	HCrbff\	3	3.1966	3.5000	5	7	0.02184	0.03372	9	9	4
4100	HCrbffN	3	3.1966	3.5000	5	7	0.02184	0.03372	9	8	4
4101	HCrbfft	3	3.1966	3.5000	5	7	0.02184	0.03372	9	8	4
4102	HCrbfh^	3	3.1966	3.5000	5	7	0.02184	0.03372	9	8	4
4103	HCrbfVV	3	3.1966	3.5000	5	7	0.02184	0.03372	9	7	4
4104	HCpfcz}	3	3.1966	3.5000	5	8	0.02184	0.03372	9	9	4
4105	HCpfczn	3	3.1966	3.5000	5	8	0.02184	0.03372	9	9	4
4106	HCpfdr}	3	3.1966	3.5000	5	8	0.02184	0.03372	9	9	4
4107	HCpfdrn	3	3.1966	3.5000	5	8	0.02184	0.03372	9	9	4
4108	HCrbdh~	3	3.1966	3.5000	5	8	0.02184	0.03372	9	9	4
4109	HCrbdjz	3	3.1966	3.5000	5	8	0.02184	0.03372	9	9	4
4110	HCrbdX~	3	3.1966	3.5000	5	8	0.02184	0.03372	9	8	4
4111	HCrbdZz	3	3.1966	3.5000	5	8	0.02184	0.03372	9	8	4
4112	HCRc~b|	3	3.1966	3.5000	5	8	0.02184	0.03372	9	8	4
4113	HCRc~bn	3	3.1966	3.5000	5	8	0.02184	0.03372	9	8	4
4114	HCRc|r|	3	3.1966	3.5000	5	8	0.02184	0.03372	9	8	4
4115	HCRc|rn	3	3.1966	3.5000	5	8	0.02184	0.03372	9	8	4
4116	HCR`tx~	3	3.1966	3.5000	5	8	0.02184	0.03372	9	7	4
4117	HCR`tzz	3	3.1966	3.5000	5	8	0.02184	0.03372	9	7	4
4118	HCR`vrv	3	3.1966	3.5000	5	8	0.02184	0.03372	9	6	4
4119	HCrbdu|	3	3.1966	3.5000	5	7	0.02184	0.03372	9	10	4
4120	HCrbdv\	3	3.1966	3.5000	5	7	0.02184	0.03372	9	10	4
4121	HCrbdvj	3	3.1966	3.5000	5	7	0.02184	0.03372	9	8	4
4122	HCrbdvV	3	3.1966	3.5000	5	7	0.02184	0.03372	9	8	4
4123	HCrbdzf	3	3.1966	3.5000	5	7	0.02184	0.03372	9	9	4
4124	HCrbdzN	3	3.1966	3.5000	5	7	0.02184	0.03372	9	9	4
4125	HCrbdzV	3	3.1966	3.5000	5	7	0.02184	0.03372	9	8	4
4126	HCrbdzZ	3	3.1966	3.5000	5	7	0.02184	0.03372	9	10	4
4127	HCrbetn	3	3.1966	3.5000	5	7	0.02184	0.03372	9	10	4
4128	HCrbetv	3	3.1966	3.5000	5	7	0.02184	0.03372	9	10	4
4129	HCrbeuv	3	3.1966	3.5000	5	7	0.02184	0.03372	9	10	4
4130	HCrbevl	3	3.1966	3.5000	5	7	0.02184	0.03372	9	10	4
4131	HCrbexn	3	3.1966	3.5000	5	7	0.02184	0.03372	9	10	4
4132	HCrbezf	3	3.1966	3.5000	5	7	0.02184	0.03372	9	9	4
4133	HCrbfd^	3	3.1966	3.5000	5	7	0.02184	0.03372	9	8	4
4134	HCrbfdn	3	3.1966	3.5000	5	7	0.02184	0.03372	9	9	4
4135	HCrbfe^	3	3.1966	3.5000	5	7	0.02184	0.03372	9	8	4
4136	HCrbfff	3	3.1966	3.5000	5	7	0.02184	0.03372	9	8	4
4137	HCrbffj	3	3.1966	3.5000	5	7	0.02184	0.03372	9	7	4
4138	HCrbfhn	3	3.1966	3.5000	5	7	0.02184	0.03372	9	9	4
4139	HCrbfhv	3	3.1966	3.5000	5	7	0.02184	0.03372	9	9	4
4140	HCrbfjN	3	3.1966	3.5000	5	7	0.02184	0.03372	9	8	4
4141	HCrbfT^	3	3.1966	3.5000	5	7	0.02184	0.03372	9	7	4
4142	HCrbfTv	3	3.1966	3.5000	5	7	0.02184	0.03372	9	8	4
4143	HCrbfUn	3	3.1966	3.5000	5	7	0.02184	0.03372	9	6	4
4144	HCrbfV\	3	3.1966	3.5000	5	7	0.02184	0.03372	9	8	4
4145	HCrbfVf	3	3.1966	3.5000	5	7	0.02184	0.03372	9	7	4
4146	HCrbfVl	3	3.1966	3.5000	5	7	0.02184	0.03372	9	8	4
4147	HCrbfZV	3	3.1966	3.5000	5	7	0.02184	0.03372	9	8	4
4148	HCpfcz|	3	3.1966	3.5000	5	8	0.02184	0.03372	9	9	4
4149	HCpfczv	3	3.1966	3.5000	5	8	0.02184	0.03372	9	9	4
4150	HCpfdr|	3	3.1966	3.5000	5	8	0.02184	0.03372	9	9	4
4151	HCpfdrv	3	3.1966	3.5000	5	8	0.02184	0.03372	9	9	4
4152	HCpfJi~	3	3.1966	3.5000	5	8	0.02184	0.03372	9	9	4
4153	HCpfJj^	3	3.1966	3.5000	5	8	0.02184	0.03372	9	9	4
4154	HCpfJj|	3	3.1966	3.5000	5	8	0.02184	0.03372	9	9	4
4155	HCpfJj}	3	3.1966	3.5000	5	8	0.02184	0.03372	9	9	4
4156	HCrbczn	3	3.1966	3.5000	5	8	0.02184	0.03372	9	9	4
4157	HCrbczv	3	3.1966	3.5000	5	8	0.02184	0.03372	9	9	4
4158	HCrbczz	3	3.1966	3.5000	5	8	0.02184	0.03372	9	9	4
4159	HCrbdj^	3	3.1966	3.5000	5	8	0.02184	0.03372	9	9	4
4160	HCrbdjn	3	3.1966	3.5000	5	8	0.02184	0.03372	9	9	4
4161	HCrbdZ^	3	3.1966	3.5000	5	8	0.02184	0.03372	9	8	4
4162	HCrbdZv	3	3.1966	3.5000	5	8	0.02184	0.03372	9	8	4
4163	HCRc~b}	3	3.1966	3.5000	5	8	0.02184	0.03372	9	8	4
4164	HCRc~bz	3	3.1966	3.5000	5	8	0.02184	0.03372	9	8	4
4165	HCRc|r}	3	3.1966	3.5000	5	8	0.02184	0.03372	9	8	4
4166	HCRc|rz	3	3.1966	3.5000	5	8	0.02184	0.03372	9	8	4
4167	HCR`tz^	3	3.1966	3.5000	5	8	0.02184	0.03372	9	7	4
4168	HCR`tzn	3	3.1966	3.5000	5	8	0.02184	0.03372	9	7	4
4169	HCRVdr|	3	3.1966	3.5000	5	8	0.02184	0.03372	9	9	4
4170	HCRVdr}	3	3.1966	3.5000	5	8	0.02184	0.03372	9	9	4
4171	HCRVdrz	3	3.1966	3.5000	5	8	0.02184	0.03372	9	9	4
4172	HCR`vr^	3	3.1966	3.5000	5	8	0.02184	0.03372	9	6	4
4173	HCR`vr|	3	3.1966	3.5000	5	8	0.02184	0.03372	9	6	4
4174	HCQbvR~	3	3.1966	3.5000	5	9	0.02184	0.03372	9	8	4
4175	HCQfQz~	3	3.1966	3.5000	5	9	0.02184	0.03372	9	8	4
4176	HCR`sz~	3	3.1966	3.5000	5	9	0.02184	0.03372	9	7	4
4177	HCrbdvr	3	3.1966	3.5000	5	7	0.02184	0.03372	9	9	4
4178	HCrbdvZ	3	3.1966	3.5000	5	7	0.02184	0.03372	9	10	4
4179	HCrbdy^	3	3.1966	3.5000	5	7	0.02184	0.03372	9	9	4
4180	HCrbdyn	3	3.1966	3.5000	5	7	0.02184	0.03372	9	8	4
4181	HCrbdyv	3	3.1966	3.5000	5	7	0.02184	0.03372	9	10	4
4182	HCrbdz\	3	3.1966	3.5000	5	7	0.02184	0.03372	9	10	4
4183	HCrbdzl	3	3.1966	3.5000	5	7	0.02184	0.03372	9	10	4
4184	HCrbdzt	3	3.1966	3.5000	5	7	0.02184	0.03372	9	9	4
4185	HCrbenf	3	3.1966	3.5000	5	7	0.02184	0.03372	9	7	4
4186	HCrbet^	3	3.1966	3.5000	5	7	0.02184	0.03372	9	9	4
4187	HCrbev\	3	3.1966	3.5000	5	7	0.02184	0.03372	9	10	4
4188	HCrbevj	3	3.1966	3.5000	5	7	0.02184	0.03372	9	8	4
4189	HCrbevN	3	3.1966	3.5000	5	7	0.02184	0.03372	9	9	4
4190	HCrbevV	3	3.1966	3.5000	5	7	0.02184	0.03372	9	8	4
4191	HCrbezV	3	3.1966	3.5000	5	7	0.02184	0.03372	9	8	4
4192	HCrbfdv	3	3.1966	3.5000	5	7	0.02184	0.03372	9	9	4
4193	HCrbfev	3	3.1966	3.5000	5	7	0.02184	0.03372	9	9	4
4194	HCrbffV	3	3.1966	3.5000	5	7	0.02184	0.03372	9	7	4
4195	HCrbffZ	3	3.1966	3.5000	5	7	0.02184	0.03372	9	9	4
4196	HCrbfj\	3	3.1966	3.5000	5	7	0.02184	0.03372	9	9	4
4197	HCrbfjf	3	3.1966	3.5000	5	7	0.02184	0.03372	9	8	4
4198	HCrbfjl	3	3.1966	3.5000	5	7	0.02184	0.03372	9	9	4
4199	HCrbfjV	3	3.1966	3.5000	5	7	0.02184	0.03372	9	7	4
4200	HCrbfNN	3	3.1966	3.5000	5	7	0.02184	0.03372	9	8	4
4201	HCrbfTn	3	3.1966	3.5000	5	7	0.02184	0.03372	9	8	4
4202	HCrbfVN	3	3.1966	3.5000	5	7	0.02184	0.03372	9	7	4
4203	HCrbfXn	3	3.1966	3.5000	5	7	0.02184	0.03372	9	10	4
4204	HCrbfZf	3	3.1966	3.5000	5	7	0.02184	0.03372	9	9	4
4205	HCpfcy~	3	3.1966	3.5000	5	8	0.02184	0.03372	9	9	4
4206	HCpfcz^	3	3.1966	3.5000	5	8	0.02184	0.03372	9	9	4
4207	HCpfczz	3	3.1966	3.5000	5	8	0.02184	0.03372	9	9	4
4208	HCpfdq~	3	3.1966	3.5000	5	8	0.02184	0.03372	9	9	4
4209	HCpfdr^	3	3.1966	3.5000	5	8	0.02184	0.03372	9	9	4
4210	HCpfdrz	3	3.1966	3.5000	5	8	0.02184	0.03372	9	9	4
4211	HCrbcy~	3	3.1966	3.5000	5	8	0.02184	0.03372	9	9	4
4212	HCrbcz^	3	3.1966	3.5000	5	8	0.02184	0.03372	9	9	4
4213	HCrbcz|	3	3.1966	3.5000	5	8	0.02184	0.03372	9	9	4
4214	HCrbdi~	3	3.1966	3.5000	5	8	0.02184	0.03372	9	9	4
4215	HCrbdj|	3	3.1966	3.5000	5	8	0.02184	0.03372	9	9	4
4216	HCrbdjv	3	3.1966	3.5000	5	8	0.02184	0.03372	9	9	4
4217	HCrbdY~	3	3.1966	3.5000	5	8	0.02184	0.03372	9	8	4
4218	HCrbdZ|	3	3.1966	3.5000	5	8	0.02184	0.03372	9	8	4
4219	HCrbdZn	3	3.1966	3.5000	5	8	0.02184	0.03372	9	8	4
4220	HCRc~a~	3	3.1966	3.5000	5	8	0.02184	0.03372	9	8	4
4221	HCRc~b^	3	3.1966	3.5000	5	8	0.02184	0.03372	9	8	4
4222	HCRc~bv	3	3.1966	3.5000	5	8	0.02184	0.03372	9	8	4
4223	HCRc|q~	3	3.1966	3.5000	5	8	0.02184	0.03372	9	8	4
4224	HCRc|r^	3	3.1966	3.5000	5	8	0.02184	0.03372	9	8	4
4225	HCRc|rv	3	3.1966	3.5000	5	8	0.02184	0.03372	9	8	4
4226	HCR`ty~	3	3.1966	3.5000	5	8	0.02184	0.03372	9	7	4
4227	HCR`tz|	3	3.1966	3.5000	5	8	0.02184	0.03372	9	7	4
4228	HCR`tzv	3	3.1966	3.5000	5	8	0.02184	0.03372	9	7	4
4229	HCRVdq~	3	3.1966	3.5000	5	8	0.02184	0.03372	9	9	4
4230	HCRVdr^	3	3.1966	3.5000	5	8	0.02184	0.03372	9	9	4
4231	HCRVdrv	3	3.1966	3.5000	5	8	0.02184	0.03372	9	9	4
4232	HCrbduz	3	3.1966	3.5000	5	7	0.02184	0.03372	9	10	4
4233	HCrbdy|	3	3.1966	3.5000	5	7	0.02184	0.03372	9	10	4
4234	HCrbffr	3	3.1966	3.5000	5	7	0.02184	0.03372	9	8	4
4235	HCrbfjt	3	3.1966	3.5000	5	7	0.02184	0.03372	9	8	4
4236	HCrbfVj	3	3.1966	3.5000	5	7	0.02184	0.03372	9	7	4
4237	HCrbenV	3	3.1966	3.5000	5	7	0.02184	0.03372	9	7	4
4238	HCrbevZ	3	3.1966	3.5000	5	7	0.02184	0.03372	9	10	4
4239	HCrbft}	3	3.1966	3.5000	5	7	0.02184	0.03372	9	9	4
4240	HCrbfu}	3	3.1966	3.5000	5	7	0.02184	0.03372	9	9	4
4241	HCrbfv{	3	3.1966	3.5000	5	7	0.02184	0.03372	9	9	4
4242	HCrbfv]	3	3.1966	3.5000	5	7	0.02184	0.03372	9	9	4
4243	HCrbfvm	3	3.1966	3.5000	5	7	0.02184	0.03372	9	9	4
4244	HCrbfvu	3	3.1966	3.5000	5	7	0.02184	0.03372	9	9	4
4245	HCrbfzu	3	3.1966	3.5000	5	7	0.02184	0.03372	9	9	4
4246	HCrbdv}	3	3.1966	3.5000	5	8	0.02184	0.03372	9	9	4
4247	HCrbdz}	3	3.1966	3.5000	5	8	0.02184	0.03372	9	9	4
4248	HCrbff}	3	3.1966	3.5000	5	8	0.02184	0.03372	9	8	4
4249	HCrbfj}	3	3.1966	3.5000	5	8	0.02184	0.03372	9	8	4
4250	HCrbfV}	3	3.1966	3.5000	5	8	0.02184	0.03372	9	7	4
4251	HCrbfn]	3	3.1966	3.5000	5	7	0.02184	0.03372	9	9	4
4252	HCrben}	3	3.1966	3.5000	5	8	0.02184	0.03372	9	7	4
4253	HCrbev}	3	3.1966	3.5000	5	8	0.02184	0.03372	9	9	4
4254	HCrbdx~	3	3.1966	3.5000	5	8	0.02184	0.03372	9	9	4
4255	HCrbff|	3	3.1966	3.5000	5	8	0.02184	0.03372	9	8	4
4256	HCrbfjz	3	3.1966	3.5000	5	8	0.02184	0.03372	9	8	4
4257	HCrbdv|	3	3.1966	3.5000	5	8	0.02184	0.03372	9	9	4
4258	HCrbdvn	3	3.1966	3.5000	5	8	0.02184	0.03372	9	9	4
4259	HCrbdzz	3	3.1966	3.5000	5	8	0.02184	0.03372	9	9	4
4260	HCrbex~	3	3.1966	3.5000	5	8	0.02184	0.03372	9	9	4
4261	HCrbffn	3	3.1966	3.5000	5	8	0.02184	0.03372	9	8	4
4262	HCrbfh~	3	3.1966	3.5000	5	8	0.02184	0.03372	9	8	4
4263	HCrbfNz	3	3.1966	3.5000	5	8	0.02184	0.03372	9	8	4
4264	HCrbfU~	3	3.1966	3.5000	5	8	0.02184	0.03372	9	7	4
4265	HCrbfV|	3	3.1966	3.5000	5	8	0.02184	0.03372	9	7	4
4266	HCrbfVv	3	3.1966	3.5000	5	8	0.02184	0.03372	9	7	4
4267	HCrbfZz	3	3.1966	3.5000	5	8	0.02184	0.03372	9	9	4
4268	HCR`vr~	3	3.1966	3.5000	5	9	0.02184	0.03372	9	5	4
4269	HCrbdvv	3	3.1966	3.5000	5	8	0.02184	0.03372	9	9	4
4270	HCrbdz^	3	3.1966	3.5000	5	8	0.02184	0.03372	9	9	4
4271	HCrbdzn	3	3.1966	3.5000	5	8	0.02184	0.03372	9	9	4
4272	HCrbdzv	3	3.1966	3.5000	5	8	0.02184	0.03372	9	9	4
4273	HCrben|	3	3.1966	3.5000	5	8	0.02184	0.03372	9	7	4
4274	HCrbenn	3	3.1966	3.5000	5	8	0.02184	0.03372	9	7	4
4275	HCrbenz	3	3.1966	3.5000	5	8	0.02184	0.03372	9	7	4
4276	HCrbet~	3	3.1966	3.5000	5	8	0.02184	0.03372	9	9	4
4277	HCrbeu~	3	3.1966	3.5000	5	8	0.02184	0.03372	9	9	4
4278	HCrbev|	3	3.1966	3.5000	5	8	0.02184	0.03372	9	9	4
4279	HCrbevn	3	3.1966	3.5000	5	8	0.02184	0.03372	9	9	4
4280	HCrbevv	3	3.1966	3.5000	5	8	0.02184	0.03372	9	9	4
4281	HCrbey~	3	3.1966	3.5000	5	8	0.02184	0.03372	9	9	4
4282	HCrbezv	3	3.1966	3.5000	5	8	0.02184	0.03372	9	9	4
4283	HCrbezz	3	3.1966	3.5000	5	8	0.02184	0.03372	9	9	4
4284	HCrbfd~	3	3.1966	3.5000	5	8	0.02184	0.03372	9	8	4
4285	HCrbfe~	3	3.1966	3.5000	5	8	0.02184	0.03372	9	8	4
4286	HCrbff^	3	3.1966	3.5000	5	8	0.02184	0.03372	9	8	4
4287	HCrbfi~	3	3.1966	3.5000	5	8	0.02184	0.03372	9	8	4
4288	HCrbfj^	3	3.1966	3.5000	5	8	0.02184	0.03372	9	8	4
4289	HCrbfjn	3	3.1966	3.5000	5	8	0.02184	0.03372	9	8	4
4290	HCrbfM~	3	3.1966	3.5000	5	8	0.02184	0.03372	9	8	4
4291	HCrbfN^	3	3.1966	3.5000	5	8	0.02184	0.03372	9	8	4
4292	HCrbfN|	3	3.1966	3.5000	5	8	0.02184	0.03372	9	8	4
4293	HCrbfT~	3	3.1966	3.5000	5	8	0.02184	0.03372	9	7	4
4294	HCrbfV^	3	3.1966	3.5000	5	8	0.02184	0.03372	9	7	4
4295	HCrbfX~	3	3.1966	3.5000	5	8	0.02184	0.03372	9	9	4
4296	HCrbfY~	3	3.1966	3.5000	5	8	0.02184	0.03372	9	9	4
4297	HCrbfZv	3	3.1966	3.5000	5	8	0.02184	0.03372	9	9	4
4298	HCpfcz~	3	3.1966	3.5000	5	9	0.02184	0.03372	9	8	4
4299	HCpfdr~	3	3.1966	3.5000	5	9	0.02184	0.03372	9	8	4
4300	HCrbcz~	3	3.1966	3.5000	5	9	0.02184	0.03372	9	8	4
4301	HCrbdj~	3	3.1966	3.5000	5	9	0.02184	0.03372	9	8	4
4302	HCrbdZ~	3	3.1966	3.5000	5	9	0.02184	0.03372	9	7	4
4303	HCRc~b~	3	3.1966	3.5000	5	9	0.02184	0.03372	9	7	4
4304	HCRc|r~	3	3.1966	3.5000	5	9	0.02184	0.03372	9	7	4
4305	HCR`tz~	3	3.1966	3.5000	5	9	0.02184	0.03372	9	6	4
4306	HCRVdr~	3	3.1966	3.5000	5	9	0.02184	0.03372	9	8	4
4307	HCrbdvz	3	3.1966	3.5000	5	8	0.02184	0.03372	9	9	4
4308	HCrbdy~	3	3.1966	3.5000	5	8	0.02184	0.03372	9	9	4
4309	HCrbdz|	3	3.1966	3.5000	5	8	0.02184	0.03372	9	9	4
4310	HCrbffv	3	3.1966	3.5000	5	8	0.02184	0.03372	9	8	4
4311	HCrbffz	3	3.1966	3.5000	5	8	0.02184	0.03372	9	8	4
4312	HCrbfj|	3	3.1966	3.5000	5	8	0.02184	0.03372	9	8	4
4313	HCrbfjv	3	3.1966	3.5000	5	8	0.02184	0.03372	9	8	4
4314	HCrbfVn	3	3.1966	3.5000	5	8	0.02184	0.03372	9	7	4
4315	HCrbfVz	3	3.1966	3.5000	5	8	0.02184	0.03372	9	7	4
4316	HCrbenv	3	3.1966	3.5000	5	8	0.02184	0.03372	9	7	4
4317	HCrbev^	3	3.1966	3.5000	5	8	0.02184	0.03372	9	9	4
4318	HCrbevz	3	3.1966	3.5000	5	8	0.02184	0.03372	9	9	4
4319	HCrbfv}	3	3.1966	3.5000	5	8	0.02184	0.03372	9	8	4
4320	HCrbfv|	3	3.1966	3.5000	5	8	0.02184	0.03372	9	8	4
4321	HCrbfx~	3	3.1966	3.5000	5	8	0.02184	0.03372	9	8	4
4322	HCrbft~	3	3.1966	3.5000	5	8	0.02184	0.03372	9	8	4
4323	HCrbfu~	3	3.1966	3.5000	5	8	0.02184	0.03372	9	8	4
4324	HCrbfvn	3	3.1966	3.5000	5	8	0.02184	0.03372	9	8	4
4325	HCrbfvv	3	3.1966	3.5000	5	8	0.02184	0.03372	9	8	4
4326	HCrbfzv	3	3.1966	3.5000	5	8	0.02184	0.03372	9	8	4
4327	HCrbdv~	3	3.1966	3.5000	5	9	0.02184	0.03372	9	8	4
4328	HCrbdz~	3	3.1966	3.5000	5	9	0.02184	0.03372	9	8	4
4329	HCrbff~	3	3.1966	3.5000	5	9	0.02184	0.03372	9	7	4
4330	HCrbfj~	3	3.1966	3.5000	5	9	0.02184	0.03372	9	7	4
4331	HCrbfV~	3	3.1966	3.5000	5	9	0.02184	0.03372	9	6	4
4332	HCrbfn^	3	3.1966	3.5000	5	8	0.02184	0.03372	9	8	4
4333	HCrbfv^	3	3.1966	3.5000	5	8	0.02184	0.03372	9	8	4
4334	HCrben~	3	3.1966	3.5000	5	9	0.02184	0.03372	9	6	4
4335	HCrbev~	3	3.1966	3.5000	5	9	0.02184	0.03372	9	8	4
4336	HCrbfvz	3	3.1966	3.5000	5	8	0.02184	0.03372	9	8	4
4337	HCrbfv~	3	3.1966	3.5000	5	9	0.02184	0.03372	9	7	4
4338	HCpfJhj	3	3.1966	3.5000	6	6	0.02184	0.03372	9	9	4
4339	HCdc}qr	3	3.1966	3.5000	6	6	0.02184	0.03372	9	10	4
4340	HCreZrk	3	3.1966	3.5000	6	6	0.02184	0.03372	9	9	4
4341	HCrUZrk	3	3.1966	3.5000	6	6	0.02184	0.03372	9	9	4
4342	HEhferF	3	3.1966	3.5000	6	6	0.02184	0.03372	9	9	4
4343	HCpfJhz	3	3.1966	3.5000	6	7	0.02184	0.03372	9	8	4
4344	HCpfJjj	3	3.1966	3.5000	6	7	0.02184	0.03372	9	9	4
4345	HCpfJjr	3	3.1966	3.5000	6	7	0.02184	0.03372	9	9	4
4346	HCpfJhn	3	3.1966	3.5000	6	7	0.02184	0.03372	9	10	4
4347	HCpfJhv	3	3.1966	3.5000	6	7	0.02184	0.03372	9	10	4
4348	HCpfJjf	3	3.1966	3.5000	6	7	0.02184	0.03372	9	9	4
4349	HCrbfL}	3	3.1966	3.5000	6	7	0.02184	0.03372	9	9	4
4350	HCrbez]	3	3.1966	3.5000	6	7	0.02184	0.03372	9	8	4
4351	HCrbezm	3	3.1966	3.5000	6	7	0.02184	0.03372	9	10	4
4352	HCrbfNm	3	3.1966	3.5000	6	7	0.02184	0.03372	9	8	4
4353	HCrbfNu	3	3.1966	3.5000	6	7	0.02184	0.03372	9	8	4
4354	HCrbfZ]	3	3.1966	3.5000	6	7	0.02184	0.03372	9	10	4
4355	HCrbfZm	3	3.1966	3.5000	6	7	0.02184	0.03372	9	8	4
4356	HCpfJjz	3	3.1966	3.5000	6	8	0.02184	0.03372	9	9	4
4357	HCrbezl	3	3.1966	3.5000	6	7	0.02184	0.03372	9	10	4
4358	HCrbezN	3	3.1966	3.5000	6	7	0.02184	0.03372	9	9	4
4359	HCrbfZN	3	3.1966	3.5000	6	7	0.02184	0.03372	9	9	4
4360	HCpfJh~	3	3.1966	3.5000	6	8	0.02184	0.03372	9	9	4
4361	HCpfJjn	3	3.1966	3.5000	6	8	0.02184	0.03372	9	9	4
4362	HCpfJjv	3	3.1966	3.5000	6	8	0.02184	0.03372	9	9	4
4363	HCrbez\	3	3.1966	3.5000	6	7	0.02184	0.03372	9	10	4
4364	HCrbfNf	3	3.1966	3.5000	6	7	0.02184	0.03372	9	8	4
4365	HCrbfZl	3	3.1966	3.5000	6	7	0.02184	0.03372	9	10	4
4366	HCrbfz]	3	3.1966	3.5000	6	7	0.02184	0.03372	9	9	4
4367	HCrbfzm	3	3.1966	3.5000	6	7	0.02184	0.03372	9	9	4
4368	HCrbf^m	3	3.1966	3.5000	6	8	0.02184	0.03372	9	7	4
4369	HCrbfnm	3	3.1966	3.5000	6	7	0.02184	0.03372	9	9	4
4370	HCrbfnu	3	3.1966	3.5000	6	8	0.02184	0.03372	9	7	4
4371	HCrbez}	3	3.1966	3.5000	6	8	0.02184	0.03372	9	9	4
4372	HCrbfN}	3	3.1966	3.5000	6	8	0.02184	0.03372	9	8	4
4373	HCrbfZ}	3	3.1966	3.5000	6	8	0.02184	0.03372	9	9	4
4374	HCrbezn	3	3.1966	3.5000	6	8	0.02184	0.03372	9	9	4
4375	HCrbfL~	3	3.1966	3.5000	6	8	0.02184	0.03372	9	8	4
4376	HCrbfZ^	3	3.1966	3.5000	6	8	0.02184	0.03372	9	9	4
4377	HCpfJj~	3	3.1966	3.5000	6	9	0.02184	0.03372	9	8	4
4378	HCrbez^	3	3.1966	3.5000	6	8	0.02184	0.03372	9	9	4
4379	HCrbez|	3	3.1966	3.5000	6	8	0.02184	0.03372	9	9	4
4380	HCrbfNn	3	3.1966	3.5000	6	8	0.02184	0.03372	9	8	4
4381	HCrbfNv	3	3.1966	3.5000	6	8	0.02184	0.03372	9	8	4
4382	HCrbfZ|	3	3.1966	3.5000	6	8	0.02184	0.03372	9	9	4
4383	HCrbfZn	3	3.1966	3.5000	6	8	0.02184	0.03372	9	9	4
4384	HCrbfz}	3	3.1966	3.5000	6	8	0.02184	0.03372	9	8	4
4385	HCrbf^}	3	3.1966	3.5000	6	8	0.02184	0.03372	9	8	4
4386	HCrbfn}	3	3.1966	3.5000	6	8	0.02184	0.03372	9	8	4
4387	HCrbfnn	3	3.1966	3.5000	6	8	0.02184	0.03372	9	8	4
4388	HCrbfz^	3	3.1966	3.5000	6	8	0.02184	0.03372	9	8	4
4389	HCrbfzn	3	3.1966	3.5000	6	8	0.02184	0.03372	9	8	4
4390	HCrbez~	3	3.1966	3.5000	6	9	0.02184	0.03372	9	8	4
4391	HCrbfN~	3	3.1966	3.5000	6	9	0.02184	0.03372	9	7	4
4392	HCrbfZ~	3	3.1966	3.5000	6	9	0.02184	0.03372	9	8	4
4393	HCrbfz|	3	3.1966	3.5000	6	8	0.02184	0.03372	9	8	4
4394	HCrbf^n	3	3.1966	3.5000	6	8	0.02184	0.03372	9	8	4
4395	HCrbfnv	3	3.1966	3.5000	6	8	0.02184	0.03372	9	8	4
4396	HCrbf~}	3	3.1966	3.5000	6	9	0.02184	0.03372	9	7	4
4397	HCrbfz~	3	3.1966	3.5000	6	9	0.02184	0.03372	9	7	4
4398	HCrbf^~	3	3.1966	3.5000	6	9	0.02184	0.03372	9	7	4
4399	HCrbfn~	3	3.1966	3.5000	6	9	0.02184	0.03372	9	7	4
4400	HCrbf~~	3	3.1966	3.5000	6	9	0.02184	0.03372	9	6	4
4401	HCrbdr[	3	3.2437	3.5000	5	6	0.02216	0.02330	11	10	4
4402	H?`DB_[	4	4.2241	4.5000	3	4	0.02241	0.02759	10	7	5
4403	HCQvRrK	3	3.2251	3.5000	4	5	0.02251	0.02749	10	11	4
4404	HCZJdjW	3	3.2251	3.5000	4	5	0.02251	0.02749	10	10	4
4405	HCQbvR[	3	3.2251	3.5000	4	6	0.02251	0.02749	10	10	4
4406	HCQfQxy	3	3.2251	3.5000	4	6	0.02251	0.02749	10	10	4
4407	HCrbdpy	3	3.2251	3.5000	4	6	0.02251	0.02749	10	10	4
4408	HCrbdrU	3	3.2251	3.5000	4	6	0.02251	0.02749	10	9	4
4409	HCrbdrh	3	3.2251	3.5000	4	6	0.02251	0.02749	10	9	4
4410	HCRc~ax	3	3.2251	3.5000	4	6	0.02251	0.02749	10	9	4
4411	HCrbdrj	3	3.2251	3.5000	4	7	0.02251	0.02749	10	8	4
4412	HCrbdpe	3	3.2251	3.5000	5	5	0.02251	0.02749	10	11	4
4413	HCrbdpu	3	3.2251	3.5000	5	6	0.02251	0.02749	10	11	4
4414	HCrbdre	3	3.2251	3.5000	5	6	0.02251	0.02749	10	10	4
4415	HCrbdrk	3	3.2251	3.5000	5	6	0.02251	0.02749	10	10	4
4416	HCrbdrM	3	3.2251	3.5000	5	6	0.02251	0.02749	10	10	4
4417	HCrbdrd	3	3.2251	3.5000	5	6	0.02251	0.02749	10	9	4
4418	HCrbdqt	3	3.2251	3.5000	5	6	0.02251	0.02749	10	9	4
4419	HCrbdrL	3	3.2251	3.5000	5	6	0.02251	0.02749	10	10	4
4420	HCpfdq\	3	3.2251	3.5000	5	6	0.02251	0.02749	10	10	4
4421	HCrbcyx	3	3.2251	3.5000	5	6	0.02251	0.02749	10	10	4
4422	HCrbdp}	3	3.2251	3.5000	5	7	0.02251	0.02749	10	10	4
4423	HCrbdr]	3	3.2251	3.5000	5	7	0.02251	0.02749	10	10	4
4424	HCrbdrf	3	3.2251	3.5000	5	7	0.02251	0.02749	10	9	4
4425	HCrbdrm	3	3.2251	3.5000	5	7	0.02251	0.02749	10	10	4
4426	HCrbdru	3	3.2251	3.5000	5	7	0.02251	0.02749	10	10	4
4427	HCrbdrl	3	3.2251	3.5000	5	7	0.02251	0.02749	10	10	4
4428	HCrbdrr	3	3.2251	3.5000	5	7	0.02251	0.02749	10	9	4
4429	HCrbdrt	3	3.2251	3.5000	5	7	0.02251	0.02749	10	8	4
4430	HCrbdq|	3	3.2251	3.5000	5	7	0.02251	0.02749	10	10	4
4431	HCrbdr\	3	3.2251	3.5000	5	7	0.02251	0.02749	10	10	4
4432	HCrbdrx	3	3.2251	3.5000	5	7	0.02251	0.02749	10	9	4
4433	HCrbdrZ	3	3.2251	3.5000	5	7	0.02251	0.02749	10	10	4
4434	HCrbdr}	3	3.2251	3.5000	5	8	0.02251	0.02749	10	9	4
4435	HCrbdrv	3	3.2251	3.5000	5	8	0.02251	0.02749	10	9	4
4436	HCrbdr|	3	3.2251	3.5000	5	8	0.02251	0.02749	10	9	4
4437	HCrbdrz	3	3.2251	3.5000	5	8	0.02251	0.02749	10	9	4
4438	HCrbdr~	3	3.2251	3.5000	5	9	0.02251	0.02749	10	8	4
4439	HCR`szs	3	3.2253	3.5000	5	6	0.02253	0.02747	10	8	4
4440	HCpdjrK	3	3.1596	3.3333	4	5	0.02280	0.02482	7	9	4
4441	HCrfQxr	3	3.2063	3.5000	5	6	0.02292	0.03264	9	8	4
4442	HCZbayj	3	3.2815	3.5000	4	6	0.02346	0.01821	12	9	4
4443	H?bB@`W	4	4.2361	4.5000	3	4	0.02361	0.02639	10	7	5
4444	H?bB@aQ	4	4.2361	4.5000	3	4	0.02361	0.02639	10	6	5
4445	H?`DBaS	4	4.2361	4.5000	3	4	0.02361	0.02639	10	7	5
4446	H?`DBRO	4	4.2361	4.5000	3	4	0.02361	0.02639	10	5	5
4447	H?`bC`W	4	4.2361	4.5000	4	4	0.02361	0.02639	10	6	5
4448	H?bAPb_	4	4.2361	4.5000	4	4	0.02361	0.02639	10	7	5
4449	H?bB@`g	4	4.2361	4.5000	4	4	0.02361	0.02639	10	6	5
4450	H?bB@_s	4	4.2361	4.5000	4	4	0.02361	0.02639	10	6	5
4451	H?`DB_Y	4	4.2361	4.5000	4	4	0.02361	0.02639	10	6	5
4452	H?`DB`g	4	4.2361	4.5000	4	4	0.02361	0.02639	10	6	5
4453	H?`DB`Q	4	4.2361	4.5000	4	4	0.02361	0.02639	10	6	5
4454	H?`D@pg	4	4.2361	4.5000	4	4	0.02361	0.02639	10	6	5
4455	H?`DA`w	4	4.2361	4.5000	4	5	0.02361	0.02639	10	6	5
4456	H?`D@Ro	4	4.2361	4.5000	4	5	0.02361	0.02639	10	6	5
4457	H?`D@`w	4	4.2361	4.5000	4	5	0.02361	0.02639	10	6	5
4458	H?`@E`w	4	4.2361	4.5000	4	5	0.02361	0.02639	10	6	5
4459	H?AEAJw	5	5.2361	5.5000	4	6	0.02361	0.02639	10	6	6
4460	H?`cv@g	4	4.2361	4.5000	4	4	0.02361	0.02639	10	6	5
4461	H?b@aUs	4	4.2361	4.5000	4	5	0.02361	0.02639	10	7	5
4462	H?b@aUw	4	4.2361	4.5000	4	5	0.02361	0.02639	10	7	5
4463	H?b@aVg	4	4.2361	4.5000	4	5	0.02361	0.02639	10	7	5
4464	H?b@bas	4	4.2361	4.5000	4	5	0.02361	0.02639	10	6	5
4465	H?bBBOy	4	4.2361	4.5000	4	5	0.02361	0.02639	10	7	5
4466	H?bBBQq	4	4.2361	4.5000	4	5	0.02361	0.02639	10	6	5
4467	H?bBBQs	4	4.2361	4.5000	4	5	0.02361	0.02639	10	7	5
4468	H?bBBQw	4	4.2361	4.5000	4	5	0.02361	0.02639	10	7	5
4469	H?bBDHw	4	4.2361	4.5000	4	5	0.02361	0.02639	10	7	5
4470	H?b@bPi	4	4.2361	4.5000	4	5	0.02361	0.02639	10	7	5
4471	H?`FBQ[	4	4.2361	4.5000	4	5	0.02361	0.02639	10	7	5
4472	H?`FBQw	4	4.2361	4.5000	4	5	0.02361	0.02639	10	7	5
4473	H?`acg]	4	4.2361	4.5000	4	5	0.02361	0.02639	10	7	5
4474	H?`ach[	4	4.2361	4.5000	4	5	0.02361	0.02639	10	7	5
4475	H?`af@i	4	4.2361	4.5000	4	5	0.02361	0.02639	10	6	5
4476	H?b@aTi	4	4.2361	4.5000	4	5	0.02361	0.02639	10	7	5
4477	H?b@aUd	4	4.2361	4.5000	4	5	0.02361	0.02639	10	7	5
4478	H?b@aV`	4	4.2361	4.5000	4	5	0.02361	0.02639	10	6	5
4479	H?b@aVa	4	4.2361	4.5000	4	5	0.02361	0.02639	10	7	5
4480	H?bBDas	4	4.2361	4.5000	4	5	0.02361	0.02639	10	6	5
4481	H?bBDaU	4	4.2361	4.5000	4	5	0.02361	0.02639	10	6	5
4482	H?bBDbQ	4	4.2361	4.5000	4	5	0.02361	0.02639	10	7	5
4483	H?b@b`J	4	4.2361	4.5000	4	5	0.02361	0.02639	10	6	5
4484	H?b@dJo	4	4.2361	4.5000	4	5	0.02361	0.02639	10	6	5
4485	H?b@fAs	4	4.2361	4.5000	4	5	0.02361	0.02639	10	7	5
4486	H?`DbOm	4	4.2361	4.5000	4	5	0.02361	0.02639	10	7	5
4487	H?`Df@i	4	4.2361	4.5000	4	5	0.02361	0.02639	10	6	5
4488	H?`FBRW	4	4.2361	4.5000	4	5	0.02361	0.02639	10	6	5
4489	H?`F?xY	4	4.2361	4.5000	4	5	0.02361	0.02639	10	7	5
4490	H?`DfAT	4	4.2361	4.5000	4	5	0.02361	0.02639	10	6	5
4491	H?`FBQR	4	4.2361	4.5000	4	5	0.02361	0.02639	10	6	5
4492	H?`FE`Y	4	4.2361	4.5000	4	5	0.02361	0.02639	10	6	5
4493	H?bAPbw	4	4.2361	4.5000	4	6	0.02361	0.02639	10	6	5
4494	H?`DBP{	4	4.2361	4.5000	4	6	0.02361	0.02639	10	7	5
4495	H?`DBQ{	4	4.2361	4.5000	4	6	0.02361	0.02639	10	7	5
4496	H?`DBQt	4	4.2361	4.5000	4	6	0.02361	0.02639	10	5	5
4497	H?`DBQV	4	4.2361	4.5000	4	6	0.02361	0.02639	10	6	5
4498	H?`DBRs	4	4.2361	4.5000	4	6	0.02361	0.02639	10	7	5
4499	H?`DBRw	4	4.2361	4.5000	4	6	0.02361	0.02639	10	5	5
4500	H?`cv@i	4	4.2361	4.5000	4	5	0.02361	0.02639	10	7	5
4501	H?`an@i	4	4.2361	4.5000	4	5	0.02361	0.02639	10	7	5
4502	H?`cio\	4	4.2361	4.5000	4	5	0.02361	0.02639	10	7	5
4503	H?`cmO\	4	4.2361	4.5000	4	5	0.02361	0.02639	10	8	5
4504	H?`ebRa	4	4.2361	4.5000	4	5	0.02361	0.02639	10	7	5
4505	H?`fBPs	4	4.2361	4.5000	4	5	0.02361	0.02639	10	7	5
4506	H?`adKm	4	4.2361	4.5000	4	5	0.02361	0.02639	10	7	5
4507	H?bBb`J	4	4.2361	4.5000	4	5	0.02361	0.02639	10	6	5
4508	H?bFBbQ	4	4.2361	4.5000	4	5	0.02361	0.02639	10	7	5
4509	H?`bf@i	4	4.2361	4.5000	4	5	0.02361	0.02639	10	6	5
4510	HCOfB_j	4	4.2361	4.5000	4	5	0.02361	0.02639	10	7	5
4511	H?`FFbQ	4	4.2361	4.5000	4	5	0.02361	0.02639	10	7	5
4512	H?b@aTx	4	4.2361	4.5000	4	6	0.02361	0.02639	10	7	5
4513	H?b@aTy	4	4.2361	4.5000	4	6	0.02361	0.02639	10	7	5
4514	H?b@aUx	4	4.2361	4.5000	4	6	0.02361	0.02639	10	7	5
4515	H?b@aVq	4	4.2361	4.5000	4	6	0.02361	0.02639	10	7	5
4516	H?b@aVs	4	4.2361	4.5000	4	6	0.02361	0.02639	10	7	5
4517	H?bBBP]	4	4.2361	4.5000	4	6	0.02361	0.02639	10	8	5
4518	H?bBBPy	4	4.2361	4.5000	4	6	0.02361	0.02639	10	7	5
4519	H?bBBQ{	4	4.2361	4.5000	4	6	0.02361	0.02639	10	8	5
4520	H?bBBRp	4	4.2361	4.5000	4	6	0.02361	0.02639	10	6	5
4521	H?bBBRq	4	4.2361	4.5000	4	6	0.02361	0.02639	10	7	5
4522	H?bBBRs	4	4.2361	4.5000	4	6	0.02361	0.02639	10	7	5
4523	H?bBDG^	4	4.2361	4.5000	4	6	0.02361	0.02639	10	6	5
4524	H?`FBOv	4	4.2361	4.5000	4	6	0.02361	0.02639	10	7	5
4525	H?`FBP]	4	4.2361	4.5000	4	6	0.02361	0.02639	10	7	5
4526	H?`FBPy	4	4.2361	4.5000	4	6	0.02361	0.02639	10	6	5
4527	H?`FBQ]	4	4.2361	4.5000	4	6	0.02361	0.02639	10	8	5
4528	H?`FBQu	4	4.2361	4.5000	4	6	0.02361	0.02639	10	7	5
4529	H?bATp{	4	4.2361	4.5000	4	6	0.02361	0.02639	10	8	5
4530	H?bATqu	4	4.2361	4.5000	4	6	0.02361	0.02639	10	6	5
4531	H?bAVP{	4	4.2361	4.5000	4	6	0.02361	0.02639	10	7	5
4532	H?bAVQu	4	4.2361	4.5000	4	6	0.02361	0.02639	10	6	5
4533	H?`fBR[	4	4.2361	4.5000	4	6	0.02361	0.02639	10	6	5
4534	H?bAV_n	4	4.2361	4.5000	4	6	0.02361	0.02639	10	6	5
4535	H?`FBR{	4	4.2361	4.5000	4	7	0.02361	0.02639	10	6	5
4536	H?bATq{	4	4.2361	4.5000	4	6	0.02361	0.02639	10	7	5
4537	H?bAVam	4	4.2361	4.5000	4	6	0.02361	0.02639	10	8	5
4538	H?bAVbi	4	4.2361	4.5000	4	6	0.02361	0.02639	10	8	5
4539	H?bAVbk	4	4.2361	4.5000	4	6	0.02361	0.02639	10	7	5
4540	H?bAVH{	4	4.2361	4.5000	4	6	0.02361	0.02639	10	7	5
4541	H?bAVQ{	4	4.2361	4.5000	4	6	0.02361	0.02639	10	7	5
4542	H?`fBPV	4	4.2361	4.5000	4	6	0.02361	0.02639	10	7	5
4543	H?`fBQZ	4	4.2361	4.5000	4	6	0.02361	0.02639	10	7	5
4544	H?`fBRq	4	4.2361	4.5000	4	6	0.02361	0.02639	10	7	5
4545	H?`fBRR	4	4.2361	4.5000	4	6	0.02361	0.02639	10	7	5
4546	H?`fBRU	4	4.2361	4.5000	4	6	0.02361	0.02639	10	7	5
4547	H?`fBRY	4	4.2361	4.5000	4	6	0.02361	0.02639	10	7	5
4548	H?bAV`l	4	4.2361	4.5000	4	6	0.02361	0.02639	10	6	5
4549	H?bAVQV	4	4.2361	4.5000	4	6	0.02361	0.02639	10	5	5
4550	H?bAV`x	4	4.2361	4.5000	4	6	0.02361	0.02639	10	7	5
4551	H?b@aV{	4	4.2361	4.5000	4	7	0.02361	0.02639	10	7	5
4552	H?b@aVt	4	4.2361	4.5000	4	7	0.02361	0.02639	10	6	5
4553	H?b@aVx	4	4.2361	4.5000	4	7	0.02361	0.02639	10	6	5
4554	H?bBBP}	4	4.2361	4.5000	4	7	0.02361	0.02639	10	7	5
4555	H?bBBR{	4	4.2361	4.5000	4	7	0.02361	0.02639	10	7	5
4556	H?`FBP}	4	4.2361	4.5000	4	7	0.02361	0.02639	10	6	5
4557	H?`FBQ^	4	4.2361	4.5000	4	7	0.02361	0.02639	10	7	5
4558	H?`FBQ}	4	4.2361	4.5000	4	7	0.02361	0.02639	10	8	5
4559	H?`FBQv	4	4.2361	4.5000	4	7	0.02361	0.02639	10	6	5
4560	HCdebOm	3	3.2361	3.5000	4	5	0.02361	0.02639	10	10	4
4561	HCQeRou	3	3.2361	3.5000	4	5	0.02361	0.02639	10	9	4
4562	HCQv@pM	3	3.2361	3.5000	4	5	0.02361	0.02639	10	9	4
4563	HCQv@pY	3	3.2361	3.5000	4	5	0.02361	0.02639	10	9	4
4564	HCRcrPq	3	3.2361	3.5000	4	5	0.02361	0.02639	10	9	4
4565	HCRV@qh	3	3.2361	3.5000	4	5	0.02361	0.02639	10	8	4
4566	HCQbdZg	3	3.2361	3.5000	4	5	0.02361	0.02639	10	8	4
4567	HCQbfRS	3	3.2361	3.5000	4	5	0.02361	0.02639	10	8	4
4568	HCQebgm	3	3.2361	3.5000	4	5	0.02361	0.02639	10	9	4
4569	HCQeQwu	3	3.2361	3.5000	4	5	0.02361	0.02639	10	9	4
4570	HCQeRh[	3	3.2361	3.5000	4	5	0.02361	0.02639	10	9	4
4571	HCQv@pq	3	3.2361	3.5000	4	5	0.02361	0.02639	10	8	4
4572	HCRcqpq	3	3.2361	3.5000	4	5	0.02361	0.02639	10	9	4
4573	HCRV@pq	3	3.2361	3.5000	4	5	0.02361	0.02639	10	8	4
4574	HCRV@rH	3	3.2361	3.5000	4	5	0.02361	0.02639	10	8	4
4575	HCQbboy	3	3.2361	3.5000	4	5	0.02361	0.02639	10	8	4
4576	HCQbfJg	3	3.2361	3.5000	4	5	0.02361	0.02639	10	8	4
4577	H?bAVg}	4	4.2361	4.5000	4	6	0.02361	0.02639	10	8	5
4578	H?bAVrs	4	4.2361	4.5000	4	6	0.02361	0.02639	10	7	5
4579	H?bAV_~	4	4.2361	4.5000	4	7	0.02361	0.02639	10	6	5
4580	H?`fBR{	4	4.2361	4.5000	4	7	0.02361	0.02639	10	5	5
4581	H?bAVi{	4	4.2361	4.5000	4	6	0.02361	0.02639	10	8	5
4582	H?bAVrk	4	4.2361	4.5000	4	6	0.02361	0.02639	10	7	5
4583	H?bATr{	4	4.2361	4.5000	4	7	0.02361	0.02639	10	7	5
4584	H?bAV`|	4	4.2361	4.5000	4	7	0.02361	0.02639	10	6	5
4585	H?bAVR{	4	4.2361	4.5000	4	7	0.02361	0.02639	10	6	5
4586	H?`fBR]	4	4.2361	4.5000	4	7	0.02361	0.02639	10	7	5
4587	H?`fBRV	4	4.2361	4.5000	4	7	0.02361	0.02639	10	6	5
4588	H?`fBRy	4	4.2361	4.5000	4	7	0.02361	0.02639	10	6	5
4589	H?bAVbm	4	4.2361	4.5000	4	7	0.02361	0.02639	10	8	5
4590	H?`fBRZ	4	4.2361	4.5000	4	7	0.02361	0.02639	10	7	5
4591	H?b@aV|	4	4.2361	4.5000	4	8	0.02361	0.02639	10	6	5
4592	H?`FBQ~	4	4.2361	4.5000	4	8	0.02361	0.02639	10	7	5
4593	HCRV@qs	3	3.2361	3.5000	4	5	0.02361	0.02639	10	8	4
4594	HCQbR`]	3	3.2361	3.5000	4	6	0.02361	0.02639	10	9	4
4595	HCQeR`y	3	3.2361	3.5000	4	6	0.02361	0.02639	10	9	4
4596	HCQ`fP\	3	3.2361	3.5000	4	6	0.02361	0.02639	10	10	4
4597	HCpbdps	3	3.2361	3.5000	4	5	0.02361	0.02639	10	10	4
4598	HCpbdqe	3	3.2361	3.5000	4	5	0.02361	0.02639	10	9	4
4599	HCpbdrc	3	3.2361	3.5000	4	5	0.02361	0.02639	10	10	4
4600	HCpb`zW	3	3.2361	3.5000	4	5	0.02361	0.02639	10	10	4
4601	HCpdbg{	3	3.2361	3.5000	4	5	0.02361	0.02639	10	9	4
4602	HCpdbpM	3	3.2361	3.5000	4	5	0.02361	0.02639	10	10	4
4603	HCpdbq[	3	3.2361	3.5000	4	5	0.02361	0.02639	10	9	4
4604	HCQuRpq	3	3.2361	3.5000	4	5	0.02361	0.02639	10	9	4
4605	HCQvAzg	3	3.2361	3.5000	4	5	0.02361	0.02639	10	10	4
4606	HCQvBpM	3	3.2361	3.5000	4	5	0.02361	0.02639	10	9	4
4607	HCQvBrK	3	3.2361	3.5000	4	5	0.02361	0.02639	10	10	4
4608	HCRcroy	3	3.2361	3.5000	4	5	0.02361	0.02639	10	8	4
4609	HCXecwm	3	3.2361	3.5000	4	5	0.02361	0.02639	10	9	4
4610	HCXecyi	3	3.2361	3.5000	4	5	0.02361	0.02639	10	8	4
4611	HCXeczg	3	3.2361	3.5000	4	5	0.02361	0.02639	10	9	4
4612	HCXedq[	3	3.2361	3.5000	4	5	0.02361	0.02639	10	8	4
4613	HCXedY[	3	3.2361	3.5000	4	5	0.02361	0.02639	10	9	4
4614	HCZLb_{	3	3.2361	3.5000	4	5	0.02361	0.02639	10	9	4
4615	HCZLb`Y	3	3.2361	3.5000	4	5	0.02361	0.02639	10	10	4
4616	HCpbdiU	3	3.2361	3.5000	4	5	0.02361	0.02639	10	7	4
4617	HCpbfIU	3	3.2361	3.5000	4	5	0.02361	0.02639	10	9	4
4618	HCpb`xi	3	3.2361	3.5000	4	5	0.02361	0.02639	10	9	4
4619	HCpb`xq	3	3.2361	3.5000	4	5	0.02361	0.02639	10	10	4
4620	HCpb`xY	3	3.2361	3.5000	4	5	0.02361	0.02639	10	9	4
4621	HCQvBew	3	3.2361	3.5000	4	5	0.02361	0.02639	10	9	4
4622	HCQvBps	3	3.2361	3.5000	4	5	0.02361	0.02639	10	9	4
4623	HCRbdhw	3	3.2361	3.5000	4	5	0.02361	0.02639	10	9	4
4624	HCRcrp[	3	3.2361	3.5000	4	5	0.02361	0.02639	10	8	4
4625	HCR`rjQ	3	3.2361	3.5000	4	5	0.02361	0.02639	10	9	4
4626	HCR`uq[	3	3.2361	3.5000	4	5	0.02361	0.02639	10	7	4
4627	HCR`vbc	3	3.2361	3.5000	4	5	0.02361	0.02639	10	8	4
4628	HCQfRjc	3	3.2361	3.5000	4	5	0.02361	0.02639	10	8	4
4629	HCOfczw	3	3.2361	3.5000	4	6	0.02361	0.02639	10	8	4
4630	HCOfdrs	3	3.2361	3.5000	4	6	0.02361	0.02639	10	8	4
4631	HCOfeZw	3	3.2361	3.5000	4	6	0.02361	0.02639	10	8	4
4632	HCQbbq{	3	3.2361	3.5000	4	6	0.02361	0.02639	10	9	4
4633	HCQbbqm	3	3.2361	3.5000	4	6	0.02361	0.02639	10	9	4
4634	HCQbbqy	3	3.2361	3.5000	4	6	0.02361	0.02639	10	8	4
4635	HCQbbrk	3	3.2361	3.5000	4	6	0.02361	0.02639	10	9	4
4636	HCQbbrs	3	3.2361	3.5000	4	6	0.02361	0.02639	10	9	4
4637	HCQbcvw	3	3.2361	3.5000	4	6	0.02361	0.02639	10	8	4
4638	HCQbdX{	3	3.2361	3.5000	4	6	0.02361	0.02639	10	8	4
4639	HCQbfH{	3	3.2361	3.5000	4	6	0.02361	0.02639	10	8	4
4640	HCQbfO}	3	3.2361	3.5000	4	6	0.02361	0.02639	10	9	4
4641	HCQbfQ]	3	3.2361	3.5000	4	6	0.02361	0.02639	10	9	4
4642	HCQbfQ{	3	3.2361	3.5000	4	6	0.02361	0.02639	10	8	4
4643	HCQbfQm	3	3.2361	3.5000	4	6	0.02361	0.02639	10	8	4
4644	HCQbfQy	3	3.2361	3.5000	4	6	0.02361	0.02639	10	9	4
4645	HCQbfR[	3	3.2361	3.5000	4	6	0.02361	0.02639	10	8	4
4646	HCQbfRk	3	3.2361	3.5000	4	6	0.02361	0.02639	10	8	4
4647	HCQbfRs	3	3.2361	3.5000	4	6	0.02361	0.02639	10	8	4
4648	HCQbQzw	3	3.2361	3.5000	4	6	0.02361	0.02639	10	10	4
4649	HCQdbp]	3	3.2361	3.5000	4	6	0.02361	0.02639	10	9	4
4650	HCQebg}	3	3.2361	3.5000	4	6	0.02361	0.02639	10	9	4
4651	HCQeQx{	3	3.2361	3.5000	4	6	0.02361	0.02639	10	9	4
4652	HCQeQxu	3	3.2361	3.5000	4	6	0.02361	0.02639	10	8	4
4653	HCQeRg}	3	3.2361	3.5000	4	6	0.02361	0.02639	10	10	4
4654	HCQeRh{	3	3.2361	3.5000	4	6	0.02361	0.02639	10	9	4
4655	HCQeRp{	3	3.2361	3.5000	4	6	0.02361	0.02639	10	8	4
4656	HCQeRpu	3	3.2361	3.5000	4	6	0.02361	0.02639	10	8	4
4657	HCQv@p]	3	3.2361	3.5000	4	6	0.02361	0.02639	10	9	4
4658	HCQv@pN	3	3.2361	3.5000	4	6	0.02361	0.02639	10	9	4
4659	HCQv@py	3	3.2361	3.5000	4	6	0.02361	0.02639	10	9	4
4660	HCRV@py	3	3.2361	3.5000	4	6	0.02361	0.02639	10	8	4
4661	HCRV@ql	3	3.2361	3.5000	4	6	0.02361	0.02639	10	8	4
4662	HCRV@rh	3	3.2361	3.5000	4	6	0.02361	0.02639	10	8	4
4663	H?bAVq}	4	4.2361	4.5000	4	7	0.02361	0.02639	10	7	5
4664	H?bAVru	4	4.2361	4.5000	4	7	0.02361	0.02639	10	7	5
4665	HCpbdrI	3	3.2361	3.5000	4	5	0.02361	0.02639	10	10	4
4666	HCpbdrQ	3	3.2361	3.5000	4	5	0.02361	0.02639	10	9	4
4667	HCXeczI	3	3.2361	3.5000	4	5	0.02361	0.02639	10	9	4
4668	HCQbbpy	3	3.2361	3.5000	4	6	0.02361	0.02639	10	8	4
4669	HCQbbrY	3	3.2361	3.5000	4	6	0.02361	0.02639	10	8	4
4670	HCQbcu{	3	3.2361	3.5000	4	6	0.02361	0.02639	10	9	4
4671	HCQbcvs	3	3.2361	3.5000	4	6	0.02361	0.02639	10	9	4
4672	HCQbdW}	3	3.2361	3.5000	4	6	0.02361	0.02639	10	9	4
4673	HCQbdY]	3	3.2361	3.5000	4	6	0.02361	0.02639	10	9	4
4674	HCQbfG}	3	3.2361	3.5000	4	6	0.02361	0.02639	10	9	4
4675	HCQbfI]	3	3.2361	3.5000	4	6	0.02361	0.02639	10	9	4
4676	HCQbfPm	3	3.2361	3.5000	4	6	0.02361	0.02639	10	8	4
4677	HCQbfPy	3	3.2361	3.5000	4	6	0.02361	0.02639	10	9	4
4678	HCQbfRY	3	3.2361	3.5000	4	6	0.02361	0.02639	10	9	4
4679	HCQbQxu	3	3.2361	3.5000	4	6	0.02361	0.02639	10	9	4
4680	HCQbRg}	3	3.2361	3.5000	4	6	0.02361	0.02639	10	9	4
4681	HCQdbi{	3	3.2361	3.5000	4	6	0.02361	0.02639	10	7	4
4682	HCQebp]	3	3.2361	3.5000	4	6	0.02361	0.02639	10	9	4
4683	HCQebpy	3	3.2361	3.5000	4	6	0.02361	0.02639	10	9	4
4684	HCQebri	3	3.2361	3.5000	4	6	0.02361	0.02639	10	10	4
4685	HCQeQzq	3	3.2361	3.5000	4	6	0.02361	0.02639	10	9	4
4686	HCQeRrq	3	3.2361	3.5000	4	6	0.02361	0.02639	10	9	4
4687	HCQv@pu	3	3.2361	3.5000	4	6	0.02361	0.02639	10	9	4
4688	HCQv@rM	3	3.2361	3.5000	4	6	0.02361	0.02639	10	9	4
4689	HCQv@rq	3	3.2361	3.5000	4	6	0.02361	0.02639	10	8	4
4690	HCQv@rY	3	3.2361	3.5000	4	6	0.02361	0.02639	10	9	4
4691	HCRcqpy	3	3.2361	3.5000	4	6	0.02361	0.02639	10	9	4
4692	HCRcqri	3	3.2361	3.5000	4	6	0.02361	0.02639	10	9	4
4693	HCRcrPy	3	3.2361	3.5000	4	6	0.02361	0.02639	10	9	4
4694	HCRV@qx	3	3.2361	3.5000	4	6	0.02361	0.02639	10	8	4
4695	HCRV@rL	3	3.2361	3.5000	4	6	0.02361	0.02639	10	8	4
4696	HCRV@rq	3	3.2361	3.5000	4	6	0.02361	0.02639	10	8	4
4697	HCRV@rX	3	3.2361	3.5000	4	6	0.02361	0.02639	10	8	4
4698	HCRV@rY	3	3.2361	3.5000	4	6	0.02361	0.02639	10	8	4
4699	HCOfeX]	3	3.2361	3.5000	4	6	0.02361	0.02639	10	9	4
4700	HCOffRM	3	3.2361	3.5000	4	6	0.02361	0.02639	10	8	4
4701	HCQbbrd	3	3.2361	3.5000	4	6	0.02361	0.02639	10	9	4
4702	HCQbcs}	3	3.2361	3.5000	4	6	0.02361	0.02639	10	9	4
4703	HCQbct]	3	3.2361	3.5000	4	6	0.02361	0.02639	10	8	4
4704	HCQbct\	3	3.2361	3.5000	4	6	0.02361	0.02639	10	9	4
4705	HCQbctx	3	3.2361	3.5000	4	6	0.02361	0.02639	10	9	4
4706	HCQbcvd	3	3.2361	3.5000	4	6	0.02361	0.02639	10	9	4
4707	HCQbcvh	3	3.2361	3.5000	4	6	0.02361	0.02639	10	9	4
4708	HCQbdXx	3	3.2361	3.5000	4	6	0.02361	0.02639	10	9	4
4709	HCQbfQ\	3	3.2361	3.5000	4	6	0.02361	0.02639	10	9	4
4710	HCQbfRT	3	3.2361	3.5000	4	6	0.02361	0.02639	10	9	4
4711	HCQbQzp	3	3.2361	3.5000	4	6	0.02361	0.02639	10	9	4
4712	HCQb`um	3	3.2361	3.5000	4	6	0.02361	0.02639	10	9	4
4713	HCQb`vi	3	3.2361	3.5000	4	6	0.02361	0.02639	10	8	4
4714	HCQeVay	3	3.2361	3.5000	4	6	0.02361	0.02639	10	9	4
4715	H?bAVi}	4	4.2361	4.5000	4	7	0.02361	0.02639	10	9	5
4716	H?`fBR^	4	4.2361	4.5000	4	8	0.02361	0.02639	10	6	5
4717	HCQbRp]	3	3.2361	3.5000	4	6	0.02361	0.02639	10	10	4
4718	HCQeRp]	3	3.2361	3.5000	4	6	0.02361	0.02639	10	8	4
4719	HCQeRpy	3	3.2361	3.5000	4	6	0.02361	0.02639	10	8	4
4720	HCQv@q]	3	3.2361	3.5000	4	6	0.02361	0.02639	10	9	4
4721	HCQv@rs	3	3.2361	3.5000	4	6	0.02361	0.02639	10	8	4
4722	HCRV@rs	3	3.2361	3.5000	4	6	0.02361	0.02639	10	8	4
4723	HCQbeT\	3	3.2361	3.5000	4	6	0.02361	0.02639	10	9	4
4724	HCQbeTx	3	3.2361	3.5000	4	6	0.02361	0.02639	10	9	4
4725	HCQbfPx	3	3.2361	3.5000	4	6	0.02361	0.02639	10	9	4
4726	HCQfdp{	3	3.2361	3.5000	4	6	0.02361	0.02639	10	8	4
4727	HCR`rjw	3	3.2361	3.5000	4	6	0.02361	0.02639	10	7	4
4728	HCQbfp{	3	3.2361	3.5000	4	6	0.02361	0.02639	10	8	4
4729	HCdfJro	3	3.2361	3.5000	4	5	0.02361	0.02639	10	9	4
4730	HCrbdpi	3	3.2361	3.5000	4	5	0.02361	0.02639	10	10	4
4731	HCRdrrS	3	3.2361	3.5000	4	5	0.02361	0.02639	10	9	4
4732	HCY^F`k	3	3.2361	3.5000	4	5	0.02361	0.02639	10	10	4
4733	HCY^F`M	3	3.2361	3.5000	4	5	0.02361	0.02639	10	10	4
4734	HCZJdjg	3	3.2361	3.5000	4	5	0.02361	0.02639	10	10	4
4735	HCZLf_{	3	3.2361	3.5000	4	5	0.02361	0.02639	10	10	4
4736	HCZJfIi	3	3.2361	3.5000	4	5	0.02361	0.02639	10	9	4
4737	HCpbbi]	3	3.2361	3.5000	4	6	0.02361	0.02639	10	9	4
4738	HCpbbi{	3	3.2361	3.5000	4	6	0.02361	0.02639	10	9	4
4739	HCpbdi{	3	3.2361	3.5000	4	6	0.02361	0.02639	10	8	4
4740	HCpbdjw	3	3.2361	3.5000	4	6	0.02361	0.02639	10	9	4
4741	HCpbdo}	3	3.2361	3.5000	4	6	0.02361	0.02639	10	9	4
4742	HCpbdp{	3	3.2361	3.5000	4	6	0.02361	0.02639	10	10	4
4743	HCpbdqm	3	3.2361	3.5000	4	6	0.02361	0.02639	10	8	4
4744	HCpbdrs	3	3.2361	3.5000	4	6	0.02361	0.02639	10	9	4
4745	HCpbfI]	3	3.2361	3.5000	4	6	0.02361	0.02639	10	9	4
4746	HCpbfI{	3	3.2361	3.5000	4	6	0.02361	0.02639	10	9	4
4747	HCpbfO}	3	3.2361	3.5000	4	6	0.02361	0.02639	10	9	4
4748	HCpbfQ{	3	3.2361	3.5000	4	6	0.02361	0.02639	10	8	4
4749	HCpbfQm	3	3.2361	3.5000	4	6	0.02361	0.02639	10	8	4
4750	HCpb`xy	3	3.2361	3.5000	4	6	0.02361	0.02639	10	9	4
4751	HCpb`z[	3	3.2361	3.5000	4	6	0.02361	0.02639	10	9	4
4752	HCpb`zi	3	3.2361	3.5000	4	6	0.02361	0.02639	10	9	4
4753	HCpb`zq	3	3.2361	3.5000	4	6	0.02361	0.02639	10	10	4
4754	HCpdbp]	3	3.2361	3.5000	4	6	0.02361	0.02639	10	10	4
4755	HCQbrrk	3	3.2361	3.5000	4	6	0.02361	0.02639	10	9	4
4756	HCQbrrs	3	3.2361	3.5000	4	6	0.02361	0.02639	10	9	4
4757	HCQbvH{	3	3.2361	3.5000	4	6	0.02361	0.02639	10	9	4
4758	HCQfQzk	3	3.2361	3.5000	4	6	0.02361	0.02639	10	9	4
4759	HCQfQzs	3	3.2361	3.5000	4	6	0.02361	0.02639	10	9	4
4760	HCQfRjk	3	3.2361	3.5000	4	6	0.02361	0.02639	10	8	4
4761	HCQfRX{	3	3.2361	3.5000	4	6	0.02361	0.02639	10	9	4
4762	HCQvAvw	3	3.2361	3.5000	4	6	0.02361	0.02639	10	9	4
4763	HCQvAzw	3	3.2361	3.5000	4	6	0.02361	0.02639	10	9	4
4764	HCQvBp]	3	3.2361	3.5000	4	6	0.02361	0.02639	10	9	4
4765	HCQvBp{	3	3.2361	3.5000	4	6	0.02361	0.02639	10	9	4
4766	HCQvBrk	3	3.2361	3.5000	4	6	0.02361	0.02639	10	10	4
4767	HCQVbZk	3	3.2361	3.5000	4	6	0.02361	0.02639	10	9	4
4768	HCQVRrk	3	3.2361	3.5000	4	6	0.02361	0.02639	10	10	4
4769	HCRbczi	3	3.2361	3.5000	4	6	0.02361	0.02639	10	9	4
4770	HCRbdjw	3	3.2361	3.5000	4	6	0.02361	0.02639	10	9	4
4771	HCRbeq{	3	3.2361	3.5000	4	6	0.02361	0.02639	10	9	4
4772	HCR`rji	3	3.2361	3.5000	4	6	0.02361	0.02639	10	9	4
4773	HCR`rjq	3	3.2361	3.5000	4	6	0.02361	0.02639	10	8	4
4774	HCR`ujw	3	3.2361	3.5000	4	6	0.02361	0.02639	10	7	4
4775	HCR`uq{	3	3.2361	3.5000	4	6	0.02361	0.02639	10	8	4
4776	HCRUTo}	3	3.2361	3.5000	4	6	0.02361	0.02639	10	8	4
4777	HCR`v`]	3	3.2361	3.5000	4	6	0.02361	0.02639	10	8	4
4778	HCR`v_}	3	3.2361	3.5000	4	6	0.02361	0.02639	10	8	4
4779	HCR`vam	3	3.2361	3.5000	4	6	0.02361	0.02639	10	8	4
4780	HCR`vbe	3	3.2361	3.5000	4	6	0.02361	0.02639	10	7	4
4781	HCR`vbk	3	3.2361	3.5000	4	6	0.02361	0.02639	10	8	4
4782	HCR`vbM	3	3.2361	3.5000	4	6	0.02361	0.02639	10	8	4
4783	HCRVDXy	3	3.2361	3.5000	4	6	0.02361	0.02639	10	10	4
4784	HCR`v`u	3	3.2361	3.5000	4	6	0.02361	0.02639	10	7	4
4785	HCR`v`y	3	3.2361	3.5000	4	6	0.02361	0.02639	10	8	4
4786	HCXecy{	3	3.2361	3.5000	4	6	0.02361	0.02639	10	8	4
4787	HCXecym	3	3.2361	3.5000	4	6	0.02361	0.02639	10	8	4
4788	HCXeczw	3	3.2361	3.5000	4	6	0.02361	0.02639	10	9	4
4789	HCOfez[	3	3.2361	3.5000	4	7	0.02361	0.02639	10	7	4
4790	HCpb`zR	3	3.2361	3.5000	4	6	0.02361	0.02639	10	9	4
4791	HCQbdvw	3	3.2361	3.5000	4	6	0.02361	0.02639	10	8	4
4792	HCQbfq{	3	3.2361	3.5000	4	6	0.02361	0.02639	10	8	4
4793	HCQbfrs	3	3.2361	3.5000	4	6	0.02361	0.02639	10	8	4
4794	HCQbfVw	3	3.2361	3.5000	4	6	0.02361	0.02639	10	8	4
4795	HCQbfX{	3	3.2361	3.5000	4	6	0.02361	0.02639	10	8	4
4796	HCQeRx{	3	3.2361	3.5000	4	7	0.02361	0.02639	10	8	4
4797	HCQfIx{	3	3.2361	3.5000	4	6	0.02361	0.02639	10	9	4
4798	HCQvEZw	3	3.2361	3.5000	4	6	0.02361	0.02639	10	9	4
4799	HCQVfRk	3	3.2361	3.5000	4	6	0.02361	0.02639	10	9	4
4800	HCRbcx{	3	3.2361	3.5000	4	6	0.02361	0.02639	10	8	4
4801	HCRbfRq	3	3.2361	3.5000	4	6	0.02361	0.02639	10	8	4
4802	HCRbfRs	3	3.2361	3.5000	4	6	0.02361	0.02639	10	8	4
4803	HCRcpxu	3	3.2361	3.5000	4	6	0.02361	0.02639	10	9	4
4804	HCRUTZw	3	3.2361	3.5000	4	6	0.02361	0.02639	10	8	4
4805	HCRVBjw	3	3.2361	3.5000	4	6	0.02361	0.02639	10	7	4
4806	HCR`v_n	3	3.2361	3.5000	4	6	0.02361	0.02639	10	8	4
4807	HCR`v`N	3	3.2361	3.5000	4	6	0.02361	0.02639	10	8	4
4808	HCQfdpN	3	3.2361	3.5000	4	6	0.02361	0.02639	10	9	4
4809	HCQbbr{	3	3.2361	3.5000	4	7	0.02361	0.02639	10	8	4
4810	HCQbfR{	3	3.2361	3.5000	4	7	0.02361	0.02639	10	7	4
4811	HCZJeiY	3	3.2361	3.5000	4	5	0.02361	0.02639	10	10	4
4812	HCpbbiu	3	3.2361	3.5000	4	6	0.02361	0.02639	10	9	4
4813	HCpbdiu	3	3.2361	3.5000	4	6	0.02361	0.02639	10	8	4
4814	HCpbdqu	3	3.2361	3.5000	4	6	0.02361	0.02639	10	9	4
4815	HCpbdri	3	3.2361	3.5000	4	6	0.02361	0.02639	10	9	4
4816	HCpbdrk	3	3.2361	3.5000	4	6	0.02361	0.02639	10	10	4
4817	HCpbdrM	3	3.2361	3.5000	4	6	0.02361	0.02639	10	10	4
4818	HCpbdrq	3	3.2361	3.5000	4	6	0.02361	0.02639	10	10	4
4819	HCpbdrU	3	3.2361	3.5000	4	6	0.02361	0.02639	10	9	4
4820	HCpbfIu	3	3.2361	3.5000	4	6	0.02361	0.02639	10	9	4
4821	HCpbfQy	3	3.2361	3.5000	4	6	0.02361	0.02639	10	9	4
4822	HCpb`zY	3	3.2361	3.5000	4	6	0.02361	0.02639	10	11	4
4823	HCpdbg}	3	3.2361	3.5000	4	6	0.02361	0.02639	10	10	4
4824	HCpdcw}	3	3.2361	3.5000	4	6	0.02361	0.02639	10	10	4
4825	HCpdRh]	3	3.2361	3.5000	4	6	0.02361	0.02639	10	10	4
4826	HCpdVH]	3	3.2361	3.5000	4	6	0.02361	0.02639	10	10	4
4827	HCQuRrq	3	3.2361	3.5000	4	6	0.02361	0.02639	10	10	4
4828	HCRbczq	3	3.2361	3.5000	4	6	0.02361	0.02639	10	10	4
4829	HCRbczY	3	3.2361	3.5000	4	6	0.02361	0.02639	10	10	4
4830	HCRbdiy	3	3.2361	3.5000	4	6	0.02361	0.02639	10	9	4
4831	HCRbfQu	3	3.2361	3.5000	4	6	0.02361	0.02639	10	10	4
4832	HCRcqvw	3	3.2361	3.5000	4	6	0.02361	0.02639	10	8	4
4833	HCRcrr[	3	3.2361	3.5000	4	6	0.02361	0.02639	10	9	4
4834	HCR`ujq	3	3.2361	3.5000	4	6	0.02361	0.02639	10	9	4
4835	HCR`ur[	3	3.2361	3.5000	4	6	0.02361	0.02639	10	7	4
4836	HCR`vau	3	3.2361	3.5000	4	6	0.02361	0.02639	10	7	4
4837	HCRVBiy	3	3.2361	3.5000	4	6	0.02361	0.02639	10	10	4
4838	HCR`v`m	3	3.2361	3.5000	4	6	0.02361	0.02639	10	9	4
4839	HCXeczi	3	3.2361	3.5000	4	6	0.02361	0.02639	10	9	4
4840	HCXeczM	3	3.2361	3.5000	4	6	0.02361	0.02639	10	9	4
4841	HCZLbbi	3	3.2361	3.5000	4	6	0.02361	0.02639	10	10	4
4842	HCZLb`y	3	3.2361	3.5000	4	6	0.02361	0.02639	10	10	4
4843	HCpbbh]	3	3.2361	3.5000	4	6	0.02361	0.02639	10	8	4
4844	HCpbbj[	3	3.2361	3.5000	4	6	0.02361	0.02639	10	9	4
4845	HCpbbjM	3	3.2361	3.5000	4	6	0.02361	0.02639	10	9	4
4846	HCpbbjU	3	3.2361	3.5000	4	6	0.02361	0.02639	10	8	4
4847	HCpbdon	3	3.2361	3.5000	4	6	0.02361	0.02639	10	9	4
4848	HCpbdpN	3	3.2361	3.5000	4	6	0.02361	0.02639	10	10	4
4849	HCpbdpt	3	3.2361	3.5000	4	6	0.02361	0.02639	10	9	4
4850	HCpbdpV	3	3.2361	3.5000	4	6	0.02361	0.02639	10	9	4
4851	HCpbdqf	3	3.2361	3.5000	4	6	0.02361	0.02639	10	9	4
4852	HCpbdrd	3	3.2361	3.5000	4	6	0.02361	0.02639	10	9	4
4853	HCpbfH]	3	3.2361	3.5000	4	6	0.02361	0.02639	10	9	4
4854	HCpbfJ[	3	3.2361	3.5000	4	6	0.02361	0.02639	10	9	4
4855	HCpbfJM	3	3.2361	3.5000	4	6	0.02361	0.02639	10	8	4
4856	HCpbfJU	3	3.2361	3.5000	4	6	0.02361	0.02639	10	8	4
4857	HCpbfOn	3	3.2361	3.5000	4	6	0.02361	0.02639	10	8	4
4858	HCpbfP]	3	3.2361	3.5000	4	6	0.02361	0.02639	10	9	4
4859	HCpbfPy	3	3.2361	3.5000	4	6	0.02361	0.02639	10	9	4
4860	HCpbfQf	3	3.2361	3.5000	4	6	0.02361	0.02639	10	8	4
4861	HCpbQw}	3	3.2361	3.5000	4	6	0.02361	0.02639	10	9	4
4862	HCpbQy]	3	3.2361	3.5000	4	6	0.02361	0.02639	10	9	4
4863	HCpbRd{	3	3.2361	3.5000	4	6	0.02361	0.02639	10	8	4
4864	HCpbRfw	3	3.2361	3.5000	4	6	0.02361	0.02639	10	9	4
4865	HCpb`xj	3	3.2361	3.5000	4	6	0.02361	0.02639	10	8	4
4866	HCpb`xZ	3	3.2361	3.5000	4	6	0.02361	0.02639	10	8	4
4867	HCpdfGz	3	3.2361	3.5000	4	6	0.02361	0.02639	10	10	4
4868	HCQbdu{	3	3.2361	3.5000	4	6	0.02361	0.02639	10	8	4
4869	HCQbdvs	3	3.2361	3.5000	4	6	0.02361	0.02639	10	8	4
4870	HCQbevw	3	3.2361	3.5000	4	6	0.02361	0.02639	10	8	4
4871	HCQbRl{	3	3.2361	3.5000	4	6	0.02361	0.02639	10	8	4
4872	HCQbrre	3	3.2361	3.5000	4	6	0.02361	0.02639	10	9	4
4873	HCQbrrq	3	3.2361	3.5000	4	6	0.02361	0.02639	10	8	4
4874	HCQbvRp	3	3.2361	3.5000	4	6	0.02361	0.02639	10	9	4
4875	HCQfdpu	3	3.2361	3.5000	4	6	0.02361	0.02639	10	8	4
4876	HCQfdpy	3	3.2361	3.5000	4	6	0.02361	0.02639	10	9	4
4877	HCQfdW}	3	3.2361	3.5000	4	6	0.02361	0.02639	10	9	4
4878	HCQfep]	3	3.2361	3.5000	4	6	0.02361	0.02639	10	8	4
4879	HCQfNPt	3	3.2361	3.5000	4	6	0.02361	0.02639	10	8	4
4880	HCQuVRq	3	3.2361	3.5000	4	6	0.02361	0.02639	10	10	4
4881	HCQvDS}	3	3.2361	3.5000	4	6	0.02361	0.02639	10	8	4
4882	HCQvDXr	3	3.2361	3.5000	4	6	0.02361	0.02639	10	8	4
4883	HCQvDXx	3	3.2361	3.5000	4	6	0.02361	0.02639	10	9	4
4884	HCQvFRM	3	3.2361	3.5000	4	6	0.02361	0.02639	10	9	4
4885	HCRbczk	3	3.2361	3.5000	4	6	0.02361	0.02639	10	9	4
4886	HCRbczM	3	3.2361	3.5000	4	6	0.02361	0.02639	10	10	4
4887	HCRbfG}	3	3.2361	3.5000	4	6	0.02361	0.02639	10	9	4
4888	HCRbfI]	3	3.2361	3.5000	4	6	0.02361	0.02639	10	10	4
4889	HCRbfRU	3	3.2361	3.5000	4	6	0.02361	0.02639	10	8	4
4890	HCRctS|	3	3.2361	3.5000	4	6	0.02361	0.02639	10	9	4
4891	HCRctT\	3	3.2361	3.5000	4	6	0.02361	0.02639	10	10	4
4892	HCRcuVw	3	3.2361	3.5000	4	6	0.02361	0.02639	10	8	4
4893	HCR`rh]	3	3.2361	3.5000	4	6	0.02361	0.02639	10	9	4
4894	HCR`rjR	3	3.2361	3.5000	4	6	0.02361	0.02639	10	9	4
4895	HCRVDZq	3	3.2361	3.5000	4	6	0.02361	0.02639	10	9	4
4896	HCRVDZY	3	3.2361	3.5000	4	6	0.02361	0.02639	10	8	4
4897	HCR`v`j	3	3.2361	3.5000	4	6	0.02361	0.02639	10	8	4
4898	HCR`v`Z	3	3.2361	3.5000	4	6	0.02361	0.02639	10	8	4
4899	HCXeczh	3	3.2361	3.5000	4	6	0.02361	0.02639	10	9	4
4900	HCpbbjJ	3	3.2361	3.5000	4	6	0.02361	0.02639	10	9	4
4901	HCpbfHZ	3	3.2361	3.5000	4	6	0.02361	0.02639	10	9	4
4902	HCpbfPV	3	3.2361	3.5000	4	6	0.02361	0.02639	10	9	4
4903	HCQfdri	3	3.2361	3.5000	4	6	0.02361	0.02639	10	9	4
4904	HCQffGz	3	3.2361	3.5000	4	6	0.02361	0.02639	10	8	4
4905	HCQffOz	3	3.2361	3.5000	4	6	0.02361	0.02639	10	8	4
4906	HCQfJh]	3	3.2361	3.5000	4	6	0.02361	0.02639	10	9	4
4907	HCQfJiZ	3	3.2361	3.5000	4	6	0.02361	0.02639	10	9	4
4908	HCQfMgz	3	3.2361	3.5000	4	6	0.02361	0.02639	10	8	4
4909	HCQfNOz	3	3.2361	3.5000	4	6	0.02361	0.02639	10	8	4
4910	HCQVfGz	3	3.2361	3.5000	4	6	0.02361	0.02639	10	8	4
4911	HCRbfRR	3	3.2361	3.5000	4	6	0.02361	0.02639	10	8	4
4912	HCQbbq}	3	3.2361	3.5000	4	7	0.02361	0.02639	10	9	4
4913	HCQbbqn	3	3.2361	3.5000	4	7	0.02361	0.02639	10	8	4
4914	HCQbbrm	3	3.2361	3.5000	4	7	0.02361	0.02639	10	9	4
4915	HCQbbry	3	3.2361	3.5000	4	7	0.02361	0.02639	10	7	4
4916	HCQbfO~	3	3.2361	3.5000	4	7	0.02361	0.02639	10	8	4
4917	HCQbfP}	3	3.2361	3.5000	4	7	0.02361	0.02639	10	9	4
4918	HCQbfQ^	3	3.2361	3.5000	4	7	0.02361	0.02639	10	8	4
4919	HCQbfQ}	3	3.2361	3.5000	4	7	0.02361	0.02639	10	9	4
4920	HCQbfR]	3	3.2361	3.5000	4	7	0.02361	0.02639	10	9	4
4921	HCQbfRm	3	3.2361	3.5000	4	7	0.02361	0.02639	10	7	4
4922	HCQbfRy	3	3.2361	3.5000	4	7	0.02361	0.02639	10	8	4
4923	HCQv@p}	3	3.2361	3.5000	4	7	0.02361	0.02639	10	8	4
4924	HCQv@rN	3	3.2361	3.5000	4	7	0.02361	0.02639	10	8	4
4925	HCQv@ry	3	3.2361	3.5000	4	7	0.02361	0.02639	10	8	4
4926	HCRV@rl	3	3.2361	3.5000	4	7	0.02361	0.02639	10	7	4
4927	HCRV@rx	3	3.2361	3.5000	4	7	0.02361	0.02639	10	7	4
4928	HCRV@ry	3	3.2361	3.5000	4	7	0.02361	0.02639	10	7	4
4929	H?bAVzy	4	4.2361	4.5000	4	7	0.02361	0.02639	10	8	5
4930	H?bAVr}	4	4.2361	4.5000	4	8	0.02361	0.02639	10	6	5
4931	HCQfLX]	3	3.2361	3.5000	4	6	0.02361	0.02639	10	10	4
4932	HCQbbq|	3	3.2361	3.5000	4	7	0.02361	0.02639	10	9	4
4933	HCQbbrt	3	3.2361	3.5000	4	7	0.02361	0.02639	10	8	4
4934	HCQbfQz	3	3.2361	3.5000	4	7	0.02361	0.02639	10	8	4
4935	HCXeczq	3	3.2361	3.5000	4	6	0.02361	0.02639	10	9	4
4936	HCpbbgn	3	3.2361	3.5000	4	6	0.02361	0.02639	10	8	4
4937	HCpbdg|	3	3.2361	3.5000	4	6	0.02361	0.02639	10	9	4
4938	HCpbdqV	3	3.2361	3.5000	4	6	0.02361	0.02639	10	9	4
4939	HCpbfGn	3	3.2361	3.5000	4	6	0.02361	0.02639	10	8	4
4940	HCpb`w|	3	3.2361	3.5000	4	6	0.02361	0.02639	10	10	4
4941	HCpb`xt	3	3.2361	3.5000	4	6	0.02361	0.02639	10	9	4
4942	HCQbrri	3	3.2361	3.5000	4	6	0.02361	0.02639	10	9	4
4943	HCR`vaV	3	3.2361	3.5000	4	6	0.02361	0.02639	10	8	4
4944	HCR`vaZ	3	3.2361	3.5000	4	6	0.02361	0.02639	10	8	4
4945	HCR`vbp	3	3.2361	3.5000	4	6	0.02361	0.02639	10	8	4
4946	HCR`vbR	3	3.2361	3.5000	4	6	0.02361	0.02639	10	8	4
4947	HCR`vbX	3	3.2361	3.5000	4	6	0.02361	0.02639	10	8	4
4948	HCQVdrs	3	3.2361	3.5000	4	6	0.02361	0.02639	10	9	4
4949	HCRctVq	3	3.2361	3.5000	4	6	0.02361	0.02639	10	9	4
4950	HCRVDZs	3	3.2361	3.5000	4	6	0.02361	0.02639	10	9	4
4951	HCQbfP^	3	3.2361	3.5000	4	7	0.02361	0.02639	10	8	4
4952	HCQbfP|	3	3.2361	3.5000	4	7	0.02361	0.02639	10	8	4
4953	HCRV@r{	3	3.2361	3.5000	4	7	0.02361	0.02639	10	7	4
4954	HCZbeq]	3	3.2361	3.5000	4	6	0.02361	0.02639	10	7	4
4955	HCRbc~w	3	3.2361	3.5000	4	6	0.02361	0.02639	10	8	4
4956	HCRbd^w	3	3.2361	3.5000	4	6	0.02361	0.02639	10	7	4
4957	HCpVbo}	3	3.2361	3.5000	4	6	0.02361	0.02639	10	7	4
4958	HCZbayy	3	3.2361	3.5000	4	6	0.02361	0.02639	10	10	4
4959	HCZbeq{	3	3.2361	3.5000	4	6	0.02361	0.02639	10	8	4
4960	HCpbdx{	3	3.2361	3.5000	4	6	0.02361	0.02639	10	9	4
4961	HCpbdzs	3	3.2361	3.5000	4	6	0.02361	0.02639	10	8	4
4962	HCpbfo}	3	3.2361	3.5000	4	6	0.02361	0.02639	10	9	4
4963	HCpfczs	3	3.2361	3.5000	4	6	0.02361	0.02639	10	9	4
4964	HCpf`ym	3	3.2361	3.5000	4	6	0.02361	0.02639	10	9	4
4965	HCpVV`{	3	3.2361	3.5000	4	6	0.02361	0.02639	10	9	4
4966	HCRbbyy	3	3.2361	3.5000	4	6	0.02361	0.02639	10	9	4
4967	HCRdtrk	3	3.2361	3.5000	4	6	0.02361	0.02639	10	8	4
4968	HCY^F`N	3	3.2361	3.5000	4	6	0.02361	0.02639	10	9	4
4969	HCZbaw}	3	3.2361	3.5000	4	6	0.02361	0.02639	10	8	4
4970	HCZbay{	3	3.2361	3.5000	4	6	0.02361	0.02639	10	8	4
4971	HCZbaym	3	3.2361	3.5000	4	6	0.02361	0.02639	10	9	4
4972	HCZbayr	3	3.2361	3.5000	4	6	0.02361	0.02639	10	9	4
4973	HCZbejw	3	3.2361	3.5000	4	6	0.02361	0.02639	10	8	4
4974	HCZbeon	3	3.2361	3.5000	4	6	0.02361	0.02639	10	8	4
4975	HCZbeqf	3	3.2361	3.5000	4	6	0.02361	0.02639	10	8	4
4976	HCZberM	3	3.2361	3.5000	4	6	0.02361	0.02639	10	7	4
4977	HCZbers	3	3.2361	3.5000	4	6	0.02361	0.02639	10	8	4
4978	HCZJfJw	3	3.2361	3.5000	4	6	0.02361	0.02639	10	7	4
4979	HCZVDZw	3	3.2361	3.5000	4	6	0.02361	0.02639	10	9	4
4980	HCpVVal	3	3.2361	3.5000	4	6	0.02361	0.02639	10	7	4
4981	HCpVVbs	3	3.2361	3.5000	4	6	0.02361	0.02639	10	9	4
4982	HCpVV_n	3	3.2361	3.5000	4	6	0.02361	0.02639	10	8	4
4983	HCQvdpN	3	3.2361	3.5000	4	5	0.02361	0.02639	10	9	4
4984	HCR`~aj	3	3.2361	3.5000	4	6	0.02361	0.02639	10	8	4
4985	HCRc~Pr	3	3.2361	3.5000	4	6	0.02361	0.02639	10	8	4
4986	HCRdtpf	3	3.2361	3.5000	4	6	0.02361	0.02639	10	8	4
4987	HCRdtpN	3	3.2361	3.5000	4	6	0.02361	0.02639	10	8	4
4988	HCRenbw	3	3.2361	3.5000	4	6	0.02361	0.02639	10	8	4
4989	HCRenRw	3	3.2361	3.5000	4	6	0.02361	0.02639	10	8	4
4990	HCQbfr{	3	3.2361	3.5000	4	7	0.02361	0.02639	10	7	4
4991	HCQbrr{	3	3.2361	3.5000	4	7	0.02361	0.02639	10	8	4
4992	HCQfdr{	3	3.2361	3.5000	4	7	0.02361	0.02639	10	7	4
4993	HCpVTh{	3	3.2361	3.5000	4	6	0.02361	0.02639	10	11	4
4994	HCZbeiy	3	3.2361	3.5000	4	6	0.02361	0.02639	10	10	4
4995	HCpbdzk	3	3.2361	3.5000	4	6	0.02361	0.02639	10	9	4
4996	HCpbfiu	3	3.2361	3.5000	4	6	0.02361	0.02639	10	8	4
4997	HCpbfqu	3	3.2361	3.5000	4	6	0.02361	0.02639	10	10	4
4998	HCpbfW}	3	3.2361	3.5000	4	6	0.02361	0.02639	10	10	4
4999	HCpfczk	3	3.2361	3.5000	4	6	0.02361	0.02639	10	9	4
5000	HCrbdqu	3	3.2361	3.5000	4	6	0.02361	0.02639	10	9	4
5001	HCRbeyy	3	3.2361	3.5000	4	6	0.02361	0.02639	10	11	4
5002	HCRbfiy	3	3.2361	3.5000	4	6	0.02361	0.02639	10	10	4
5003	HCRdjpy	3	3.2361	3.5000	4	6	0.02361	0.02639	10	9	4
5004	HCRetr[	3	3.2361	3.5000	4	6	0.02361	0.02639	10	8	4
5005	HCY^FbM	3	3.2361	3.5000	4	6	0.02361	0.02639	10	9	4
5006	HCZbawz	3	3.2361	3.5000	4	6	0.02361	0.02639	10	8	4
5007	HCZbayu	3	3.2361	3.5000	4	6	0.02361	0.02639	10	10	4
5008	HCZbejq	3	3.2361	3.5000	4	6	0.02361	0.02639	10	9	4
5009	HCZbejY	3	3.2361	3.5000	4	6	0.02361	0.02639	10	8	4
5010	HCZbeql	3	3.2361	3.5000	4	6	0.02361	0.02639	10	8	4
5011	HCZJdhx	3	3.2361	3.5000	4	6	0.02361	0.02639	10	9	4
5012	HCZJdhZ	3	3.2361	3.5000	4	6	0.02361	0.02639	10	10	4
5013	HCZJdjh	3	3.2361	3.5000	4	6	0.02361	0.02639	10	9	4
5014	HCZJfG}	3	3.2361	3.5000	4	6	0.02361	0.02639	10	9	4
5015	HCZJfIu	3	3.2361	3.5000	4	6	0.02361	0.02639	10	9	4
5016	HCdffPV	3	3.2361	3.5000	4	6	0.02361	0.02639	10	9	4
5017	HCpbvQf	3	3.2361	3.5000	4	6	0.02361	0.02639	10	8	4
5018	HCpbvQm	3	3.2361	3.5000	4	6	0.02361	0.02639	10	7	4
5019	HCpdvPV	3	3.2361	3.5000	4	6	0.02361	0.02639	10	9	4
5020	HCpeiwz	3	3.2361	3.5000	4	6	0.02361	0.02639	10	7	4
5021	HCpeiyj	3	3.2361	3.5000	4	6	0.02361	0.02639	10	9	4
5022	HCpejgz	3	3.2361	3.5000	4	6	0.02361	0.02639	10	8	4
5023	HCpfaxy	3	3.2361	3.5000	4	6	0.02361	0.02639	10	9	4
5024	HCpfdqm	3	3.2361	3.5000	4	6	0.02361	0.02639	10	8	4
5025	HCpfIwz	3	3.2361	3.5000	4	6	0.02361	0.02639	10	8	4
5026	HCpfJoz	3	3.2361	3.5000	4	6	0.02361	0.02639	10	9	4
5027	HCpfVGz	3	3.2361	3.5000	4	6	0.02361	0.02639	10	9	4
5028	HCpUvJs	3	3.2361	3.5000	4	6	0.02361	0.02639	10	8	4
5029	HCpVbWz	3	3.2361	3.5000	4	6	0.02361	0.02639	10	9	4
5030	HCpVdpN	3	3.2361	3.5000	4	6	0.02361	0.02639	10	9	4
5031	HCpVdre	3	3.2361	3.5000	4	6	0.02361	0.02639	10	9	4
5032	HCpVV`x	3	3.2361	3.5000	4	6	0.02361	0.02639	10	9	4
5033	HCpVV_z	3	3.2361	3.5000	4	6	0.02361	0.02639	10	8	4
5034	HCQvfQx	3	3.2361	3.5000	4	6	0.02361	0.02639	10	9	4
5035	HCRblo|	3	3.2361	3.5000	4	6	0.02361	0.02639	10	9	4
5036	HCRbnQj	3	3.2361	3.5000	4	6	0.02361	0.02639	10	8	4
5037	HCRczpr	3	3.2361	3.5000	4	6	0.02361	0.02639	10	10	4
5038	HCRdtrM	3	3.2361	3.5000	4	6	0.02361	0.02639	10	8	4
5039	HCRen_|	3	3.2361	3.5000	4	6	0.02361	0.02639	10	8	4
5040	HCRev`\	3	3.2361	3.5000	4	6	0.02361	0.02639	10	8	4
5041	HCRevb[	3	3.2361	3.5000	4	6	0.02361	0.02639	10	8	4
5042	HCRTtri	3	3.2361	3.5000	4	6	0.02361	0.02639	10	9	4
5043	HCRU^bw	3	3.2361	3.5000	4	6	0.02361	0.02639	10	9	4
5044	HCRVTqm	3	3.2361	3.5000	4	6	0.02361	0.02639	10	8	4
5045	HCXevQ\	3	3.2361	3.5000	4	6	0.02361	0.02639	10	8	4
5046	HCXfRqV	3	3.2361	3.5000	4	6	0.02361	0.02639	10	9	4
5047	HCXfRr[	3	3.2361	3.5000	4	6	0.02361	0.02639	10	8	4
5048	HCRbd^M	3	3.2361	3.5000	4	6	0.02361	0.02639	10	8	4
5049	HCRbe]]	3	3.2361	3.5000	4	6	0.02361	0.02639	10	9	4
5050	HCRen_n	3	3.2361	3.5000	4	6	0.02361	0.02639	10	8	4
5051	HCRevbh	3	3.2361	3.5000	4	6	0.02361	0.02639	10	9	4
5052	HCpbbi^	3	3.2361	3.5000	4	7	0.02361	0.02639	10	8	4
5053	HCpbbi}	3	3.2361	3.5000	4	7	0.02361	0.02639	10	9	4
5054	HCpbdj{	3	3.2361	3.5000	4	7	0.02361	0.02639	10	8	4
5055	HCpbfI^	3	3.2361	3.5000	4	7	0.02361	0.02639	10	8	4
5056	HCpbfI}	3	3.2361	3.5000	4	7	0.02361	0.02639	10	9	4
5057	HCpbfO~	3	3.2361	3.5000	4	7	0.02361	0.02639	10	8	4
5058	HCpbfQ}	3	3.2361	3.5000	4	7	0.02361	0.02639	10	9	4
5059	HCpb`zj	3	3.2361	3.5000	4	7	0.02361	0.02639	10	8	4
5060	HCpb`zy	3	3.2361	3.5000	4	7	0.02361	0.02639	10	10	4
5061	HCQbfry	3	3.2361	3.5000	4	7	0.02361	0.02639	10	7	4
5062	HCQfdp}	3	3.2361	3.5000	4	7	0.02361	0.02639	10	9	4
5063	HCRbczj	3	3.2361	3.5000	4	7	0.02361	0.02639	10	8	4
5064	HCRbczy	3	3.2361	3.5000	4	7	0.02361	0.02639	10	10	4
5065	HCRber{	3	3.2361	3.5000	4	7	0.02361	0.02639	10	8	4
5066	HCR`ur{	3	3.2361	3.5000	4	7	0.02361	0.02639	10	7	4
5067	HCR`v`^	3	3.2361	3.5000	4	7	0.02361	0.02639	10	7	4
5068	HCR`v`}	3	3.2361	3.5000	4	7	0.02361	0.02639	10	8	4
5069	HCR`va}	3	3.2361	3.5000	4	7	0.02361	0.02639	10	8	4
5070	HCR`vb]	3	3.2361	3.5000	4	7	0.02361	0.02639	10	8	4
5071	HCR`vbm	3	3.2361	3.5000	4	7	0.02361	0.02639	10	8	4
5072	HCR`vbu	3	3.2361	3.5000	4	7	0.02361	0.02639	10	6	4
5073	HCRVDXz	3	3.2361	3.5000	4	7	0.02361	0.02639	10	9	4
5074	HCRVDZy	3	3.2361	3.5000	4	7	0.02361	0.02639	10	9	4
5075	HCrJdpV	3	3.2361	3.5000	4	6	0.02361	0.02639	10	10	4
5076	HCRSvXy	3	3.2361	3.5000	4	6	0.02361	0.02639	10	12	4
5077	HCpdtre	3	3.2361	3.5000	4	6	0.02361	0.02639	10	9	4
5078	HCpdvPr	3	3.2361	3.5000	4	6	0.02361	0.02639	10	8	4
5079	HCpfIyj	3	3.2361	3.5000	4	6	0.02361	0.02639	10	9	4
5080	HCpVTpr	3	3.2361	3.5000	4	6	0.02361	0.02639	10	9	4
5081	HCpVTpV	3	3.2361	3.5000	4	6	0.02361	0.02639	10	10	4
5082	HCRbfM]	3	3.2361	3.5000	4	6	0.02361	0.02639	10	9	4
5083	HCRen`\	3	3.2361	3.5000	4	6	0.02361	0.02639	10	8	4
5084	HCpbbj]	3	3.2361	3.5000	4	7	0.02361	0.02639	10	9	4
5085	HCpbfJ]	3	3.2361	3.5000	4	7	0.02361	0.02639	10	9	4
5086	HCQbrru	3	3.2361	3.5000	4	7	0.02361	0.02639	10	9	4
5087	HCQbbr}	3	3.2361	3.5000	4	8	0.02361	0.02639	10	8	4
5088	HCQbfR}	3	3.2361	3.5000	4	8	0.02361	0.02639	10	8	4
5089	HCY^Fa]	3	3.2361	3.5000	4	6	0.02361	0.02639	10	9	4
5090	HCY^Fb[	3	3.2361	3.5000	4	6	0.02361	0.02639	10	9	4
5091	HCZbeq\	3	3.2361	3.5000	4	6	0.02361	0.02639	10	8	4
5092	HCpdtrq	3	3.2361	3.5000	4	6	0.02361	0.02639	10	9	4
5093	HCpfJp]	3	3.2361	3.5000	4	6	0.02361	0.02639	10	9	4
5094	HCRdtq]	3	3.2361	3.5000	4	6	0.02361	0.02639	10	8	4
5095	HCRdtqy	3	3.2361	3.5000	4	6	0.02361	0.02639	10	8	4
5096	HCRdtrU	3	3.2361	3.5000	4	6	0.02361	0.02639	10	8	4
5097	HCRdtrY	3	3.2361	3.5000	4	6	0.02361	0.02639	10	8	4
5098	HCY^Fbp	3	3.2361	3.5000	4	6	0.02361	0.02639	10	9	4
5099	HCZbazX	3	3.2361	3.5000	4	6	0.02361	0.02639	10	8	4
5100	HCRTtrq	3	3.2361	3.5000	4	6	0.02361	0.02639	10	9	4
5101	HCpbfG~	3	3.2361	3.5000	4	7	0.02361	0.02639	10	8	4
5102	HCpbfQ^	3	3.2361	3.5000	4	7	0.02361	0.02639	10	8	4
5103	HCpb`zt	3	3.2361	3.5000	4	7	0.02361	0.02639	10	8	4
5104	HCRbczx	3	3.2361	3.5000	4	7	0.02361	0.02639	10	8	4
5105	HCRbfRx	3	3.2361	3.5000	4	7	0.02361	0.02639	10	8	4
5106	HCRbfRZ	3	3.2361	3.5000	4	7	0.02361	0.02639	10	9	4
5107	HCR`va^	3	3.2361	3.5000	4	7	0.02361	0.02639	10	7	4
5108	HCR`vbx	3	3.2361	3.5000	4	7	0.02361	0.02639	10	7	4
5109	HCR`vbZ	3	3.2361	3.5000	4	7	0.02361	0.02639	10	8	4
5110	HCRVDZ{	3	3.2361	3.5000	4	7	0.02361	0.02639	10	8	4
5111	HCZbfq]	3	3.2361	3.5000	4	6	0.02361	0.02639	10	7	4
5112	HCqnbpy	3	3.2361	3.5000	4	6	0.02361	0.02639	10	7	4
5113	HCrdrpV	3	3.2361	3.5000	4	6	0.02361	0.02639	10	8	4
5114	HCRenrw	3	3.2361	3.5000	4	7	0.02361	0.02639	10	7	4
5115	HCrfbij	3	3.2361	3.5000	4	6	0.02361	0.02639	10	7	4
5116	HCrfbrT	3	3.2361	3.5000	4	6	0.02361	0.02639	10	7	4
5117	HCpVbr{	3	3.2361	3.5000	4	7	0.02361	0.02639	10	7	4
5118	HCRbfq}	3	3.2361	3.5000	4	7	0.02361	0.02639	10	8	4
5119	HCZbeyy	3	3.2361	3.5000	4	6	0.02361	0.02639	10	10	4
5120	HCZbrrs	3	3.2361	3.5000	4	6	0.02361	0.02639	10	8	4
5121	HCZK~bw	3	3.2361	3.5000	4	6	0.02361	0.02639	10	9	4
5122	HCpVVrs	3	3.2361	3.5000	4	6	0.02361	0.02639	10	9	4
5123	HCReuzw	3	3.2361	3.5000	4	6	0.02361	0.02639	10	7	4
5124	HCRU^rw	3	3.2361	3.5000	4	7	0.02361	0.02639	10	8	4
5125	HCrVJrp	3	3.2361	3.5000	4	6	0.02361	0.02639	10	9	4
5126	HCZNN`t	3	3.2361	3.5000	4	6	0.02361	0.02639	10	8	4
5127	HCpVfZe	3	3.2361	3.5000	4	6	0.02361	0.02639	10	8	4
5128	HCpbby}	3	3.2361	3.5000	4	7	0.02361	0.02639	10	9	4
5129	HCRbby}	3	3.2361	3.5000	4	7	0.02361	0.02639	10	8	4
5130	HCRbbzy	3	3.2361	3.5000	4	7	0.02361	0.02639	10	8	4
5131	HCRbd^y	3	3.2361	3.5000	4	7	0.02361	0.02639	10	8	4
5132	HCRbdzy	3	3.2361	3.5000	4	7	0.02361	0.02639	10	10	4
5133	HCRbfr]	3	3.2361	3.5000	4	7	0.02361	0.02639	10	8	4
5134	HCZbay}	3	3.2361	3.5000	4	7	0.02361	0.02639	10	9	4
5135	HCZbayz	3	3.2361	3.5000	4	7	0.02361	0.02639	10	9	4
5136	HCZbeqn	3	3.2361	3.5000	4	7	0.02361	0.02639	10	7	4
5137	HCZber]	3	3.2361	3.5000	4	7	0.02361	0.02639	10	6	4
5138	HCpbfY}	3	3.2361	3.5000	4	7	0.02361	0.02639	10	10	4
5139	HCRbezy	3	3.2361	3.5000	4	7	0.02361	0.02639	10	10	4
5140	HCZJfI}	3	3.2361	3.5000	4	7	0.02361	0.02639	10	9	4
5141	HCZJfQ}	3	3.2361	3.5000	4	7	0.02361	0.02639	10	9	4
5142	HCR`vb}	3	3.2361	3.5000	4	8	0.02361	0.02639	10	7	4
5143	HCRdtr]	3	3.2361	3.5000	4	7	0.02361	0.02639	10	8	4
5144	HCRdtry	3	3.2361	3.5000	4	7	0.02361	0.02639	10	7	4
5145	HCRTtr{	3	3.2361	3.5000	4	7	0.02361	0.02639	10	8	4
5146	HCY^Fb]	3	3.2361	3.5000	4	7	0.02361	0.02639	10	9	4
5147	HCY^Fb{	3	3.2361	3.5000	4	7	0.02361	0.02639	10	8	4
5148	HCY^Fbu	3	3.2361	3.5000	4	7	0.02361	0.02639	10	7	4
5149	HCZbazx	3	3.2361	3.5000	4	7	0.02361	0.02639	10	7	4
5150	HCZbeq^	3	3.2361	3.5000	4	7	0.02361	0.02639	10	7	4
5151	HCRbc~x	3	3.2361	3.5000	4	7	0.02361	0.02639	10	7	4
5152	HCpVd^{	3	3.2361	3.5000	4	7	0.02361	0.02639	10	7	4
5153	HCZbfr]	3	3.2361	3.5000	4	7	0.02361	0.02639	10	7	4
5154	HCRbfzy	3	3.2361	3.5000	4	7	0.02361	0.02639	10	9	4
5155	HCZbrr]	3	3.2361	3.5000	4	7	0.02361	0.02639	10	8	4
5156	HCZbfq^	3	3.2361	3.5000	4	7	0.02361	0.02639	10	6	4
5157	H?bAVJs	4	4.2361	4.5000	5	6	0.02361	0.02639	10	8	5
5158	H?`fBPr	4	4.2361	4.5000	5	6	0.02361	0.02639	10	7	5
5159	H?`fBPu	4	4.2361	4.5000	5	6	0.02361	0.02639	10	7	5
5160	H?bBBRr	4	4.2361	4.5000	5	7	0.02361	0.02639	10	7	5
5161	H?`fBRr	4	4.2361	4.5000	5	7	0.02361	0.02639	10	6	5
5162	H?`fBRu	4	4.2361	4.5000	5	7	0.02361	0.02639	10	7	5
5163	H?`fBPv	4	4.2361	4.5000	5	7	0.02361	0.02639	10	7	5
5164	HCdebQm	3	3.2361	3.5000	5	6	0.02361	0.02639	10	10	4
5165	HCQbdZk	3	3.2361	3.5000	5	6	0.02361	0.02639	10	8	4
5166	HCQbfJk	3	3.2361	3.5000	5	6	0.02361	0.02639	10	8	4
5167	H?bAVj{	4	4.2361	4.5000	5	7	0.02361	0.02639	10	7	5
5168	HCQbfQl	3	3.2361	3.5000	5	6	0.02361	0.02639	10	9	4
5169	HCQbfRd	3	3.2361	3.5000	5	6	0.02361	0.02639	10	9	4
5170	HCQb`ty	3	3.2361	3.5000	5	6	0.02361	0.02639	10	8	4
5171	H?bAVZ{	4	4.2361	4.5000	5	7	0.02361	0.02639	10	7	5
5172	H?`fBR}	4	4.2361	4.5000	5	8	0.02361	0.02639	10	6	5
5173	H?`fBRv	4	4.2361	4.5000	5	8	0.02361	0.02639	10	6	5
5174	H?`fBRz	4	4.2361	4.5000	5	8	0.02361	0.02639	10	6	5
5175	HCdfJrc	3	3.2361	3.5000	5	6	0.02361	0.02639	10	9	4
5176	HCpdriw	3	3.2361	3.5000	5	6	0.02361	0.02639	10	10	4
5177	HCpbdre	3	3.2361	3.5000	5	6	0.02361	0.02639	10	10	4
5178	HCpb`xu	3	3.2361	3.5000	5	6	0.02361	0.02639	10	10	4
5179	HCXeczk	3	3.2361	3.5000	5	6	0.02361	0.02639	10	9	4
5180	HCXedW}	3	3.2361	3.5000	5	6	0.02361	0.02639	10	10	4
5181	HCXedY{	3	3.2361	3.5000	5	6	0.02361	0.02639	10	9	4
5182	HCpbbjk	3	3.2361	3.5000	5	6	0.02361	0.02639	10	9	4
5183	HCpb`xr	3	3.2361	3.5000	5	6	0.02361	0.02639	10	9	4
5184	HCpb`zL	3	3.2361	3.5000	5	6	0.02361	0.02639	10	10	4
5185	HCpb`zX	3	3.2361	3.5000	5	6	0.02361	0.02639	10	10	4
5186	HCQbfZk	3	3.2361	3.5000	5	7	0.02361	0.02639	10	7	4
5187	HCQfdY{	3	3.2361	3.5000	5	6	0.02361	0.02639	10	8	4
5188	HCQfdZs	3	3.2361	3.5000	5	6	0.02361	0.02639	10	8	4
5189	HCQfIzk	3	3.2361	3.5000	5	6	0.02361	0.02639	10	9	4
5190	HCRbcz[	3	3.2361	3.5000	5	6	0.02361	0.02639	10	9	4
5191	HCRbfPu	3	3.2361	3.5000	5	6	0.02361	0.02639	10	9	4
5192	HCRbfRe	3	3.2361	3.5000	5	6	0.02361	0.02639	10	8	4
5193	HCR`vaf	3	3.2361	3.5000	5	6	0.02361	0.02639	10	8	4
5194	HCR`vbL	3	3.2361	3.5000	5	6	0.02361	0.02639	10	8	4
5195	HCR`v`f	3	3.2361	3.5000	5	6	0.02361	0.02639	10	8	4
5196	HCR`v`l	3	3.2361	3.5000	5	6	0.02361	0.02639	10	8	4
5197	HCR`v_v	3	3.2361	3.5000	5	6	0.02361	0.02639	10	8	4
5198	HCR`v_z	3	3.2361	3.5000	5	6	0.02361	0.02639	10	8	4
5199	HCXecwn	3	3.2361	3.5000	5	6	0.02361	0.02639	10	9	4
5200	HCXecyj	3	3.2361	3.5000	5	6	0.02361	0.02639	10	9	4
5201	HCpbfPt	3	3.2361	3.5000	5	6	0.02361	0.02639	10	9	4
5202	HCQfdqm	3	3.2361	3.5000	5	6	0.02361	0.02639	10	8	4
5203	HCRbfRT	3	3.2361	3.5000	5	6	0.02361	0.02639	10	8	4
5204	HCR`ri\	3	3.2361	3.5000	5	6	0.02361	0.02639	10	9	4
5205	HCpbdrY	3	3.2361	3.5000	5	6	0.02361	0.02639	10	10	4
5206	HCpbbhm	3	3.2361	3.5000	5	6	0.02361	0.02639	10	8	4
5207	HCpbbhu	3	3.2361	3.5000	5	6	0.02361	0.02639	10	8	4
5208	HCpbdpZ	3	3.2361	3.5000	5	6	0.02361	0.02639	10	10	4
5209	HCpbfHm	3	3.2361	3.5000	5	6	0.02361	0.02639	10	8	4
5210	HCpbfHu	3	3.2361	3.5000	5	6	0.02361	0.02639	10	9	4
5211	HCpbfPm	3	3.2361	3.5000	5	6	0.02361	0.02639	10	9	4
5212	HCpbfRY	3	3.2361	3.5000	5	6	0.02361	0.02639	10	9	4
5213	HCpdeVw	3	3.2361	3.5000	5	6	0.02361	0.02639	10	10	4
5214	HCRcrje	3	3.2361	3.5000	5	6	0.02361	0.02639	10	10	4
5215	HCR`rhj	3	3.2361	3.5000	5	6	0.02361	0.02639	10	9	4
5216	HCR`rhm	3	3.2361	3.5000	5	6	0.02361	0.02639	10	9	4
5217	HCR`vbd	3	3.2361	3.5000	5	6	0.02361	0.02639	10	8	4
5218	HCXeczJ	3	3.2361	3.5000	5	6	0.02361	0.02639	10	9	4
5219	HCXeczL	3	3.2361	3.5000	5	6	0.02361	0.02639	10	9	4
5220	HCXedY\	3	3.2361	3.5000	5	6	0.02361	0.02639	10	9	4
5221	HCpbbhj	3	3.2361	3.5000	5	6	0.02361	0.02639	10	8	4
5222	HCpbfHj	3	3.2361	3.5000	5	6	0.02361	0.02639	10	9	4
5223	HCpbfHr	3	3.2361	3.5000	5	6	0.02361	0.02639	10	9	4
5224	HCpbfRd	3	3.2361	3.5000	5	6	0.02361	0.02639	10	9	4
5225	HCpbfRR	3	3.2361	3.5000	5	6	0.02361	0.02639	10	9	4
5226	HCQbrrR	3	3.2361	3.5000	5	6	0.02361	0.02639	10	8	4
5227	HCQbvPr	3	3.2361	3.5000	5	6	0.02361	0.02639	10	8	4
5228	HCQfdov	3	3.2361	3.5000	5	6	0.02361	0.02639	10	8	4
5229	HCQfdpZ	3	3.2361	3.5000	5	6	0.02361	0.02639	10	9	4
5230	HCQfJi\	3	3.2361	3.5000	5	6	0.02361	0.02639	10	9	4
5231	HCRbcx\	3	3.2361	3.5000	5	6	0.02361	0.02639	10	9	4
5232	HCRbfRd	3	3.2361	3.5000	5	6	0.02361	0.02639	10	9	4
5233	HCQfdrJ	3	3.2361	3.5000	5	6	0.02361	0.02639	10	9	4
5234	HCOfdrN	3	3.2361	3.5000	5	7	0.02361	0.02639	10	8	4
5235	HCQbbqz	3	3.2361	3.5000	5	7	0.02361	0.02639	10	8	4
5236	HCQbcu}	3	3.2361	3.5000	5	7	0.02361	0.02639	10	8	4
5237	HCQbdY}	3	3.2361	3.5000	5	7	0.02361	0.02639	10	8	4
5238	HCQbfI}	3	3.2361	3.5000	5	7	0.02361	0.02639	10	9	4
5239	HCQbfIz	3	3.2361	3.5000	5	7	0.02361	0.02639	10	8	4
5240	HCQbfQ|	3	3.2361	3.5000	5	7	0.02361	0.02639	10	9	4
5241	HCQbfQn	3	3.2361	3.5000	5	7	0.02361	0.02639	10	8	4
5242	HCQbfRt	3	3.2361	3.5000	5	7	0.02361	0.02639	10	8	4
5243	HCQb`u}	3	3.2361	3.5000	5	7	0.02361	0.02639	10	8	4
5244	HCQeQzr	3	3.2361	3.5000	5	7	0.02361	0.02639	10	8	4
5245	H?bAVj}	4	4.2361	4.5000	5	8	0.02361	0.02639	10	8	5
5246	HCQbrpr	3	3.2361	3.5000	5	6	0.02361	0.02639	10	7	4
5247	H?`fBR~	4	4.2361	4.5000	5	9	0.02361	0.02639	10	5	5
5248	HCpb`xf	3	3.2361	3.5000	5	6	0.02361	0.02639	10	10	4
5249	HCpb`xl	3	3.2361	3.5000	5	6	0.02361	0.02639	10	10	4
5250	HCR`var	3	3.2361	3.5000	5	6	0.02361	0.02639	10	8	4
5251	HCR`vat	3	3.2361	3.5000	5	6	0.02361	0.02639	10	8	4
5252	HCR`vbT	3	3.2361	3.5000	5	6	0.02361	0.02639	10	8	4
5253	HCQvDY{	3	3.2361	3.5000	5	6	0.02361	0.02639	10	9	4
5254	HCQvDZs	3	3.2361	3.5000	5	6	0.02361	0.02639	10	9	4
5255	HCQbbrj	3	3.2361	3.5000	5	7	0.02361	0.02639	10	8	4
5256	HCQv@q}	3	3.2361	3.5000	5	7	0.02361	0.02639	10	8	4
5257	HCpbdq\	3	3.2361	3.5000	5	6	0.02361	0.02639	10	10	4
5258	HCXecyr	3	3.2361	3.5000	5	6	0.02361	0.02639	10	9	4
5259	HCpbfHt	3	3.2361	3.5000	5	6	0.02361	0.02639	10	9	4
5260	HCQbrrJ	3	3.2361	3.5000	5	6	0.02361	0.02639	10	8	4
5261	HCpbdzw	3	3.2361	3.5000	5	6	0.02361	0.02639	10	9	4
5262	HCpbfq]	3	3.2361	3.5000	5	6	0.02361	0.02639	10	9	4
5263	HCZbei]	3	3.2361	3.5000	5	6	0.02361	0.02639	10	8	4
5264	HCZbep{	3	3.2361	3.5000	5	6	0.02361	0.02639	10	8	4
5265	HCpVVbk	3	3.2361	3.5000	5	6	0.02361	0.02639	10	8	4
5266	HCR`~al	3	3.2361	3.5000	5	6	0.02361	0.02639	10	8	4
5267	HCRc|pr	3	3.2361	3.5000	5	6	0.02361	0.02639	10	9	4
5268	HCRbd[}	3	3.2361	3.5000	5	6	0.02361	0.02639	10	8	4
5269	HCdfJrs	3	3.2361	3.5000	5	6	0.02361	0.02639	10	9	4
5270	HCY^F`m	3	3.2361	3.5000	5	6	0.02361	0.02639	10	10	4
5271	HCdffPm	3	3.2361	3.5000	5	6	0.02361	0.02639	10	9	4
5272	HCdfNbk	3	3.2361	3.5000	5	6	0.02361	0.02639	10	9	4
5273	HCpfcz[	3	3.2361	3.5000	5	6	0.02361	0.02639	10	9	4
5274	HCpfJrk	3	3.2361	3.5000	5	6	0.02361	0.02639	10	8	4
5275	HCXedy{	3	3.2361	3.5000	5	7	0.02361	0.02639	10	8	4
5276	HCY^Fbi	3	3.2361	3.5000	5	6	0.02361	0.02639	10	9	4
5277	HCY^F`l	3	3.2361	3.5000	5	6	0.02361	0.02639	10	9	4
5278	HCZbeji	3	3.2361	3.5000	5	6	0.02361	0.02639	10	9	4
5279	HCZJdi]	3	3.2361	3.5000	5	6	0.02361	0.02639	10	9	4
5280	HCZJfJi	3	3.2361	3.5000	5	6	0.02361	0.02639	10	9	4
5281	HCZLf`V	3	3.2361	3.5000	5	6	0.02361	0.02639	10	9	4
5282	HCZLf`Z	3	3.2361	3.5000	5	6	0.02361	0.02639	10	10	4
5283	HCdffRM	3	3.2361	3.5000	5	6	0.02361	0.02639	10	9	4
5284	HCpbtp\	3	3.2361	3.5000	5	6	0.02361	0.02639	10	9	4
5285	HCpbtq]	3	3.2361	3.5000	5	6	0.02361	0.02639	10	8	4
5286	HCpfboz	3	3.2361	3.5000	5	6	0.02361	0.02639	10	9	4
5287	HCpfdgz	3	3.2361	3.5000	5	6	0.02361	0.02639	10	9	4
5288	HCpfKzs	3	3.2361	3.5000	5	6	0.02361	0.02639	10	9	4
5289	HCpfVHx	3	3.2361	3.5000	5	6	0.02361	0.02639	10	8	4
5290	HCpUvJw	3	3.2361	3.5000	5	6	0.02361	0.02639	10	8	4
5291	HCpVbWn	3	3.2361	3.5000	5	6	0.02361	0.02639	10	9	4
5292	HCQu^ay	3	3.2361	3.5000	5	6	0.02361	0.02639	10	9	4
5293	HCQvfRM	3	3.2361	3.5000	5	6	0.02361	0.02639	10	9	4
5294	HCrbdh\	3	3.2361	3.5000	5	6	0.02361	0.02639	10	9	4
5295	HCRc~b[	3	3.2361	3.5000	5	6	0.02361	0.02639	10	8	4
5296	HCRdrpr	3	3.2361	3.5000	5	6	0.02361	0.02639	10	9	4
5297	HCRdton	3	3.2361	3.5000	5	6	0.02361	0.02639	10	7	4
5298	HCRdtpj	3	3.2361	3.5000	5	6	0.02361	0.02639	10	8	4
5299	HCRdtqm	3	3.2361	3.5000	5	6	0.02361	0.02639	10	8	4
5300	HCRdtre	3	3.2361	3.5000	5	6	0.02361	0.02639	10	8	4
5301	HCRetpr	3	3.2361	3.5000	5	6	0.02361	0.02639	10	9	4
5302	HCR`~`t	3	3.2361	3.5000	5	6	0.02361	0.02639	10	8	4
5303	HCRTton	3	3.2361	3.5000	5	6	0.02361	0.02639	10	8	4
5304	HCRTtqm	3	3.2361	3.5000	5	6	0.02361	0.02639	10	8	4
5305	HCRTtre	3	3.2361	3.5000	5	6	0.02361	0.02639	10	8	4
5306	HCZbazR	3	3.2361	3.5000	5	6	0.02361	0.02639	10	9	4
5307	HCZbeg|	3	3.2361	3.5000	5	6	0.02361	0.02639	10	9	4
5308	HCZJfbh	3	3.2361	3.5000	5	6	0.02361	0.02639	10	9	4
5309	HCZJfJX	3	3.2361	3.5000	5	6	0.02361	0.02639	10	8	4
5310	HCZJf`x	3	3.2361	3.5000	5	6	0.02361	0.02639	10	9	4
5311	HCRenaj	3	3.2361	3.5000	5	6	0.02361	0.02639	10	8	4
5312	HCRevaj	3	3.2361	3.5000	5	6	0.02361	0.02639	10	8	4
5313	HCRffRM	3	3.2361	3.5000	5	6	0.02361	0.02639	10	8	4
5314	HCpbbj{	3	3.2361	3.5000	5	7	0.02361	0.02639	10	8	4
5315	HCpbdq}	3	3.2361	3.5000	5	7	0.02361	0.02639	10	8	4
5316	HCpbdr{	3	3.2361	3.5000	5	7	0.02361	0.02639	10	9	4
5317	HCpbfJ{	3	3.2361	3.5000	5	7	0.02361	0.02639	10	8	4
5318	HCpbfR{	3	3.2361	3.5000	5	7	0.02361	0.02639	10	7	4
5319	HCpb`x}	3	3.2361	3.5000	5	7	0.02361	0.02639	10	9	4
5320	HCpb`zr	3	3.2361	3.5000	5	7	0.02361	0.02639	10	9	4
5321	HCpb`zu	3	3.2361	3.5000	5	7	0.02361	0.02639	10	10	4
5322	HCQbdz{	3	3.2361	3.5000	5	7	0.02361	0.02639	10	7	4
5323	HCQbfj{	3	3.2361	3.5000	5	7	0.02361	0.02639	10	7	4
5324	HCRbcz{	3	3.2361	3.5000	5	7	0.02361	0.02639	10	8	4
5325	HCR`rj{	3	3.2361	3.5000	5	7	0.02361	0.02639	10	7	4
5326	HCR`rjx	3	3.2361	3.5000	5	7	0.02361	0.02639	10	7	4
5327	HCR`v_~	3	3.2361	3.5000	5	7	0.02361	0.02639	10	7	4
5328	HCR`van	3	3.2361	3.5000	5	7	0.02361	0.02639	10	7	4
5329	HCR`vbN	3	3.2361	3.5000	5	7	0.02361	0.02639	10	7	4
5330	HCRVDZx	3	3.2361	3.5000	5	7	0.02361	0.02639	10	8	4
5331	HCXecz{	3	3.2361	3.5000	5	7	0.02361	0.02639	10	8	4
5332	HCdfJrq	3	3.2361	3.5000	5	6	0.02361	0.02639	10	10	4
5333	HCY^F`j	3	3.2361	3.5000	5	6	0.02361	0.02639	10	10	4
5334	HCdffPr	3	3.2361	3.5000	5	6	0.02361	0.02639	10	8	4
5335	HCdffRe	3	3.2361	3.5000	5	6	0.02361	0.02639	10	9	4
5336	HCpdvPy	3	3.2361	3.5000	5	6	0.02361	0.02639	10	9	4
5337	HCpfbhu	3	3.2361	3.5000	5	6	0.02361	0.02639	10	9	4
5338	HCpfbje	3	3.2361	3.5000	5	6	0.02361	0.02639	10	10	4
5339	HCpfdoz	3	3.2361	3.5000	5	6	0.02361	0.02639	10	9	4
5340	HCpfdri	3	3.2361	3.5000	5	6	0.02361	0.02639	10	9	4
5341	HCpfJri	3	3.2361	3.5000	5	6	0.02361	0.02639	10	9	4
5342	HCpfLoz	3	3.2361	3.5000	5	6	0.02361	0.02639	10	10	4
5343	HCpVdri	3	3.2361	3.5000	5	6	0.02361	0.02639	10	9	4
5344	HCpVdrM	3	3.2361	3.5000	5	6	0.02361	0.02639	10	9	4
5345	HCRdlrs	3	3.2361	3.5000	5	6	0.02361	0.02639	10	8	4
5346	HCRTtrM	3	3.2361	3.5000	5	6	0.02361	0.02639	10	9	4
5347	HCXfRjk	3	3.2361	3.5000	5	6	0.02361	0.02639	10	8	4
5348	HCY^Fbb	3	3.2361	3.5000	5	6	0.02361	0.02639	10	9	4
5349	HCZbaxm	3	3.2361	3.5000	5	6	0.02361	0.02639	10	9	4
5350	HCZJepV	3	3.2361	3.5000	5	6	0.02361	0.02639	10	9	4
5351	HCZJfJU	3	3.2361	3.5000	5	6	0.02361	0.02639	10	9	4
5352	HCZJfPy	3	3.2361	3.5000	5	6	0.02361	0.02639	10	9	4
5353	HCZJfRd	3	3.2361	3.5000	5	6	0.02361	0.02639	10	8	4
5354	HCpffHr	3	3.2361	3.5000	5	6	0.02361	0.02639	10	9	4
5355	HCQvdrb	3	3.2361	3.5000	5	6	0.02361	0.02639	10	8	4
5356	HCQvdrJ	3	3.2361	3.5000	5	6	0.02361	0.02639	10	9	4
5357	HCQvVRR	3	3.2361	3.5000	5	6	0.02361	0.02639	10	9	4
5358	HCRc|qj	3	3.2361	3.5000	5	6	0.02361	0.02639	10	9	4
5359	HCRdnaj	3	3.2361	3.5000	5	6	0.02361	0.02639	10	8	4
5360	HCRdtqf	3	3.2361	3.5000	5	6	0.02361	0.02639	10	8	4
5361	HCRTtrJ	3	3.2361	3.5000	5	6	0.02361	0.02639	10	9	4
5362	HCXfVHu	3	3.2361	3.5000	5	6	0.02361	0.02639	10	8	4
5363	HCXfV`x	3	3.2361	3.5000	5	6	0.02361	0.02639	10	9	4
5364	HCpbbh}	3	3.2361	3.5000	5	7	0.02361	0.02639	10	7	4
5365	HCpbbjj	3	3.2361	3.5000	5	7	0.02361	0.02639	10	8	4
5366	HCpbbjm	3	3.2361	3.5000	5	7	0.02361	0.02639	10	9	4
5367	HCpbbju	3	3.2361	3.5000	5	7	0.02361	0.02639	10	8	4
5368	HCpbbjx	3	3.2361	3.5000	5	7	0.02361	0.02639	10	8	4
5369	HCpbdo~	3	3.2361	3.5000	5	7	0.02361	0.02639	10	9	4
5370	HCpbdp^	3	3.2361	3.5000	5	7	0.02361	0.02639	10	9	4
5371	HCpbdp|	3	3.2361	3.5000	5	7	0.02361	0.02639	10	9	4
5372	HCpbdr]	3	3.2361	3.5000	5	7	0.02361	0.02639	10	10	4
5373	HCpbdrf	3	3.2361	3.5000	5	7	0.02361	0.02639	10	9	4
5374	HCpbdrm	3	3.2361	3.5000	5	7	0.02361	0.02639	10	10	4
5375	HCpbdru	3	3.2361	3.5000	5	7	0.02361	0.02639	10	10	4
5376	HCpbdry	3	3.2361	3.5000	5	7	0.02361	0.02639	10	9	4
5377	HCpbfH}	3	3.2361	3.5000	5	7	0.02361	0.02639	10	9	4
5378	HCpbfHz	3	3.2361	3.5000	5	7	0.02361	0.02639	10	8	4
5379	HCpbfJm	3	3.2361	3.5000	5	7	0.02361	0.02639	10	7	4
5380	HCpbfJu	3	3.2361	3.5000	5	7	0.02361	0.02639	10	8	4
5381	HCpbfJx	3	3.2361	3.5000	5	7	0.02361	0.02639	10	8	4
5382	HCpbfP}	3	3.2361	3.5000	5	7	0.02361	0.02639	10	9	4
5383	HCpbfR]	3	3.2361	3.5000	5	7	0.02361	0.02639	10	9	4
5384	HCpbfRm	3	3.2361	3.5000	5	7	0.02361	0.02639	10	8	4
5385	HCpbfRV	3	3.2361	3.5000	5	7	0.02361	0.02639	10	8	4
5386	HCpbfRy	3	3.2361	3.5000	5	7	0.02361	0.02639	10	8	4
5387	HCpbRe^	3	3.2361	3.5000	5	7	0.02361	0.02639	10	8	4
5388	HCpb`xz	3	3.2361	3.5000	5	7	0.02361	0.02639	10	8	4
5389	HCpb`z\	3	3.2361	3.5000	5	7	0.02361	0.02639	10	10	4
5390	HCpb`zZ	3	3.2361	3.5000	5	7	0.02361	0.02639	10	10	4
5391	HCQbdvy	3	3.2361	3.5000	5	7	0.02361	0.02639	10	7	4
5392	HCQbfVy	3	3.2361	3.5000	5	7	0.02361	0.02639	10	7	4
5393	HCQbrrf	3	3.2361	3.5000	5	7	0.02361	0.02639	10	8	4
5394	HCQfdpv	3	3.2361	3.5000	5	7	0.02361	0.02639	10	7	4
5395	HCQvDZx	3	3.2361	3.5000	5	7	0.02361	0.02639	10	8	4
5396	HCRbcx|	3	3.2361	3.5000	5	7	0.02361	0.02639	10	8	4
5397	HCRbcz]	3	3.2361	3.5000	5	7	0.02361	0.02639	10	9	4
5398	HCRbczm	3	3.2361	3.5000	5	7	0.02361	0.02639	10	10	4
5399	HCRbdj{	3	3.2361	3.5000	5	7	0.02361	0.02639	10	9	4
5400	HCRbfI}	3	3.2361	3.5000	5	7	0.02361	0.02639	10	10	4
5401	HCRbfRr	3	3.2361	3.5000	5	7	0.02361	0.02639	10	7	4
5402	HCRbfRt	3	3.2361	3.5000	5	7	0.02361	0.02639	10	8	4
5403	HCRbfRu	3	3.2361	3.5000	5	7	0.02361	0.02639	10	9	4
5404	HCR`rh}	3	3.2361	3.5000	5	7	0.02361	0.02639	10	8	4
5405	HCR`rjr	3	3.2361	3.5000	5	7	0.02361	0.02639	10	8	4
5406	HCR`rju	3	3.2361	3.5000	5	7	0.02361	0.02639	10	7	4
5407	HCR`vbf	3	3.2361	3.5000	5	7	0.02361	0.02639	10	7	4
5408	HCRVBin	3	3.2361	3.5000	5	7	0.02361	0.02639	10	8	4
5409	HCR`vbl	3	3.2361	3.5000	5	7	0.02361	0.02639	10	8	4
5410	HCRVDX|	3	3.2361	3.5000	5	7	0.02361	0.02639	10	9	4
5411	HCRVDZr	3	3.2361	3.5000	5	7	0.02361	0.02639	10	8	4
5412	HCRVDZZ	3	3.2361	3.5000	5	7	0.02361	0.02639	10	7	4
5413	HCR`v`n	3	3.2361	3.5000	5	7	0.02361	0.02639	10	8	4
5414	HCR`v`v	3	3.2361	3.5000	5	7	0.02361	0.02639	10	7	4
5415	HCR`v`z	3	3.2361	3.5000	5	7	0.02361	0.02639	10	8	4
5416	HCXecyn	3	3.2361	3.5000	5	7	0.02361	0.02639	10	8	4
5417	HCXeczj	3	3.2361	3.5000	5	7	0.02361	0.02639	10	8	4
5418	HCXeczm	3	3.2361	3.5000	5	7	0.02361	0.02639	10	9	4
5419	HCpdtqf	3	3.2361	3.5000	5	6	0.02361	0.02639	10	8	4
5420	HCQvdqf	3	3.2361	3.5000	5	5	0.02361	0.02639	10	8	4
5421	HCXfRqZ	3	3.2361	3.5000	5	6	0.02361	0.02639	10	9	4
5422	HCpbfRf	3	3.2361	3.5000	5	7	0.02361	0.02639	10	8	4
5423	HCpbQy^	3	3.2361	3.5000	5	7	0.02361	0.02639	10	9	4
5424	HCQbrrr	3	3.2361	3.5000	5	7	0.02361	0.02639	10	7	4
5425	HCQfdpz	3	3.2361	3.5000	5	7	0.02361	0.02639	10	9	4
5426	HCQfdrj	3	3.2361	3.5000	5	7	0.02361	0.02639	10	8	4
5427	HCQfLX^	3	3.2361	3.5000	5	7	0.02361	0.02639	10	9	4
5428	HCRbcxv	3	3.2361	3.5000	5	7	0.02361	0.02639	10	9	4
5429	HCRbczu	3	3.2361	3.5000	5	7	0.02361	0.02639	10	10	4
5430	HCRbfRf	3	3.2361	3.5000	5	7	0.02361	0.02639	10	8	4
5431	HCRctU|	3	3.2361	3.5000	5	7	0.02361	0.02639	10	9	4
5432	HCXeczl	3	3.2361	3.5000	5	7	0.02361	0.02639	10	9	4
5433	HCXeczN	3	3.2361	3.5000	5	7	0.02361	0.02639	10	8	4
5434	HCQbbq~	3	3.2361	3.5000	5	8	0.02361	0.02639	10	8	4
5435	HCQbfQ~	3	3.2361	3.5000	5	8	0.02361	0.02639	10	8	4
5436	HCRdtqu	3	3.2361	3.5000	5	6	0.02361	0.02639	10	8	4
5437	HCRfdqu	3	3.2361	3.5000	5	6	0.02361	0.02639	10	8	4
5438	HCrJdq{	3	3.2361	3.5000	5	6	0.02361	0.02639	10	9	4
5439	HCZbaxZ	3	3.2361	3.5000	5	6	0.02361	0.02639	10	9	4
5440	HCZbaxf	3	3.2361	3.5000	5	6	0.02361	0.02639	10	8	4
5441	HCZbeh\	3	3.2361	3.5000	5	6	0.02361	0.02639	10	9	4
5442	HCpbbg~	3	3.2361	3.5000	5	7	0.02361	0.02639	10	8	4
5443	HCpbfP|	3	3.2361	3.5000	5	7	0.02361	0.02639	10	8	4
5444	HCpb`x|	3	3.2361	3.5000	5	7	0.02361	0.02639	10	9	4
5445	HCpb`xv	3	3.2361	3.5000	5	7	0.02361	0.02639	10	10	4
5446	HCpb`y|	3	3.2361	3.5000	5	7	0.02361	0.02639	10	10	4
5447	HCpb`zl	3	3.2361	3.5000	5	7	0.02361	0.02639	10	10	4
5448	HCQfdq}	3	3.2361	3.5000	5	7	0.02361	0.02639	10	7	4
5449	HCRbfR\	3	3.2361	3.5000	5	7	0.02361	0.02639	10	9	4
5450	HCRbfRj	3	3.2361	3.5000	5	7	0.02361	0.02639	10	8	4
5451	HCRbfRl	3	3.2361	3.5000	5	7	0.02361	0.02639	10	9	4
5452	HCR`ri|	3	3.2361	3.5000	5	7	0.02361	0.02639	10	8	4
5453	HCR`vav	3	3.2361	3.5000	5	7	0.02361	0.02639	10	8	4
5454	HCR`vaz	3	3.2361	3.5000	5	7	0.02361	0.02639	10	8	4
5455	HCR`vb\	3	3.2361	3.5000	5	7	0.02361	0.02639	10	8	4
5456	HCR`vbr	3	3.2361	3.5000	5	7	0.02361	0.02639	10	7	4
5457	HCR`vbt	3	3.2361	3.5000	5	7	0.02361	0.02639	10	8	4
5458	HCR`vbV	3	3.2361	3.5000	5	7	0.02361	0.02639	10	7	4
5459	HCdc~bi	3	3.2361	3.5000	5	6	0.02361	0.02639	10	9	4
5460	HCdc~bw	3	3.2361	3.5000	5	6	0.02361	0.02639	10	9	4
5461	HCZVDi]	3	3.2361	3.5000	5	6	0.02361	0.02639	10	9	4
5462	HCpdtq]	3	3.2361	3.5000	5	6	0.02361	0.02639	10	9	4
5463	HCQunay	3	3.2361	3.5000	5	6	0.02361	0.02639	10	9	4
5464	HCRdtqr	3	3.2361	3.5000	5	6	0.02361	0.02639	10	8	4
5465	HCRdtqV	3	3.2361	3.5000	5	6	0.02361	0.02639	10	8	4
5466	HCRdtqZ	3	3.2361	3.5000	5	6	0.02361	0.02639	10	8	4
5467	HCZbax\	3	3.2361	3.5000	5	6	0.02361	0.02639	10	9	4
5468	HCZJfH\	3	3.2361	3.5000	5	6	0.02361	0.02639	10	9	4
5469	HCpbbjf	3	3.2361	3.5000	5	7	0.02361	0.02639	10	8	4
5470	HCpbdq^	3	3.2361	3.5000	5	7	0.02361	0.02639	10	9	4
5471	HCpbfH|	3	3.2361	3.5000	5	7	0.02361	0.02639	10	8	4
5472	HCQbrrj	3	3.2361	3.5000	5	7	0.02361	0.02639	10	8	4
5473	HCXeczr	3	3.2361	3.5000	5	7	0.02361	0.02639	10	8	4
5474	HCY^N`t	3	3.2361	3.5000	5	6	0.02361	0.02639	10	8	4
5475	HCY]vHu	3	3.2361	3.5000	5	6	0.02361	0.02639	10	8	4
5476	HCpVfrk	3	3.2361	3.5000	5	6	0.02361	0.02639	10	8	4
5477	HCrfbri	3	3.2361	3.5000	5	6	0.02361	0.02639	10	8	4
5478	HCrdrhu	3	3.2361	3.5000	5	6	0.02361	0.02639	10	9	4
5479	HEhfeZ[	3	3.2361	3.5000	5	6	0.02361	0.02639	10	8	4
5480	HCpenrw	3	3.2361	3.5000	5	7	0.02361	0.02639	10	7	4
5481	HCpfLy{	3	3.2361	3.5000	5	7	0.02361	0.02639	10	8	4
5482	HCpvRpV	3	3.2361	3.5000	5	6	0.02361	0.02639	10	9	4
5483	HCpvVbL	3	3.2361	3.5000	5	6	0.02361	0.02639	10	8	4
5484	HCpVVjs	3	3.2361	3.5000	5	7	0.02361	0.02639	10	9	4
5485	HCpvV`V	3	3.2361	3.5000	5	6	0.02361	0.02639	10	9	4
5486	HCZbc~U	3	3.2361	3.5000	5	6	0.02361	0.02639	10	8	4
5487	HCZJmrd	3	3.2361	3.5000	5	6	0.02361	0.02639	10	8	4
5488	HCZJrje	3	3.2361	3.5000	5	6	0.02361	0.02639	10	8	4
5489	HCZMvJs	3	3.2361	3.5000	5	6	0.02361	0.02639	10	8	4
5490	HCZNNbY	3	3.2361	3.5000	5	6	0.02361	0.02639	10	8	4
5491	HCpvbpr	3	3.2361	3.5000	5	6	0.02361	0.02639	10	8	4
5492	HCpbbz{	3	3.2361	3.5000	5	7	0.02361	0.02639	10	8	4
5493	HCpbdz{	3	3.2361	3.5000	5	7	0.02361	0.02639	10	8	4
5494	HCpbfj{	3	3.2361	3.5000	5	7	0.02361	0.02639	10	7	4
5495	HCpbfr{	3	3.2361	3.5000	5	7	0.02361	0.02639	10	8	4
5496	HCpbvR{	3	3.2361	3.5000	5	7	0.02361	0.02639	10	7	4
5497	HCpVbp}	3	3.2361	3.5000	5	7	0.02361	0.02639	10	7	4
5498	HCpVbZ{	3	3.2361	3.5000	5	7	0.02361	0.02639	10	8	4
5499	HCpVVb{	3	3.2361	3.5000	5	7	0.02361	0.02639	10	8	4
5500	HCRbc}}	3	3.2361	3.5000	5	7	0.02361	0.02639	10	8	4
5501	HCRbd]}	3	3.2361	3.5000	5	7	0.02361	0.02639	10	7	4
5502	HCRbdy}	3	3.2361	3.5000	5	7	0.02361	0.02639	10	8	4
5503	HCRbfrm	3	3.2361	3.5000	5	7	0.02361	0.02639	10	8	4
5504	HCZbazr	3	3.2361	3.5000	5	7	0.02361	0.02639	10	8	4
5505	HCZbazy	3	3.2361	3.5000	5	7	0.02361	0.02639	10	9	4
5506	HCZber{	3	3.2361	3.5000	5	7	0.02361	0.02639	10	7	4
5507	HCQbfz{	3	3.2361	3.5000	5	8	0.02361	0.02639	10	6	4
5508	HCRbd^x	3	3.2361	3.5000	5	7	0.02361	0.02639	10	6	4
5509	HCZejpy	3	3.2361	3.5000	5	6	0.02361	0.02639	10	9	4
5510	HCdfNjk	3	3.2361	3.5000	5	6	0.02361	0.02639	10	9	4
5511	HCpfez[	3	3.2361	3.5000	5	7	0.02361	0.02639	10	8	4
5512	HCrerr[	3	3.2361	3.5000	5	6	0.02361	0.02639	10	8	4
5513	HCZbfpm	3	3.2361	3.5000	5	6	0.02361	0.02639	10	8	4
5514	HCZbnRk	3	3.2361	3.5000	5	6	0.02361	0.02639	10	7	4
5515	HCZbrre	3	3.2361	3.5000	5	6	0.02361	0.02639	10	8	4
5516	HCZbupr	3	3.2361	3.5000	5	6	0.02361	0.02639	10	8	4
5517	HCZenPr	3	3.2361	3.5000	5	6	0.02361	0.02639	10	9	4
5518	HCZJvHu	3	3.2361	3.5000	5	6	0.02361	0.02639	10	9	4
5519	HCpffje	3	3.2361	3.5000	5	6	0.02361	0.02639	10	9	4
5520	HCpUvje	3	3.2361	3.5000	5	6	0.02361	0.02639	10	8	4
5521	HCpVfZM	3	3.2361	3.5000	5	6	0.02361	0.02639	10	8	4
5522	HCrfQzk	3	3.2361	3.5000	5	6	0.02361	0.02639	10	8	4
5523	HCRuurb	3	3.2361	3.5000	5	6	0.02361	0.02639	10	7	4
5524	HCRverM	3	3.2361	3.5000	5	6	0.02361	0.02639	10	8	4
5525	HCXfVrq	3	3.2361	3.5000	5	6	0.02361	0.02639	10	8	4
5526	HCZbnPr	3	3.2361	3.5000	5	6	0.02361	0.02639	10	8	4
5527	HCdffRm	3	3.2361	3.5000	5	7	0.02361	0.02639	10	8	4
5528	HCpbbx}	3	3.2361	3.5000	5	7	0.02361	0.02639	10	8	4
5529	HCpbfju	3	3.2361	3.5000	5	7	0.02361	0.02639	10	7	4
5530	HCpbfp}	3	3.2361	3.5000	5	7	0.02361	0.02639	10	9	4
5531	HCpbfru	3	3.2361	3.5000	5	7	0.02361	0.02639	10	9	4
5532	HCpbvO~	3	3.2361	3.5000	5	7	0.02361	0.02639	10	8	4
5533	HCpbvQ}	3	3.2361	3.5000	5	7	0.02361	0.02639	10	9	4
5534	HCpdtr{	3	3.2361	3.5000	5	7	0.02361	0.02639	10	8	4
5535	HCpVdo~	3	3.2361	3.5000	5	7	0.02361	0.02639	10	7	4
5536	HCpVdrf	3	3.2361	3.5000	5	7	0.02361	0.02639	10	8	4
5537	HCpVdrm	3	3.2361	3.5000	5	7	0.02361	0.02639	10	9	4
5538	HCpVTj{	3	3.2361	3.5000	5	7	0.02361	0.02639	10	10	4
5539	HCpVTr{	3	3.2361	3.5000	5	7	0.02361	0.02639	10	9	4
5540	HCQvdrm	3	3.2361	3.5000	5	7	0.02361	0.02639	10	9	4
5541	HCQvdrN	3	3.2361	3.5000	5	7	0.02361	0.02639	10	8	4
5542	HCRbbx}	3	3.2361	3.5000	5	7	0.02361	0.02639	10	7	4
5543	HCRbbz]	3	3.2361	3.5000	5	7	0.02361	0.02639	10	8	4
5544	HCRbbzm	3	3.2361	3.5000	5	7	0.02361	0.02639	10	8	4
5545	HCRbc~m	3	3.2361	3.5000	5	7	0.02361	0.02639	10	9	4
5546	HCRbd^m	3	3.2361	3.5000	5	7	0.02361	0.02639	10	7	4
5547	HCRbez{	3	3.2361	3.5000	5	7	0.02361	0.02639	10	8	4
5548	HCRbfj{	3	3.2361	3.5000	5	7	0.02361	0.02639	10	8	4
5549	HCRbfY}	3	3.2361	3.5000	5	7	0.02361	0.02639	10	10	4
5550	HCRbfZ{	3	3.2361	3.5000	5	7	0.02361	0.02639	10	8	4
5551	HCRdtpn	3	3.2361	3.5000	5	7	0.02361	0.02639	10	8	4
5552	HCRdtrf	3	3.2361	3.5000	5	7	0.02361	0.02639	10	7	4
5553	HCRdtrm	3	3.2361	3.5000	5	7	0.02361	0.02639	10	8	4
5554	HCRdtrN	3	3.2361	3.5000	5	7	0.02361	0.02639	10	7	4
5555	HCRTtrf	3	3.2361	3.5000	5	7	0.02361	0.02639	10	7	4
5556	HCRTtrm	3	3.2361	3.5000	5	7	0.02361	0.02639	10	9	4
5557	HCXfRr{	3	3.2361	3.5000	5	7	0.02361	0.02639	10	7	4
5558	HCY^Fbm	3	3.2361	3.5000	5	7	0.02361	0.02639	10	9	4
5559	HCY^FbN	3	3.2361	3.5000	5	7	0.02361	0.02639	10	8	4
5560	HCY^F`n	3	3.2361	3.5000	5	7	0.02361	0.02639	10	9	4
5561	HCZbaw~	3	3.2361	3.5000	5	7	0.02361	0.02639	10	7	4
5562	HCZbax}	3	3.2361	3.5000	5	7	0.02361	0.02639	10	8	4
5563	HCZbay|	3	3.2361	3.5000	5	7	0.02361	0.02639	10	9	4
5564	HCZbayv	3	3.2361	3.5000	5	7	0.02361	0.02639	10	9	4
5565	HCZbazm	3	3.2361	3.5000	5	7	0.02361	0.02639	10	9	4
5566	HCZbazu	3	3.2361	3.5000	5	7	0.02361	0.02639	10	9	4
5567	HCZbeg~	3	3.2361	3.5000	5	7	0.02361	0.02639	10	8	4
5568	HCZbej{	3	3.2361	3.5000	5	7	0.02361	0.02639	10	8	4
5569	HCZbejj	3	3.2361	3.5000	5	7	0.02361	0.02639	10	8	4
5570	HCZbejy	3	3.2361	3.5000	5	7	0.02361	0.02639	10	9	4
5571	HCZberf	3	3.2361	3.5000	5	7	0.02361	0.02639	10	7	4
5572	HCZJfG~	3	3.2361	3.5000	5	7	0.02361	0.02639	10	8	4
5573	HCZJfJu	3	3.2361	3.5000	5	7	0.02361	0.02639	10	8	4
5574	HCZJfJZ	3	3.2361	3.5000	5	7	0.02361	0.02639	10	8	4
5575	HCZJfRt	3	3.2361	3.5000	5	7	0.02361	0.02639	10	8	4
5576	HCZJfRy	3	3.2361	3.5000	5	7	0.02361	0.02639	10	8	4
5577	HCpbfo~	3	3.2361	3.5000	5	7	0.02361	0.02639	10	8	4
5578	HCRbby^	3	3.2361	3.5000	5	7	0.02361	0.02639	10	7	4
5579	HCRbbyz	3	3.2361	3.5000	5	7	0.02361	0.02639	10	8	4
5580	HCpb`z}	3	3.2361	3.5000	5	8	0.02361	0.02639	10	9	4
5581	HCXnVHr	3	3.2361	3.5000	5	6	0.02361	0.02639	10	7	4
5582	HCXnV`x	3	3.2361	3.5000	5	6	0.02361	0.02639	10	9	4
5583	HCZbnRd	3	3.2361	3.5000	5	6	0.02361	0.02639	10	8	4
5584	HCdffPv	3	3.2361	3.5000	5	7	0.02361	0.02639	10	9	4
5585	HCpbbt}	3	3.2361	3.5000	5	7	0.02361	0.02639	10	8	4
5586	HCpbvRf	3	3.2361	3.5000	5	7	0.02361	0.02639	10	8	4
5587	HCpdtrf	3	3.2361	3.5000	5	7	0.02361	0.02639	10	8	4
5588	HCQvdrf	3	3.2361	3.5000	5	7	0.02361	0.02639	10	7	4
5589	HCQvdrj	3	3.2361	3.5000	5	7	0.02361	0.02639	10	9	4
5590	HCRbdm}	3	3.2361	3.5000	5	7	0.02361	0.02639	10	8	4
5591	HCRbe^m	3	3.2361	3.5000	5	7	0.02361	0.02639	10	8	4
5592	HCRbfZm	3	3.2361	3.5000	5	7	0.02361	0.02639	10	8	4
5593	HCRdtqn	3	3.2361	3.5000	5	7	0.02361	0.02639	10	7	4
5594	HCRTtqn	3	3.2361	3.5000	5	7	0.02361	0.02639	10	7	4
5595	HCRTtrj	3	3.2361	3.5000	5	7	0.02361	0.02639	10	9	4
5596	HCRTtrN	3	3.2361	3.5000	5	7	0.02361	0.02639	10	8	4
5597	HCY^Fbj	3	3.2361	3.5000	5	7	0.02361	0.02639	10	9	4
5598	HCZbehz	3	3.2361	3.5000	5	7	0.02361	0.02639	10	9	4
5599	HCZJfJj	3	3.2361	3.5000	5	7	0.02361	0.02639	10	8	4
5600	HCpbfrf	3	3.2361	3.5000	5	7	0.02361	0.02639	10	8	4
5601	HCQbd}}	3	3.2361	3.5000	5	8	0.02361	0.02639	10	6	4
5602	HCQbfvy	3	3.2361	3.5000	5	8	0.02361	0.02639	10	6	4
5603	HCpbbj}	3	3.2361	3.5000	5	8	0.02361	0.02639	10	8	4
5604	HCpbdr}	3	3.2361	3.5000	5	8	0.02361	0.02639	10	9	4
5605	HCpbfJ}	3	3.2361	3.5000	5	8	0.02361	0.02639	10	8	4
5606	HCpbfR}	3	3.2361	3.5000	5	8	0.02361	0.02639	10	8	4
5607	HCpb`zz	3	3.2361	3.5000	5	8	0.02361	0.02639	10	9	4
5608	HCQfdp~	3	3.2361	3.5000	5	8	0.02361	0.02639	10	8	4
5609	HCRbcz}	3	3.2361	3.5000	5	8	0.02361	0.02639	10	9	4
5610	HCR`v`~	3	3.2361	3.5000	5	8	0.02361	0.02639	10	7	4
5611	HCR`vbn	3	3.2361	3.5000	5	8	0.02361	0.02639	10	7	4
5612	HCRVDZz	3	3.2361	3.5000	5	8	0.02361	0.02639	10	8	4
5613	H?bAV~}	4	4.2361	4.5000	5	9	0.02361	0.02639	10	6	5
5614	HCdffRf	3	3.2361	3.5000	5	7	0.02361	0.02639	10	9	4
5615	HCQbrrv	3	3.2361	3.5000	5	8	0.02361	0.02639	10	8	4
5616	HCRbfRv	3	3.2361	3.5000	5	8	0.02361	0.02639	10	8	4
5617	HCXeczn	3	3.2361	3.5000	5	8	0.02361	0.02639	10	8	4
5618	HCrfRpm	3	3.2361	3.5000	5	6	0.02361	0.02639	10	8	4
5619	HCZbupx	3	3.2361	3.5000	5	6	0.02361	0.02639	10	8	4
5620	HCpbvP|	3	3.2361	3.5000	5	7	0.02361	0.02639	10	8	4
5621	HCpbvQ^	3	3.2361	3.5000	5	7	0.02361	0.02639	10	8	4
5622	HCpbvRm	3	3.2361	3.5000	5	7	0.02361	0.02639	10	7	4
5623	HCpVdq}	3	3.2361	3.5000	5	7	0.02361	0.02639	10	7	4
5624	HCpVdqn	3	3.2361	3.5000	5	7	0.02361	0.02639	10	7	4
5625	HCRdtq}	3	3.2361	3.5000	5	7	0.02361	0.02639	10	7	4
5626	HCRdtru	3	3.2361	3.5000	5	7	0.02361	0.02639	10	8	4
5627	HCY^Fbr	3	3.2361	3.5000	5	7	0.02361	0.02639	10	9	4
5628	HCY^Fbx	3	3.2361	3.5000	5	7	0.02361	0.02639	10	8	4
5629	HCY^FbZ	3	3.2361	3.5000	5	7	0.02361	0.02639	10	8	4
5630	HCZbaxv	3	3.2361	3.5000	5	7	0.02361	0.02639	10	7	4
5631	HCZbaxz	3	3.2361	3.5000	5	7	0.02361	0.02639	10	9	4
5632	HCZbazf	3	3.2361	3.5000	5	7	0.02361	0.02639	10	8	4
5633	HCZbazt	3	3.2361	3.5000	5	7	0.02361	0.02639	10	8	4
5634	HCZbazV	3	3.2361	3.5000	5	7	0.02361	0.02639	10	9	4
5635	HCZbazZ	3	3.2361	3.5000	5	7	0.02361	0.02639	10	9	4
5636	HCZbeh|	3	3.2361	3.5000	5	7	0.02361	0.02639	10	8	4
5637	HCZbep|	3	3.2361	3.5000	5	7	0.02361	0.02639	10	7	4
5638	HCZJfI^	3	3.2361	3.5000	5	7	0.02361	0.02639	10	8	4
5639	HCZJfJm	3	3.2361	3.5000	5	7	0.02361	0.02639	10	8	4
5640	HCZJfR{	3	3.2361	3.5000	5	7	0.02361	0.02639	10	8	4
5641	HCpbbw~	3	3.2361	3.5000	5	7	0.02361	0.02639	10	8	4
5642	HCpbfp|	3	3.2361	3.5000	5	7	0.02361	0.02639	10	8	4
5643	HCRbbw~	3	3.2361	3.5000	5	7	0.02361	0.02639	10	6	4
5644	HCRbby|	3	3.2361	3.5000	5	7	0.02361	0.02639	10	8	4
5645	HCRbbyn	3	3.2361	3.5000	5	7	0.02361	0.02639	10	7	4
5646	HCRbbzj	3	3.2361	3.5000	5	7	0.02361	0.02639	10	7	4
5647	HCRbbzx	3	3.2361	3.5000	5	7	0.02361	0.02639	10	7	4
5648	HCRbfq|	3	3.2361	3.5000	5	7	0.02361	0.02639	10	8	4
5649	HCpb`x~	3	3.2361	3.5000	5	8	0.02361	0.02639	10	9	4
5650	HCpb`z|	3	3.2361	3.5000	5	8	0.02361	0.02639	10	9	4
5651	HCpb`zv	3	3.2361	3.5000	5	8	0.02361	0.02639	10	9	4
5652	HCRbfR|	3	3.2361	3.5000	5	8	0.02361	0.02639	10	8	4
5653	HCRbfRn	3	3.2361	3.5000	5	8	0.02361	0.02639	10	8	4
5654	HCRbfRz	3	3.2361	3.5000	5	8	0.02361	0.02639	10	8	4
5655	HCR`va~	3	3.2361	3.5000	5	8	0.02361	0.02639	10	7	4
5656	HCR`vb^	3	3.2361	3.5000	5	8	0.02361	0.02639	10	7	4
5657	HCR`vb|	3	3.2361	3.5000	5	8	0.02361	0.02639	10	7	4
5658	HCR`vbv	3	3.2361	3.5000	5	8	0.02361	0.02639	10	7	4
5659	HCR`vbz	3	3.2361	3.5000	5	8	0.02361	0.02639	10	7	4
5660	HCXnRjk	3	3.2361	3.5000	5	6	0.02361	0.02639	10	8	4
5661	HCZbrpy	3	3.2361	3.5000	5	6	0.02361	0.02639	10	8	4
5662	HCpdtrr	3	3.2361	3.5000	5	7	0.02361	0.02639	10	8	4
5663	HCQvdq}	3	3.2361	3.5000	5	7	0.02361	0.02639	10	8	4
5664	HCRdtq^	3	3.2361	3.5000	5	7	0.02361	0.02639	10	7	4
5665	HCRdtqv	3	3.2361	3.5000	5	7	0.02361	0.02639	10	8	4
5666	HCRdtqz	3	3.2361	3.5000	5	7	0.02361	0.02639	10	8	4
5667	HCRdtrV	3	3.2361	3.5000	5	7	0.02361	0.02639	10	7	4
5668	HCRdtrZ	3	3.2361	3.5000	5	7	0.02361	0.02639	10	8	4
5669	HCRTtrr	3	3.2361	3.5000	5	7	0.02361	0.02639	10	8	4
5670	HCXfRp}	3	3.2361	3.5000	5	7	0.02361	0.02639	10	7	4
5671	HCY^Fa^	3	3.2361	3.5000	5	7	0.02361	0.02639	10	8	4
5672	HCY^Fb\	3	3.2361	3.5000	5	7	0.02361	0.02639	10	9	4
5673	HCY^Fbt	3	3.2361	3.5000	5	7	0.02361	0.02639	10	8	4
5674	HCY^FbV	3	3.2361	3.5000	5	7	0.02361	0.02639	10	9	4
5675	HCZbax^	3	3.2361	3.5000	5	7	0.02361	0.02639	10	8	4
5676	HCZbax|	3	3.2361	3.5000	5	7	0.02361	0.02639	10	8	4
5677	HCZbaxn	3	3.2361	3.5000	5	7	0.02361	0.02639	10	9	4
5678	HCZbaz\	3	3.2361	3.5000	5	7	0.02361	0.02639	10	9	4
5679	HCZbazl	3	3.2361	3.5000	5	7	0.02361	0.02639	10	9	4
5680	HCZbazN	3	3.2361	3.5000	5	7	0.02361	0.02639	10	8	4
5681	HCZbei^	3	3.2361	3.5000	5	7	0.02361	0.02639	10	8	4
5682	HCZJfH|	3	3.2361	3.5000	5	7	0.02361	0.02639	10	8	4
5683	HCpbbzf	3	3.2361	3.5000	5	7	0.02361	0.02639	10	8	4
5684	HCpbfq^	3	3.2361	3.5000	5	7	0.02361	0.02639	10	8	4
5685	HCdffQ^	3	3.2361	3.5000	5	7	0.02361	0.02639	10	8	4
5686	HCZJfP|	3	3.2361	3.5000	5	7	0.02361	0.02639	10	8	4
5687	HEhvFrk	3	3.2361	3.5000	5	6	0.02361	0.02639	10	9	4
5688	HCrvbpV	3	3.2361	3.5000	5	6	0.02361	0.02639	10	8	4
5689	HCpVdz{	3	3.2361	3.5000	5	7	0.02361	0.02639	10	7	4
5690	HCpVfr{	3	3.2361	3.5000	5	7	0.02361	0.02639	10	7	4
5691	HCpVfZ{	3	3.2361	3.5000	5	7	0.02361	0.02639	10	7	4
5692	HCZbc~]	3	3.2361	3.5000	5	7	0.02361	0.02639	10	7	4
5693	HCZbc~{	3	3.2361	3.5000	5	7	0.02361	0.02639	10	8	4
5694	HCpVfp}	3	3.2361	3.5000	5	7	0.02361	0.02639	10	8	4
5695	HCpVfZm	3	3.2361	3.5000	5	7	0.02361	0.02639	10	7	4
5696	HCpVTz{	3	3.2361	3.5000	5	7	0.02361	0.02639	10	9	4
5697	HCpVVj{	3	3.2361	3.5000	5	7	0.02361	0.02639	10	9	4
5698	HCpVVr{	3	3.2361	3.5000	5	7	0.02361	0.02639	10	8	4
5699	HCZbbz]	3	3.2361	3.5000	5	7	0.02361	0.02639	10	8	4
5700	HCZbbzy	3	3.2361	3.5000	5	7	0.02361	0.02639	10	8	4
5701	HCZbc~u	3	3.2361	3.5000	5	7	0.02361	0.02639	10	8	4
5702	HCZbe^]	3	3.2361	3.5000	5	7	0.02361	0.02639	10	7	4
5703	HCZbe^y	3	3.2361	3.5000	5	7	0.02361	0.02639	10	8	4
5704	HCZbez]	3	3.2361	3.5000	5	7	0.02361	0.02639	10	7	4
5705	HCZbez{	3	3.2361	3.5000	5	7	0.02361	0.02639	10	7	4
5706	HCZbezy	3	3.2361	3.5000	5	7	0.02361	0.02639	10	9	4
5707	HCZbfj{	3	3.2361	3.5000	5	7	0.02361	0.02639	10	7	4
5708	HCZbfjy	3	3.2361	3.5000	5	7	0.02361	0.02639	10	8	4
5709	HCZbfrm	3	3.2361	3.5000	5	7	0.02361	0.02639	10	7	4
5710	HCpbfz{	3	3.2361	3.5000	5	8	0.02361	0.02639	10	7	4
5711	HCpVfo~	3	3.2361	3.5000	5	7	0.02361	0.02639	10	6	4
5712	HCRbfr}	3	3.2361	3.5000	5	8	0.02361	0.02639	10	7	4
5713	HCpVez{	3	3.2361	3.5000	5	7	0.02361	0.02639	10	7	4
5714	HCZbbzu	3	3.2361	3.5000	5	7	0.02361	0.02639	10	8	4
5715	HCZbe^m	3	3.2361	3.5000	5	7	0.02361	0.02639	10	7	4
5716	HCZbfh}	3	3.2361	3.5000	5	7	0.02361	0.02639	10	8	4
5717	HCZbfZ]	3	3.2361	3.5000	5	7	0.02361	0.02639	10	9	4
5718	HCZbrru	3	3.2361	3.5000	5	7	0.02361	0.02639	10	8	4
5719	HCpdR|}	3	3.2361	3.5000	5	8	0.02361	0.02639	10	7	4
5720	HCpVbt}	3	3.2361	3.5000	5	7	0.02361	0.02639	10	7	4
5721	HCZbbzr	3	3.2361	3.5000	5	7	0.02361	0.02639	10	7	4
5722	HCZbe[~	3	3.2361	3.5000	5	7	0.02361	0.02639	10	7	4
5723	HCZbew~	3	3.2361	3.5000	5	7	0.02361	0.02639	10	8	4
5724	HCZbfrf	3	3.2361	3.5000	5	7	0.02361	0.02639	10	6	4
5725	HCRbbz}	3	3.2361	3.5000	5	8	0.02361	0.02639	10	7	4
5726	HCZbay~	3	3.2361	3.5000	5	8	0.02361	0.02639	10	8	4
5727	HCZbaz}	3	3.2361	3.5000	5	8	0.02361	0.02639	10	8	4
5728	HCpVUz{	3	3.2361	3.5000	5	7	0.02361	0.02639	10	9	4
5729	HCRSv^m	3	3.2361	3.5000	5	8	0.02361	0.02639	10	8	4
5730	HCZbc|n	3	3.2361	3.5000	5	7	0.02361	0.02639	10	8	4
5731	HCZbfZr	3	3.2361	3.5000	5	7	0.02361	0.02639	10	8	4
5732	HCQvdrn	3	3.2361	3.5000	5	8	0.02361	0.02639	10	8	4
5733	HCRdtrn	3	3.2361	3.5000	5	8	0.02361	0.02639	10	7	4
5734	HCRTtrn	3	3.2361	3.5000	5	8	0.02361	0.02639	10	8	4
5735	HCY^Fbn	3	3.2361	3.5000	5	8	0.02361	0.02639	10	8	4
5736	HCpVdy}	3	3.2361	3.5000	5	7	0.02361	0.02639	10	7	4
5737	HCpVfqn	3	3.2361	3.5000	5	7	0.02361	0.02639	10	6	4
5738	HCZbbzV	3	3.2361	3.5000	5	7	0.02361	0.02639	10	8	4
5739	HCZbc~f	3	3.2361	3.5000	5	7	0.02361	0.02639	10	7	4
5740	HCZbc~l	3	3.2361	3.5000	5	7	0.02361	0.02639	10	8	4
5741	HCZbc~N	3	3.2361	3.5000	5	7	0.02361	0.02639	10	7	4
5742	HCZbezj	3	3.2361	3.5000	5	7	0.02361	0.02639	10	8	4
5743	HCRbby~	3	3.2361	3.5000	5	8	0.02361	0.02639	10	7	4
5744	HCRbfq~	3	3.2361	3.5000	5	8	0.02361	0.02639	10	7	4
5745	HCRdtr}	3	3.2361	3.5000	5	8	0.02361	0.02639	10	7	4
5746	HCY^Fb}	3	3.2361	3.5000	5	8	0.02361	0.02639	10	8	4
5747	HCY^Fbz	3	3.2361	3.5000	5	8	0.02361	0.02639	10	8	4
5748	HCZbazv	3	3.2361	3.5000	5	8	0.02361	0.02639	10	8	4
5749	HCZbazz	3	3.2361	3.5000	5	8	0.02361	0.02639	10	8	4
5750	HCpb`z~	3	3.2361	3.5000	5	9	0.02361	0.02639	10	8	4
5751	HCRbfR~	3	3.2361	3.5000	5	9	0.02361	0.02639	10	7	4
5752	HCR`vb~	3	3.2361	3.5000	5	9	0.02361	0.02639	10	6	4
5753	HCZbrp}	3	3.2361	3.5000	5	7	0.02361	0.02639	10	7	4
5754	HCZbrrm	3	3.2361	3.5000	5	7	0.02361	0.02639	10	8	4
5755	HCZbrry	3	3.2361	3.5000	5	7	0.02361	0.02639	10	7	4
5756	HCZbbx^	3	3.2361	3.5000	5	7	0.02361	0.02639	10	7	4
5757	HCZbbxv	3	3.2361	3.5000	5	7	0.02361	0.02639	10	6	4
5758	HCZbbxz	3	3.2361	3.5000	5	7	0.02361	0.02639	10	8	4
5759	HCZbbzf	3	3.2361	3.5000	5	7	0.02361	0.02639	10	7	4
5760	HCZbbzN	3	3.2361	3.5000	5	7	0.02361	0.02639	10	7	4
5761	HCZbbzt	3	3.2361	3.5000	5	7	0.02361	0.02639	10	7	4
5762	HCZbc~t	3	3.2361	3.5000	5	7	0.02361	0.02639	10	7	4
5763	HCZbex|	3	3.2361	3.5000	5	7	0.02361	0.02639	10	8	4
5764	HCZbey^	3	3.2361	3.5000	5	7	0.02361	0.02639	10	8	4
5765	HCZbfp|	3	3.2361	3.5000	5	7	0.02361	0.02639	10	6	4
5766	HCRdtq~	3	3.2361	3.5000	5	8	0.02361	0.02639	10	7	4
5767	HCRdtr^	3	3.2361	3.5000	5	8	0.02361	0.02639	10	7	4
5768	HCRdtrv	3	3.2361	3.5000	5	8	0.02361	0.02639	10	7	4
5769	HCRdtrz	3	3.2361	3.5000	5	8	0.02361	0.02639	10	7	4
5770	HCY^Fb^	3	3.2361	3.5000	5	8	0.02361	0.02639	10	8	4
5771	HCY^Fb|	3	3.2361	3.5000	5	8	0.02361	0.02639	10	8	4
5772	HCY^Fbv	3	3.2361	3.5000	5	8	0.02361	0.02639	10	8	4
5773	HCZbax~	3	3.2361	3.5000	5	8	0.02361	0.02639	10	8	4
5774	HCZbaz^	3	3.2361	3.5000	5	8	0.02361	0.02639	10	8	4
5775	HCZbaz|	3	3.2361	3.5000	5	8	0.02361	0.02639	10	8	4
5776	HCZbazn	3	3.2361	3.5000	5	8	0.02361	0.02639	10	8	4
5777	HCZbc}^	3	3.2361	3.5000	5	7	0.02361	0.02639	10	7	4
5778	HCZbc~V	3	3.2361	3.5000	5	7	0.02361	0.02639	10	8	4
5779	HCpVvj{	3	3.2361	3.5000	5	7	0.02361	0.02639	10	8	4
5780	HCpVvr{	3	3.2361	3.5000	5	7	0.02361	0.02639	10	7	4
5781	HCpVvZ{	3	3.2361	3.5000	5	7	0.02361	0.02639	10	8	4
5782	HCZbe~]	3	3.2361	3.5000	5	8	0.02361	0.02639	10	6	4
5783	HCZbfzy	3	3.2361	3.5000	5	7	0.02361	0.02639	10	8	4
5784	HCZbc~}	3	3.2361	3.5000	5	8	0.02361	0.02639	10	7	4
5785	HCZbfr}	3	3.2361	3.5000	5	8	0.02361	0.02639	10	6	4
5786	HCpVuz{	3	3.2361	3.5000	5	7	0.02361	0.02639	10	8	4
5787	HCpUvz{	3	3.2361	3.5000	5	8	0.02361	0.02639	10	7	4
5788	HCpU}z{	3	3.2361	3.5000	5	7	0.02361	0.02639	10	7	4
5789	HCZbc~n	3	3.2361	3.5000	5	8	0.02361	0.02639	10	7	4
5790	HCpVvqn	3	3.2361	3.5000	5	7	0.02361	0.02639	10	6	4
5791	HCZbbz^	3	3.2361	3.5000	5	8	0.02361	0.02639	10	7	4
5792	HCZbbzv	3	3.2361	3.5000	5	8	0.02361	0.02639	10	7	4
5793	HCZbbzz	3	3.2361	3.5000	5	8	0.02361	0.02639	10	7	4
5794	HCZbc~|	3	3.2361	3.5000	5	8	0.02361	0.02639	10	7	4
5795	HCZbrr}	3	3.2361	3.5000	5	8	0.02361	0.02639	10	7	4
5796	HCRdtr~	3	3.2361	3.5000	5	9	0.02361	0.02639	10	6	4
5797	HCY^Fb~	3	3.2361	3.5000	5	9	0.02361	0.02639	10	7	4
5798	HCZbaz~	3	3.2361	3.5000	5	9	0.02361	0.02639	10	7	4
5799	HCZbc~^	3	3.2361	3.5000	5	8	0.02361	0.02639	10	7	4
5800	HCZbc~v	3	3.2361	3.5000	5	8	0.02361	0.02639	10	7	4
5801	HCZbc~~	3	3.2361	3.5000	5	9	0.02361	0.02639	10	6	4
5802	HCZfRpr	3	3.2361	3.5000	6	6	0.02361	0.02639	10	8	4
5803	HCXnVHu	3	3.2361	3.5000	6	6	0.02361	0.02639	10	8	4
5804	HCZbrpr	3	3.2361	3.5000	6	6	0.02361	0.02639	10	7	4
5805	HCZbrpj	3	3.2361	3.5000	6	6	0.02361	0.02639	10	8	4
5806	HCpdtq^	3	3.2361	3.5000	6	7	0.02361	0.02639	10	8	4
5807	HCZbbz{	3	3.2361	3.5000	6	7	0.02361	0.02639	10	7	4
5808	HCZbbx}	3	3.2361	3.5000	6	7	0.02361	0.02639	10	7	4
5809	HCZbbzm	3	3.2361	3.5000	6	7	0.02361	0.02639	10	8	4
5810	HCZbrrr	3	3.2361	3.5000	6	7	0.02361	0.02639	10	7	4
5811	HCZbfNm	3	3.2361	3.5000	6	7	0.02361	0.02639	10	7	4
5812	HCZbfZm	3	3.2361	3.5000	6	7	0.02361	0.02639	10	7	4
5813	HCZbrpv	3	3.2361	3.5000	6	7	0.02361	0.02639	10	6	4
5814	HCpbb|}	3	3.2361	3.5000	6	8	0.02361	0.02639	10	7	4
5815	HCRbf^m	3	3.2361	3.5000	6	8	0.02361	0.02639	10	7	4
5816	HCZbrpz	3	3.2361	3.5000	6	7	0.02361	0.02639	10	8	4
5817	HCZbbx|	3	3.2361	3.5000	6	7	0.02361	0.02639	10	7	4
5818	HCZbbxn	3	3.2361	3.5000	6	7	0.02361	0.02639	10	8	4
5819	HCZbbzl	3	3.2361	3.5000	6	7	0.02361	0.02639	10	8	4
5820	HCZbfz{	3	3.2361	3.5000	6	8	0.02361	0.02639	10	6	4
5821	HCpVvrf	3	3.2361	3.5000	6	7	0.02361	0.02639	10	6	4
5822	HCZbbz}	3	3.2361	3.5000	6	8	0.02361	0.02639	10	7	4
5823	HCZbf^m	3	3.2361	3.5000	6	8	0.02361	0.02639	10	6	4
5824	HCZbrrv	3	3.2361	3.5000	6	8	0.02361	0.02639	10	7	4
5825	HCZbbx~	3	3.2361	3.5000	6	8	0.02361	0.02639	10	7	4
5826	HCZbbz|	3	3.2361	3.5000	6	8	0.02361	0.02639	10	7	4
5827	HCZbbzn	3	3.2361	3.5000	6	8	0.02361	0.02639	10	7	4
5828	HCZbrp~	3	3.2361	3.5000	6	8	0.02361	0.02639	10	7	4
5829	HCZbrrz	3	3.2361	3.5000	6	8	0.02361	0.02639	10	7	4
5830	HCZbbz~	3	3.2361	3.5000	6	9	0.02361	0.02639	10	6	4
5831	HCZbrr~	3	3.2361	3.5000	6	9	0.02361	0.02639	10	6	4
5832	HCZberF	3	3.2401	3.5000	5	6	0.02401	0.02599	10	8	4
5833	HCQVdX{	3	3.2172	3.5000	4	6	0.02413	0.03142	9	8	4
5834	HCR`vrU	3	3.2172	3.5000	4	6	0.02413	0.03142	9	7	4
5835	HCR`vr]	3	3.2172	3.5000	4	7	0.02413	0.03142	9	7	4
5836	HCRc~_z	3	3.2177	3.5000	5	6	0.02419	0.03136	9	8	4
5837	HCQQV_m	3	3.1966	3.5000	4	5	0.02457	0.03793	8	10	4
5838	HCOcfP]	3	3.1966	3.5000	4	6	0.02457	0.03793	8	10	4
5839	HCOebI{	3	3.1966	3.5000	4	6	0.02457	0.03793	8	10	4
5840	HCQeRqs	3	3.1966	3.5000	4	5	0.02457	0.03793	8	10	4
5841	HCQTbZI	3	3.1966	3.5000	4	5	0.02457	0.03793	8	10	4
5842	HCQTbZW	3	3.1966	3.5000	4	5	0.02457	0.03793	8	10	4
5843	HCOedM{	3	3.1966	3.5000	4	6	0.02457	0.03793	8	9	4
5844	HCOedXu	3	3.1966	3.5000	4	6	0.02457	0.03793	8	10	4
5845	HCQdbR[	3	3.1966	3.5000	4	6	0.02457	0.03793	8	10	4
5846	HCQQVam	3	3.1966	3.5000	4	6	0.02457	0.03793	8	10	4
5847	HCQRFC}	3	3.1966	3.5000	4	6	0.02457	0.03793	8	10	4
5848	HCQRFP]	3	3.1966	3.5000	4	6	0.02457	0.03793	8	10	4
5849	HCOcfrM	3	3.1966	3.5000	4	6	0.02457	0.03793	8	9	4
5850	HCQeRrI	3	3.1966	3.5000	4	5	0.02457	0.03793	8	9	4
5851	HCdebYe	3	3.1966	3.5000	4	5	0.02457	0.03793	8	10	4
5852	HCdebYs	3	3.1966	3.5000	4	5	0.02457	0.03793	8	10	4
5853	HCXmda[	3	3.1966	3.5000	4	5	0.02457	0.03793	8	10	4
5854	HCXmdai	3	3.1966	3.5000	4	5	0.02457	0.03793	8	10	4
5855	HCQrUrK	3	3.1966	3.5000	4	5	0.02457	0.03793	8	10	4
5856	HCQrUZQ	3	3.1966	3.5000	4	5	0.02457	0.03793	8	10	4
5857	HCQbRim	3	3.1966	3.5000	4	6	0.02457	0.03793	8	9	4
5858	HCQbUf[	3	3.1966	3.5000	4	6	0.02457	0.03793	8	9	4
5859	HCQbUiy	3	3.1966	3.5000	4	6	0.02457	0.03793	8	10	4
5860	HCQebrM	3	3.1966	3.5000	4	6	0.02457	0.03793	8	9	4
5861	HCQeRqu	3	3.1966	3.5000	4	6	0.02457	0.03793	8	10	4
5862	HCQRVam	3	3.1966	3.5000	4	6	0.02457	0.03793	8	10	4
5863	HCRcrOz	3	3.1966	3.5000	4	6	0.02457	0.03793	8	9	4
5864	HCOfbY\	3	3.1966	3.5000	4	6	0.02457	0.03793	8	10	4
5865	HCQdeV[	3	3.1966	3.5000	4	6	0.02457	0.03793	8	9	4
5866	HCQQVre	3	3.1966	3.5000	4	6	0.02457	0.03793	8	10	4
5867	HCQRFrM	3	3.1966	3.5000	4	6	0.02457	0.03793	8	9	4
5868	HCQTerk	3	3.1966	3.5000	4	6	0.02457	0.03793	8	9	4
5869	HCQTeVk	3	3.1966	3.5000	4	6	0.02457	0.03793	8	9	4
5870	HCOfcxj	3	3.1966	3.5000	4	6	0.02457	0.03793	8	9	4
5871	HCQeThx	3	3.1966	3.5000	4	6	0.02457	0.03793	8	10	4
5872	HCQeRrM	3	3.1966	3.5000	4	6	0.02457	0.03793	8	9	4
5873	HCQeRrY	3	3.1966	3.5000	4	6	0.02457	0.03793	8	9	4
5874	HCOfczq	3	3.1966	3.5000	4	6	0.02457	0.03793	8	9	4
5875	HCOfczY	3	3.1966	3.5000	4	6	0.02457	0.03793	8	9	4
5876	HCQeRpl	3	3.1966	3.5000	4	6	0.02457	0.03793	8	9	4
5877	HCQeRpx	3	3.1966	3.5000	4	6	0.02457	0.03793	8	9	4
5878	HCQeRrX	3	3.1966	3.5000	4	6	0.02457	0.03793	8	9	4
5879	HCR`thy	3	3.1966	3.5000	4	6	0.02457	0.03793	8	10	4
5880	HCR`uhy	3	3.1966	3.5000	4	6	0.02457	0.03793	8	10	4
5881	HCR`vIy	3	3.1966	3.5000	4	6	0.02457	0.03793	8	10	4
5882	HCR`vJY	3	3.1966	3.5000	4	6	0.02457	0.03793	8	10	4
5883	HCdedjk	3	3.1966	3.5000	4	6	0.02457	0.03793	8	9	4
5884	HCQfHzX	3	3.1966	3.5000	4	6	0.02457	0.03793	8	10	4
5885	HCQfHzY	3	3.1966	3.5000	4	6	0.02457	0.03793	8	10	4
5886	HCQvDTu	3	3.1966	3.5000	4	6	0.02457	0.03793	8	8	4
5887	HCQvES|	3	3.1966	3.5000	4	6	0.02457	0.03793	8	9	4
5888	HCRcrim	3	3.1966	3.5000	4	6	0.02457	0.03793	8	9	4
5889	HCR`tjM	3	3.1966	3.5000	4	6	0.02457	0.03793	8	9	4
5890	HCQfHxZ	3	3.1966	3.5000	4	6	0.02457	0.03793	8	9	4
5891	HCQfHzR	3	3.1966	3.5000	4	6	0.02457	0.03793	8	8	4
5892	HCR`thm	3	3.1966	3.5000	4	6	0.02457	0.03793	8	10	4
5893	HCR`uhm	3	3.1966	3.5000	4	6	0.02457	0.03793	8	10	4
5894	HCQVdXj	3	3.1966	3.5000	4	6	0.02457	0.03793	8	10	4
5895	HCOfcxn	3	3.1966	3.5000	4	7	0.02457	0.03793	8	9	4
5896	HCQeRqv	3	3.1966	3.5000	4	7	0.02457	0.03793	8	9	4
5897	HCR`tiZ	3	3.1966	3.5000	4	6	0.02457	0.03793	8	9	4
5898	HCR`uiZ	3	3.1966	3.5000	4	6	0.02457	0.03793	8	9	4
5899	HCQfHxl	3	3.1966	3.5000	4	6	0.02457	0.03793	8	9	4
5900	HCQfHxm	3	3.1966	3.5000	4	6	0.02457	0.03793	8	9	4
5901	HCQfHzM	3	3.1966	3.5000	4	6	0.02457	0.03793	8	9	4
5902	HCQfHzU	3	3.1966	3.5000	4	6	0.02457	0.03793	8	9	4
5903	HCQVdZY	3	3.1966	3.5000	4	6	0.02457	0.03793	8	9	4
5904	HCR`thl	3	3.1966	3.5000	4	6	0.02457	0.03793	8	9	4
5905	HCR`tjL	3	3.1966	3.5000	4	6	0.02457	0.03793	8	9	4
5906	HCR`vGv	3	3.1966	3.5000	4	6	0.02457	0.03793	8	9	4
5907	HCR`vIV	3	3.1966	3.5000	4	6	0.02457	0.03793	8	9	4
5908	HCOfczy	3	3.1966	3.5000	4	7	0.02457	0.03793	8	9	4
5909	HCQeRp|	3	3.1966	3.5000	4	7	0.02457	0.03793	8	9	4
5910	HCQeRr]	3	3.1966	3.5000	4	7	0.02457	0.03793	8	9	4
5911	HCQeRr\	3	3.1966	3.5000	4	7	0.02457	0.03793	8	8	4
5912	HCQeRrl	3	3.1966	3.5000	4	7	0.02457	0.03793	8	8	4
5913	HCQeRrm	3	3.1966	3.5000	4	7	0.02457	0.03793	8	9	4
5914	HCQeRrx	3	3.1966	3.5000	4	7	0.02457	0.03793	8	8	4
5915	HCR`vhy	3	3.1966	3.5000	4	6	0.02457	0.03793	8	10	4
5916	HCRbmql	3	3.1966	3.5000	4	6	0.02457	0.03793	8	9	4
5917	HCRfMo|	3	3.1966	3.5000	4	6	0.02457	0.03793	8	9	4
5918	HCR`rnM	3	3.1966	3.5000	4	6	0.02457	0.03793	8	8	4
5919	HCR`vJy	3	3.1966	3.5000	4	7	0.02457	0.03793	8	9	4
5920	HCR`tnM	3	3.1966	3.5000	4	6	0.02457	0.03793	8	9	4
5921	HCQfHzZ	3	3.1966	3.5000	4	7	0.02457	0.03793	8	9	4
5922	HCR`th}	3	3.1966	3.5000	4	7	0.02457	0.03793	8	9	4
5923	HCR`uh}	3	3.1966	3.5000	4	7	0.02457	0.03793	8	9	4
5924	HCQfHx|	3	3.1966	3.5000	4	7	0.02457	0.03793	8	9	4
5925	HCQfHz]	3	3.1966	3.5000	4	7	0.02457	0.03793	8	9	4
5926	HCQVdZy	3	3.1966	3.5000	4	7	0.02457	0.03793	8	9	4
5927	HCR`thn	3	3.1966	3.5000	4	7	0.02457	0.03793	8	9	4
5928	HCR`tjN	3	3.1966	3.5000	4	7	0.02457	0.03793	8	8	4
5929	HCR`tjZ	3	3.1966	3.5000	4	7	0.02457	0.03793	8	9	4
5930	HCR`uhn	3	3.1966	3.5000	4	7	0.02457	0.03793	8	9	4
5931	HCR`uin	3	3.1966	3.5000	4	7	0.02457	0.03793	8	8	4
5932	HCR`uiz	3	3.1966	3.5000	4	7	0.02457	0.03793	8	9	4
5933	HCR`vG~	3	3.1966	3.5000	4	7	0.02457	0.03793	8	8	4
5934	HCR`vI^	3	3.1966	3.5000	4	7	0.02457	0.03793	8	8	4
5935	HCOfcz}	3	3.1966	3.5000	4	8	0.02457	0.03793	8	8	4
5936	HCQeRr|	3	3.1966	3.5000	4	8	0.02457	0.03793	8	8	4
5937	HCQeRr}	3	3.1966	3.5000	4	8	0.02457	0.03793	8	8	4
5938	HCR`rn]	3	3.1966	3.5000	4	7	0.02457	0.03793	8	8	4
5939	HCQREi{	3	3.1966	3.5000	5	6	0.02457	0.03793	8	9	4
5940	HCOcfe]	3	3.1966	3.5000	5	6	0.02457	0.03793	8	9	4
5941	HCQdbim	3	3.1966	3.5000	5	6	0.02457	0.03793	8	8	4
5942	HCRcqoz	3	3.1966	3.5000	5	6	0.02457	0.03793	8	8	4
5943	HCQbUTy	3	3.1966	3.5000	5	6	0.02457	0.03793	8	9	4
5944	HCQeRpZ	3	3.1966	3.5000	5	6	0.02457	0.03793	8	9	4
5945	HCQeRrJ	3	3.1966	3.5000	5	6	0.02457	0.03793	8	9	4
5946	HCOfczR	3	3.1966	3.5000	5	6	0.02457	0.03793	8	9	4
5947	HCQfHzq	3	3.1966	3.5000	5	6	0.02457	0.03793	8	8	4
5948	HCQVdX]	3	3.1966	3.5000	5	6	0.02457	0.03793	8	9	4
5949	HCQVdXu	3	3.1966	3.5000	5	6	0.02457	0.03793	8	8	4
5950	HCR`tim	3	3.1966	3.5000	5	6	0.02457	0.03793	8	9	4
5951	HCR`tje	3	3.1966	3.5000	5	6	0.02457	0.03793	8	8	4
5952	HCR`ujk	3	3.1966	3.5000	5	6	0.02457	0.03793	8	8	4
5953	HCR`ujM	3	3.1966	3.5000	5	6	0.02457	0.03793	8	9	4
5954	HCpdeV[	3	3.1966	3.5000	5	6	0.02457	0.03793	8	9	4
5955	HCQtfG}	3	3.1966	3.5000	5	6	0.02457	0.03793	8	8	4
5956	HCQfHxj	3	3.1966	3.5000	5	6	0.02457	0.03793	8	9	4
5957	HCQfHyr	3	3.1966	3.5000	5	6	0.02457	0.03793	8	8	4
5958	HCQVdWv	3	3.1966	3.5000	5	6	0.02457	0.03793	8	8	4
5959	HCR`tir	3	3.1966	3.5000	5	6	0.02457	0.03793	8	9	4
5960	HCQfHyt	3	3.1966	3.5000	5	6	0.02457	0.03793	8	9	4
5961	HCQfHyV	3	3.1966	3.5000	5	6	0.02457	0.03793	8	9	4
5962	HCQfHyu	3	3.1966	3.5000	5	6	0.02457	0.03793	8	9	4
5963	HCQfHze	3	3.1966	3.5000	5	6	0.02457	0.03793	8	9	4
5964	HCQVdYu	3	3.1966	3.5000	5	6	0.02457	0.03793	8	9	4
5965	HCQVdZU	3	3.1966	3.5000	5	6	0.02457	0.03793	8	9	4
5966	HCR`tjT	3	3.1966	3.5000	5	6	0.02457	0.03793	8	9	4
5967	HCR`ujL	3	3.1966	3.5000	5	6	0.02457	0.03793	8	9	4
5968	HCR`vIt	3	3.1966	3.5000	5	6	0.02457	0.03793	8	9	4
5969	HCR`vJT	3	3.1966	3.5000	5	6	0.02457	0.03793	8	9	4
5970	HCQfHwn	3	3.1966	3.5000	5	6	0.02457	0.03793	8	9	4
5971	HCQfHwv	3	3.1966	3.5000	5	6	0.02457	0.03793	8	9	4
5972	HCQfHxf	3	3.1966	3.5000	5	6	0.02457	0.03793	8	9	4
5973	HCOfcyz	3	3.1966	3.5000	5	7	0.02457	0.03793	8	8	4
5974	HCOfczr	3	3.1966	3.5000	5	7	0.02457	0.03793	8	8	4
5975	HCOfczZ	3	3.1966	3.5000	5	7	0.02457	0.03793	8	9	4
5976	HCQeRpn	3	3.1966	3.5000	5	7	0.02457	0.03793	8	9	4
5977	HCQeRpz	3	3.1966	3.5000	5	7	0.02457	0.03793	8	9	4
5978	HCQeRrj	3	3.1966	3.5000	5	7	0.02457	0.03793	8	8	4
5979	HCQeRrN	3	3.1966	3.5000	5	7	0.02457	0.03793	8	8	4
5980	HCQeRrZ	3	3.1966	3.5000	5	7	0.02457	0.03793	8	9	4
5981	HCR`tit	3	3.1966	3.5000	5	6	0.02457	0.03793	8	9	4
5982	HCR`ujT	3	3.1966	3.5000	5	6	0.02457	0.03793	8	9	4
5983	HCR`vJd	3	3.1966	3.5000	5	6	0.02457	0.03793	8	9	4
5984	HCQfHyf	3	3.1966	3.5000	5	6	0.02457	0.03793	8	9	4
5985	HCQVdYV	3	3.1966	3.5000	5	6	0.02457	0.03793	8	9	4
5986	HCRblql	3	3.1966	3.5000	5	6	0.02457	0.03793	8	9	4
5987	HCRczoz	3	3.1966	3.5000	5	6	0.02457	0.03793	8	9	4
5988	HCReloz	3	3.1966	3.5000	5	6	0.02457	0.03793	8	9	4
5989	HCRemoz	3	3.1966	3.5000	5	6	0.02457	0.03793	8	8	4
5990	HCR`rmm	3	3.1966	3.5000	5	6	0.02457	0.03793	8	8	4
5991	HCR`unM	3	3.1966	3.5000	5	6	0.02457	0.03793	8	8	4
5992	HCR`vK}	3	3.1966	3.5000	5	6	0.02457	0.03793	8	8	4
5993	HCQfHzy	3	3.1966	3.5000	5	7	0.02457	0.03793	8	9	4
5994	HCQVdX}	3	3.1966	3.5000	5	7	0.02457	0.03793	8	9	4
5995	HCRdloz	3	3.1966	3.5000	5	6	0.02457	0.03793	8	8	4
5996	HCRdmoz	3	3.1966	3.5000	5	6	0.02457	0.03793	8	10	4
5997	HCQvD\u	3	3.1966	3.5000	5	6	0.02457	0.03793	8	8	4
5998	HCQvFK}	3	3.1966	3.5000	5	6	0.02457	0.03793	8	8	4
5999	HCR`tnU	3	3.1966	3.5000	5	6	0.02457	0.03793	8	8	4
6000	HCQfHxz	3	3.1966	3.5000	5	7	0.02457	0.03793	8	9	4
6001	HCQfHyz	3	3.1966	3.5000	5	7	0.02457	0.03793	8	7	4
6002	HCQfHzr	3	3.1966	3.5000	5	7	0.02457	0.03793	8	7	4
6003	HCQVdX^	3	3.1966	3.5000	5	7	0.02457	0.03793	8	8	4
6004	HCQVdXv	3	3.1966	3.5000	5	7	0.02457	0.03793	8	7	4
6005	HCR`ti}	3	3.1966	3.5000	5	7	0.02457	0.03793	8	8	4
6006	HCR`tj]	3	3.1966	3.5000	5	7	0.02457	0.03793	8	9	4
6007	HCR`tjm	3	3.1966	3.5000	5	7	0.02457	0.03793	8	9	4
6008	HCR`tju	3	3.1966	3.5000	5	7	0.02457	0.03793	8	7	4
6009	HCR`ui}	3	3.1966	3.5000	5	7	0.02457	0.03793	8	9	4
6010	HCR`uj]	3	3.1966	3.5000	5	7	0.02457	0.03793	8	8	4
6011	HCR`ujm	3	3.1966	3.5000	5	7	0.02457	0.03793	8	9	4
6012	HCR`tlm	3	3.1966	3.5000	5	6	0.02457	0.03793	8	10	4
6013	HCQfHy^	3	3.1966	3.5000	5	7	0.02457	0.03793	8	8	4
6014	HCQfHy|	3	3.1966	3.5000	5	7	0.02457	0.03793	8	9	4
6015	HCQfHzN	3	3.1966	3.5000	5	7	0.02457	0.03793	8	8	4
6016	HCQfHzV	3	3.1966	3.5000	5	7	0.02457	0.03793	8	8	4
6017	HCQVdYz	3	3.1966	3.5000	5	7	0.02457	0.03793	8	8	4
6018	HCQVdZr	3	3.1966	3.5000	5	7	0.02457	0.03793	8	8	4
6019	HCQVdZZ	3	3.1966	3.5000	5	7	0.02457	0.03793	8	8	4
6020	HCR`tg~	3	3.1966	3.5000	5	7	0.02457	0.03793	8	8	4
6021	HCR`thv	3	3.1966	3.5000	5	7	0.02457	0.03793	8	8	4
6022	HCR`tiz	3	3.1966	3.5000	5	7	0.02457	0.03793	8	9	4
6023	HCR`uh^	3	3.1966	3.5000	5	7	0.02457	0.03793	8	8	4
6024	HCR`uhv	3	3.1966	3.5000	5	7	0.02457	0.03793	8	8	4
6025	HCR`ujZ	3	3.1966	3.5000	5	7	0.02457	0.03793	8	9	4
6026	HCQfHw~	3	3.1966	3.5000	5	7	0.02457	0.03793	8	8	4
6027	HCQfHxn	3	3.1966	3.5000	5	7	0.02457	0.03793	8	9	4
6028	HCQfHxv	3	3.1966	3.5000	5	7	0.02457	0.03793	8	8	4
6029	HCQfHzm	3	3.1966	3.5000	5	7	0.02457	0.03793	8	9	4
6030	HCQfHzu	3	3.1966	3.5000	5	7	0.02457	0.03793	8	9	4
6031	HCQVdZ]	3	3.1966	3.5000	5	7	0.02457	0.03793	8	9	4
6032	HCQVdZu	3	3.1966	3.5000	5	7	0.02457	0.03793	8	9	4
6033	HCR`ti^	3	3.1966	3.5000	5	7	0.02457	0.03793	8	8	4
6034	HCR`tin	3	3.1966	3.5000	5	7	0.02457	0.03793	8	8	4
6035	HCR`tj\	3	3.1966	3.5000	5	7	0.02457	0.03793	8	9	4
6036	HCR`tjf	3	3.1966	3.5000	5	7	0.02457	0.03793	8	8	4
6037	HCR`tjl	3	3.1966	3.5000	5	7	0.02457	0.03793	8	9	4
6038	HCR`tjV	3	3.1966	3.5000	5	7	0.02457	0.03793	8	8	4
6039	HCR`ui^	3	3.1966	3.5000	5	7	0.02457	0.03793	8	8	4
6040	HCR`uiv	3	3.1966	3.5000	5	7	0.02457	0.03793	8	9	4
6041	HCR`ujf	3	3.1966	3.5000	5	7	0.02457	0.03793	8	8	4
6042	HCR`ujl	3	3.1966	3.5000	5	7	0.02457	0.03793	8	9	4
6043	HCR`ujN	3	3.1966	3.5000	5	7	0.02457	0.03793	8	8	4
6044	HCR`vHv	3	3.1966	3.5000	5	7	0.02457	0.03793	8	8	4
6045	HCR`vIv	3	3.1966	3.5000	5	7	0.02457	0.03793	8	9	4
6046	HCR`vJ\	3	3.1966	3.5000	5	7	0.02457	0.03793	8	9	4
6047	HCR`vJV	3	3.1966	3.5000	5	7	0.02457	0.03793	8	8	4
6048	HCOfczz	3	3.1966	3.5000	5	8	0.02457	0.03793	8	8	4
6049	HCQeRp~	3	3.1966	3.5000	5	8	0.02457	0.03793	8	8	4
6050	HCQeRr^	3	3.1966	3.5000	5	8	0.02457	0.03793	8	8	4
6051	HCQeRrn	3	3.1966	3.5000	5	8	0.02457	0.03793	8	8	4
6052	HCQeRrz	3	3.1966	3.5000	5	8	0.02457	0.03793	8	8	4
6053	HCQfHyn	3	3.1966	3.5000	5	7	0.02457	0.03793	8	8	4
6054	HCQfHyv	3	3.1966	3.5000	5	7	0.02457	0.03793	8	9	4
6055	HCQfHzf	3	3.1966	3.5000	5	7	0.02457	0.03793	8	8	4
6056	HCQVdYv	3	3.1966	3.5000	5	7	0.02457	0.03793	8	9	4
6057	HCQVdZV	3	3.1966	3.5000	5	7	0.02457	0.03793	8	8	4
6058	HCR`tiv	3	3.1966	3.5000	5	7	0.02457	0.03793	8	9	4
6059	HCR`tjt	3	3.1966	3.5000	5	7	0.02457	0.03793	8	9	4
6060	HCR`uj\	3	3.1966	3.5000	5	7	0.02457	0.03793	8	9	4
6061	HCR`ujt	3	3.1966	3.5000	5	7	0.02457	0.03793	8	9	4
6062	HCR`ujV	3	3.1966	3.5000	5	7	0.02457	0.03793	8	8	4
6063	HCR`vJf	3	3.1966	3.5000	5	7	0.02457	0.03793	8	8	4
6064	HCR`vJt	3	3.1966	3.5000	5	7	0.02457	0.03793	8	9	4
6065	HCR`rn{	3	3.1966	3.5000	5	7	0.02457	0.03793	8	8	4
6066	HCR`un{	3	3.1966	3.5000	5	7	0.02457	0.03793	8	8	4
6067	HCR`uny	3	3.1966	3.5000	5	7	0.02457	0.03793	8	8	4
6068	HCR`vN{	3	3.1966	3.5000	5	7	0.02457	0.03793	8	8	4
6069	HCR`rnm	3	3.1966	3.5000	5	7	0.02457	0.03793	8	8	4
6070	HCR`tn{	3	3.1966	3.5000	5	7	0.02457	0.03793	8	9	4
6071	HCR`um}	3	3.1966	3.5000	5	7	0.02457	0.03793	8	8	4
6072	HCR`unm	3	3.1966	3.5000	5	7	0.02457	0.03793	8	8	4
6073	HCR`uy}	3	3.1966	3.5000	5	7	0.02457	0.03793	8	9	4
6074	HCR`vi}	3	3.1966	3.5000	5	7	0.02457	0.03793	8	9	4
6075	HCR`vj]	3	3.1966	3.5000	5	7	0.02457	0.03793	8	9	4
6076	HCR`vjm	3	3.1966	3.5000	5	7	0.02457	0.03793	8	9	4
6077	HCR`vM}	3	3.1966	3.5000	5	7	0.02457	0.03793	8	8	4
6078	HCR`tn]	3	3.1966	3.5000	5	7	0.02457	0.03793	8	9	4
6079	HCR`tnm	3	3.1966	3.5000	5	7	0.02457	0.03793	8	9	4
6080	HCR`tnu	3	3.1966	3.5000	5	7	0.02457	0.03793	8	7	4
6081	HCQfHzz	3	3.1966	3.5000	5	8	0.02457	0.03793	8	8	4
6082	HCQVdX~	3	3.1966	3.5000	5	8	0.02457	0.03793	8	8	4
6083	HCR`tj}	3	3.1966	3.5000	5	8	0.02457	0.03793	8	8	4
6084	HCR`uj}	3	3.1966	3.5000	5	8	0.02457	0.03793	8	8	4
6085	HCR`rnN	3	3.1966	3.5000	5	7	0.02457	0.03793	8	7	4
6086	HCR`tnN	3	3.1966	3.5000	5	7	0.02457	0.03793	8	8	4
6087	HCR`uxv	3	3.1966	3.5000	5	7	0.02457	0.03793	8	8	4
6088	HCR`vg~	3	3.1966	3.5000	5	7	0.02457	0.03793	8	8	4
6089	HCR`vh^	3	3.1966	3.5000	5	7	0.02457	0.03793	8	8	4
6090	HCR`viz	3	3.1966	3.5000	5	7	0.02457	0.03793	8	9	4
6091	HCR`vjZ	3	3.1966	3.5000	5	7	0.02457	0.03793	8	9	4
6092	HCR`vM^	3	3.1966	3.5000	5	7	0.02457	0.03793	8	7	4
6093	HCQfHz^	3	3.1966	3.5000	5	8	0.02457	0.03793	8	8	4
6094	HCQfHz|	3	3.1966	3.5000	5	8	0.02457	0.03793	8	8	4
6095	HCQVdZz	3	3.1966	3.5000	5	8	0.02457	0.03793	8	8	4
6096	HCR`th~	3	3.1966	3.5000	5	8	0.02457	0.03793	8	8	4
6097	HCR`tjz	3	3.1966	3.5000	5	8	0.02457	0.03793	8	8	4
6098	HCR`uh~	3	3.1966	3.5000	5	8	0.02457	0.03793	8	8	4
6099	HCR`ujz	3	3.1966	3.5000	5	8	0.02457	0.03793	8	8	4
6100	HCR`rmn	3	3.1966	3.5000	5	7	0.02457	0.03793	8	7	4
6101	HCR`rnV	3	3.1966	3.5000	5	7	0.02457	0.03793	8	7	4
6102	HCR`tln	3	3.1966	3.5000	5	7	0.02457	0.03793	8	9	4
6103	HCR`ul^	3	3.1966	3.5000	5	7	0.02457	0.03793	8	7	4
6104	HCR`unN	3	3.1966	3.5000	5	7	0.02457	0.03793	8	7	4
6105	HCR`uy^	3	3.1966	3.5000	5	7	0.02457	0.03793	8	8	4
6106	HCR`uyv	3	3.1966	3.5000	5	7	0.02457	0.03793	8	9	4
6107	HCR`uzf	3	3.1966	3.5000	5	7	0.02457	0.03793	8	8	4
6108	HCR`uzZ	3	3.1966	3.5000	5	7	0.02457	0.03793	8	9	4
6109	HCR`vhn	3	3.1966	3.5000	5	7	0.02457	0.03793	8	9	4
6110	HCR`vhv	3	3.1966	3.5000	5	7	0.02457	0.03793	8	8	4
6111	HCR`vi^	3	3.1966	3.5000	5	7	0.02457	0.03793	8	8	4
6112	HCR`vin	3	3.1966	3.5000	5	7	0.02457	0.03793	8	8	4
6113	HCR`vjN	3	3.1966	3.5000	5	7	0.02457	0.03793	8	8	4
6114	HCR`vK~	3	3.1966	3.5000	5	7	0.02457	0.03793	8	7	4
6115	HCR`vNV	3	3.1966	3.5000	5	7	0.02457	0.03793	8	7	4
6116	HCQfHx~	3	3.1966	3.5000	5	8	0.02457	0.03793	8	8	4
6117	HCQfHz}	3	3.1966	3.5000	5	8	0.02457	0.03793	8	8	4
6118	HCQVdZ}	3	3.1966	3.5000	5	8	0.02457	0.03793	8	8	4
6119	HCR`tj^	3	3.1966	3.5000	5	8	0.02457	0.03793	8	8	4
6120	HCR`tjn	3	3.1966	3.5000	5	8	0.02457	0.03793	8	8	4
6121	HCR`ui~	3	3.1966	3.5000	5	8	0.02457	0.03793	8	8	4
6122	HCR`ujn	3	3.1966	3.5000	5	8	0.02457	0.03793	8	8	4
6123	HCR`vI~	3	3.1966	3.5000	5	8	0.02457	0.03793	8	8	4
6124	HCR`vJ^	3	3.1966	3.5000	5	8	0.02457	0.03793	8	8	4
6125	HCOfcz~	3	3.1966	3.5000	5	9	0.02457	0.03793	8	7	4
6126	HCQeRr~	3	3.1966	3.5000	5	9	0.02457	0.03793	8	7	4
6127	HCR`rmv	3	3.1966	3.5000	5	7	0.02457	0.03793	8	8	4
6128	HCR`tnV	3	3.1966	3.5000	5	7	0.02457	0.03793	8	8	4
6129	HCR`um^	3	3.1966	3.5000	5	7	0.02457	0.03793	8	7	4
6130	HCR`uzV	3	3.1966	3.5000	5	7	0.02457	0.03793	8	8	4
6131	HCR`viv	3	3.1966	3.5000	5	7	0.02457	0.03793	8	9	4
6132	HCR`vj\	3	3.1966	3.5000	5	7	0.02457	0.03793	8	9	4
6133	HCR`vjf	3	3.1966	3.5000	5	7	0.02457	0.03793	8	8	4
6134	HCR`vjl	3	3.1966	3.5000	5	7	0.02457	0.03793	8	9	4
6135	HCR`vjV	3	3.1966	3.5000	5	7	0.02457	0.03793	8	8	4
6136	HCR`vLv	3	3.1966	3.5000	5	7	0.02457	0.03793	8	7	4
6137	HCR`vMv	3	3.1966	3.5000	5	7	0.02457	0.03793	8	8	4
6138	HCQfHy~	3	3.1966	3.5000	5	8	0.02457	0.03793	8	8	4
6139	HCQfHzn	3	3.1966	3.5000	5	8	0.02457	0.03793	8	8	4
6140	HCQfHzv	3	3.1966	3.5000	5	8	0.02457	0.03793	8	8	4
6141	HCQVdZ^	3	3.1966	3.5000	5	8	0.02457	0.03793	8	8	4
6142	HCQVdZv	3	3.1966	3.5000	5	8	0.02457	0.03793	8	8	4
6143	HCR`ti~	3	3.1966	3.5000	5	8	0.02457	0.03793	8	8	4
6144	HCR`tj|	3	3.1966	3.5000	5	8	0.02457	0.03793	8	8	4
6145	HCR`tjv	3	3.1966	3.5000	5	8	0.02457	0.03793	8	8	4
6146	HCR`uj^	3	3.1966	3.5000	5	8	0.02457	0.03793	8	8	4
6147	HCR`uj|	3	3.1966	3.5000	5	8	0.02457	0.03793	8	8	4
6148	HCR`ujv	3	3.1966	3.5000	5	8	0.02457	0.03793	8	8	4
6149	HCR`vJ|	3	3.1966	3.5000	5	8	0.02457	0.03793	8	8	4
6150	HCR`vJv	3	3.1966	3.5000	5	8	0.02457	0.03793	8	8	4
6151	HCR`rlv	3	3.1966	3.5000	5	7	0.02457	0.03793	8	7	4
6152	HCR`unV	3	3.1966	3.5000	5	7	0.02457	0.03793	8	7	4
6153	HCR`uz\	3	3.1966	3.5000	5	7	0.02457	0.03793	8	9	4
6154	HCR`vjt	3	3.1966	3.5000	5	7	0.02457	0.03793	8	9	4
6155	HCR`vNf	3	3.1966	3.5000	5	7	0.02457	0.03793	8	7	4
6156	HCR`tmv	3	3.1966	3.5000	5	7	0.02457	0.03793	8	9	4
6157	HCR`vy}	3	3.1966	3.5000	5	7	0.02457	0.03793	8	8	4
6158	HCR`vz]	3	3.1966	3.5000	5	7	0.02457	0.03793	8	8	4
6159	HCR`vzu	3	3.1966	3.5000	5	7	0.02457	0.03793	8	8	4
6160	HCR`u~]	3	3.1966	3.5000	5	8	0.02457	0.03793	8	6	4
6161	HCR`vl}	3	3.1966	3.5000	5	7	0.02457	0.03793	8	8	4
6162	HCR`vm}	3	3.1966	3.5000	5	7	0.02457	0.03793	8	8	4
6163	HCR`vn]	3	3.1966	3.5000	5	7	0.02457	0.03793	8	8	4
6164	HCR`vnm	3	3.1966	3.5000	5	7	0.02457	0.03793	8	8	4
6165	HCR`rn}	3	3.1966	3.5000	5	8	0.02457	0.03793	8	7	4
6166	HCR`un}	3	3.1966	3.5000	5	8	0.02457	0.03793	8	7	4
6167	HCR`vj}	3	3.1966	3.5000	5	8	0.02457	0.03793	8	8	4
6168	HCR`vN}	3	3.1966	3.5000	5	8	0.02457	0.03793	8	7	4
6169	HCR`tn}	3	3.1966	3.5000	5	8	0.02457	0.03793	8	8	4
6170	HCR`vjz	3	3.1966	3.5000	5	8	0.02457	0.03793	8	8	4
6171	HCR`vNz	3	3.1966	3.5000	5	8	0.02457	0.03793	8	7	4
6172	HCR`rn^	3	3.1966	3.5000	5	8	0.02457	0.03793	8	7	4
6173	HCR`rn|	3	3.1966	3.5000	5	8	0.02457	0.03793	8	7	4
6174	HCR`ul~	3	3.1966	3.5000	5	8	0.02457	0.03793	8	7	4
6175	HCR`unn	3	3.1966	3.5000	5	8	0.02457	0.03793	8	7	4
6176	HCR`unz	3	3.1966	3.5000	5	8	0.02457	0.03793	8	7	4
6177	HCR`uy~	3	3.1966	3.5000	5	8	0.02457	0.03793	8	8	4
6178	HCR`uzz	3	3.1966	3.5000	5	8	0.02457	0.03793	8	8	4
6179	HCR`vh~	3	3.1966	3.5000	5	8	0.02457	0.03793	8	8	4
6180	HCR`vN^	3	3.1966	3.5000	5	8	0.02457	0.03793	8	7	4
6181	HCR`rnn	3	3.1966	3.5000	5	8	0.02457	0.03793	8	7	4
6182	HCR`tn^	3	3.1966	3.5000	5	8	0.02457	0.03793	8	8	4
6183	HCR`tn|	3	3.1966	3.5000	5	8	0.02457	0.03793	8	8	4
6184	HCR`tnn	3	3.1966	3.5000	5	8	0.02457	0.03793	8	8	4
6185	HCR`um~	3	3.1966	3.5000	5	8	0.02457	0.03793	8	7	4
6186	HCR`un|	3	3.1966	3.5000	5	8	0.02457	0.03793	8	7	4
6187	HCR`uzv	3	3.1966	3.5000	5	8	0.02457	0.03793	8	8	4
6188	HCR`vi~	3	3.1966	3.5000	5	8	0.02457	0.03793	8	8	4
6189	HCR`vj^	3	3.1966	3.5000	5	8	0.02457	0.03793	8	8	4
6190	HCR`vjn	3	3.1966	3.5000	5	8	0.02457	0.03793	8	8	4
6191	HCR`vM~	3	3.1966	3.5000	5	8	0.02457	0.03793	8	7	4
6192	HCR`vN|	3	3.1966	3.5000	5	8	0.02457	0.03793	8	7	4
6193	HCQfHz~	3	3.1966	3.5000	5	9	0.02457	0.03793	8	7	4
6194	HCQVdZ~	3	3.1966	3.5000	5	9	0.02457	0.03793	8	7	4
6195	HCR`tj~	3	3.1966	3.5000	5	9	0.02457	0.03793	8	7	4
6196	HCR`uj~	3	3.1966	3.5000	5	9	0.02457	0.03793	8	7	4
6197	HCR`vJ~	3	3.1966	3.5000	5	9	0.02457	0.03793	8	7	4
6198	HCR`rnv	3	3.1966	3.5000	5	8	0.02457	0.03793	8	7	4
6199	HCR`un^	3	3.1966	3.5000	5	8	0.02457	0.03793	8	7	4
6200	HCR`unv	3	3.1966	3.5000	5	8	0.02457	0.03793	8	7	4
6201	HCR`uz^	3	3.1966	3.5000	5	8	0.02457	0.03793	8	8	4
6202	HCR`uz|	3	3.1966	3.5000	5	8	0.02457	0.03793	8	8	4
6203	HCR`vj|	3	3.1966	3.5000	5	8	0.02457	0.03793	8	8	4
6204	HCR`vjv	3	3.1966	3.5000	5	8	0.02457	0.03793	8	8	4
6205	HCR`vNv	3	3.1966	3.5000	5	8	0.02457	0.03793	8	7	4
6206	HCR`tnv	3	3.1966	3.5000	5	8	0.02457	0.03793	8	8	4
6207	HCR`vz}	3	3.1966	3.5000	5	8	0.02457	0.03793	8	7	4
6208	HCR`u~}	3	3.1966	3.5000	5	8	0.02457	0.03793	8	7	4
6209	HCR`vn}	3	3.1966	3.5000	5	8	0.02457	0.03793	8	7	4
6210	HCR`vzz	3	3.1966	3.5000	5	8	0.02457	0.03793	8	7	4
6211	HCR`vy~	3	3.1966	3.5000	5	8	0.02457	0.03793	8	7	4
6212	HCR`vl~	3	3.1966	3.5000	5	8	0.02457	0.03793	8	7	4
6213	HCR`vn^	3	3.1966	3.5000	5	8	0.02457	0.03793	8	7	4
6214	HCR`vnn	3	3.1966	3.5000	5	8	0.02457	0.03793	8	7	4
6215	HCR`vz^	3	3.1966	3.5000	5	8	0.02457	0.03793	8	7	4
6216	HCR`vzv	3	3.1966	3.5000	5	8	0.02457	0.03793	8	7	4
6217	HCR`rn~	3	3.1966	3.5000	5	9	0.02457	0.03793	8	6	4
6218	HCR`un~	3	3.1966	3.5000	5	9	0.02457	0.03793	8	6	4
6219	HCR`uz~	3	3.1966	3.5000	5	9	0.02457	0.03793	8	7	4
6220	HCR`vj~	3	3.1966	3.5000	5	9	0.02457	0.03793	8	7	4
6221	HCR`vN~	3	3.1966	3.5000	5	9	0.02457	0.03793	8	6	4
6222	HCR`vm~	3	3.1966	3.5000	5	8	0.02457	0.03793	8	7	4
6223	HCR`vz|	3	3.1966	3.5000	5	8	0.02457	0.03793	8	7	4
6224	HCR`tn~	3	3.1966	3.5000	5	9	0.02457	0.03793	8	7	4
6225	HCR`u~^	3	3.1966	3.5000	5	8	0.02457	0.03793	8	7	4
6226	HCR`vnv	3	3.1966	3.5000	5	8	0.02457	0.03793	8	7	4
6227	HCR`v~}	3	3.1966	3.5000	5	9	0.02457	0.03793	8	6	4
6228	HCR`vz~	3	3.1966	3.5000	5	9	0.02457	0.03793	8	6	4
6229	HCR`u~~	3	3.1966	3.5000	5	9	0.02457	0.03793	8	6	4
6230	HCR`vn~	3	3.1966	3.5000	5	9	0.02457	0.03793	8	6	4
6231	HCR`v~~	3	3.1966	3.5000	5	9	0.02457	0.03793	8	5	4
6232	H?bB`po	4	4.2981	4.5000	4	5	0.02484	0.01683	12	7	5
6233	HCY^Bbk	3	3.2749	3.6667	4	6	0.02499	0.03561	11	8	4
6234	HCY^B`y	3	3.2749	3.6667	5	6	0.02499	0.03561	11	8	4
6235	HCY^F`t	3	3.2749	3.6667	5	6	0.02499	0.03561	11	8	4
6236	HCY^Bby	3	3.2749	3.6667	5	7	0.02499	0.03561	11	7	4
6237	HCpbfg}	3	3.2511	3.5000	4	6	0.02511	0.02489	10	8	4
6238	HCpddo}	3	3.2514	3.5000	4	6	0.02514	0.02486	10	10	4
6239	HCpfJgz	3	3.2566	3.5000	5	6	0.02566	0.02434	10	9	4
6240	HCpbbg}	3	3.2837	3.5000	4	6	0.02579	0.01967	11	8	4
6241	HCpbdg}	3	3.2582	3.5000	4	6	0.02582	0.02418	10	8	4
6242	HCpbdh{	3	3.2582	3.5000	4	6	0.02582	0.02418	10	9	4
6243	HCpbdr[	3	3.2583	3.5000	5	6	0.02583	0.02417	10	10	4
6244	HCY^BbY	3	3.2850	3.6667	4	6	0.02591	0.03470	11	8	4
6245	H?`DA_w	4	4.2361	4.5000	3	4	0.02623	0.02933	9	7	5
6246	H?`DA`g	4	4.2361	4.5000	3	4	0.02623	0.02933	9	6	5
6247	H?`D@`g	4	4.2361	4.5000	3	4	0.02623	0.02933	9	5	5
6248	H?`@E_w	4	4.2361	4.5000	3	4	0.02623	0.02933	9	6	5
6249	H?AEAIw	5	5.2361	5.5000	3	5	0.02623	0.02933	9	5	6
6250	H?`@C`w	4	4.2361	4.5000	3	5	0.02623	0.02933	9	6	5
6251	H?bBD`Q	4	4.2361	4.5000	3	4	0.02623	0.02933	9	7	5
6252	H?bB@qc	4	4.2361	4.5000	3	4	0.02623	0.02933	9	7	5
6253	H?`DBQ[	4	4.2361	4.5000	3	5	0.02623	0.02933	9	7	5
6254	H?`DBQU	4	4.2361	4.5000	3	5	0.02623	0.02933	9	7	5
6255	H?`DBRQ	4	4.2361	4.5000	3	5	0.02623	0.02933	9	6	5
6256	H?`DBRS	4	4.2361	4.5000	3	5	0.02623	0.02933	9	7	5
6257	H?b@bac	4	4.2361	4.5000	4	4	0.02623	0.02933	9	7	5
6258	H?b@bPa	4	4.2361	4.5000	4	4	0.02623	0.02933	9	7	5
6259	H?b@f?e	4	4.2361	4.5000	4	4	0.02623	0.02933	9	7	5
6260	H?bAPaw	4	4.2361	4.5000	4	5	0.02623	0.02933	9	7	5
6261	H?bAPb`	4	4.2361	4.5000	4	5	0.02623	0.02933	9	8	5
6262	H?bAPbg	4	4.2361	4.5000	4	5	0.02623	0.02933	9	7	5
6263	H?bB@as	4	4.2361	4.5000	4	5	0.02623	0.02933	9	7	5
6264	H?bB@aU	4	4.2361	4.5000	4	5	0.02623	0.02933	9	7	5
6265	H?bB@bQ	4	4.2361	4.5000	4	5	0.02623	0.02933	9	6	5
6266	H?`DBbQ	4	4.2361	4.5000	4	5	0.02623	0.02933	9	7	5
6267	H?`DBPs	4	4.2361	4.5000	4	5	0.02623	0.02933	9	7	5
6268	H?`DBQw	4	4.2361	4.5000	4	5	0.02623	0.02933	9	6	5
6269	H?`DBRW	4	4.2361	4.5000	4	5	0.02623	0.02933	9	6	5
6270	H?`@f@i	4	4.2361	4.5000	4	5	0.02623	0.02933	9	6	5
6271	H?`DB_l	4	4.2361	4.5000	4	5	0.02623	0.02933	9	6	5
6272	H?`DCfo	4	4.2361	4.5000	4	5	0.02623	0.02933	9	6	5
6273	H?`DDbQ	4	4.2361	4.5000	4	5	0.02623	0.02933	9	6	5
6274	H?`DEaU	4	4.2361	4.5000	4	5	0.02623	0.02933	9	6	5
6275	H?`@f@X	4	4.2361	4.5000	4	5	0.02623	0.02933	9	7	5
6276	H?`D@Rs	4	4.2361	4.5000	4	6	0.02623	0.02933	9	8	5
6277	H?`D@Rw	4	4.2361	4.5000	4	6	0.02623	0.02933	9	6	5
6278	H?AEAJ{	5	5.2361	5.5000	4	7	0.02623	0.02933	9	5	6
6279	H?b@aVc	4	4.2361	4.5000	4	5	0.02623	0.02933	9	7	5
6280	H?bBBQ[	4	4.2361	4.5000	4	5	0.02623	0.02933	9	8	5
6281	H?b@aTq	4	4.2361	4.5000	4	5	0.02623	0.02933	9	7	5
6282	H?b@aUh	4	4.2361	4.5000	4	5	0.02623	0.02933	9	7	5
6283	H?b@aUq	4	4.2361	4.5000	4	5	0.02623	0.02933	9	7	5
6284	H?b@aVE	4	4.2361	4.5000	4	5	0.02623	0.02933	9	7	5
6285	H?b@bCm	4	4.2361	4.5000	4	5	0.02623	0.02933	9	8	5
6286	H?b@bDi	4	4.2361	4.5000	4	5	0.02623	0.02933	9	8	5
6287	H?bB@ph	4	4.2361	4.5000	4	5	0.02623	0.02933	9	8	5
6288	H?b@bPJ	4	4.2361	4.5000	4	5	0.02623	0.02933	9	7	5
6289	H?`DbRa	4	4.2361	4.5000	4	5	0.02623	0.02933	9	7	5
6290	H?`DU`Y	4	4.2361	4.5000	4	5	0.02623	0.02933	9	8	5
6291	H?`ESWu	4	4.2361	4.5000	4	5	0.02623	0.02933	9	8	5
6292	H?`achL	4	4.2361	4.5000	4	5	0.02623	0.02933	9	7	5
6293	H?b@fAT	4	4.2361	4.5000	4	5	0.02623	0.02933	9	7	5
6294	H?b@fBP	4	4.2361	4.5000	4	5	0.02623	0.02933	9	7	5
6295	H?`DfAe	4	4.2361	4.5000	4	5	0.02623	0.02933	9	7	5
6296	H?`DfBP	4	4.2361	4.5000	4	5	0.02623	0.02933	9	7	5
6297	H?`DUaU	4	4.2361	4.5000	4	5	0.02623	0.02933	9	7	5
6298	H?`ESWr	4	4.2361	4.5000	4	5	0.02623	0.02933	9	7	5
6299	H?`FArQ	4	4.2361	4.5000	4	5	0.02623	0.02933	9	7	5
6300	H?`FBOr	4	4.2361	4.5000	4	5	0.02623	0.02933	9	7	5
6301	H?`FBPR	4	4.2361	4.5000	4	5	0.02623	0.02933	9	7	5
6302	H?bAPbp	4	4.2361	4.5000	4	6	0.02623	0.02933	9	8	5
6303	H?bAPbs	4	4.2361	4.5000	4	6	0.02623	0.02933	9	7	5
6304	H?`DBO|	4	4.2361	4.5000	4	6	0.02623	0.02933	9	7	5
6305	H?`DBQ\	4	4.2361	4.5000	4	6	0.02623	0.02933	9	7	5
6306	H?`DBQu	4	4.2361	4.5000	4	6	0.02623	0.02933	9	7	5
6307	H?`DBRp	4	4.2361	4.5000	4	6	0.02623	0.02933	9	6	5
6308	H?`DBRq	4	4.2361	4.5000	4	6	0.02623	0.02933	9	7	5
6309	H?`DBRT	4	4.2361	4.5000	4	6	0.02623	0.02933	9	7	5
6310	H?bATps	4	4.2361	4.5000	4	5	0.02623	0.02933	9	9	5
6311	H?bB`pJ	4	4.2361	4.5000	4	5	0.02623	0.02933	9	7	5
6312	H?bDJ_l	4	4.2361	4.5000	4	5	0.02623	0.02933	9	8	5
6313	H?bFBad	4	4.2361	4.5000	4	5	0.02623	0.02933	9	6	5
6314	H?bF@qd	4	4.2361	4.5000	4	5	0.02623	0.02933	9	6	5
6315	H?bAVP[	4	4.2361	4.5000	4	5	0.02623	0.02933	9	6	5
6316	H?b@aVi	4	4.2361	4.5000	4	6	0.02623	0.02933	9	6	5
6317	H?bBBQy	4	4.2361	4.5000	4	6	0.02623	0.02933	9	7	5
6318	H?bBBRY	4	4.2361	4.5000	4	6	0.02623	0.02933	9	6	5
6319	H?bBDG}	4	4.2361	4.5000	4	6	0.02623	0.02933	9	8	5
6320	H?bBDH{	4	4.2361	4.5000	4	6	0.02623	0.02933	9	6	5
6321	H?bBDJw	4	4.2361	4.5000	4	6	0.02623	0.02933	9	7	5
6322	H?`FBR[	4	4.2361	4.5000	4	6	0.02623	0.02933	9	7	5
6323	H?`DBR{	4	4.2361	4.5000	4	7	0.02623	0.02933	9	6	5
6324	H?`cko\	4	4.2361	4.5000	4	5	0.02623	0.02933	9	8	5
6325	H?bAVbI	4	4.2361	4.5000	4	5	0.02623	0.02933	9	7	5
6326	H?bAVbK	4	4.2361	4.5000	4	5	0.02623	0.02933	9	7	5
6327	H?bBbPJ	4	4.2361	4.5000	4	5	0.02623	0.02933	9	7	5
6328	H?`cmbE	4	4.2361	4.5000	4	5	0.02623	0.02933	9	7	5
6329	H?b@aUr	4	4.2361	4.5000	4	6	0.02623	0.02933	9	7	5
6330	H?b@aVb	4	4.2361	4.5000	4	6	0.02623	0.02933	9	6	5
6331	H?b@aVd	4	4.2361	4.5000	4	6	0.02623	0.02933	9	7	5
6332	H?b@aVh	4	4.2361	4.5000	4	6	0.02623	0.02933	9	7	5
6333	H?b@aVk	4	4.2361	4.5000	4	6	0.02623	0.02933	9	7	5
6334	H?b@aVM	4	4.2361	4.5000	4	6	0.02623	0.02933	9	6	5
6335	H?bBBP\	4	4.2361	4.5000	4	6	0.02623	0.02933	9	8	5
6336	H?bBBPt	4	4.2361	4.5000	4	6	0.02623	0.02933	9	7	5
6337	H?bBBPu	4	4.2361	4.5000	4	6	0.02623	0.02933	9	8	5
6338	H?bBBPx	4	4.2361	4.5000	4	6	0.02623	0.02933	9	8	5
6339	H?bBBR[	4	4.2361	4.5000	4	6	0.02623	0.02933	9	8	5
6340	H?bBBRU	4	4.2361	4.5000	4	6	0.02623	0.02933	9	8	5
6341	H?bBBRX	4	4.2361	4.5000	4	6	0.02623	0.02933	9	7	5
6342	H?bBDH\	4	4.2361	4.5000	4	6	0.02623	0.02933	9	7	5
6343	H?bBDI]	4	4.2361	4.5000	4	6	0.02623	0.02933	9	8	5
6344	H?bBDI{	4	4.2361	4.5000	4	6	0.02623	0.02933	9	7	5
6345	H?bBDJs	4	4.2361	4.5000	4	6	0.02623	0.02933	9	6	5
6346	H?`ESYu	4	4.2361	4.5000	4	6	0.02623	0.02933	9	7	5
6347	H?`ESZw	4	4.2361	4.5000	4	6	0.02623	0.02933	9	8	5
6348	H?`FBPu	4	4.2361	4.5000	4	6	0.02623	0.02933	9	7	5
6349	H?`FBPV	4	4.2361	4.5000	4	6	0.02623	0.02933	9	8	5
6350	H?`FBQr	4	4.2361	4.5000	4	6	0.02623	0.02933	9	7	5
6351	H?`FBQy	4	4.2361	4.5000	4	6	0.02623	0.02933	9	8	5
6352	H?`FBQZ	4	4.2361	4.5000	4	6	0.02623	0.02933	9	7	5
6353	H?`FBRq	4	4.2361	4.5000	4	6	0.02623	0.02933	9	8	5
6354	H?`FBRR	4	4.2361	4.5000	4	6	0.02623	0.02933	9	6	5
6355	H?`FBRU	4	4.2361	4.5000	4	6	0.02623	0.02933	9	8	5
6356	H?`FBRY	4	4.2361	4.5000	4	6	0.02623	0.02933	9	7	5
6357	H?bAPb{	4	4.2361	4.5000	4	7	0.02623	0.02933	9	6	5
6358	H?`DBQ|	4	4.2361	4.5000	4	7	0.02623	0.02933	9	6	5
6359	H?`DBQ}	4	4.2361	4.5000	4	7	0.02623	0.02933	9	7	5
6360	H?`DBQv	4	4.2361	4.5000	4	7	0.02623	0.02933	9	6	5
6361	H?`DBRt	4	4.2361	4.5000	4	7	0.02623	0.02933	9	6	5
6362	H?`DBRy	4	4.2361	4.5000	4	7	0.02623	0.02933	9	6	5
6363	HCQbRa[	3	3.2361	3.5000	4	5	0.02623	0.02933	9	9	4
6364	HCQdbP[	3	3.2361	3.5000	4	5	0.02623	0.02933	9	10	4
6365	HCOedXs	3	3.2361	3.5000	4	5	0.02623	0.02933	9	9	4
6366	HCQbRbS	3	3.2361	3.5000	4	5	0.02623	0.02933	9	9	4
6367	HCQdbPM	3	3.2361	3.5000	4	5	0.02623	0.02933	9	10	4
6368	HCQebP[	3	3.2361	3.5000	4	5	0.02623	0.02933	9	9	4
6369	HCQeRa[	3	3.2361	3.5000	4	5	0.02623	0.02933	9	9	4
6370	HCQeRak	3	3.2361	3.5000	4	5	0.02623	0.02933	9	9	4
6371	HCOedom	3	3.2361	3.5000	4	5	0.02623	0.02933	9	9	4
6372	HCQbRbc	3	3.2361	3.5000	4	5	0.02623	0.02933	9	9	4
6373	HCQdbG{	3	3.2361	3.5000	4	5	0.02623	0.02933	9	9	4
6374	HCQeRaX	3	3.2361	3.5000	4	5	0.02623	0.02933	9	9	4
6375	HCQeRbc	3	3.2361	3.5000	4	5	0.02623	0.02933	9	9	4
6376	HCQeRbS	3	3.2361	3.5000	4	5	0.02623	0.02933	9	8	4
6377	HCQeRH[	3	3.2361	3.5000	4	5	0.02623	0.02933	9	9	4
6378	HCQTbHM	3	3.2361	3.5000	4	5	0.02623	0.02933	9	9	4
6379	HCQ`fJg	3	3.2361	3.5000	4	5	0.02623	0.02933	9	8	4
6380	H?bATpu	4	4.2361	4.5000	4	6	0.02623	0.02933	9	9	5
6381	H?bATrs	4	4.2361	4.5000	4	6	0.02623	0.02933	9	8	5
6382	H?bAVG}	4	4.2361	4.5000	4	6	0.02623	0.02933	9	8	5
6383	H?bAVJw	4	4.2361	4.5000	4	6	0.02623	0.02933	9	7	5
6384	H?bAVPu	4	4.2361	4.5000	4	6	0.02623	0.02933	9	8	5
6385	H?bAVRs	4	4.2361	4.5000	4	6	0.02623	0.02933	9	7	5
6386	H?bAV_z	4	4.2361	4.5000	4	6	0.02623	0.02933	9	7	5
6387	H?b@aVy	4	4.2361	4.5000	4	7	0.02623	0.02933	9	6	5
6388	H?bBBQ}	4	4.2361	4.5000	4	7	0.02623	0.02933	9	8	5
6389	H?bBBRy	4	4.2361	4.5000	4	7	0.02623	0.02933	9	6	5
6390	H?bATrk	4	4.2361	4.5000	4	6	0.02623	0.02933	9	8	5
6391	H?bAUZw	4	4.2361	4.5000	4	6	0.02623	0.02933	9	7	5
6392	H?bAVI{	4	4.2361	4.5000	4	6	0.02623	0.02933	9	8	5
6393	H?bAVR[	4	4.2361	4.5000	4	6	0.02623	0.02933	9	7	5
6394	H?bATo|	4	4.2361	4.5000	4	6	0.02623	0.02933	9	7	5
6395	H?bAVaj	4	4.2361	4.5000	4	6	0.02623	0.02933	9	8	5
6396	H?bAVal	4	4.2361	4.5000	4	6	0.02623	0.02933	9	8	5
6397	H?bAVaN	4	4.2361	4.5000	4	6	0.02623	0.02933	9	7	5
6398	H?bAVax	4	4.2361	4.5000	4	6	0.02623	0.02933	9	8	5
6399	H?bAVbh	4	4.2361	4.5000	4	6	0.02623	0.02933	9	7	5
6400	H?bAVbp	4	4.2361	4.5000	4	6	0.02623	0.02933	9	8	5
6401	H?bAVP\	4	4.2361	4.5000	4	6	0.02623	0.02933	9	5	5
6402	H?b@aVr	4	4.2361	4.5000	4	7	0.02623	0.02933	9	6	5
6403	H?bBBP|	4	4.2361	4.5000	4	7	0.02623	0.02933	9	7	5
6404	H?bBBR]	4	4.2361	4.5000	4	7	0.02623	0.02933	9	8	5
6405	H?bBBRt	4	4.2361	4.5000	4	7	0.02623	0.02933	9	6	5
6406	H?bBBRu	4	4.2361	4.5000	4	7	0.02623	0.02933	9	8	5
6407	H?bBBRx	4	4.2361	4.5000	4	7	0.02623	0.02933	9	7	5
6408	H?bBDH^	4	4.2361	4.5000	4	7	0.02623	0.02933	9	7	5
6409	H?`FBR]	4	4.2361	4.5000	4	7	0.02623	0.02933	9	8	5
6410	H?`FBRu	4	4.2361	4.5000	4	7	0.02623	0.02933	9	8	5
6411	H?`FBRV	4	4.2361	4.5000	4	7	0.02623	0.02933	9	7	5
6412	H?`FBRy	4	4.2361	4.5000	4	7	0.02623	0.02933	9	7	5
6413	H?bAVbM	4	4.2361	4.5000	4	6	0.02623	0.02933	9	8	5
6414	H?bAVbJ	4	4.2361	4.5000	4	6	0.02623	0.02933	9	6	5
6415	H?b@aVl	4	4.2361	4.5000	4	7	0.02623	0.02933	9	7	5
6416	H?bBBR\	4	4.2361	4.5000	4	7	0.02623	0.02933	9	8	5
6417	H?`FBQz	4	4.2361	4.5000	4	7	0.02623	0.02933	9	8	5
6418	H?`FBRZ	4	4.2361	4.5000	4	7	0.02623	0.02933	9	6	5
6419	H?bAPb}	4	4.2361	4.5000	4	8	0.02623	0.02933	9	7	5
6420	H?`DBQ~	4	4.2361	4.5000	4	8	0.02623	0.02933	9	6	5
6421	HCQbR`Y	3	3.2361	3.5000	4	5	0.02623	0.02933	9	9	4
6422	HCQeR`i	3	3.2361	3.5000	4	5	0.02623	0.02933	9	9	4
6423	HCQRDQ{	3	3.2361	3.5000	4	6	0.02623	0.02933	9	10	4
6424	HCQRDRs	3	3.2361	3.5000	4	6	0.02623	0.02933	9	10	4
6425	HCdebPk	3	3.2361	3.5000	4	5	0.02623	0.02933	9	10	4
6426	HCdebQk	3	3.2361	3.5000	4	5	0.02623	0.02933	9	9	4
6427	HCdebQs	3	3.2361	3.5000	4	5	0.02623	0.02933	9	8	4
6428	HCdebRc	3	3.2361	3.5000	4	5	0.02623	0.02933	9	10	4
6429	HCQbRqU	3	3.2361	3.5000	4	5	0.02623	0.02933	9	11	4
6430	HCQtbPM	3	3.2361	3.5000	4	5	0.02623	0.02933	9	10	4
6431	HCQubQi	3	3.2361	3.5000	4	5	0.02623	0.02933	9	10	4
6432	HCQv@pJ	3	3.2361	3.5000	4	5	0.02623	0.02933	9	10	4
6433	HCRcrOx	3	3.2361	3.5000	4	5	0.02623	0.02933	9	9	4
6434	HCRV@ph	3	3.2361	3.5000	4	5	0.02623	0.02933	9	9	4
6435	HCpbPjc	3	3.2361	3.5000	4	5	0.02623	0.02933	9	9	4
6436	HCQbbqs	3	3.2361	3.5000	4	5	0.02623	0.02933	9	10	4
6437	HCQbdjg	3	3.2361	3.5000	4	5	0.02623	0.02933	9	9	4
6438	HCQbdXM	3	3.2361	3.5000	4	5	0.02623	0.02933	9	9	4
6439	HCQbdZI	3	3.2361	3.5000	4	5	0.02623	0.02933	9	10	4
6440	HCQbQyU	3	3.2361	3.5000	4	5	0.02623	0.02933	9	10	4
6441	HCQbQzS	3	3.2361	3.5000	4	5	0.02623	0.02933	9	10	4
6442	HCQbVaU	3	3.2361	3.5000	4	5	0.02623	0.02933	9	10	4
6443	HCQbVaY	3	3.2361	3.5000	4	5	0.02623	0.02933	9	10	4
6444	HCQdbrI	3	3.2361	3.5000	4	5	0.02623	0.02933	9	10	4
6445	HCQeRgm	3	3.2361	3.5000	4	5	0.02623	0.02933	9	10	4
6446	HCQeRWu	3	3.2361	3.5000	4	5	0.02623	0.02933	9	10	4
6447	HCQvBPs	3	3.2361	3.5000	4	5	0.02623	0.02933	9	10	4
6448	HCQv@ra	3	3.2361	3.5000	4	5	0.02623	0.02933	9	9	4
6449	HCRcrP[	3	3.2361	3.5000	4	5	0.02623	0.02933	9	9	4
6450	HCRcrQh	3	3.2361	3.5000	4	5	0.02623	0.02933	9	10	4
6451	HCRcrRP	3	3.2361	3.5000	4	5	0.02623	0.02933	9	10	4
6452	HCRV@pb	3	3.2361	3.5000	4	5	0.02623	0.02933	9	9	4
6453	HCRV@pL	3	3.2361	3.5000	4	5	0.02623	0.02933	9	8	4
6454	HCRV@pX	3	3.2361	3.5000	4	5	0.02623	0.02933	9	8	4
6455	HCRV@ra	3	3.2361	3.5000	4	5	0.02623	0.02933	9	8	4
6456	HCRV@rI	3	3.2361	3.5000	4	5	0.02623	0.02933	9	8	4
6457	HCQbbqq	3	3.2361	3.5000	4	5	0.02623	0.02933	9	9	4
6458	HCQbfHM	3	3.2361	3.5000	4	5	0.02623	0.02933	9	8	4
6459	HCQbfJI	3	3.2361	3.5000	4	5	0.02623	0.02933	9	9	4
6460	HCQbfPe	3	3.2361	3.5000	4	5	0.02623	0.02933	9	8	4
6461	HCQbfPq	3	3.2361	3.5000	4	5	0.02623	0.02933	9	9	4
6462	HCQebpq	3	3.2361	3.5000	4	5	0.02623	0.02933	9	8	4
6463	HCQeQxe	3	3.2361	3.5000	4	5	0.02623	0.02933	9	9	4
6464	HCQeRjc	3	3.2361	3.5000	4	5	0.02623	0.02933	9	9	4
6465	HCQURpq	3	3.2361	3.5000	4	5	0.02623	0.02933	9	9	4
6466	HCQv@of	3	3.2361	3.5000	4	5	0.02623	0.02933	9	9	4
6467	HCQv@qb	3	3.2361	3.5000	4	5	0.02623	0.02933	9	8	4
6468	HCQbbpq	3	3.2361	3.5000	4	5	0.02623	0.02933	9	7	4
6469	HCOedq{	3	3.2361	3.5000	4	6	0.02623	0.02933	9	8	4
6470	HCOedqm	3	3.2361	3.5000	4	6	0.02623	0.02933	9	8	4
6471	HCOedrs	3	3.2361	3.5000	4	6	0.02623	0.02933	9	9	4
6472	HCOedW}	3	3.2361	3.5000	4	6	0.02623	0.02933	9	10	4
6473	HCOedY{	3	3.2361	3.5000	4	6	0.02623	0.02933	9	9	4
6474	HCOedZs	3	3.2361	3.5000	4	6	0.02623	0.02933	9	9	4
6475	HCOefIm	3	3.2361	3.5000	4	6	0.02623	0.02933	9	9	4
6476	HCOefR[	3	3.2361	3.5000	4	6	0.02623	0.02933	9	8	4
6477	HCQbR_|	3	3.2361	3.5000	4	6	0.02623	0.02933	9	9	4
6478	HCQbRa{	3	3.2361	3.5000	4	6	0.02623	0.02933	9	9	4
6479	HCQbRax	3	3.2361	3.5000	4	6	0.02623	0.02933	9	9	4
6480	HCQbRb[	3	3.2361	3.5000	4	6	0.02623	0.02933	9	9	4
6481	HCQbRbk	3	3.2361	3.5000	4	6	0.02623	0.02933	9	9	4
6482	HCQbRbs	3	3.2361	3.5000	4	6	0.02623	0.02933	9	9	4
6483	HCQbRbU	3	3.2361	3.5000	4	6	0.02623	0.02933	9	9	4
6484	HCQdbP]	3	3.2361	3.5000	4	6	0.02623	0.02933	9	10	4
6485	HCQeRa{	3	3.2361	3.5000	4	6	0.02623	0.02933	9	9	4
6486	HCQeRal	3	3.2361	3.5000	4	6	0.02623	0.02933	9	9	4
6487	HCQeRax	3	3.2361	3.5000	4	6	0.02623	0.02933	9	9	4
6488	HCQeRb[	3	3.2361	3.5000	4	6	0.02623	0.02933	9	8	4
6489	HCQeRbk	3	3.2361	3.5000	4	6	0.02623	0.02933	9	9	4
6490	HCQeRbs	3	3.2361	3.5000	4	6	0.02623	0.02933	9	9	4
6491	HCQeRG}	3	3.2361	3.5000	4	6	0.02623	0.02933	9	10	4
6492	HCQeRH{	3	3.2361	3.5000	4	6	0.02623	0.02933	9	9	4
6493	HCQ`fH{	3	3.2361	3.5000	4	6	0.02623	0.02933	9	8	4
6494	HCQ`fR[	3	3.2361	3.5000	4	6	0.02623	0.02933	9	9	4
6495	HCQ`fRk	3	3.2361	3.5000	4	6	0.02623	0.02933	9	9	4
6496	HCQ`fRq	3	3.2361	3.5000	4	6	0.02623	0.02933	9	9	4
6497	HCQ`fRs	3	3.2361	3.5000	4	6	0.02623	0.02933	9	8	4
6498	HCQ`fRU	3	3.2361	3.5000	4	6	0.02623	0.02933	9	9	4
6499	HCQ`fRY	3	3.2361	3.5000	4	6	0.02623	0.02933	9	10	4
6500	HCQRFP{	3	3.2361	3.5000	4	6	0.02623	0.02933	9	10	4
6501	HCQTbJk	3	3.2361	3.5000	4	6	0.02623	0.02933	9	9	4
6502	HCQTbJw	3	3.2361	3.5000	4	6	0.02623	0.02933	9	9	4
6503	H?bAViy	4	4.2361	4.5000	4	6	0.02623	0.02933	9	10	5
6504	H?bAVqm	4	4.2361	4.5000	4	6	0.02623	0.02933	9	7	5
6505	H?bAVre	4	4.2361	4.5000	4	6	0.02623	0.02933	9	7	5
6506	H?bATq}	4	4.2361	4.5000	4	7	0.02623	0.02933	9	6	5
6507	H?bATru	4	4.2361	4.5000	4	7	0.02623	0.02933	9	8	5
6508	H?bAVQ}	4	4.2361	4.5000	4	7	0.02623	0.02933	9	7	5
6509	H?bAVQv	4	4.2361	4.5000	4	7	0.02623	0.02933	9	5	5
6510	H?bAVRu	4	4.2361	4.5000	4	7	0.02623	0.02933	9	7	5
6511	HCdebRH	3	3.2361	3.5000	4	5	0.02623	0.02933	9	9	4
6512	HCpbPhL	3	3.2361	3.5000	4	5	0.02623	0.02933	9	9	4
6513	HCQbdYU	3	3.2361	3.5000	4	5	0.02623	0.02933	9	9	4
6514	HCQbfIU	3	3.2361	3.5000	4	5	0.02623	0.02933	9	9	4
6515	HCQbQxe	3	3.2361	3.5000	4	5	0.02623	0.02933	9	10	4
6516	HCRcqrI	3	3.2361	3.5000	4	5	0.02623	0.02933	9	9	4
6517	HCOedri	3	3.2361	3.5000	4	6	0.02623	0.02933	9	9	4
6518	HCOedrM	3	3.2361	3.5000	4	6	0.02623	0.02933	9	9	4
6519	HCOefPy	3	3.2361	3.5000	4	6	0.02623	0.02933	9	9	4
6520	HCOefRM	3	3.2361	3.5000	4	6	0.02623	0.02933	9	8	4
6521	HCQbRam	3	3.2361	3.5000	4	6	0.02623	0.02933	9	9	4
6522	HCQbRbe	3	3.2361	3.5000	4	6	0.02623	0.02933	9	9	4
6523	HCQbR`l	3	3.2361	3.5000	4	6	0.02623	0.02933	9	8	4
6524	HCQbR`x	3	3.2361	3.5000	4	6	0.02623	0.02933	9	9	4
6525	HCQdbI{	3	3.2361	3.5000	4	6	0.02623	0.02933	9	8	4
6526	HCQdbI\	3	3.2361	3.5000	4	6	0.02623	0.02933	9	9	4
6527	HCQebPy	3	3.2361	3.5000	4	6	0.02623	0.02933	9	10	4
6528	HCQeRa]	3	3.2361	3.5000	4	6	0.02623	0.02933	9	9	4
6529	HCQeRam	3	3.2361	3.5000	4	6	0.02623	0.02933	9	9	4
6530	HCQeRbe	3	3.2361	3.5000	4	6	0.02623	0.02933	9	9	4
6531	HCQeRbU	3	3.2361	3.5000	4	6	0.02623	0.02933	9	8	4
6532	HCQeRbX	3	3.2361	3.5000	4	6	0.02623	0.02933	9	9	4
6533	HCQeRH\	3	3.2361	3.5000	4	6	0.02623	0.02933	9	9	4
6534	HCQ`fI]	3	3.2361	3.5000	4	6	0.02623	0.02933	9	9	4
6535	HCQ`fJU	3	3.2361	3.5000	4	6	0.02623	0.02933	9	9	4
6536	HCQTbIj	3	3.2361	3.5000	4	6	0.02623	0.02933	9	9	4
6537	HCQTbIl	3	3.2361	3.5000	4	6	0.02623	0.02933	9	9	4
6538	H?bAVim	4	4.2361	4.5000	4	6	0.02623	0.02933	9	9	5
6539	HCOedrd	3	3.2361	3.5000	4	6	0.02623	0.02933	9	9	4
6540	HCOefQ\	3	3.2361	3.5000	4	6	0.02623	0.02933	9	9	4
6541	HCQ`fIZ	3	3.2361	3.5000	4	6	0.02623	0.02933	9	9	4
6542	HCQ`fRR	3	3.2361	3.5000	4	6	0.02623	0.02933	9	9	4
6543	HCQ`fRT	3	3.2361	3.5000	4	6	0.02623	0.02933	9	9	4
6544	H?bAVa|	4	4.2361	4.5000	4	7	0.02623	0.02933	9	8	5
6545	H?bAVan	4	4.2361	4.5000	4	7	0.02623	0.02933	9	7	5
6546	H?bAVaz	4	4.2361	4.5000	4	7	0.02623	0.02933	9	8	5
6547	H?bAVbx	4	4.2361	4.5000	4	7	0.02623	0.02933	9	7	5
6548	H?bAVI}	4	4.2361	4.5000	4	7	0.02623	0.02933	9	9	5
6549	H?bAVP|	4	4.2361	4.5000	4	7	0.02623	0.02933	9	6	5
6550	H?bBBR}	4	4.2361	4.5000	4	8	0.02623	0.02933	9	7	5
6551	H?`FBR}	4	4.2361	4.5000	4	8	0.02623	0.02933	9	7	5
6552	H?bAVbj	4	4.2361	4.5000	4	7	0.02623	0.02933	9	7	5
6553	H?bBBR|	4	4.2361	4.5000	4	8	0.02623	0.02933	9	7	5
6554	H?`FBR^	4	4.2361	4.5000	4	8	0.02623	0.02933	9	7	5
6555	HCQv@qs	3	3.2361	3.5000	4	5	0.02623	0.02933	9	9	4
6556	HCQv@qU	3	3.2361	3.5000	4	5	0.02623	0.02933	9	9	4
6557	HCRV@qT	3	3.2361	3.5000	4	5	0.02623	0.02933	9	8	4
6558	HCRV@rS	3	3.2361	3.5000	4	5	0.02623	0.02933	9	8	4
6559	HCQbRbi	3	3.2361	3.5000	4	6	0.02623	0.02933	9	9	4
6560	HCQbR`y	3	3.2361	3.5000	4	6	0.02623	0.02933	9	9	4
6561	HCQeRbi	3	3.2361	3.5000	4	6	0.02623	0.02933	9	9	4
6562	HCQRDq{	3	3.2361	3.5000	4	6	0.02623	0.02933	9	9	4
6563	HCQRDrs	3	3.2361	3.5000	4	6	0.02623	0.02933	9	9	4
6564	HCQ`fPx	3	3.2361	3.5000	4	6	0.02623	0.02933	9	10	4
6565	HCpbdjg	3	3.2361	3.5000	4	5	0.02623	0.02933	9	9	4
6566	HCpdbrS	3	3.2361	3.5000	4	5	0.02623	0.02933	9	8	4
6567	HCpdRjo	3	3.2361	3.5000	4	5	0.02623	0.02933	9	9	4
6568	HCOfczk	3	3.2361	3.5000	4	6	0.02623	0.02933	9	8	4
6569	HCOfdrk	3	3.2361	3.5000	4	6	0.02623	0.02933	9	8	4
6570	HCQbct{	3	3.2361	3.5000	4	6	0.02623	0.02933	9	9	4
6571	HCQbdZw	3	3.2361	3.5000	4	6	0.02623	0.02933	9	8	4
6572	HCQbfJw	3	3.2361	3.5000	4	6	0.02623	0.02933	9	8	4
6573	HCQb`vw	3	3.2361	3.5000	4	6	0.02623	0.02933	9	8	4
6574	HCQ`fp{	3	3.2361	3.5000	4	6	0.02623	0.02933	9	9	4
6575	HCdbNbg	3	3.2361	3.5000	4	5	0.02623	0.02933	9	10	4
6576	HCdebZg	3	3.2361	3.5000	4	5	0.02623	0.02933	9	10	4
6577	HCpbeqe	3	3.2361	3.5000	4	5	0.02623	0.02933	9	10	4
6578	HCpdbgy	3	3.2361	3.5000	4	5	0.02623	0.02933	9	10	4
6579	HCpdbiw	3	3.2361	3.5000	4	5	0.02623	0.02933	9	10	4
6580	HCpdRi[	3	3.2361	3.5000	4	5	0.02623	0.02933	9	10	4
6581	HCpdRiw	3	3.2361	3.5000	4	5	0.02623	0.02933	9	10	4
6582	HCQrVaY	3	3.2361	3.5000	4	5	0.02623	0.02933	9	11	4
6583	HCQrVbK	3	3.2361	3.5000	4	5	0.02623	0.02933	9	11	4
6584	HCQuRou	3	3.2361	3.5000	4	5	0.02623	0.02933	9	10	4
6585	HCQuRra	3	3.2361	3.5000	4	5	0.02623	0.02933	9	10	4
6586	HCXedom	3	3.2361	3.5000	4	5	0.02623	0.02933	9	10	4
6587	HCXedWy	3	3.2361	3.5000	4	5	0.02623	0.02933	9	10	4
6588	HCZLbai	3	3.2361	3.5000	4	5	0.02623	0.02933	9	9	4
6589	HCpbdpi	3	3.2361	3.5000	4	5	0.02623	0.02933	9	10	4
6590	HCpbdpq	3	3.2361	3.5000	4	5	0.02623	0.02933	9	11	4
6591	HCpbdpY	3	3.2361	3.5000	4	5	0.02623	0.02933	9	10	4
6592	HCpdbhq	3	3.2361	3.5000	4	5	0.02623	0.02933	9	10	4
6593	HCpdbhU	3	3.2361	3.5000	4	5	0.02623	0.02933	9	9	4
6594	HCpdcwm	3	3.2361	3.5000	4	5	0.02623	0.02933	9	10	4
6595	HCpdcxM	3	3.2361	3.5000	4	5	0.02623	0.02933	9	10	4
6596	HCpdehM	3	3.2361	3.5000	4	5	0.02623	0.02933	9	11	4
6597	HCQuQzg	3	3.2361	3.5000	4	5	0.02623	0.02933	9	11	4
6598	HCQuRp[	3	3.2361	3.5000	4	5	0.02623	0.02933	9	10	4
6599	HCQvAts	3	3.2361	3.5000	4	5	0.02623	0.02933	9	10	4
6600	HCQvBrQ	3	3.2361	3.5000	4	5	0.02623	0.02933	9	10	4
6601	HCRcrrK	3	3.2361	3.5000	4	5	0.02623	0.02933	9	9	4
6602	HCR`rhY	3	3.2361	3.5000	4	5	0.02623	0.02933	9	10	4
6603	HCR`urS	3	3.2361	3.5000	4	5	0.02623	0.02933	9	8	4
6604	HCXecxM	3	3.2361	3.5000	4	5	0.02623	0.02933	9	10	4
6605	HCXedqi	3	3.2361	3.5000	4	5	0.02623	0.02933	9	9	4
6606	HCdebPm	3	3.2361	3.5000	4	6	0.02623	0.02933	9	10	4
6607	HCdebRk	3	3.2361	3.5000	4	6	0.02623	0.02933	9	9	4
6608	HCdebRs	3	3.2361	3.5000	4	6	0.02623	0.02933	9	9	4
6609	HCOfer[	3	3.2361	3.5000	4	6	0.02623	0.02933	9	8	4
6610	HCQbbre	3	3.2361	3.5000	4	6	0.02623	0.02933	9	9	4
6611	HCQbbrq	3	3.2361	3.5000	4	6	0.02623	0.02933	9	8	4
6612	HCQbcv[	3	3.2361	3.5000	4	6	0.02623	0.02933	9	8	4
6613	HCQbdfw	3	3.2361	3.5000	4	6	0.02623	0.02933	9	8	4
6614	HCQbdjw	3	3.2361	3.5000	4	6	0.02623	0.02933	9	9	4
6615	HCQbdX]	3	3.2361	3.5000	4	6	0.02623	0.02933	9	9	4
6616	HCQbdYy	3	3.2361	3.5000	4	6	0.02623	0.02933	9	9	4
6617	HCQbdZ[	3	3.2361	3.5000	4	6	0.02623	0.02933	9	8	4
6618	HCQbdZi	3	3.2361	3.5000	4	6	0.02623	0.02933	9	9	4
6619	HCQbdZM	3	3.2361	3.5000	4	6	0.02623	0.02933	9	9	4
6620	HCQbefw	3	3.2361	3.5000	4	6	0.02623	0.02933	9	8	4
6621	HCQbeq{	3	3.2361	3.5000	4	6	0.02623	0.02933	9	9	4
6622	HCQbeqy	3	3.2361	3.5000	4	6	0.02623	0.02933	9	9	4
6623	HCQber[	3	3.2361	3.5000	4	6	0.02623	0.02933	9	8	4
6624	HCQbers	3	3.2361	3.5000	4	6	0.02623	0.02933	9	9	4
6625	HCQbeU{	3	3.2361	3.5000	4	6	0.02623	0.02933	9	10	4
6626	HCQbeV[	3	3.2361	3.5000	4	6	0.02623	0.02933	9	8	4
6627	HCQbeVk	3	3.2361	3.5000	4	6	0.02623	0.02933	9	9	4
6628	HCQbeVs	3	3.2361	3.5000	4	6	0.02623	0.02933	9	9	4
6629	HCQbeYm	3	3.2361	3.5000	4	6	0.02623	0.02933	9	9	4
6630	HCQbeZk	3	3.2361	3.5000	4	6	0.02623	0.02933	9	8	4
6631	HCQbfH]	3	3.2361	3.5000	4	6	0.02623	0.02933	9	9	4
6632	HCQbfIy	3	3.2361	3.5000	4	6	0.02623	0.02933	9	9	4
6633	HCQbfJ[	3	3.2361	3.5000	4	6	0.02623	0.02933	9	8	4
6634	HCQbfJi	3	3.2361	3.5000	4	6	0.02623	0.02933	9	8	4
6635	HCQbfJM	3	3.2361	3.5000	4	6	0.02623	0.02933	9	8	4
6636	HCQbfPu	3	3.2361	3.5000	4	6	0.02623	0.02933	9	9	4
6637	HCQbfRe	3	3.2361	3.5000	4	6	0.02623	0.02933	9	8	4
6638	HCQbfRq	3	3.2361	3.5000	4	6	0.02623	0.02933	9	8	4
6639	HCQbfRU	3	3.2361	3.5000	4	6	0.02623	0.02933	9	9	4
6640	HCQbPl{	3	3.2361	3.5000	4	6	0.02623	0.02933	9	9	4
6641	HCQbQz[	3	3.2361	3.5000	4	6	0.02623	0.02933	9	9	4
6642	HCQbQzq	3	3.2361	3.5000	4	6	0.02623	0.02933	9	9	4
6643	HCQbQzs	3	3.2361	3.5000	4	6	0.02623	0.02933	9	10	4
6644	HCQbQzU	3	3.2361	3.5000	4	6	0.02623	0.02933	9	9	4
6645	HCQbRjk	3	3.2361	3.5000	4	6	0.02623	0.02933	9	9	4
6646	HCQbRr[	3	3.2361	3.5000	4	6	0.02623	0.02933	9	10	4
6647	HCQbRrk	3	3.2361	3.5000	4	6	0.02623	0.02933	9	9	4
6648	HCQbRrs	3	3.2361	3.5000	4	6	0.02623	0.02933	9	10	4
6649	HCQbRrU	3	3.2361	3.5000	4	6	0.02623	0.02933	9	10	4
6650	HCQbUfw	3	3.2361	3.5000	4	6	0.02623	0.02933	9	10	4
6651	HCQbUjw	3	3.2361	3.5000	4	6	0.02623	0.02933	9	10	4
6652	HCQbVay	3	3.2361	3.5000	4	6	0.02623	0.02933	9	10	4
6653	HCQbVbU	3	3.2361	3.5000	4	6	0.02623	0.02933	9	10	4
6654	HCQbVH{	3	3.2361	3.5000	4	6	0.02623	0.02933	9	9	4
6655	HCQb`vs	3	3.2361	3.5000	4	6	0.02623	0.02933	9	9	4
6656	HCQdbpy	3	3.2361	3.5000	4	6	0.02623	0.02933	9	9	4
6657	HCQdbri	3	3.2361	3.5000	4	6	0.02623	0.02933	9	10	4
6658	HCQebr[	3	3.2361	3.5000	4	6	0.02623	0.02933	9	9	4
6659	HCQeQzk	3	3.2361	3.5000	4	6	0.02623	0.02933	9	9	4
6660	HCQeQzs	3	3.2361	3.5000	4	6	0.02623	0.02933	9	9	4
6661	HCQeRjk	3	3.2361	3.5000	4	6	0.02623	0.02933	9	9	4
6662	HCQeRr[	3	3.2361	3.5000	4	6	0.02623	0.02933	9	9	4
6663	HCQeRX{	3	3.2361	3.5000	4	6	0.02623	0.02933	9	9	4
6664	HCQeRXu	3	3.2361	3.5000	4	6	0.02623	0.02933	9	9	4
6665	HCQeVHu	3	3.2361	3.5000	4	6	0.02623	0.02933	9	9	4
6666	HCQRVbk	3	3.2361	3.5000	4	6	0.02623	0.02933	9	10	4
6667	HCQRVP{	3	3.2361	3.5000	4	6	0.02623	0.02933	9	10	4
6668	HCQTbZk	3	3.2361	3.5000	4	6	0.02623	0.02933	9	10	4
6669	HCQURp{	3	3.2361	3.5000	4	6	0.02623	0.02933	9	10	4
6670	HCQURpu	3	3.2361	3.5000	4	6	0.02623	0.02933	9	9	4
6671	HCQURrk	3	3.2361	3.5000	4	6	0.02623	0.02933	9	11	4
6672	HCQvBP{	3	3.2361	3.5000	4	6	0.02623	0.02933	9	10	4
6673	HCQv@pf	3	3.2361	3.5000	4	6	0.02623	0.02933	9	9	4
6674	HCQv@pm	3	3.2361	3.5000	4	6	0.02623	0.02933	9	9	4
6675	HCQv@pr	3	3.2361	3.5000	4	6	0.02623	0.02933	9	8	4
6676	HCQv@rb	3	3.2361	3.5000	4	6	0.02623	0.02933	9	8	4
6677	HCQv@ri	3	3.2361	3.5000	4	6	0.02623	0.02933	9	9	4
6678	HCQv@rJ	3	3.2361	3.5000	4	6	0.02623	0.02933	9	9	4
6679	HCRcrPr	3	3.2361	3.5000	4	6	0.02623	0.02933	9	9	4
6680	HCRcrQx	3	3.2361	3.5000	4	6	0.02623	0.02933	9	10	4
6681	HCRcrRp	3	3.2361	3.5000	4	6	0.02623	0.02933	9	10	4
6682	HCRV@pl	3	3.2361	3.5000	4	6	0.02623	0.02933	9	8	4
6683	HCRV@pr	3	3.2361	3.5000	4	6	0.02623	0.02933	9	8	4
6684	HCRV@px	3	3.2361	3.5000	4	6	0.02623	0.02933	9	8	4
6685	HCRV@rb	3	3.2361	3.5000	4	6	0.02623	0.02933	9	8	4
6686	HCRV@ri	3	3.2361	3.5000	4	6	0.02623	0.02933	9	8	4
6687	HCRV@rJ	3	3.2361	3.5000	4	6	0.02623	0.02933	9	8	4
6688	HCOedy{	3	3.2361	3.5000	4	7	0.02623	0.02933	9	8	4
6689	HCOefr[	3	3.2361	3.5000	4	6	0.02623	0.02933	9	8	4
6690	HCQbcum	3	3.2361	3.5000	4	6	0.02623	0.02933	9	9	4
6691	HCQbcvi	3	3.2361	3.5000	4	6	0.02623	0.02933	9	8	4
6692	HCQbdLx	3	3.2361	3.5000	4	6	0.02623	0.02933	9	9	4
6693	HCQbeS}	3	3.2361	3.5000	4	6	0.02623	0.02933	9	9	4
6694	HCQbeU]	3	3.2361	3.5000	4	6	0.02623	0.02933	9	8	4
6695	HCQbeUm	3	3.2361	3.5000	4	6	0.02623	0.02933	9	9	4
6696	HCQbfOv	3	3.2361	3.5000	4	6	0.02623	0.02933	9	9	4
6697	HCQbfQV	3	3.2361	3.5000	4	6	0.02623	0.02933	9	9	4
6698	HCQbSlx	3	3.2361	3.5000	4	6	0.02623	0.02933	9	10	4
6699	HCQdeVw	3	3.2361	3.5000	4	6	0.02623	0.02933	9	9	4
6700	HCQePl\	3	3.2361	3.5000	4	6	0.02623	0.02933	9	9	4
6701	HCQeVb[	3	3.2361	3.5000	4	6	0.02623	0.02933	9	8	4
6702	HCQ`fr[	3	3.2361	3.5000	4	6	0.02623	0.02933	9	9	4
6703	HCQ`frs	3	3.2361	3.5000	4	6	0.02623	0.02933	9	8	4
6704	HCQRFrk	3	3.2361	3.5000	4	6	0.02623	0.02933	9	9	4
6705	HCOfdpN	3	3.2361	3.5000	4	6	0.02623	0.02933	9	9	4
6706	H?bAVjy	4	4.2361	4.5000	4	7	0.02623	0.02933	9	9	5
6707	HCQbRb{	3	3.2361	3.5000	4	7	0.02623	0.02933	9	8	4
6708	HCQeRb{	3	3.2361	3.5000	4	7	0.02623	0.02933	9	8	4
6709	HCQ`fR]	3	3.2361	3.5000	4	7	0.02623	0.02933	9	10	4
6710	HCQ`fR{	3	3.2361	3.5000	4	7	0.02623	0.02933	9	8	4
6711	HCQ`fRy	3	3.2361	3.5000	4	7	0.02623	0.02933	9	9	4
6712	H?bAVqv	4	4.2361	4.5000	4	7	0.02623	0.02933	9	5	5
6713	HCpdRhM	3	3.2361	3.5000	4	5	0.02623	0.02933	9	10	4
6714	HCQuRrQ	3	3.2361	3.5000	4	5	0.02623	0.02933	9	11	4
6715	HCpdVHM	3	3.2361	3.5000	4	5	0.02623	0.02933	9	10	4
6716	HCRcqvW	3	3.2361	3.5000	4	5	0.02623	0.02933	9	9	4
6717	HCdebRe	3	3.2361	3.5000	4	6	0.02623	0.02933	9	10	4
6718	HCdebRh	3	3.2361	3.5000	4	6	0.02623	0.02933	9	10	4
6719	HCdebRL	3	3.2361	3.5000	4	6	0.02623	0.02933	9	9	4
6720	HCQbbqu	3	3.2361	3.5000	4	6	0.02623	0.02933	9	10	4
6721	HCQbde{	3	3.2361	3.5000	4	6	0.02623	0.02933	9	8	4
6722	HCQbdfs	3	3.2361	3.5000	4	6	0.02623	0.02933	9	8	4
6723	HCQbdiy	3	3.2361	3.5000	4	6	0.02623	0.02933	9	8	4
6724	HCQbdXm	3	3.2361	3.5000	4	6	0.02623	0.02933	9	9	4
6725	HCQbdXu	3	3.2361	3.5000	4	6	0.02623	0.02933	9	9	4
6726	HCQbdZU	3	3.2361	3.5000	4	6	0.02623	0.02933	9	9	4
6727	HCQbee{	3	3.2361	3.5000	4	6	0.02623	0.02933	9	10	4
6728	HCQbefs	3	3.2361	3.5000	4	6	0.02623	0.02933	9	9	4
6729	HCQberY	3	3.2361	3.5000	4	6	0.02623	0.02933	9	8	4
6730	HCQbfHm	3	3.2361	3.5000	4	6	0.02623	0.02933	9	8	4
6731	HCQbfHu	3	3.2361	3.5000	4	6	0.02623	0.02933	9	9	4
6732	HCQbfJU	3	3.2361	3.5000	4	6	0.02623	0.02933	9	9	4
6733	HCQbfQu	3	3.2361	3.5000	4	6	0.02623	0.02933	9	10	4
6734	HCQbQze	3	3.2361	3.5000	4	6	0.02623	0.02933	9	10	4
6735	HCQbRL{	3	3.2361	3.5000	4	6	0.02623	0.02933	9	9	4
6736	HCQbRre	3	3.2361	3.5000	4	6	0.02623	0.02933	9	10	4
6737	HCQbRXu	3	3.2361	3.5000	4	6	0.02623	0.02933	9	9	4
6738	HCQbVHu	3	3.2361	3.5000	4	6	0.02623	0.02933	9	9	4
6739	HCQeep]	3	3.2361	3.5000	4	6	0.02623	0.02933	9	9	4
6740	HCQeQze	3	3.2361	3.5000	4	6	0.02623	0.02933	9	10	4
6741	HCQeQzU	3	3.2361	3.5000	4	6	0.02623	0.02933	9	10	4
6742	HCQeRje	3	3.2361	3.5000	4	6	0.02623	0.02933	9	10	4
6743	HCQubRi	3	3.2361	3.5000	4	6	0.02623	0.02933	9	11	4
6744	HCQuQrq	3	3.2361	3.5000	4	6	0.02623	0.02933	9	10	4
6745	HCQURrq	3	3.2361	3.5000	4	6	0.02623	0.02933	9	10	4
6746	HCQvBRM	3	3.2361	3.5000	4	6	0.02623	0.02933	9	10	4
6747	HCQv@pj	3	3.2361	3.5000	4	6	0.02623	0.02933	9	10	4
6748	HCQv@qr	3	3.2361	3.5000	4	6	0.02623	0.02933	9	7	4
6749	HCRcrR[	3	3.2361	3.5000	4	6	0.02623	0.02933	9	10	4
6750	HCRcrRT	3	3.2361	3.5000	4	6	0.02623	0.02933	9	10	4
6751	HCRV@p\	3	3.2361	3.5000	4	6	0.02623	0.02933	9	8	4
6752	HCRV@pj	3	3.2361	3.5000	4	6	0.02623	0.02933	9	9	4
6753	HCOefVw	3	3.2361	3.5000	4	6	0.02623	0.02933	9	8	4
6754	HCOferM	3	3.2361	3.5000	4	6	0.02623	0.02933	9	8	4
6755	HCOfeZi	3	3.2361	3.5000	4	6	0.02623	0.02933	9	9	4
6756	HCOffPy	3	3.2361	3.5000	4	6	0.02623	0.02933	9	9	4
6757	HCQbbqt	3	3.2361	3.5000	4	6	0.02623	0.02933	9	9	4
6758	HCQbctu	3	3.2361	3.5000	4	6	0.02623	0.02933	9	9	4
6759	HCQbcty	3	3.2361	3.5000	4	6	0.02623	0.02933	9	8	4
6760	HCQbdem	3	3.2361	3.5000	4	6	0.02623	0.02933	9	8	4
6761	HCQbdM]	3	3.2361	3.5000	4	6	0.02623	0.02933	9	8	4
6762	HCQbdXr	3	3.2361	3.5000	4	6	0.02623	0.02933	9	9	4
6763	HCQbeel	3	3.2361	3.5000	4	6	0.02623	0.02933	9	9	4
6764	HCQbefh	3	3.2361	3.5000	4	6	0.02623	0.02933	9	8	4
6765	HCQbeTu	3	3.2361	3.5000	4	6	0.02623	0.02933	9	9	4
6766	HCQbeU\	3	3.2361	3.5000	4	6	0.02623	0.02933	9	9	4
6767	HCQbeUl	3	3.2361	3.5000	4	6	0.02623	0.02933	9	9	4
6768	HCQbeVd	3	3.2361	3.5000	4	6	0.02623	0.02933	9	9	4
6769	HCQbeVe	3	3.2361	3.5000	4	6	0.02623	0.02933	9	9	4
6770	HCQbeVT	3	3.2361	3.5000	4	6	0.02623	0.02933	9	9	4
6771	HCQbeVU	3	3.2361	3.5000	4	6	0.02623	0.02933	9	8	4
6772	HCQbfQr	3	3.2361	3.5000	4	6	0.02623	0.02933	9	8	4
6773	HCQbQzd	3	3.2361	3.5000	4	6	0.02623	0.02933	9	10	4
6774	HCQbRel	3	3.2361	3.5000	4	6	0.02623	0.02933	9	9	4
6775	HCQbRex	3	3.2361	3.5000	4	6	0.02623	0.02933	9	9	4
6776	HCQbRh\	3	3.2361	3.5000	4	6	0.02623	0.02933	9	9	4
6777	HCQbRhx	3	3.2361	3.5000	4	6	0.02623	0.02933	9	9	4
6778	HCQbRrd	3	3.2361	3.5000	4	6	0.02623	0.02933	9	9	4
6779	HCQbUhx	3	3.2361	3.5000	4	6	0.02623	0.02933	9	10	4
6780	HCQbV`x	3	3.2361	3.5000	4	6	0.02623	0.02933	9	9	4
6781	HCQePne	3	3.2361	3.5000	4	6	0.02623	0.02933	9	9	4
6782	HCQeRh\	3	3.2361	3.5000	4	6	0.02623	0.02933	9	9	4
6783	HCQeVbU	3	3.2361	3.5000	4	6	0.02623	0.02933	9	8	4
6784	HCQeVH\	3	3.2361	3.5000	4	6	0.02623	0.02933	9	10	4
6785	HCQ`fiy	3	3.2361	3.5000	4	6	0.02623	0.02933	9	8	4
6786	HCQ`fjq	3	3.2361	3.5000	4	6	0.02623	0.02933	9	8	4
6787	HCQTa^d	3	3.2361	3.5000	4	6	0.02623	0.02933	9	9	4
6788	HCQTbMl	3	3.2361	3.5000	4	6	0.02623	0.02933	9	8	4
6789	HCQbctf	3	3.2361	3.5000	4	6	0.02623	0.02933	9	9	4
6790	HCQbeSv	3	3.2361	3.5000	4	6	0.02623	0.02933	9	9	4
6791	H?bAVrm	4	4.2361	4.5000	4	7	0.02623	0.02933	9	7	5
6792	H?bAVZy	4	4.2361	4.5000	4	7	0.02623	0.02933	9	8	5
6793	HCQbR`|	3	3.2361	3.5000	4	7	0.02623	0.02933	9	8	4
6794	HCQbRa|	3	3.2361	3.5000	4	7	0.02623	0.02933	9	9	4
6795	HCQbRa}	3	3.2361	3.5000	4	7	0.02623	0.02933	9	9	4
6796	HCQbRbl	3	3.2361	3.5000	4	7	0.02623	0.02933	9	8	4
6797	HCQbRbu	3	3.2361	3.5000	4	7	0.02623	0.02933	9	8	4
6798	HCQbRbx	3	3.2361	3.5000	4	7	0.02623	0.02933	9	8	4
6799	HCQeRa|	3	3.2361	3.5000	4	7	0.02623	0.02933	9	9	4
6800	HCQeRa}	3	3.2361	3.5000	4	7	0.02623	0.02933	9	9	4
6801	HCQeRb\	3	3.2361	3.5000	4	7	0.02623	0.02933	9	8	4
6802	HCQeRbl	3	3.2361	3.5000	4	7	0.02623	0.02933	9	8	4
6803	HCQeRbu	3	3.2361	3.5000	4	7	0.02623	0.02933	9	8	4
6804	HCQeRbx	3	3.2361	3.5000	4	7	0.02623	0.02933	9	8	4
6805	HCQ`fRu	3	3.2361	3.5000	4	7	0.02623	0.02933	9	10	4
6806	HCQ`fRV	3	3.2361	3.5000	4	7	0.02623	0.02933	9	8	4
6807	H?bAVp|	4	4.2361	4.5000	4	7	0.02623	0.02933	9	6	5
6808	H?bATr}	4	4.2361	4.5000	4	8	0.02623	0.02933	9	7	5
6809	H?bAVa~	4	4.2361	4.5000	4	8	0.02623	0.02933	9	7	5
6810	H?bAVR}	4	4.2361	4.5000	4	8	0.02623	0.02933	9	6	5
6811	HCQ`fRr	3	3.2361	3.5000	4	7	0.02623	0.02933	9	8	4
6812	H?bAVbz	4	4.2361	4.5000	4	8	0.02623	0.02933	9	7	5
6813	HCXeczQ	3	3.2361	3.5000	4	5	0.02623	0.02933	9	9	4
6814	HCdebRq	3	3.2361	3.5000	4	6	0.02623	0.02933	9	9	4
6815	HCQbQxy	3	3.2361	3.5000	4	6	0.02623	0.02933	9	10	4
6816	HCQbQzi	3	3.2361	3.5000	4	6	0.02623	0.02933	9	10	4
6817	HCQbRpy	3	3.2361	3.5000	4	6	0.02623	0.02933	9	9	4
6818	HCQbRri	3	3.2361	3.5000	4	6	0.02623	0.02933	9	9	4
6819	HCQeQzi	3	3.2361	3.5000	4	6	0.02623	0.02933	9	10	4
6820	HCQv@qV	3	3.2361	3.5000	4	6	0.02623	0.02933	9	9	4
6821	HCQv@r[	3	3.2361	3.5000	4	6	0.02623	0.02933	9	8	4
6822	HCQv@rU	3	3.2361	3.5000	4	6	0.02623	0.02933	9	9	4
6823	HCRV@qt	3	3.2361	3.5000	4	6	0.02623	0.02933	9	8	4
6824	HCRV@r[	3	3.2361	3.5000	4	6	0.02623	0.02933	9	8	4
6825	HCRV@rT	3	3.2361	3.5000	4	6	0.02623	0.02933	9	8	4
6826	HCOfcyy	3	3.2361	3.5000	4	6	0.02623	0.02933	9	9	4
6827	HCQbbpx	3	3.2361	3.5000	4	6	0.02623	0.02933	9	9	4
6828	HCQbcvT	3	3.2361	3.5000	4	6	0.02623	0.02933	9	9	4
6829	HCQbdZT	3	3.2361	3.5000	4	6	0.02623	0.02933	9	9	4
6830	HCQbepx	3	3.2361	3.5000	4	6	0.02623	0.02933	9	9	4
6831	HCQbeVh	3	3.2361	3.5000	4	6	0.02623	0.02933	9	9	4
6832	HCQbeXx	3	3.2361	3.5000	4	6	0.02623	0.02933	9	9	4
6833	HCQbeZh	3	3.2361	3.5000	4	6	0.02623	0.02933	9	9	4
6834	HCQbfPl	3	3.2361	3.5000	4	6	0.02623	0.02933	9	9	4
6835	HCQbfRh	3	3.2361	3.5000	4	6	0.02623	0.02933	9	9	4
6836	HCQbfRX	3	3.2361	3.5000	4	6	0.02623	0.02933	9	9	4
6837	HCQbRd]	3	3.2361	3.5000	4	6	0.02623	0.02933	9	9	4
6838	HCQeRp\	3	3.2361	3.5000	4	6	0.02623	0.02933	9	9	4
6839	HCQbR`}	3	3.2361	3.5000	4	7	0.02623	0.02933	9	8	4
6840	HCQeR`}	3	3.2361	3.5000	4	7	0.02623	0.02933	9	8	4
6841	HCQeRby	3	3.2361	3.5000	4	7	0.02623	0.02933	9	8	4
6842	HCQ`fP^	3	3.2361	3.5000	4	7	0.02623	0.02933	9	9	4
6843	HCQ`fP|	3	3.2361	3.5000	4	7	0.02623	0.02933	9	9	4
6844	HCpdjrg	3	3.2361	3.5000	4	5	0.02623	0.02933	9	9	4
6845	HCZbeom	3	3.2361	3.5000	4	5	0.02623	0.02933	9	9	4
6846	HCZbeqU	3	3.2361	3.5000	4	5	0.02623	0.02933	9	8	4
6847	HCZJdrc	3	3.2361	3.5000	4	5	0.02623	0.02933	9	8	4
6848	HCpbdi]	3	3.2361	3.5000	4	6	0.02623	0.02933	9	8	4
6849	HCQbuZw	3	3.2361	3.5000	4	6	0.02623	0.02933	9	8	4
6850	HCQfJjw	3	3.2361	3.5000	4	6	0.02623	0.02933	9	8	4
6851	HCQvBZw	3	3.2361	3.5000	4	6	0.02623	0.02933	9	10	4
6852	HCQVfH{	3	3.2361	3.5000	4	6	0.02623	0.02933	9	8	4
6853	HCRbeq]	3	3.2361	3.5000	4	6	0.02623	0.02933	9	8	4
6854	HCRbeqm	3	3.2361	3.5000	4	6	0.02623	0.02933	9	8	4
6855	HCQbd\{	3	3.2361	3.5000	4	6	0.02623	0.02933	9	8	4
6856	HCQbdt{	3	3.2361	3.5000	4	6	0.02623	0.02933	9	8	4
6857	HCQbd^w	3	3.2361	3.5000	4	6	0.02623	0.02933	9	8	4
6858	HCQbfZw	3	3.2361	3.5000	4	6	0.02623	0.02933	9	8	4
6859	HCQe^Rw	3	3.2361	3.5000	4	6	0.02623	0.02933	9	8	4
6860	HCQfdrk	3	3.2361	3.5000	4	6	0.02623	0.02933	9	8	4
6861	HCQfeZw	3	3.2361	3.5000	4	6	0.02623	0.02933	9	8	4
6862	HCOfdr{	3	3.2361	3.5000	4	7	0.02623	0.02933	9	7	4
6863	HCdfJrS	3	3.2361	3.5000	4	5	0.02623	0.02933	9	10	4
6864	HCZJddw	3	3.2361	3.5000	4	5	0.02623	0.02933	9	10	4
6865	HCZJdfc	3	3.2361	3.5000	4	5	0.02623	0.02933	9	10	4
6866	HCZJdhY	3	3.2361	3.5000	4	5	0.02623	0.02933	9	11	4
6867	HCpbbiy	3	3.2361	3.5000	4	6	0.02623	0.02933	9	10	4
6868	HCpbdj[	3	3.2361	3.5000	4	6	0.02623	0.02933	9	9	4
6869	HCpbdjk	3	3.2361	3.5000	4	6	0.02623	0.02933	9	9	4
6870	HCpbdjq	3	3.2361	3.5000	4	6	0.02623	0.02933	9	9	4
6871	HCpbdjU	3	3.2361	3.5000	4	6	0.02623	0.02933	9	8	4
6872	HCpbdp]	3	3.2361	3.5000	4	6	0.02623	0.02933	9	10	4
6873	HCpbdpy	3	3.2361	3.5000	4	6	0.02623	0.02933	9	10	4
6874	HCpbeo}	3	3.2361	3.5000	4	6	0.02623	0.02933	9	10	4
6875	HCpbfIy	3	3.2361	3.5000	4	6	0.02623	0.02933	9	10	4
6876	HCpbfQu	3	3.2361	3.5000	4	6	0.02623	0.02933	9	10	4
6877	HCpdbi{	3	3.2361	3.5000	4	6	0.02623	0.02933	9	10	4
6878	HCpdbri	3	3.2361	3.5000	4	6	0.02623	0.02933	9	9	4
6879	HCpdcx]	3	3.2361	3.5000	4	6	0.02623	0.02933	9	9	4
6880	HCpdcx{	3	3.2361	3.5000	4	6	0.02623	0.02933	9	10	4
6881	HCpdcxy	3	3.2361	3.5000	4	6	0.02623	0.02933	9	9	4
6882	HCpddp]	3	3.2361	3.5000	4	6	0.02623	0.02933	9	10	4
6883	HCpddp{	3	3.2361	3.5000	4	6	0.02623	0.02933	9	10	4
6884	HCpddW}	3	3.2361	3.5000	4	6	0.02623	0.02933	9	9	4
6885	HCpdeg}	3	3.2361	3.5000	4	6	0.02623	0.02933	9	10	4
6886	HCpdeh]	3	3.2361	3.5000	4	6	0.02623	0.02933	9	10	4
6887	HCpdfPy	3	3.2361	3.5000	4	6	0.02623	0.02933	9	9	4
6888	HCpdRi{	3	3.2361	3.5000	4	6	0.02623	0.02933	9	10	4
6889	HCpdUh]	3	3.2361	3.5000	4	6	0.02623	0.02933	9	10	4
6890	HCQbur[	3	3.2361	3.5000	4	6	0.02623	0.02933	9	9	4
6891	HCQrVay	3	3.2361	3.5000	4	6	0.02623	0.02933	9	10	4
6892	HCQuQzw	3	3.2361	3.5000	4	6	0.02623	0.02933	9	10	4
6893	HCQuRp{	3	3.2361	3.5000	4	6	0.02623	0.02933	9	10	4
6894	HCQuRpu	3	3.2361	3.5000	4	6	0.02623	0.02933	9	9	4
6895	HCQvCt{	3	3.2361	3.5000	4	6	0.02623	0.02933	9	10	4
6896	HCQvDXy	3	3.2361	3.5000	4	6	0.02623	0.02933	9	10	4
6897	HCQVQzw	3	3.2361	3.5000	4	6	0.02623	0.02933	9	10	4
6898	HCRbcxy	3	3.2361	3.5000	4	6	0.02623	0.02933	9	11	4
6899	HCRbdji	3	3.2361	3.5000	4	6	0.02623	0.02933	9	9	4
6900	HCRbfIy	3	3.2361	3.5000	4	6	0.02623	0.02933	9	11	4
6901	HCRcrp]	3	3.2361	3.5000	4	6	0.02623	0.02933	9	8	4
6902	HCRctT{	3	3.2361	3.5000	4	6	0.02623	0.02933	9	11	4
6903	HCR`rhy	3	3.2361	3.5000	4	6	0.02623	0.02933	9	9	4
6904	HCR`riy	3	3.2361	3.5000	4	6	0.02623	0.02933	9	10	4
6905	HCR`rjY	3	3.2361	3.5000	4	6	0.02623	0.02933	9	10	4
6906	HCR`urs	3	3.2361	3.5000	4	6	0.02623	0.02933	9	8	4
6907	HCXedq{	3	3.2361	3.5000	4	6	0.02623	0.02933	9	9	4
6908	HCXedqm	3	3.2361	3.5000	4	6	0.02623	0.02933	9	9	4
6909	HCXedVw	3	3.2361	3.5000	4	6	0.02623	0.02933	9	9	4
6910	HCZLba{	3	3.2361	3.5000	4	6	0.02623	0.02933	9	9	4
6911	HCOevr[	3	3.2361	3.5000	4	6	0.02623	0.02933	9	7	4
6912	HCpbbji	3	3.2361	3.5000	4	6	0.02623	0.02933	9	9	4
6913	HCpbbjq	3	3.2361	3.5000	4	6	0.02623	0.02933	9	9	4
6914	HCpbdhj	3	3.2361	3.5000	4	6	0.02623	0.02933	9	9	4
6915	HCpbdhN	3	3.2361	3.5000	4	6	0.02623	0.02933	9	9	4
6916	HCpbdhZ	3	3.2361	3.5000	4	6	0.02623	0.02933	9	9	4
6917	HCpbdjh	3	3.2361	3.5000	4	6	0.02623	0.02933	9	9	4
6918	HCpbdjJ	3	3.2361	3.5000	4	6	0.02623	0.02933	9	9	4
6919	HCpbeon	3	3.2361	3.5000	4	6	0.02623	0.02933	9	9	4
6920	HCpbeqf	3	3.2361	3.5000	4	6	0.02623	0.02933	9	9	4
6921	HCpbfHy	3	3.2361	3.5000	4	6	0.02623	0.02933	9	9	4
6922	HCpbfJq	3	3.2361	3.5000	4	6	0.02623	0.02933	9	9	4
6923	HCpbfOv	3	3.2361	3.5000	4	6	0.02623	0.02933	9	9	4
6924	HCpbfRq	3	3.2361	3.5000	4	6	0.02623	0.02933	9	9	4
6925	HCpbfRU	3	3.2361	3.5000	4	6	0.02623	0.02933	9	9	4
6926	HCpbRc|	3	3.2361	3.5000	4	6	0.02623	0.02933	9	8	4
6927	HCpbRe\	3	3.2361	3.5000	4	6	0.02623	0.02933	9	9	4
6928	HCpbRel	3	3.2361	3.5000	4	6	0.02623	0.02933	9	8	4
6929	HCpdbpV	3	3.2361	3.5000	4	6	0.02623	0.02933	9	9	4
6930	HCpdbrT	3	3.2361	3.5000	4	6	0.02623	0.02933	9	8	4
6931	HCpdcxj	3	3.2361	3.5000	4	6	0.02623	0.02933	9	8	4
6932	HCpdegn	3	3.2361	3.5000	4	6	0.02623	0.02933	9	10	4
6933	HCpdejw	3	3.2361	3.5000	4	6	0.02623	0.02933	9	9	4
6934	HCpdfI{	3	3.2361	3.5000	4	6	0.02623	0.02933	9	9	4
6935	HCQbbvw	3	3.2361	3.5000	4	6	0.02623	0.02933	9	8	4
6936	HCQbd^[	3	3.2361	3.5000	4	6	0.02623	0.02933	9	9	4
6937	HCQbdv[	3	3.2361	3.5000	4	6	0.02623	0.02933	9	9	4
6938	HCQbe^k	3	3.2361	3.5000	4	6	0.02623	0.02933	9	8	4
6939	HCQbet{	3	3.2361	3.5000	4	6	0.02623	0.02933	9	9	4
6940	HCQbffw	3	3.2361	3.5000	4	6	0.02623	0.02933	9	7	4
6941	HCQbfU{	3	3.2361	3.5000	4	6	0.02623	0.02933	9	9	4
6942	HCQbfV[	3	3.2361	3.5000	4	6	0.02623	0.02933	9	9	4
6943	HCQbfVk	3	3.2361	3.5000	4	6	0.02623	0.02933	9	8	4
6944	HCQbfVs	3	3.2361	3.5000	4	6	0.02623	0.02933	9	8	4
6945	HCQbfZ[	3	3.2361	3.5000	4	6	0.02623	0.02933	9	8	4
6946	HCQbRzk	3	3.2361	3.5000	4	6	0.02623	0.02933	9	9	4
6947	HCQbVfw	3	3.2361	3.5000	4	6	0.02623	0.02933	9	9	4
6948	HCQe^Pu	3	3.2361	3.5000	4	6	0.02623	0.02933	9	9	4
6949	HCQe^R[	3	3.2361	3.5000	4	6	0.02623	0.02933	9	8	4
6950	HCQevR[	3	3.2361	3.5000	4	6	0.02623	0.02933	9	9	4
6951	HCQfdpm	3	3.2361	3.5000	4	6	0.02623	0.02933	9	10	4
6952	HCQfer[	3	3.2361	3.5000	4	6	0.02623	0.02933	9	8	4
6953	HCQfeX]	3	3.2361	3.5000	4	6	0.02623	0.02933	9	9	4
6954	HCQfeZ[	3	3.2361	3.5000	4	6	0.02623	0.02933	9	8	4
6955	HCQfJhy	3	3.2361	3.5000	4	6	0.02623	0.02933	9	9	4
6956	HCQfJj[	3	3.2361	3.5000	4	6	0.02623	0.02933	9	8	4
6957	HCQfLZw	3	3.2361	3.5000	4	6	0.02623	0.02933	9	9	4
6958	HCQRVrk	3	3.2361	3.5000	4	6	0.02623	0.02933	9	10	4
6959	HCQURx{	3	3.2361	3.5000	4	7	0.02623	0.02933	9	10	4
6960	HCQvCtx	3	3.2361	3.5000	4	6	0.02623	0.02933	9	9	4
6961	HCQVdpm	3	3.2361	3.5000	4	6	0.02623	0.02933	9	11	4
6962	HCQvDWz	3	3.2361	3.5000	4	6	0.02623	0.02933	9	8	4
6963	HCQvDX]	3	3.2361	3.5000	4	6	0.02623	0.02933	9	9	4
6964	HCQvDXZ	3	3.2361	3.5000	4	6	0.02623	0.02933	9	9	4
6965	HCQvEfw	3	3.2361	3.5000	4	6	0.02623	0.02933	9	9	4
6966	HCQvEVw	3	3.2361	3.5000	4	6	0.02623	0.02933	9	9	4
6967	HCQVfPt	3	3.2361	3.5000	4	6	0.02623	0.02933	9	9	4
6968	HCQVUrk	3	3.2361	3.5000	4	6	0.02623	0.02933	9	10	4
6969	HCRbcx]	3	3.2361	3.5000	4	6	0.02623	0.02933	9	10	4
6970	HCRcpym	3	3.2361	3.5000	4	6	0.02623	0.02933	9	9	4
6971	HCRctTt	3	3.2361	3.5000	4	6	0.02623	0.02933	9	9	4
6972	HCRctTu	3	3.2361	3.5000	4	6	0.02623	0.02933	9	9	4
6973	HCRctTx	3	3.2361	3.5000	4	6	0.02623	0.02933	9	9	4
6974	HCRcuZw	3	3.2361	3.5000	4	6	0.02623	0.02933	9	8	4
6975	HCR`rim	3	3.2361	3.5000	4	6	0.02623	0.02933	9	9	4
6976	HCR`riZ	3	3.2361	3.5000	4	6	0.02623	0.02933	9	9	4
6977	HCR`rj[	3	3.2361	3.5000	4	6	0.02623	0.02933	9	8	4
6978	HCR`rjM	3	3.2361	3.5000	4	6	0.02623	0.02933	9	9	4
6979	HCR`upt	3	3.2361	3.5000	4	6	0.02623	0.02933	9	8	4
6980	HCR`uqf	3	3.2361	3.5000	4	6	0.02623	0.02933	9	8	4
6981	HCRVBhy	3	3.2361	3.5000	4	6	0.02623	0.02933	9	9	4
6982	HCRVBij	3	3.2361	3.5000	4	6	0.02623	0.02933	9	9	4
6983	HCRVDZi	3	3.2361	3.5000	4	6	0.02623	0.02933	9	9	4
6984	HCXecxj	3	3.2361	3.5000	4	6	0.02623	0.02933	9	9	4
6985	HCQbrqf	3	3.2361	3.5000	4	6	0.02623	0.02933	9	9	4
6986	HCQe^Ov	3	3.2361	3.5000	4	6	0.02623	0.02933	9	9	4
6987	HCQe^Rq	3	3.2361	3.5000	4	6	0.02623	0.02933	9	8	4
6988	HCQfdpf	3	3.2361	3.5000	4	6	0.02623	0.02933	9	8	4
6989	HCQfdrM	3	3.2361	3.5000	4	6	0.02623	0.02933	9	9	4
6990	HCQfIwz	3	3.2361	3.5000	4	6	0.02623	0.02933	9	8	4
6991	HCQfMWz	3	3.2361	3.5000	4	6	0.02623	0.02933	9	8	4
6992	HCQfRgz	3	3.2361	3.5000	4	6	0.02623	0.02933	9	8	4
6993	HCQVdpf	3	3.2361	3.5000	4	6	0.02623	0.02933	9	8	4
6994	HCQVdpN	3	3.2361	3.5000	4	6	0.02623	0.02933	9	10	4
6995	HCQbct|	3	3.2361	3.5000	4	7	0.02623	0.02933	9	8	4
6996	HCQbcv{	3	3.2361	3.5000	4	7	0.02623	0.02933	9	9	4
6997	HCQber{	3	3.2361	3.5000	4	7	0.02623	0.02933	9	8	4
6998	HCQbeV{	3	3.2361	3.5000	4	7	0.02623	0.02933	9	9	4
6999	HCQbQz{	3	3.2361	3.5000	4	7	0.02623	0.02933	9	9	4
7000	HCQbRr{	3	3.2361	3.5000	4	7	0.02623	0.02933	9	9	4
7001	HCQeQz{	3	3.2361	3.5000	4	7	0.02623	0.02933	9	8	4
7002	HCQ`fr{	3	3.2361	3.5000	4	7	0.02623	0.02933	9	8	4
7003	HCZTeXY	3	3.2361	3.5000	4	5	0.02623	0.02933	9	11	4
7004	HCpbequ	3	3.2361	3.5000	4	6	0.02623	0.02933	9	11	4
7005	HCpdcxu	3	3.2361	3.5000	4	6	0.02623	0.02933	9	11	4
7006	HCpddpu	3	3.2361	3.5000	4	6	0.02623	0.02933	9	11	4
7007	HCpdehu	3	3.2361	3.5000	4	6	0.02623	0.02933	9	10	4
7008	HCQuQzq	3	3.2361	3.5000	4	6	0.02623	0.02933	9	11	4
7009	HCRbdjq	3	3.2361	3.5000	4	6	0.02623	0.02933	9	10	4
7010	HCRbdjY	3	3.2361	3.5000	4	6	0.02623	0.02933	9	11	4
7011	HCRcuhy	3	3.2361	3.5000	4	6	0.02623	0.02933	9	11	4
7012	HCXedri	3	3.2361	3.5000	4	6	0.02623	0.02933	9	10	4
7013	HCpbbjY	3	3.2361	3.5000	4	6	0.02623	0.02933	9	10	4
7014	HCpbbNw	3	3.2361	3.5000	4	6	0.02623	0.02933	9	10	4
7015	HCpbdhV	3	3.2361	3.5000	4	6	0.02623	0.02933	9	8	4
7016	HCpbdjL	3	3.2361	3.5000	4	6	0.02623	0.02933	9	9	4
7017	HCpbdpj	3	3.2361	3.5000	4	6	0.02623	0.02933	9	9	4
7018	HCpbdpl	3	3.2361	3.5000	4	6	0.02623	0.02933	9	10	4
7019	HCpbeov	3	3.2361	3.5000	4	6	0.02623	0.02933	9	10	4
7020	HCpbepy	3	3.2361	3.5000	4	6	0.02623	0.02933	9	10	4
7021	HCpberq	3	3.2361	3.5000	4	6	0.02623	0.02933	9	10	4
7022	HCpbfJY	3	3.2361	3.5000	4	6	0.02623	0.02933	9	10	4
7023	HCpbfQr	3	3.2361	3.5000	4	6	0.02623	0.02933	9	9	4
7024	HCpbRex	3	3.2361	3.5000	4	6	0.02623	0.02933	9	9	4
7025	HCpbUrq	3	3.2361	3.5000	4	6	0.02623	0.02933	9	9	4
7026	HCpbUrU	3	3.2361	3.5000	4	6	0.02623	0.02933	9	8	4
7027	HCpdcwn	3	3.2361	3.5000	4	6	0.02623	0.02933	9	9	4
7028	HCpdcze	3	3.2361	3.5000	4	6	0.02623	0.02933	9	10	4
7029	HCpdczk	3	3.2361	3.5000	4	6	0.02623	0.02933	9	10	4
7030	HCpdczM	3	3.2361	3.5000	4	6	0.02623	0.02933	9	9	4
7031	HCpddon	3	3.2361	3.5000	4	6	0.02623	0.02933	9	9	4
7032	HCQbeu{	3	3.2361	3.5000	4	6	0.02623	0.02933	9	10	4
7033	HCQbev[	3	3.2361	3.5000	4	6	0.02623	0.02933	9	8	4
7034	HCQbevs	3	3.2361	3.5000	4	6	0.02623	0.02933	9	9	4
7035	HCQbfe{	3	3.2361	3.5000	4	6	0.02623	0.02933	9	9	4
7036	HCQbffs	3	3.2361	3.5000	4	6	0.02623	0.02933	9	8	4
7037	HCQbrqu	3	3.2361	3.5000	4	6	0.02623	0.02933	9	10	4
7038	HCQbvHu	3	3.2361	3.5000	4	6	0.02623	0.02933	9	10	4
7039	HCQefhu	3	3.2361	3.5000	4	6	0.02623	0.02933	9	8	4
7040	HCQffHu	3	3.2361	3.5000	4	6	0.02623	0.02933	9	8	4
7041	HCQfLXy	3	3.2361	3.5000	4	6	0.02623	0.02933	9	11	4
7042	HCQuVHu	3	3.2361	3.5000	4	6	0.02623	0.02933	9	10	4
7043	HCQVbZd	3	3.2361	3.5000	4	6	0.02623	0.02933	9	10	4
7044	HCQvCtu	3	3.2361	3.5000	4	6	0.02623	0.02933	9	9	4
7045	HCQvDXm	3	3.2361	3.5000	4	6	0.02623	0.02933	9	9	4
7046	HCQvDXu	3	3.2361	3.5000	4	6	0.02623	0.02933	9	8	4
7047	HCQvDZq	3	3.2361	3.5000	4	6	0.02623	0.02933	9	9	4
7048	HCQvDZY	3	3.2361	3.5000	4	6	0.02623	0.02933	9	10	4
7049	HCQvEc}	3	3.2361	3.5000	4	6	0.02623	0.02933	9	9	4
7050	HCQvEd]	3	3.2361	3.5000	4	6	0.02623	0.02933	9	9	4
7051	HCRctT]	3	3.2361	3.5000	4	6	0.02623	0.02933	9	10	4
7052	HCRctTm	3	3.2361	3.5000	4	6	0.02623	0.02933	9	10	4
7053	HCRctV[	3	3.2361	3.5000	4	6	0.02623	0.02933	9	10	4
7054	HCRctVs	3	3.2361	3.5000	4	6	0.02623	0.02933	9	11	4
7055	HCRcuhj	3	3.2361	3.5000	4	6	0.02623	0.02933	9	10	4
7056	HCRcuji	3	3.2361	3.5000	4	6	0.02623	0.02933	9	10	4
7057	HCR`rhZ	3	3.2361	3.5000	4	6	0.02623	0.02933	9	9	4
7058	HCRVBjq	3	3.2361	3.5000	4	6	0.02623	0.02933	9	9	4
7059	HCRVBjY	3	3.2361	3.5000	4	6	0.02623	0.02933	9	9	4
7060	HCXeerM	3	3.2361	3.5000	4	6	0.02623	0.02933	9	9	4
7061	HCOffri	3	3.2361	3.5000	4	6	0.02623	0.02933	9	8	4
7062	HCpbbjX	3	3.2361	3.5000	4	6	0.02623	0.02933	9	9	4
7063	HCpbfJR	3	3.2361	3.5000	4	6	0.02623	0.02933	9	8	4
7064	HCpdczd	3	3.2361	3.5000	4	6	0.02623	0.02933	9	10	4
7065	HCpddrd	3	3.2361	3.5000	4	6	0.02623	0.02933	9	9	4
7066	HCQbvGz	3	3.2361	3.5000	4	6	0.02623	0.02933	9	9	4
7067	HCQe^RT	3	3.2361	3.5000	4	6	0.02623	0.02933	9	9	4
7068	HCQfdpj	3	3.2361	3.5000	4	6	0.02623	0.02933	9	9	4
7069	HCQfdXr	3	3.2361	3.5000	4	6	0.02623	0.02933	9	8	4
7070	HCQferi	3	3.2361	3.5000	4	6	0.02623	0.02933	9	9	4
7071	HCQfJh\	3	3.2361	3.5000	4	6	0.02623	0.02933	9	9	4
7072	HCQfJjJ	3	3.2361	3.5000	4	6	0.02623	0.02933	9	9	4
7073	HCQfJjL	3	3.2361	3.5000	4	6	0.02623	0.02933	9	8	4
7074	HCQfJX]	3	3.2361	3.5000	4	6	0.02623	0.02933	9	9	4
7075	HCQfKxr	3	3.2361	3.5000	4	6	0.02623	0.02933	9	8	4
7076	HCQfLXZ	3	3.2361	3.5000	4	6	0.02623	0.02933	9	10	4
7077	HCQfMXr	3	3.2361	3.5000	4	6	0.02623	0.02933	9	8	4
7078	HCQvDZM	3	3.2361	3.5000	4	6	0.02623	0.02933	9	9	4
7079	HCQVfHZ	3	3.2361	3.5000	4	6	0.02623	0.02933	9	9	4
7080	HCQVfQx	3	3.2361	3.5000	4	6	0.02623	0.02933	9	10	4
7081	HCQVfRd	3	3.2361	3.5000	4	6	0.02623	0.02933	9	9	4
7082	HCRctVe	3	3.2361	3.5000	4	6	0.02623	0.02933	9	10	4
7083	HCOfdrm	3	3.2361	3.5000	4	7	0.02623	0.02933	9	9	4
7084	HCQbbru	3	3.2361	3.5000	4	7	0.02623	0.02933	9	9	4
7085	HCQbct}	3	3.2361	3.5000	4	7	0.02623	0.02933	9	9	4
7086	HCQbdX^	3	3.2361	3.5000	4	7	0.02623	0.02933	9	8	4
7087	HCQbdX}	3	3.2361	3.5000	4	7	0.02623	0.02933	9	9	4
7088	HCQbdZ]	3	3.2361	3.5000	4	7	0.02623	0.02933	9	9	4
7089	HCQbery	3	3.2361	3.5000	4	7	0.02623	0.02933	9	8	4
7090	HCQbeU|	3	3.2361	3.5000	4	7	0.02623	0.02933	9	9	4
7091	HCQbeU}	3	3.2361	3.5000	4	7	0.02623	0.02933	9	9	4
7092	HCQbeVt	3	3.2361	3.5000	4	7	0.02623	0.02933	9	8	4
7093	HCQbeZm	3	3.2361	3.5000	4	7	0.02623	0.02933	9	8	4
7094	HCQbfH^	3	3.2361	3.5000	4	7	0.02623	0.02933	9	8	4
7095	HCQbfH}	3	3.2361	3.5000	4	7	0.02623	0.02933	9	9	4
7096	HCQbfJ]	3	3.2361	3.5000	4	7	0.02623	0.02933	9	9	4
7097	HCQbfRu	3	3.2361	3.5000	4	7	0.02623	0.02933	9	9	4
7098	HCQbfRV	3	3.2361	3.5000	4	7	0.02623	0.02933	9	8	4
7099	HCQbQzu	3	3.2361	3.5000	4	7	0.02623	0.02933	9	10	4
7100	HCQbRru	3	3.2361	3.5000	4	7	0.02623	0.02933	9	10	4
7101	HCQeQzu	3	3.2361	3.5000	4	7	0.02623	0.02933	9	10	4
7102	HCQv@pn	3	3.2361	3.5000	4	7	0.02623	0.02933	9	9	4
7103	HCQv@rj	3	3.2361	3.5000	4	7	0.02623	0.02933	9	9	4
7104	HCQv@rr	3	3.2361	3.5000	4	7	0.02623	0.02933	9	7	4
7105	HCQv@rZ	3	3.2361	3.5000	4	7	0.02623	0.02933	9	9	4
7106	HCRV@p|	3	3.2361	3.5000	4	7	0.02623	0.02933	9	8	4
7107	HCRV@pz	3	3.2361	3.5000	4	7	0.02623	0.02933	9	8	4
7108	HCRV@rj	3	3.2361	3.5000	4	7	0.02623	0.02933	9	8	4
7109	HCRV@rr	3	3.2361	3.5000	4	7	0.02623	0.02933	9	7	4
7110	HCRV@rZ	3	3.2361	3.5000	4	7	0.02623	0.02933	9	7	4
7111	HCQ`fR}	3	3.2361	3.5000	4	8	0.02623	0.02933	9	9	4
7112	HCRcqv[	3	3.2361	3.5000	4	6	0.02623	0.02933	9	10	4
7113	HCRUQyy	3	3.2361	3.5000	4	6	0.02623	0.02933	9	12	4
7114	HCQvEdu	3	3.2361	3.5000	4	6	0.02623	0.02933	9	9	4
7115	HCRcuh]	3	3.2361	3.5000	4	6	0.02623	0.02933	9	10	4
7116	HCQfMhr	3	3.2361	3.5000	4	6	0.02623	0.02933	9	8	4
7117	HCQbeVu	3	3.2361	3.5000	4	7	0.02623	0.02933	9	9	4
7118	HCQbRrt	3	3.2361	3.5000	4	7	0.02623	0.02933	9	10	4
7119	HCQbRb|	3	3.2361	3.5000	4	8	0.02623	0.02933	9	8	4
7120	HCQeRb|	3	3.2361	3.5000	4	8	0.02623	0.02933	9	8	4
7121	HCXecyy	3	3.2361	3.5000	4	6	0.02623	0.02933	9	8	4
7122	HCXeczY	3	3.2361	3.5000	4	6	0.02623	0.02933	9	9	4
7123	HCpbdgn	3	3.2361	3.5000	4	6	0.02623	0.02933	9	8	4
7124	HCpbdht	3	3.2361	3.5000	4	6	0.02623	0.02933	9	9	4
7125	HCpbdif	3	3.2361	3.5000	4	6	0.02623	0.02933	9	8	4
7126	HCpbdiV	3	3.2361	3.5000	4	6	0.02623	0.02933	9	8	4
7127	HCpbdjd	3	3.2361	3.5000	4	6	0.02623	0.02933	9	9	4
7128	HCpbdql	3	3.2361	3.5000	4	6	0.02623	0.02933	9	9	4
7129	HCpbdqt	3	3.2361	3.5000	4	6	0.02623	0.02933	9	9	4
7130	HCpbdrh	3	3.2361	3.5000	4	6	0.02623	0.02933	9	9	4
7131	HCpbdrJ	3	3.2361	3.5000	4	6	0.02623	0.02933	9	9	4
7132	HCpbdrL	3	3.2361	3.5000	4	6	0.02623	0.02933	9	10	4
7133	HCpbdrR	3	3.2361	3.5000	4	6	0.02623	0.02933	9	9	4
7134	HCpbeqV	3	3.2361	3.5000	4	6	0.02623	0.02933	9	9	4
7135	HCpbfGv	3	3.2361	3.5000	4	6	0.02623	0.02933	9	9	4
7136	HCpbfIf	3	3.2361	3.5000	4	6	0.02623	0.02933	9	8	4
7137	HCQbrpy	3	3.2361	3.5000	4	6	0.02623	0.02933	9	9	4
7138	HCQbrrM	3	3.2361	3.5000	4	6	0.02623	0.02933	9	8	4
7139	HCQbrrY	3	3.2361	3.5000	4	6	0.02623	0.02933	9	9	4
7140	HCQbvPl	3	3.2361	3.5000	4	6	0.02623	0.02933	9	9	4
7141	HCQe^P]	3	3.2361	3.5000	4	6	0.02623	0.02933	9	9	4
7142	HCQe^P\	3	3.2361	3.5000	4	6	0.02623	0.02933	9	9	4
7143	HCRbcyr	3	3.2361	3.5000	4	6	0.02623	0.02933	9	10	4
7144	HCRbcyZ	3	3.2361	3.5000	4	6	0.02623	0.02933	9	10	4
7145	HCRbeq\	3	3.2361	3.5000	4	6	0.02623	0.02933	9	9	4
7146	HCR`uq\	3	3.2361	3.5000	4	6	0.02623	0.02933	9	8	4
7147	HCRVBi]	3	3.2361	3.5000	4	6	0.02623	0.02933	9	9	4
7148	HCXecy\	3	3.2361	3.5000	4	6	0.02623	0.02933	9	9	4
7149	HCXeczX	3	3.2361	3.5000	4	6	0.02623	0.02933	9	9	4
7150	HCXedq\	3	3.2361	3.5000	4	6	0.02623	0.02933	9	9	4
7151	HCpbfHV	3	3.2361	3.5000	4	6	0.02623	0.02933	9	8	4
7152	HCpbfPZ	3	3.2361	3.5000	4	6	0.02623	0.02933	9	9	4
7153	HCpdczh	3	3.2361	3.5000	4	6	0.02623	0.02933	9	9	4
7154	HCQfdrq	3	3.2361	3.5000	4	6	0.02623	0.02933	9	9	4
7155	HCQfdrY	3	3.2361	3.5000	4	6	0.02623	0.02933	9	9	4
7156	HCQfHxt	3	3.2361	3.5000	4	6	0.02623	0.02933	9	9	4
7157	HCQfHxu	3	3.2361	3.5000	4	6	0.02623	0.02933	9	9	4
7158	HCQfJi]	3	3.2361	3.5000	4	6	0.02623	0.02933	9	9	4
7159	HCQudq{	3	3.2361	3.5000	4	6	0.02623	0.02933	9	9	4
7160	HCQudrq	3	3.2361	3.5000	4	6	0.02623	0.02933	9	9	4
7161	HCQudrs	3	3.2361	3.5000	4	6	0.02623	0.02933	9	9	4
7162	HCQVdYy	3	3.2361	3.5000	4	6	0.02623	0.02933	9	9	4
7163	HCRbfI\	3	3.2361	3.5000	4	6	0.02623	0.02933	9	10	4
7164	HCR`rh\	3	3.2361	3.5000	4	6	0.02623	0.02933	9	9	4
7165	HCR`rjL	3	3.2361	3.5000	4	6	0.02623	0.02933	9	9	4
7166	HCRVDZ[	3	3.2361	3.5000	4	6	0.02623	0.02933	9	9	4
7167	HCRVDYl	3	3.2361	3.5000	4	6	0.02623	0.02933	9	9	4
7168	HCOfdq}	3	3.2361	3.5000	4	7	0.02623	0.02933	9	7	4
7169	HCOfdr]	3	3.2361	3.5000	4	7	0.02623	0.02933	9	9	4
7170	HCQbbrl	3	3.2361	3.5000	4	7	0.02623	0.02933	9	9	4
7171	HCQbbrN	3	3.2361	3.5000	4	7	0.02623	0.02933	9	8	4
7172	HCQbbrx	3	3.2361	3.5000	4	7	0.02623	0.02933	9	8	4
7173	HCQbcvt	3	3.2361	3.5000	4	7	0.02623	0.02933	9	8	4
7174	HCQbcvx	3	3.2361	3.5000	4	7	0.02623	0.02933	9	8	4
7175	HCQbdX|	3	3.2361	3.5000	4	7	0.02623	0.02933	9	8	4
7176	HCQbeT|	3	3.2361	3.5000	4	7	0.02623	0.02933	9	8	4
7177	HCQbeVx	3	3.2361	3.5000	4	7	0.02623	0.02933	9	8	4
7178	HCQbfG~	3	3.2361	3.5000	4	7	0.02623	0.02933	9	8	4
7179	HCQbfH|	3	3.2361	3.5000	4	7	0.02623	0.02933	9	8	4
7180	HCQbfI^	3	3.2361	3.5000	4	7	0.02623	0.02933	9	8	4
7181	HCQbfR\	3	3.2361	3.5000	4	7	0.02623	0.02933	9	9	4
7182	HCQbfRN	3	3.2361	3.5000	4	7	0.02623	0.02933	9	8	4
7183	HCQbfRx	3	3.2361	3.5000	4	7	0.02623	0.02933	9	8	4
7184	HCQbfRZ	3	3.2361	3.5000	4	7	0.02623	0.02933	9	9	4
7185	HCQbQx}	3	3.2361	3.5000	4	7	0.02623	0.02933	9	9	4
7186	HCQbQzx	3	3.2361	3.5000	4	7	0.02623	0.02933	9	9	4
7187	HCQbRp}	3	3.2361	3.5000	4	7	0.02623	0.02933	9	9	4
7188	HCQeQx}	3	3.2361	3.5000	4	7	0.02623	0.02933	9	8	4
7189	HCQeQzx	3	3.2361	3.5000	4	7	0.02623	0.02933	9	8	4
7190	HCQeQzy	3	3.2361	3.5000	4	7	0.02623	0.02933	9	10	4
7191	HCQv@r]	3	3.2361	3.5000	4	7	0.02623	0.02933	9	9	4
7192	HCQv@r{	3	3.2361	3.5000	4	7	0.02623	0.02933	9	7	4
7193	HCQv@rV	3	3.2361	3.5000	4	7	0.02623	0.02933	9	8	4
7194	HCRV@q|	3	3.2361	3.5000	4	7	0.02623	0.02933	9	8	4
7195	HCRV@r\	3	3.2361	3.5000	4	7	0.02623	0.02933	9	8	4
7196	HCRV@rt	3	3.2361	3.5000	4	7	0.02623	0.02933	9	7	4
7197	HCdffP{	3	3.2361	3.5000	4	6	0.02623	0.02933	9	8	4
7198	HCpVbY{	3	3.2361	3.5000	4	6	0.02623	0.02933	9	9	4
7199	HCZbeqm	3	3.2361	3.5000	4	6	0.02623	0.02933	9	8	4
7200	HCpbfqm	3	3.2361	3.5000	4	6	0.02623	0.02933	9	8	4
7201	HCpfdZs	3	3.2361	3.5000	4	6	0.02623	0.02933	9	8	4
7202	HCpVV_|	3	3.2361	3.5000	4	6	0.02623	0.02933	9	8	4
7203	HCRTtpf	3	3.2361	3.5000	4	6	0.02623	0.02933	9	7	4
7204	HCZbequ	3	3.2361	3.5000	4	6	0.02623	0.02933	9	9	4
7205	HCZJfIy	3	3.2361	3.5000	4	6	0.02623	0.02933	9	10	4
7206	HCZJfQu	3	3.2361	3.5000	4	6	0.02623	0.02933	9	10	4
7207	HCpbdzi	3	3.2361	3.5000	4	6	0.02623	0.02933	9	9	4
7208	HCpbdzq	3	3.2361	3.5000	4	6	0.02623	0.02933	9	10	4
7209	HCpbew}	3	3.2361	3.5000	4	6	0.02623	0.02933	9	10	4
7210	HCpbvQu	3	3.2361	3.5000	4	6	0.02623	0.02933	9	10	4
7211	HCpdjri	3	3.2361	3.5000	4	6	0.02623	0.02933	9	10	4
7212	HCpdlrs	3	3.2361	3.5000	4	6	0.02623	0.02933	9	9	4
7213	HCpdQ~s	3	3.2361	3.5000	4	6	0.02623	0.02933	9	10	4
7214	HCpfJql	3	3.2361	3.5000	4	6	0.02623	0.02933	9	8	4
7215	HCpVdpl	3	3.2361	3.5000	4	6	0.02623	0.02933	9	10	4
7216	HCpVdpm	3	3.2361	3.5000	4	6	0.02623	0.02933	9	10	4
7217	HCQvdpm	3	3.2361	3.5000	4	6	0.02623	0.02933	9	10	4
7218	HCRbfqu	3	3.2361	3.5000	4	6	0.02623	0.02933	9	9	4
7219	HCRbfYy	3	3.2361	3.5000	4	6	0.02623	0.02933	9	11	4
7220	HCRTtpm	3	3.2361	3.5000	4	6	0.02623	0.02933	9	10	4
7221	HCZbeg}	3	3.2361	3.5000	4	6	0.02623	0.02933	9	9	4
7222	HCZberU	3	3.2361	3.5000	4	6	0.02623	0.02933	9	7	4
7223	HCZJdq{	3	3.2361	3.5000	4	6	0.02623	0.02933	9	8	4
7224	HCZJeq]	3	3.2361	3.5000	4	6	0.02623	0.02933	9	8	4
7225	HCZJfJq	3	3.2361	3.5000	4	6	0.02623	0.02933	9	9	4
7226	HCZJfRe	3	3.2361	3.5000	4	6	0.02623	0.02933	9	7	4
7227	HCZJfRq	3	3.2361	3.5000	4	6	0.02623	0.02933	9	9	4
7228	HCZLfa{	3	3.2361	3.5000	4	6	0.02623	0.02933	9	9	4
7229	HCpbtpV	3	3.2361	3.5000	4	6	0.02623	0.02933	9	8	4
7230	HCpbvOv	3	3.2361	3.5000	4	6	0.02623	0.02933	9	9	4
7231	HCpdmg|	3	3.2361	3.5000	4	6	0.02623	0.02933	9	8	4
7232	HCpdnI{	3	3.2361	3.5000	4	6	0.02623	0.02933	9	9	4
7233	HCpejij	3	3.2361	3.5000	4	6	0.02623	0.02933	9	9	4
7234	HCpejoz	3	3.2361	3.5000	4	6	0.02623	0.02933	9	8	4
7235	HCpfawz	3	3.2361	3.5000	4	6	0.02623	0.02933	9	8	4
7236	HCpfayj	3	3.2361	3.5000	4	6	0.02623	0.02933	9	8	4
7237	HCpfbij	3	3.2361	3.5000	4	6	0.02623	0.02933	9	8	4
7238	HCpfbqj	3	3.2361	3.5000	4	6	0.02623	0.02933	9	7	4
7239	HCpfdWz	3	3.2361	3.5000	4	6	0.02623	0.02933	9	8	4
7240	HCpfdXr	3	3.2361	3.5000	4	6	0.02623	0.02933	9	8	4
7241	HCpfdXV	3	3.2361	3.5000	4	6	0.02623	0.02933	9	9	4
7242	HCpf`yj	3	3.2361	3.5000	4	6	0.02623	0.02933	9	8	4
7243	HCpUvGn	3	3.2361	3.5000	4	6	0.02623	0.02933	9	8	4
7244	HCpUvHx	3	3.2361	3.5000	4	6	0.02623	0.02933	9	8	4
7245	HCpVbr[	3	3.2361	3.5000	4	6	0.02623	0.02933	9	8	4
7246	HCpVcwn	3	3.2361	3.5000	4	6	0.02623	0.02933	9	7	4
7247	HCpVdpf	3	3.2361	3.5000	4	6	0.02623	0.02933	9	9	4
7248	HCpVTo}	3	3.2361	3.5000	4	6	0.02623	0.02933	9	8	4
7249	HCpVVau	3	3.2361	3.5000	4	6	0.02623	0.02933	9	9	4
7250	HCQvdpf	3	3.2361	3.5000	4	5	0.02623	0.02933	9	8	4
7251	HCRbmo|	3	3.2361	3.5000	4	6	0.02623	0.02933	9	9	4
7252	HCRczqj	3	3.2361	3.5000	4	6	0.02623	0.02933	9	10	4
7253	HCRdvRM	3	3.2361	3.5000	4	6	0.02623	0.02933	9	8	4
7254	HCRejqj	3	3.2361	3.5000	4	6	0.02623	0.02933	9	10	4
7255	HCRemrw	3	3.2361	3.5000	4	6	0.02623	0.02933	9	8	4
7256	HCR`}pt	3	3.2361	3.5000	4	6	0.02623	0.02933	9	9	4
7257	HCRTtpN	3	3.2361	3.5000	4	6	0.02623	0.02933	9	9	4
7258	HCXfRrs	3	3.2361	3.5000	4	6	0.02623	0.02933	9	8	4
7259	HCpVVbd	3	3.2361	3.5000	4	6	0.02623	0.02933	9	8	4
7260	HCRbd\]	3	3.2361	3.5000	4	6	0.02623	0.02933	9	8	4
7261	HCpbdi}	3	3.2361	3.5000	4	7	0.02623	0.02933	9	7	4
7262	HCQbdv{	3	3.2361	3.5000	4	7	0.02623	0.02933	9	8	4
7263	HCQbfp}	3	3.2361	3.5000	4	7	0.02623	0.02933	9	8	4
7264	HCQbfq}	3	3.2361	3.5000	4	7	0.02623	0.02933	9	8	4
7265	HCQbfr]	3	3.2361	3.5000	4	7	0.02623	0.02933	9	8	4
7266	HCQbfrm	3	3.2361	3.5000	4	7	0.02623	0.02933	9	8	4
7267	HCQbfV{	3	3.2361	3.5000	4	7	0.02623	0.02933	9	8	4
7268	HCRbeq}	3	3.2361	3.5000	4	7	0.02623	0.02933	9	9	4
7269	HCRbeqn	3	3.2361	3.5000	4	7	0.02623	0.02933	9	7	4
7270	HCR`rjy	3	3.2361	3.5000	4	7	0.02623	0.02933	9	9	4
7271	HCpbeyu	3	3.2361	3.5000	4	6	0.02623	0.02933	9	11	4
7272	HCpbfYu	3	3.2361	3.5000	4	6	0.02623	0.02933	9	11	4
7273	HCZJdfd	3	3.2361	3.5000	4	6	0.02623	0.02933	9	10	4
7274	HCZJdfh	3	3.2361	3.5000	4	6	0.02623	0.02933	9	10	4
7275	HCpbvQr	3	3.2361	3.5000	4	6	0.02623	0.02933	9	8	4
7276	HCpdtpf	3	3.2361	3.5000	4	6	0.02623	0.02933	9	9	4
7277	HCpe\pr	3	3.2361	3.5000	4	6	0.02623	0.02933	9	10	4
7278	HCpfbWz	3	3.2361	3.5000	4	6	0.02623	0.02933	9	10	4
7279	HCpUtgn	3	3.2361	3.5000	4	6	0.02623	0.02933	9	10	4
7280	HCpUthx	3	3.2361	3.5000	4	6	0.02623	0.02933	9	10	4
7281	HCpVdpj	3	3.2361	3.5000	4	6	0.02623	0.02933	9	9	4
7282	HCpVTgz	3	3.2361	3.5000	4	6	0.02623	0.02933	9	11	4
7283	HCpVThr	3	3.2361	3.5000	4	6	0.02623	0.02933	9	11	4
7284	HCpVUrs	3	3.2361	3.5000	4	6	0.02623	0.02933	9	10	4
7285	HCQvdpj	3	3.2361	3.5000	4	6	0.02623	0.02933	9	10	4
7286	HCRdnPr	3	3.2361	3.5000	4	6	0.02623	0.02933	9	9	4
7287	HCRU]rw	3	3.2361	3.5000	4	6	0.02623	0.02933	9	9	4
7288	HCZJfRR	3	3.2361	3.5000	4	6	0.02623	0.02933	9	8	4
7289	HCpdnI\	3	3.2361	3.5000	4	6	0.02623	0.02933	9	9	4
7290	HCRbb]]	3	3.2361	3.5000	4	6	0.02623	0.02933	9	10	4
7291	HCRbd^U	3	3.2361	3.5000	4	6	0.02623	0.02933	9	8	4
7292	HCRen`j	3	3.2361	3.5000	4	6	0.02623	0.02933	9	9	4
7293	HCRenPr	3	3.2361	3.5000	4	6	0.02623	0.02933	9	8	4
7294	HCRenQj	3	3.2361	3.5000	4	6	0.02623	0.02933	9	9	4
7295	HCRenRp	3	3.2361	3.5000	4	6	0.02623	0.02933	9	9	4
7296	HCpbbjy	3	3.2361	3.5000	4	7	0.02623	0.02933	9	9	4
7297	HCpbdh^	3	3.2361	3.5000	4	7	0.02623	0.02933	9	8	4
7298	HCpbdjj	3	3.2361	3.5000	4	7	0.02623	0.02933	9	8	4
7299	HCpbdjN	3	3.2361	3.5000	4	7	0.02623	0.02933	9	8	4
7300	HCpbfIz	3	3.2361	3.5000	4	7	0.02623	0.02933	9	9	4
7301	HCpbfJy	3	3.2361	3.5000	4	7	0.02623	0.02933	9	9	4
7302	HCpbfQv	3	3.2361	3.5000	4	7	0.02623	0.02933	9	9	4
7303	HCpbRe}	3	3.2361	3.5000	4	7	0.02623	0.02933	9	9	4
7304	HCpdcx}	3	3.2361	3.5000	4	7	0.02623	0.02933	9	10	4
7305	HCpddp}	3	3.2361	3.5000	4	7	0.02623	0.02933	9	10	4
7306	HCQbd^]	3	3.2361	3.5000	4	7	0.02623	0.02933	9	8	4
7307	HCQbd^y	3	3.2361	3.5000	4	7	0.02623	0.02933	9	8	4
7308	HCQbdzy	3	3.2361	3.5000	4	7	0.02623	0.02933	9	9	4
7309	HCQbev{	3	3.2361	3.5000	4	7	0.02623	0.02933	9	9	4
7310	HCQbfjy	3	3.2361	3.5000	4	7	0.02623	0.02933	9	8	4
7311	HCQbfU}	3	3.2361	3.5000	4	7	0.02623	0.02933	9	8	4
7312	HCQbfX}	3	3.2361	3.5000	4	7	0.02623	0.02933	9	9	4
7313	HCQbfZ]	3	3.2361	3.5000	4	7	0.02623	0.02933	9	9	4
7314	HCQfdpn	3	3.2361	3.5000	4	7	0.02623	0.02933	9	9	4
7315	HCQfJjx	3	3.2361	3.5000	4	7	0.02623	0.02933	9	9	4
7316	HCQvCt}	3	3.2361	3.5000	4	7	0.02623	0.02933	9	9	4
7317	HCQVdpn	3	3.2361	3.5000	4	7	0.02623	0.02933	9	10	4
7318	HCQvDX}	3	3.2361	3.5000	4	7	0.02623	0.02933	9	9	4
7319	HCQvDXz	3	3.2361	3.5000	4	7	0.02623	0.02933	9	9	4
7320	HCQvDZy	3	3.2361	3.5000	4	7	0.02623	0.02933	9	9	4
7321	HCRbcxz	3	3.2361	3.5000	4	7	0.02623	0.02933	9	10	4
7322	HCRbdjy	3	3.2361	3.5000	4	7	0.02623	0.02933	9	10	4
7323	HCRber]	3	3.2361	3.5000	4	7	0.02623	0.02933	9	7	4
7324	HCRctT|	3	3.2361	3.5000	4	7	0.02623	0.02933	9	10	4
7325	HCRctT}	3	3.2361	3.5000	4	7	0.02623	0.02933	9	10	4
7326	HCRctV{	3	3.2361	3.5000	4	7	0.02623	0.02933	9	10	4
7327	HCR`ri}	3	3.2361	3.5000	4	7	0.02623	0.02933	9	9	4
7328	HCR`rj]	3	3.2361	3.5000	4	7	0.02623	0.02933	9	9	4
7329	HCR`rjZ	3	3.2361	3.5000	4	7	0.02623	0.02933	9	9	4
7330	HCR`upv	3	3.2361	3.5000	4	7	0.02623	0.02933	9	7	4
7331	HCRVBjy	3	3.2361	3.5000	4	7	0.02623	0.02933	9	9	4
7332	HCpdczm	3	3.2361	3.5000	4	7	0.02623	0.02933	9	10	4
7333	HCpddrm	3	3.2361	3.5000	4	7	0.02623	0.02933	9	10	4
7334	HCQv@rz	3	3.2361	3.5000	4	8	0.02623	0.02933	9	8	4
7335	HCRV@rz	3	3.2361	3.5000	4	8	0.02623	0.02933	9	7	4
7336	HCZbeir	3	3.2361	3.5000	4	6	0.02623	0.02933	9	9	4
7337	HCZbeqt	3	3.2361	3.5000	4	6	0.02623	0.02933	9	8	4
7338	HCZbeqV	3	3.2361	3.5000	4	6	0.02623	0.02933	9	8	4
7339	HCZbeqx	3	3.2361	3.5000	4	6	0.02623	0.02933	9	8	4
7340	HCdenRq	3	3.2361	3.5000	4	6	0.02623	0.02933	9	9	4
7341	HCdffRq	3	3.2361	3.5000	4	6	0.02623	0.02933	9	9	4
7342	HCpbtrh	3	3.2361	3.5000	4	6	0.02623	0.02933	9	9	4
7343	HCpdtqu	3	3.2361	3.5000	4	6	0.02623	0.02933	9	9	4
7344	HCpdtrU	3	3.2361	3.5000	4	6	0.02623	0.02933	9	8	4
7345	HCpejp]	3	3.2361	3.5000	4	6	0.02623	0.02933	9	8	4
7346	HCpfczT	3	3.2361	3.5000	4	6	0.02623	0.02933	9	9	4
7347	HCpfczU	3	3.2361	3.5000	4	6	0.02623	0.02933	9	9	4
7348	HCpfdqu	3	3.2361	3.5000	4	6	0.02623	0.02933	9	9	4
7349	HCpUvIm	3	3.2361	3.5000	4	6	0.02623	0.02933	9	9	4
7350	HCpVbXx	3	3.2361	3.5000	4	6	0.02623	0.02933	9	10	4
7351	HCpVbYZ	3	3.2361	3.5000	4	6	0.02623	0.02933	9	10	4
7352	HCpVbZX	3	3.2361	3.5000	4	6	0.02623	0.02933	9	10	4
7353	HCpVVa\	3	3.2361	3.5000	4	6	0.02623	0.02933	9	9	4
7354	HCpVVax	3	3.2361	3.5000	4	6	0.02623	0.02933	9	9	4
7355	HCQvdr[	3	3.2361	3.5000	4	6	0.02623	0.02933	9	8	4
7356	HCRetq]	3	3.2361	3.5000	4	6	0.02623	0.02933	9	8	4
7357	HCZJdjd	3	3.2361	3.5000	4	6	0.02623	0.02933	9	9	4
7358	HCZJfH]	3	3.2361	3.5000	4	6	0.02623	0.02933	9	9	4
7359	HCZJfP]	3	3.2361	3.5000	4	6	0.02623	0.02933	9	9	4
7360	HCpdtqm	3	3.2361	3.5000	4	6	0.02623	0.02933	9	8	4
7361	HCpffHV	3	3.2361	3.5000	4	6	0.02623	0.02933	9	9	4
7362	HCpffJT	3	3.2361	3.5000	4	6	0.02623	0.02933	9	9	4
7363	HCpfJjU	3	3.2361	3.5000	4	6	0.02623	0.02933	9	9	4
7364	HCpVbrq	3	3.2361	3.5000	4	6	0.02623	0.02933	9	9	4
7365	HCpVdqt	3	3.2361	3.5000	4	6	0.02623	0.02933	9	9	4
7366	HCQvdrq	3	3.2361	3.5000	4	6	0.02623	0.02933	9	9	4
7367	HCQveqx	3	3.2361	3.5000	4	6	0.02623	0.02933	9	9	4
7368	HCRenam	3	3.2361	3.5000	4	6	0.02623	0.02933	9	9	4
7369	HCRTtrY	3	3.2361	3.5000	4	6	0.02623	0.02933	9	9	4
7370	HCRVdrY	3	3.2361	3.5000	4	6	0.02623	0.02933	9	9	4
7371	HCZJfHV	3	3.2361	3.5000	4	6	0.02623	0.02933	9	9	4
7372	HCZJfRX	3	3.2361	3.5000	4	6	0.02623	0.02933	9	8	4
7373	HCpbbi|	3	3.2361	3.5000	4	7	0.02623	0.02933	9	9	4
7374	HCpbbin	3	3.2361	3.5000	4	7	0.02623	0.02933	9	7	4
7375	HCpbbj\	3	3.2361	3.5000	4	7	0.02623	0.02933	9	9	4
7376	HCpbbjN	3	3.2361	3.5000	4	7	0.02623	0.02933	9	8	4
7377	HCpbdh|	3	3.2361	3.5000	4	7	0.02623	0.02933	9	8	4
7378	HCpbdi^	3	3.2361	3.5000	4	7	0.02623	0.02933	9	8	4
7379	HCpbdjx	3	3.2361	3.5000	4	7	0.02623	0.02933	9	8	4
7380	HCpbdqn	3	3.2361	3.5000	4	7	0.02623	0.02933	9	8	4
7381	HCpbdrj	3	3.2361	3.5000	4	7	0.02623	0.02933	9	8	4
7382	HCpbdrl	3	3.2361	3.5000	4	7	0.02623	0.02933	9	10	4
7383	HCpbdrN	3	3.2361	3.5000	4	7	0.02623	0.02933	9	9	4
7384	HCpbdrt	3	3.2361	3.5000	4	7	0.02623	0.02933	9	8	4
7385	HCpbdrV	3	3.2361	3.5000	4	7	0.02623	0.02933	9	8	4
7386	HCpbfH^	3	3.2361	3.5000	4	7	0.02623	0.02933	9	8	4
7387	HCpbfI|	3	3.2361	3.5000	4	7	0.02623	0.02933	9	9	4
7388	HCpbfIn	3	3.2361	3.5000	4	7	0.02623	0.02933	9	7	4
7389	HCpbfIv	3	3.2361	3.5000	4	7	0.02623	0.02933	9	9	4
7390	HCpbfJV	3	3.2361	3.5000	4	7	0.02623	0.02933	9	7	4
7391	HCpbfP^	3	3.2361	3.5000	4	7	0.02623	0.02933	9	8	4
7392	HCpbfQ|	3	3.2361	3.5000	4	7	0.02623	0.02933	9	9	4
7393	HCpbfQn	3	3.2361	3.5000	4	7	0.02623	0.02933	9	7	4
7394	HCpbfQz	3	3.2361	3.5000	4	7	0.02623	0.02933	9	9	4
7395	HCpdVH^	3	3.2361	3.5000	4	7	0.02623	0.02933	9	9	4
7396	HCQbrrm	3	3.2361	3.5000	4	7	0.02623	0.02933	9	9	4
7397	HCQbrry	3	3.2361	3.5000	4	7	0.02623	0.02933	9	8	4
7398	HCQfdr]	3	3.2361	3.5000	4	7	0.02623	0.02933	9	9	4
7399	HCQfdry	3	3.2361	3.5000	4	7	0.02623	0.02933	9	8	4
7400	HCQfJh}	3	3.2361	3.5000	4	7	0.02623	0.02933	9	8	4
7401	HCQfLX}	3	3.2361	3.5000	4	7	0.02623	0.02933	9	10	4
7402	HCQudry	3	3.2361	3.5000	4	7	0.02623	0.02933	9	9	4
7403	HCQvCvx	3	3.2361	3.5000	4	7	0.02623	0.02933	9	8	4
7404	HCQVdr{	3	3.2361	3.5000	4	7	0.02623	0.02933	9	8	4
7405	HCQVfJ{	3	3.2361	3.5000	4	7	0.02623	0.02933	9	7	4
7406	HCRbcyn	3	3.2361	3.5000	4	7	0.02623	0.02933	9	8	4
7407	HCRbcyz	3	3.2361	3.5000	4	7	0.02623	0.02933	9	10	4
7408	HCRbczr	3	3.2361	3.5000	4	7	0.02623	0.02933	9	9	4
7409	HCRbczZ	3	3.2361	3.5000	4	7	0.02623	0.02933	9	10	4
7410	HCRbep|	3	3.2361	3.5000	4	7	0.02623	0.02933	9	8	4
7411	HCRbeq^	3	3.2361	3.5000	4	7	0.02623	0.02933	9	8	4
7412	HCRbeq|	3	3.2361	3.5000	4	7	0.02623	0.02933	9	9	4
7413	HCRbfG~	3	3.2361	3.5000	4	7	0.02623	0.02933	9	8	4
7414	HCRbfI^	3	3.2361	3.5000	4	7	0.02623	0.02933	9	9	4
7415	HCR`rh^	3	3.2361	3.5000	4	7	0.02623	0.02933	9	8	4
7416	HCR`rin	3	3.2361	3.5000	4	7	0.02623	0.02933	9	8	4
7417	HCR`rjN	3	3.2361	3.5000	4	7	0.02623	0.02933	9	8	4
7418	HCR`uq|	3	3.2361	3.5000	4	7	0.02623	0.02933	9	7	4
7419	HCRVBg~	3	3.2361	3.5000	4	7	0.02623	0.02933	9	8	4
7420	HCRVBi}	3	3.2361	3.5000	4	7	0.02623	0.02933	9	9	4
7421	HCXecy}	3	3.2361	3.5000	4	7	0.02623	0.02933	9	7	4
7422	HCXecz]	3	3.2361	3.5000	4	7	0.02623	0.02933	9	8	4
7423	HCXeczx	3	3.2361	3.5000	4	7	0.02623	0.02933	9	8	4
7424	HCXeczy	3	3.2361	3.5000	4	7	0.02623	0.02933	9	9	4
7425	HCQbd\|	3	3.2361	3.5000	4	7	0.02623	0.02933	9	7	4
7426	HCQbfp|	3	3.2361	3.5000	4	7	0.02623	0.02933	9	7	4
7427	HCQbbr|	3	3.2361	3.5000	4	8	0.02623	0.02933	9	8	4
7428	HCQbfR^	3	3.2361	3.5000	4	8	0.02623	0.02933	9	8	4
7429	HCQv@r^	3	3.2361	3.5000	4	8	0.02623	0.02933	9	8	4
7430	HCRV@r|	3	3.2361	3.5000	4	8	0.02623	0.02933	9	7	4
7431	HCZberX	3	3.2361	3.5000	4	6	0.02623	0.02933	9	8	4
7432	HCRberx	3	3.2361	3.5000	4	7	0.02623	0.02933	9	8	4
7433	HCR`urx	3	3.2361	3.5000	4	7	0.02623	0.02933	9	7	4
7434	HCpVfW}	3	3.2361	3.5000	4	6	0.02623	0.02933	9	8	4
7435	HCZJlrd	3	3.2361	3.5000	4	6	0.02623	0.02933	9	9	4
7436	HCZL^bw	3	3.2361	3.5000	4	6	0.02623	0.02933	9	8	4
7437	HCZLvHu	3	3.2361	3.5000	4	6	0.02623	0.02933	9	9	4
7438	HCpdni{	3	3.2361	3.5000	4	6	0.02623	0.02933	9	8	4
7439	HCrVJql	3	3.2361	3.5000	4	6	0.02623	0.02933	9	9	4
7440	HCpbfi}	3	3.2361	3.5000	4	7	0.02623	0.02933	9	8	4
7441	HCpVV_~	3	3.2361	3.5000	4	7	0.02623	0.02933	9	7	4
7442	HCZbeq}	3	3.2361	3.5000	4	7	0.02623	0.02933	9	8	4
7443	HCpVTxu	3	3.2361	3.5000	4	6	0.02623	0.02933	9	12	4
7444	HCrfbYj	3	3.2361	3.5000	4	6	0.02623	0.02933	9	8	4
7445	HCZbe]u	3	3.2361	3.5000	4	6	0.02623	0.02933	9	9	4
7446	HCpbbzy	3	3.2361	3.5000	4	7	0.02623	0.02933	9	9	4
7447	HCpbff{	3	3.2361	3.5000	4	7	0.02623	0.02933	9	9	4
7448	HCpbfj]	3	3.2361	3.5000	4	7	0.02623	0.02933	9	8	4
7449	HCpbfU}	3	3.2361	3.5000	4	7	0.02623	0.02933	9	8	4
7450	HCpbvQv	3	3.2361	3.5000	4	7	0.02623	0.02933	9	9	4
7451	HCpdQ~u	3	3.2361	3.5000	4	7	0.02623	0.02933	9	9	4
7452	HCpdVp}	3	3.2361	3.5000	4	7	0.02623	0.02933	9	8	4
7453	HCpVdpn	3	3.2361	3.5000	4	7	0.02623	0.02933	9	9	4
7454	HCQvdpn	3	3.2361	3.5000	4	7	0.02623	0.02933	9	9	4
7455	HCRbd^]	3	3.2361	3.5000	4	7	0.02623	0.02933	9	8	4
7456	HCRbe]}	3	3.2361	3.5000	4	7	0.02623	0.02933	9	9	4
7457	HCRbfjy	3	3.2361	3.5000	4	7	0.02623	0.02933	9	9	4
7458	HCRbfZy	3	3.2361	3.5000	4	7	0.02623	0.02933	9	10	4
7459	HCZJfIz	3	3.2361	3.5000	4	7	0.02623	0.02933	9	9	4
7460	HCZJfRu	3	3.2361	3.5000	4	7	0.02623	0.02933	9	9	4
7461	HCQbfv{	3	3.2361	3.5000	4	7	0.02623	0.02933	9	8	4
7462	HCQbfr}	3	3.2361	3.5000	4	8	0.02623	0.02933	9	7	4
7463	HCrdrij	3	3.2361	3.5000	4	6	0.02623	0.02933	9	10	4
7464	HCrfRij	3	3.2361	3.5000	4	6	0.02623	0.02933	9	9	4
7465	HCZK~bX	3	3.2361	3.5000	4	6	0.02623	0.02933	9	11	4
7466	HCrfRhV	3	3.2361	3.5000	4	6	0.02623	0.02933	9	9	4
7467	HCRUvrq	3	3.2361	3.5000	4	6	0.02623	0.02933	9	8	4
7468	HCdffR{	3	3.2361	3.5000	4	7	0.02623	0.02933	9	7	4
7469	HCpbvQ|	3	3.2361	3.5000	4	7	0.02623	0.02933	9	9	4
7470	HCpdtrm	3	3.2361	3.5000	4	7	0.02623	0.02933	9	9	4
7471	HCpdtru	3	3.2361	3.5000	4	7	0.02623	0.02933	9	9	4
7472	HCpVbq}	3	3.2361	3.5000	4	7	0.02623	0.02933	9	9	4
7473	HCpVbZx	3	3.2361	3.5000	4	7	0.02623	0.02933	9	9	4
7474	HCpVdrl	3	3.2361	3.5000	4	7	0.02623	0.02933	9	9	4
7475	HCpVdrt	3	3.2361	3.5000	4	7	0.02623	0.02933	9	8	4
7476	HCpVVa|	3	3.2361	3.5000	4	7	0.02623	0.02933	9	9	4
7477	HCQvdr{	3	3.2361	3.5000	4	7	0.02623	0.02933	9	7	4
7478	HCQvdry	3	3.2361	3.5000	4	7	0.02623	0.02933	9	8	4
7479	HCRSvr{	3	3.2361	3.5000	4	7	0.02623	0.02933	9	8	4
7480	HCRSvZy	3	3.2361	3.5000	4	7	0.02623	0.02933	9	11	4
7481	HCRTtry	3	3.2361	3.5000	4	7	0.02623	0.02933	9	8	4
7482	HCXfRr]	3	3.2361	3.5000	4	7	0.02623	0.02933	9	9	4
7483	HCZbein	3	3.2361	3.5000	4	7	0.02623	0.02933	9	8	4
7484	HCZbeiz	3	3.2361	3.5000	4	7	0.02623	0.02933	9	9	4
7485	HCZbeq|	3	3.2361	3.5000	4	7	0.02623	0.02933	9	8	4
7486	HCZbeqv	3	3.2361	3.5000	4	7	0.02623	0.02933	9	8	4
7487	HCZJfIv	3	3.2361	3.5000	4	7	0.02623	0.02933	9	9	4
7488	HCZJfR]	3	3.2361	3.5000	4	7	0.02623	0.02933	9	9	4
7489	HCZJfRZ	3	3.2361	3.5000	4	7	0.02623	0.02933	9	7	4
7490	HCpbfqn	3	3.2361	3.5000	4	7	0.02623	0.02933	9	7	4
7491	HCRbeyz	3	3.2361	3.5000	4	7	0.02623	0.02933	9	10	4
7492	HCpbfI~	3	3.2361	3.5000	4	8	0.02623	0.02933	9	8	4
7493	HCpbfQ~	3	3.2361	3.5000	4	8	0.02623	0.02933	9	8	4
7494	HCQbrr}	3	3.2361	3.5000	4	8	0.02623	0.02933	9	8	4
7495	HCRbczz	3	3.2361	3.5000	4	8	0.02623	0.02933	9	9	4
7496	HCRbeq~	3	3.2361	3.5000	4	8	0.02623	0.02933	9	8	4
7497	HCZberx	3	3.2361	3.5000	4	7	0.02623	0.02933	9	7	4
7498	HCRbfrx	3	3.2361	3.5000	4	7	0.02623	0.02933	9	7	4
7499	HCpVbv{	3	3.2361	3.5000	4	7	0.02623	0.02933	9	8	4
7500	HCZbe]}	3	3.2361	3.5000	4	7	0.02623	0.02933	9	8	4
7501	HCpVfY}	3	3.2361	3.5000	4	7	0.02623	0.02933	9	9	4
7502	HCpVTx}	3	3.2361	3.5000	4	7	0.02623	0.02933	9	11	4
7503	HCZbeyz	3	3.2361	3.5000	4	7	0.02623	0.02933	9	9	4
7504	HCZbeq~	3	3.2361	3.5000	4	8	0.02623	0.02933	9	7	4
7505	HCOfB`b	4	4.2361	4.5000	5	5	0.02623	0.02933	9	8	5
7506	H?bBBPr	4	4.2361	4.5000	5	6	0.02623	0.02933	9	8	5
7507	H?`ESYr	4	4.2361	4.5000	5	6	0.02623	0.02933	9	8	5
7508	H?`FBPr	4	4.2361	4.5000	5	6	0.02623	0.02933	9	8	5
7509	H?bAVbd	4	4.2361	4.5000	5	6	0.02623	0.02933	9	8	5
7510	H?bAVbL	4	4.2361	4.5000	5	6	0.02623	0.02933	9	7	5
7511	H?bBBPz	4	4.2361	4.5000	5	7	0.02623	0.02933	9	8	5
7512	H?`FBPv	4	4.2361	4.5000	5	7	0.02623	0.02933	9	8	5
7513	H?`FBRr	4	4.2361	4.5000	5	7	0.02623	0.02933	9	7	5
7514	HCQ`fJk	3	3.2361	3.5000	5	6	0.02623	0.02933	9	8	4
7515	HCQTbJM	3	3.2361	3.5000	5	6	0.02623	0.02933	9	9	4
7516	H?bAVjk	4	4.2361	4.5000	5	6	0.02623	0.02933	9	8	5
7517	H?bAVJ{	4	4.2361	4.5000	5	7	0.02623	0.02933	9	7	5
7518	H?bAVZ[	4	4.2361	4.5000	5	6	0.02623	0.02933	9	8	5
7519	HCQ`fRd	3	3.2361	3.5000	5	6	0.02623	0.02933	9	9	4
7520	H?bAUZ{	4	4.2361	4.5000	5	7	0.02623	0.02933	9	7	5
7521	H?bAVbl	4	4.2361	4.5000	5	7	0.02623	0.02933	9	7	5
7522	H?bAVbt	4	4.2361	4.5000	5	7	0.02623	0.02933	9	8	5
7523	H?bBBP~	4	4.2361	4.5000	5	8	0.02623	0.02933	9	7	5
7524	H?bBBRz	4	4.2361	4.5000	5	8	0.02623	0.02933	9	7	5
7525	H?`FBRv	4	4.2361	4.5000	5	8	0.02623	0.02933	9	7	5
7526	H?bAVbN	4	4.2361	4.5000	5	7	0.02623	0.02933	9	7	5
7527	H?`FBRz	4	4.2361	4.5000	5	8	0.02623	0.02933	9	7	5
7528	HCdbN`k	3	3.2361	3.5000	5	5	0.02623	0.02933	9	10	4
7529	HCdebYi	3	3.2361	3.5000	5	5	0.02623	0.02933	9	11	4
7530	HCdbFH{	3	3.2361	3.5000	5	6	0.02623	0.02933	9	10	4
7531	HCdebRd	3	3.2361	3.5000	5	6	0.02623	0.02933	9	10	4
7532	HCQbUi]	3	3.2361	3.5000	5	6	0.02623	0.02933	9	11	4
7533	HCQbUj[	3	3.2361	3.5000	5	6	0.02623	0.02933	9	10	4
7534	HCQtbRM	3	3.2361	3.5000	5	6	0.02623	0.02933	9	10	4
7535	HCQv@qf	3	3.2361	3.5000	5	6	0.02623	0.02933	9	9	4
7536	HCQv@re	3	3.2361	3.5000	5	6	0.02623	0.02933	9	9	4
7537	HCRV@re	3	3.2361	3.5000	5	6	0.02623	0.02933	9	8	4
7538	HCQbbqr	3	3.2361	3.5000	5	6	0.02623	0.02933	9	8	4
7539	HCQbcvY	3	3.2361	3.5000	5	6	0.02623	0.02933	9	8	4
7540	HCQbed\	3	3.2361	3.5000	5	6	0.02623	0.02933	9	9	4
7541	HCQbedx	3	3.2361	3.5000	5	6	0.02623	0.02933	9	8	4
7542	HCQbeTm	3	3.2361	3.5000	5	6	0.02623	0.02933	9	9	4
7543	HCQbeTy	3	3.2361	3.5000	5	6	0.02623	0.02933	9	8	4
7544	HCQbeVY	3	3.2361	3.5000	5	6	0.02623	0.02933	9	8	4
7545	HCQbfPr	3	3.2361	3.5000	5	6	0.02623	0.02933	9	8	4
7546	HCQbfQf	3	3.2361	3.5000	5	6	0.02623	0.02933	9	9	4
7547	HCQbfQt	3	3.2361	3.5000	5	6	0.02623	0.02933	9	9	4
7548	HCQbSl\	3	3.2361	3.5000	5	6	0.02623	0.02933	9	10	4
7549	HCQbUd\	3	3.2361	3.5000	5	6	0.02623	0.02933	9	9	4
7550	HCQbUdx	3	3.2361	3.5000	5	6	0.02623	0.02933	9	9	4
7551	HCQeRL\	3	3.2361	3.5000	5	6	0.02623	0.02933	9	9	4
7552	HCQ`fZk	3	3.2361	3.5000	5	7	0.02623	0.02933	9	8	4
7553	HCQbeSn	3	3.2361	3.5000	5	6	0.02623	0.02933	9	9	4
7554	HCQb`vJ	3	3.2361	3.5000	5	6	0.02623	0.02933	9	9	4
7555	HCdebRJ	3	3.2361	3.5000	5	6	0.02623	0.02933	9	10	4
7556	HCQbdYu	3	3.2361	3.5000	5	6	0.02623	0.02933	9	9	4
7557	HCQbfIu	3	3.2361	3.5000	5	6	0.02623	0.02933	9	9	4
7558	HCQbbdy	3	3.2361	3.5000	5	6	0.02623	0.02933	9	8	4
7559	HCQbcuu	3	3.2361	3.5000	5	6	0.02623	0.02933	9	9	4
7560	HCQbdfd	3	3.2361	3.5000	5	6	0.02623	0.02933	9	9	4
7561	HCQbdYr	3	3.2361	3.5000	5	6	0.02623	0.02933	9	9	4
7562	HCQbRdx	3	3.2361	3.5000	5	6	0.02623	0.02933	9	8	4
7563	HCQbRL\	3	3.2361	3.5000	5	6	0.02623	0.02933	9	9	4
7564	HCQbRLx	3	3.2361	3.5000	5	6	0.02623	0.02933	9	9	4
7565	HCQbUh\	3	3.2361	3.5000	5	6	0.02623	0.02933	9	10	4
7566	HCQb`uu	3	3.2361	3.5000	5	6	0.02623	0.02933	9	9	4
7567	HCQeeT]	3	3.2361	3.5000	5	6	0.02623	0.02933	9	9	4
7568	HCQeUi]	3	3.2361	3.5000	5	6	0.02623	0.02933	9	10	4
7569	HCOfdqf	3	3.2361	3.5000	5	6	0.02623	0.02933	9	9	4
7570	HCOfdrJ	3	3.2361	3.5000	5	6	0.02623	0.02933	9	9	4
7571	HCQbcuf	3	3.2361	3.5000	5	6	0.02623	0.02933	9	9	4
7572	HCQbeUZ	3	3.2361	3.5000	5	6	0.02623	0.02933	9	9	4
7573	H?bAVjm	4	4.2361	4.5000	5	7	0.02623	0.02933	9	9	5
7574	HCOedrN	3	3.2361	3.5000	5	7	0.02623	0.02933	9	8	4
7575	HCQ`fI}	3	3.2361	3.5000	5	7	0.02623	0.02933	9	9	4
7576	HCQ`fIz	3	3.2361	3.5000	5	7	0.02623	0.02933	9	8	4
7577	HCQ`fJu	3	3.2361	3.5000	5	7	0.02623	0.02933	9	8	4
7578	HCQ`fRt	3	3.2361	3.5000	5	7	0.02623	0.02933	9	8	4
7579	HCQTbIn	3	3.2361	3.5000	5	7	0.02623	0.02933	9	8	4
7580	H?bAVb|	4	4.2361	4.5000	5	8	0.02623	0.02933	9	7	5
7581	H?bAVJ}	4	4.2361	4.5000	5	8	0.02623	0.02933	9	8	5
7582	H?bAVbn	4	4.2361	4.5000	5	8	0.02623	0.02933	9	7	5
7583	H?bBBR~	4	4.2361	4.5000	5	9	0.02623	0.02933	9	6	5
7584	H?`FBR~	4	4.2361	4.5000	5	9	0.02623	0.02933	9	6	5
7585	HCQv@qu	3	3.2361	3.5000	5	6	0.02623	0.02933	9	9	4
7586	HCRV@rU	3	3.2361	3.5000	5	6	0.02623	0.02933	9	8	4
7587	HCQbRdy	3	3.2361	3.5000	5	6	0.02623	0.02933	9	9	4
7588	HCQbRfi	3	3.2361	3.5000	5	6	0.02623	0.02933	9	9	4
7589	HCQbRbj	3	3.2361	3.5000	5	7	0.02623	0.02933	9	8	4
7590	HCdbEq]	3	3.2361	3.5000	5	6	0.02623	0.02933	9	9	4
7591	HCdebQy	3	3.2361	3.5000	5	6	0.02623	0.02933	9	10	4
7592	HCQbdZd	3	3.2361	3.5000	5	6	0.02623	0.02933	9	9	4
7593	HCQbQ\x	3	3.2361	3.5000	5	6	0.02623	0.02933	9	9	4
7594	HCQbQzJ	3	3.2361	3.5000	5	6	0.02623	0.02933	9	9	4
7595	HCQbUT]	3	3.2361	3.5000	5	6	0.02623	0.02933	9	10	4
7596	HCQbUTx	3	3.2361	3.5000	5	6	0.02623	0.02933	9	9	4
7597	HCQRDy{	3	3.2361	3.5000	5	7	0.02623	0.02933	9	9	4
7598	HCOfdqV	3	3.2361	3.5000	5	6	0.02623	0.02933	9	9	4
7599	HCQbeTN	3	3.2361	3.5000	5	6	0.02623	0.02933	9	9	4
7600	HCpbeq]	3	3.2361	3.5000	5	6	0.02623	0.02933	9	9	4
7601	HCpbeq{	3	3.2361	3.5000	5	6	0.02623	0.02933	9	10	4
7602	HCpdRjs	3	3.2361	3.5000	5	6	0.02623	0.02933	9	9	4
7603	HCpdbq\	3	3.2361	3.5000	5	6	0.02623	0.02933	9	9	4
7604	HCQbd]{	3	3.2361	3.5000	5	6	0.02623	0.02933	9	8	4
7605	HCQbd^k	3	3.2361	3.5000	5	6	0.02623	0.02933	9	8	4
7606	HCQbd^s	3	3.2361	3.5000	5	6	0.02623	0.02933	9	8	4
7607	HCQbfY{	3	3.2361	3.5000	5	6	0.02623	0.02933	9	8	4
7608	HCQbfZs	3	3.2361	3.5000	5	6	0.02623	0.02933	9	8	4
7609	HCQfJiy	3	3.2361	3.5000	5	6	0.02623	0.02933	9	9	4
7610	HCQvCtt	3	3.2361	3.5000	5	6	0.02623	0.02933	9	9	4
7611	HCQVdW}	3	3.2361	3.5000	5	6	0.02623	0.02933	9	8	4
7612	HCQv@um	3	3.2361	3.5000	5	6	0.02623	0.02933	9	8	4
7613	HCQe^Pr	3	3.2361	3.5000	5	6	0.02623	0.02933	9	8	4
7614	HCQfbgz	3	3.2361	3.5000	5	6	0.02623	0.02933	9	8	4
7615	HCQfJgz	3	3.2361	3.5000	5	6	0.02623	0.02933	9	8	4
7616	HCQbdZ{	3	3.2361	3.5000	5	7	0.02623	0.02933	9	7	4
7617	HCQbfJ{	3	3.2361	3.5000	5	7	0.02623	0.02933	9	7	4
7618	H?bAVzu	4	4.2361	4.5000	5	7	0.02623	0.02933	9	8	5
7619	HCdbNbk	3	3.2361	3.5000	5	6	0.02623	0.02933	9	10	4
7620	HCdebZk	3	3.2361	3.5000	5	6	0.02623	0.02933	9	10	4
7621	HCpbdpm	3	3.2361	3.5000	5	6	0.02623	0.02933	9	11	4
7622	HCpbdpu	3	3.2361	3.5000	5	6	0.02623	0.02933	9	11	4
7623	HCpdbhu	3	3.2361	3.5000	5	6	0.02623	0.02933	9	10	4
7624	HCpdbje	3	3.2361	3.5000	5	6	0.02623	0.02933	9	11	4
7625	HCXecxm	3	3.2361	3.5000	5	6	0.02623	0.02933	9	10	4
7626	HCdbFjk	3	3.2361	3.5000	5	6	0.02623	0.02933	9	9	4
7627	HCdedim	3	3.2361	3.5000	5	6	0.02623	0.02933	9	10	4
7628	HCpbdhr	3	3.2361	3.5000	5	6	0.02623	0.02933	9	9	4
7629	HCpbdov	3	3.2361	3.5000	5	6	0.02623	0.02933	9	10	4
7630	HCpbdpf	3	3.2361	3.5000	5	6	0.02623	0.02933	9	10	4
7631	HCpbdpr	3	3.2361	3.5000	5	6	0.02623	0.02933	9	10	4
7632	HCpbere	3	3.2361	3.5000	5	6	0.02623	0.02933	9	10	4
7633	HCpbfPu	3	3.2361	3.5000	5	6	0.02623	0.02933	9	10	4
7634	HCpdboz	3	3.2361	3.5000	5	6	0.02623	0.02933	9	10	4
7635	HCpdbpr	3	3.2361	3.5000	5	6	0.02623	0.02933	9	10	4
7636	HCpdcxN	3	3.2361	3.5000	5	6	0.02623	0.02933	9	10	4
7637	HCpdcxZ	3	3.2361	3.5000	5	6	0.02623	0.02933	9	9	4
7638	HCpdcz[	3	3.2361	3.5000	5	6	0.02623	0.02933	9	9	4
7639	HCpddgz	3	3.2361	3.5000	5	6	0.02623	0.02933	9	9	4
7640	HCpdehZ	3	3.2361	3.5000	5	6	0.02623	0.02933	9	9	4
7641	HCpdfRM	3	3.2361	3.5000	5	6	0.02623	0.02933	9	10	4
7642	HCQbUz[	3	3.2361	3.5000	5	7	0.02623	0.02933	9	9	4
7643	HCQfJji	3	3.2361	3.5000	5	6	0.02623	0.02933	9	9	4
7644	HCQrVbL	3	3.2361	3.5000	5	6	0.02623	0.02933	9	10	4
7645	HCQvAvM	3	3.2361	3.5000	5	6	0.02623	0.02933	9	10	4
7646	HCQvAvY	3	3.2361	3.5000	5	6	0.02623	0.02933	9	9	4
7647	HCQvCt\	3	3.2361	3.5000	5	6	0.02623	0.02933	9	9	4
7648	HCRbcxm	3	3.2361	3.5000	5	6	0.02623	0.02933	9	11	4
7649	HCRbdjk	3	3.2361	3.5000	5	6	0.02623	0.02933	9	10	4
7650	HCRbepm	3	3.2361	3.5000	5	6	0.02623	0.02933	9	10	4
7651	HCR`rgz	3	3.2361	3.5000	5	6	0.02623	0.02933	9	9	4
7652	HCR`rir	3	3.2361	3.5000	5	6	0.02623	0.02933	9	9	4
7653	HCR`urd	3	3.2361	3.5000	5	6	0.02623	0.02933	9	8	4
7654	HCXecxN	3	3.2361	3.5000	5	6	0.02623	0.02933	9	9	4
7655	HCXedVX	3	3.2361	3.5000	5	6	0.02623	0.02933	9	9	4
7656	HCXefPy	3	3.2361	3.5000	5	6	0.02623	0.02933	9	10	4
7657	HCpbbhZ	3	3.2361	3.5000	5	6	0.02623	0.02933	9	9	4
7658	HCpbbjR	3	3.2361	3.5000	5	6	0.02623	0.02933	9	8	4
7659	HCpbfJJ	3	3.2361	3.5000	5	6	0.02623	0.02933	9	9	4
7660	HCpbfJX	3	3.2361	3.5000	5	6	0.02623	0.02933	9	9	4
7661	HCpbfPr	3	3.2361	3.5000	5	6	0.02623	0.02933	9	9	4
7662	HCpdejh	3	3.2361	3.5000	5	6	0.02623	0.02933	9	9	4
7663	HCQbrqr	3	3.2361	3.5000	5	6	0.02623	0.02933	9	8	4
7664	HCQbv_z	3	3.2361	3.5000	5	6	0.02623	0.02933	9	8	4
7665	HCQevPr	3	3.2361	3.5000	5	6	0.02623	0.02933	9	8	4
7666	HCQfdre	3	3.2361	3.5000	5	6	0.02623	0.02933	9	9	4
7667	HCQfeoz	3	3.2361	3.5000	5	6	0.02623	0.02933	9	8	4
7668	HCQffPr	3	3.2361	3.5000	5	6	0.02623	0.02933	9	8	4
7669	HCQfRXr	3	3.2361	3.5000	5	6	0.02623	0.02933	9	8	4
7670	HCQVdrM	3	3.2361	3.5000	5	6	0.02623	0.02933	9	10	4
7671	HCQvDX\	3	3.2361	3.5000	5	6	0.02623	0.02933	9	9	4
7672	HCQVdZe	3	3.2361	3.5000	5	6	0.02623	0.02933	9	9	4
7673	HCQvEfh	3	3.2361	3.5000	5	6	0.02623	0.02933	9	9	4
7674	HCQVfJM	3	3.2361	3.5000	5	6	0.02623	0.02933	9	9	4
7675	HCQVfRM	3	3.2361	3.5000	5	6	0.02623	0.02933	9	9	4
7676	HCRbdh\	3	3.2361	3.5000	5	6	0.02623	0.02933	9	9	4
7677	HCRbepf	3	3.2361	3.5000	5	6	0.02623	0.02933	9	9	4
7678	HCRberd	3	3.2361	3.5000	5	6	0.02623	0.02933	9	9	4
7679	HCRctVX	3	3.2361	3.5000	5	6	0.02623	0.02933	9	9	4
7680	HCRcujh	3	3.2361	3.5000	5	6	0.02623	0.02933	9	9	4
7681	HCRVBjX	3	3.2361	3.5000	5	6	0.02623	0.02933	9	8	4
7682	HCRVDZe	3	3.2361	3.5000	5	6	0.02623	0.02933	9	9	4
7683	HCXedSv	3	3.2361	3.5000	5	6	0.02623	0.02933	9	10	4
7684	HCdebRm	3	3.2361	3.5000	5	7	0.02623	0.02933	9	9	4
7685	HCdebRt	3	3.2361	3.5000	5	7	0.02623	0.02933	9	9	4
7686	HCQbbrf	3	3.2361	3.5000	5	7	0.02623	0.02933	9	8	4
7687	HCQbcv]	3	3.2361	3.5000	5	7	0.02623	0.02933	9	7	4
7688	HCQbcvy	3	3.2361	3.5000	5	7	0.02623	0.02933	9	7	4
7689	HCQbdj{	3	3.2361	3.5000	5	7	0.02623	0.02933	9	8	4
7690	HCQbdZm	3	3.2361	3.5000	5	7	0.02623	0.02933	9	8	4
7691	HCQbdZx	3	3.2361	3.5000	5	7	0.02623	0.02933	9	8	4
7692	HCQbeS~	3	3.2361	3.5000	5	7	0.02623	0.02933	9	8	4
7693	HCQbeT}	3	3.2361	3.5000	5	7	0.02623	0.02933	9	9	4
7694	HCQbeV]	3	3.2361	3.5000	5	7	0.02623	0.02933	9	7	4
7695	HCQbeVm	3	3.2361	3.5000	5	7	0.02623	0.02933	9	8	4
7696	HCQbeVy	3	3.2361	3.5000	5	7	0.02623	0.02933	9	7	4
7697	HCQbfJm	3	3.2361	3.5000	5	7	0.02623	0.02933	9	7	4
7698	HCQbfJx	3	3.2361	3.5000	5	7	0.02623	0.02933	9	8	4
7699	HCQbfPv	3	3.2361	3.5000	5	7	0.02623	0.02933	9	8	4
7700	HCQbQzr	3	3.2361	3.5000	5	7	0.02623	0.02933	9	8	4
7701	HCQbRrV	3	3.2361	3.5000	5	7	0.02623	0.02933	9	9	4
7702	HCQb`vy	3	3.2361	3.5000	5	7	0.02623	0.02933	9	7	4
7703	HCQeQxv	3	3.2361	3.5000	5	7	0.02623	0.02933	9	8	4
7704	HCQ`fj{	3	3.2361	3.5000	5	7	0.02623	0.02933	9	7	4
7705	HCQv@pv	3	3.2361	3.5000	5	7	0.02623	0.02933	9	8	4
7706	HCQv@rf	3	3.2361	3.5000	5	7	0.02623	0.02933	9	8	4
7707	HCQv@rm	3	3.2361	3.5000	5	7	0.02623	0.02933	9	9	4
7708	HCRV@rf	3	3.2361	3.5000	5	7	0.02623	0.02933	9	7	4
7709	HCRV@rm	3	3.2361	3.5000	5	7	0.02623	0.02933	9	8	4
7710	HCpbepm	3	3.2361	3.5000	5	6	0.02623	0.02933	9	11	4
7711	HCpddoz	3	3.2361	3.5000	5	6	0.02623	0.02933	9	9	4
7712	HCRbfIu	3	3.2361	3.5000	5	6	0.02623	0.02933	9	10	4
7713	HCXecxl	3	3.2361	3.5000	5	6	0.02623	0.02933	9	10	4
7714	HCpbbhr	3	3.2361	3.5000	5	6	0.02623	0.02933	9	9	4
7715	HCpbepf	3	3.2361	3.5000	5	6	0.02623	0.02933	9	10	4
7716	HCpbepr	3	3.2361	3.5000	5	6	0.02623	0.02933	9	10	4
7717	HCpbepV	3	3.2361	3.5000	5	6	0.02623	0.02933	9	9	4
7718	HCpbfPf	3	3.2361	3.5000	5	6	0.02623	0.02933	9	9	4
7719	HCpbUoz	3	3.2361	3.5000	5	6	0.02623	0.02933	9	10	4
7720	HCpdcyf	3	3.2361	3.5000	5	6	0.02623	0.02933	9	9	4
7721	HCpddqf	3	3.2361	3.5000	5	6	0.02623	0.02933	9	9	4
7722	HCpdeVT	3	3.2361	3.5000	5	6	0.02623	0.02933	9	10	4
7723	HCQeupr	3	3.2361	3.5000	5	6	0.02623	0.02933	9	7	4
7724	HCQfJjT	3	3.2361	3.5000	5	6	0.02623	0.02933	9	9	4
7725	HCQuVRR	3	3.2361	3.5000	5	6	0.02623	0.02933	9	10	4
7726	HCQvDYr	3	3.2361	3.5000	5	6	0.02623	0.02933	9	8	4
7727	HCQvDZe	3	3.2361	3.5000	5	6	0.02623	0.02933	9	9	4
7728	HCQVfHr	3	3.2361	3.5000	5	6	0.02623	0.02933	9	9	4
7729	HCRbfHu	3	3.2361	3.5000	5	6	0.02623	0.02933	9	10	4
7730	HCRbfJU	3	3.2361	3.5000	5	6	0.02623	0.02933	9	9	4
7731	HCRctUl	3	3.2361	3.5000	5	6	0.02623	0.02933	9	10	4
7732	HCRctVM	3	3.2361	3.5000	5	6	0.02623	0.02933	9	9	4
7733	HCRUQzp	3	3.2361	3.5000	5	6	0.02623	0.02933	9	10	4
7734	HCQfdqf	3	3.2361	3.5000	5	6	0.02623	0.02933	9	9	4
7735	HCQfJhN	3	3.2361	3.5000	5	6	0.02623	0.02933	9	9	4
7736	HCQVdrJ	3	3.2361	3.5000	5	6	0.02623	0.02933	9	9	4
7737	HCdebRj	3	3.2361	3.5000	5	7	0.02623	0.02933	9	9	4
7738	HCdebRl	3	3.2361	3.5000	5	7	0.02623	0.02933	9	10	4
7739	HCOfdrf	3	3.2361	3.5000	5	7	0.02623	0.02933	9	8	4
7740	HCQbbe}	3	3.2361	3.5000	5	7	0.02623	0.02933	9	9	4
7741	HCQbbqv	3	3.2361	3.5000	5	7	0.02623	0.02933	9	9	4
7742	HCQbbrr	3	3.2361	3.5000	5	7	0.02623	0.02933	9	7	4
7743	HCQbcvf	3	3.2361	3.5000	5	7	0.02623	0.02933	9	8	4
7744	HCQbcvj	3	3.2361	3.5000	5	7	0.02623	0.02933	9	8	4
7745	HCQbcvu	3	3.2361	3.5000	5	7	0.02623	0.02933	9	9	4
7746	HCQbdfy	3	3.2361	3.5000	5	7	0.02623	0.02933	9	8	4
7747	HCQbdZj	3	3.2361	3.5000	5	7	0.02623	0.02933	9	8	4
7748	HCQbdZr	3	3.2361	3.5000	5	7	0.02623	0.02933	9	8	4
7749	HCQbdZu	3	3.2361	3.5000	5	7	0.02623	0.02933	9	9	4
7750	HCQbeen	3	3.2361	3.5000	5	7	0.02623	0.02933	9	8	4
7751	HCQbeU^	3	3.2361	3.5000	5	7	0.02623	0.02933	9	8	4
7752	HCQbeUn	3	3.2361	3.5000	5	7	0.02623	0.02933	9	8	4
7753	HCQbeUz	3	3.2361	3.5000	5	7	0.02623	0.02933	9	8	4
7754	HCQbfJj	3	3.2361	3.5000	5	7	0.02623	0.02933	9	8	4
7755	HCQbfJu	3	3.2361	3.5000	5	7	0.02623	0.02933	9	8	4
7756	HCQbfQv	3	3.2361	3.5000	5	7	0.02623	0.02933	9	9	4
7757	HCQbfRf	3	3.2361	3.5000	5	7	0.02623	0.02933	9	8	4
7758	HCQbfRr	3	3.2361	3.5000	5	7	0.02623	0.02933	9	7	4
7759	HCQbQxv	3	3.2361	3.5000	5	7	0.02623	0.02933	9	8	4
7760	HCQbQzf	3	3.2361	3.5000	5	7	0.02623	0.02933	9	9	4
7761	HCQbQzt	3	3.2361	3.5000	5	7	0.02623	0.02933	9	10	4
7762	HCQbQzV	3	3.2361	3.5000	5	7	0.02623	0.02933	9	9	4
7763	HCQbRfx	3	3.2361	3.5000	5	7	0.02623	0.02933	9	8	4
7764	HCQbRpv	3	3.2361	3.5000	5	7	0.02623	0.02933	9	8	4
7765	HCQbRrf	3	3.2361	3.5000	5	7	0.02623	0.02933	9	9	4
7766	HCQbRrr	3	3.2361	3.5000	5	7	0.02623	0.02933	9	8	4
7767	HCQeQzf	3	3.2361	3.5000	5	7	0.02623	0.02933	9	9	4
7768	HCQeQzt	3	3.2361	3.5000	5	7	0.02623	0.02933	9	10	4
7769	HCQfLXN	3	3.2361	3.5000	5	6	0.02623	0.02933	9	9	4
7770	HCOfdrj	3	3.2361	3.5000	5	7	0.02623	0.02933	9	8	4
7771	HCQeQzV	3	3.2361	3.5000	5	7	0.02623	0.02933	9	9	4
7772	HCQ`fRv	3	3.2361	3.5000	5	8	0.02623	0.02933	9	9	4
7773	H?bAVb~	4	4.2361	4.5000	5	9	0.02623	0.02933	9	6	5
7774	HCpbbgv	3	3.2361	3.5000	5	6	0.02623	0.02933	9	9	4
7775	HCpbdqr	3	3.2361	3.5000	5	6	0.02623	0.02933	9	10	4
7776	HCpbbhV	3	3.2361	3.5000	5	6	0.02623	0.02933	9	8	4
7777	HCpbfPj	3	3.2361	3.5000	5	6	0.02623	0.02933	9	9	4
7778	HCpdczJ	3	3.2361	3.5000	5	6	0.02623	0.02933	9	9	4
7779	HCpddrJ	3	3.2361	3.5000	5	6	0.02623	0.02933	9	9	4
7780	HCQfdqu	3	3.2361	3.5000	5	6	0.02623	0.02933	9	8	4
7781	HCQfHyl	3	3.2361	3.5000	5	6	0.02623	0.02933	9	9	4
7782	HCRbczL	3	3.2361	3.5000	5	6	0.02623	0.02933	9	10	4
7783	HCR`rit	3	3.2361	3.5000	5	6	0.02623	0.02933	9	9	4
7784	HCR`rjT	3	3.2361	3.5000	5	6	0.02623	0.02933	9	9	4
7785	HCRVDZU	3	3.2361	3.5000	5	6	0.02623	0.02933	9	9	4
7786	HCQfMi]	3	3.2361	3.5000	5	6	0.02623	0.02933	9	9	4
7787	HCQbbpz	3	3.2361	3.5000	5	7	0.02623	0.02933	9	9	4
7788	HCQbbrZ	3	3.2361	3.5000	5	7	0.02623	0.02933	9	9	4
7789	HCQbct^	3	3.2361	3.5000	5	7	0.02623	0.02933	9	8	4
7790	HCQbfPn	3	3.2361	3.5000	5	7	0.02623	0.02933	9	9	4
7791	HCQbfPz	3	3.2361	3.5000	5	7	0.02623	0.02933	9	9	4
7792	HCQbfRj	3	3.2361	3.5000	5	7	0.02623	0.02933	9	8	4
7793	HCQbfRl	3	3.2361	3.5000	5	7	0.02623	0.02933	9	9	4
7794	HCQb`vj	3	3.2361	3.5000	5	7	0.02623	0.02933	9	8	4
7795	HCQv@qv	3	3.2361	3.5000	5	7	0.02623	0.02933	9	9	4
7796	HCQv@ru	3	3.2361	3.5000	5	7	0.02623	0.02933	9	9	4
7797	HCRV@ru	3	3.2361	3.5000	5	7	0.02623	0.02933	9	8	4
7798	HCRV@rV	3	3.2361	3.5000	5	7	0.02623	0.02933	9	7	4
7799	HCpbdqx	3	3.2361	3.5000	5	6	0.02623	0.02933	9	10	4
7800	HCpbdqZ	3	3.2361	3.5000	5	6	0.02623	0.02933	9	10	4
7801	HCpbdrX	3	3.2361	3.5000	5	6	0.02623	0.02933	9	10	4
7802	HCXecyZ	3	3.2361	3.5000	5	6	0.02623	0.02933	9	9	4
7803	HCXeczR	3	3.2361	3.5000	5	6	0.02623	0.02933	9	9	4
7804	HCpbbhf	3	3.2361	3.5000	5	6	0.02623	0.02933	9	9	4
7805	HCpbbht	3	3.2361	3.5000	5	6	0.02623	0.02933	9	9	4
7806	HCpbfHf	3	3.2361	3.5000	5	6	0.02623	0.02933	9	9	4
7807	HCpbfJd	3	3.2361	3.5000	5	6	0.02623	0.02933	9	9	4
7808	HCpbfRh	3	3.2361	3.5000	5	6	0.02623	0.02933	9	9	4
7809	HCpbfRJ	3	3.2361	3.5000	5	6	0.02623	0.02933	9	9	4
7810	HCpbfRX	3	3.2361	3.5000	5	6	0.02623	0.02933	9	9	4
7811	HCpdczR	3	3.2361	3.5000	5	6	0.02623	0.02933	9	9	4
7812	HCpddqV	3	3.2361	3.5000	5	6	0.02623	0.02933	9	9	4
7813	HCpddrR	3	3.2361	3.5000	5	6	0.02623	0.02933	9	9	4
7814	HCQbrpj	3	3.2361	3.5000	5	6	0.02623	0.02933	9	9	4
7815	HCQfHym	3	3.2361	3.5000	5	6	0.02623	0.02933	9	9	4
7816	HCQVfI]	3	3.2361	3.5000	5	6	0.02623	0.02933	9	9	4
7817	HCRbcy\	3	3.2361	3.5000	5	6	0.02623	0.02933	9	10	4
7818	HCRbczT	3	3.2361	3.5000	5	6	0.02623	0.02933	9	9	4
7819	HCRbdi\	3	3.2361	3.5000	5	6	0.02623	0.02933	9	10	4
7820	HCR`rhl	3	3.2361	3.5000	5	6	0.02623	0.02933	9	9	4
7821	HCR`rht	3	3.2361	3.5000	5	6	0.02623	0.02933	9	9	4
7822	HCR`vHt	3	3.2361	3.5000	5	6	0.02623	0.02933	9	9	4
7823	HCQfdqV	3	3.2361	3.5000	5	6	0.02623	0.02933	9	9	4
7824	HCQfdrR	3	3.2361	3.5000	5	6	0.02623	0.02933	9	9	4
7825	HCQfLWv	3	3.2361	3.5000	5	6	0.02623	0.02933	9	9	4
7826	HCQUnay	3	3.2361	3.5000	5	6	0.02623	0.02933	9	9	4
7827	HCRVDil	3	3.2361	3.5000	5	6	0.02623	0.02933	9	9	4
7828	HCdebRy	3	3.2361	3.5000	5	7	0.02623	0.02933	9	9	4
7829	HCOfdrV	3	3.2361	3.5000	5	7	0.02623	0.02933	9	8	4
7830	HCQbdZt	3	3.2361	3.5000	5	7	0.02623	0.02933	9	8	4
7831	HCQbeT^	3	3.2361	3.5000	5	7	0.02623	0.02933	9	8	4
7832	HCQbfI|	3	3.2361	3.5000	5	7	0.02623	0.02933	9	9	4
7833	HCQbfIn	3	3.2361	3.5000	5	7	0.02623	0.02933	9	8	4
7834	HCQbQzj	3	3.2361	3.5000	5	7	0.02623	0.02933	9	9	4
7835	HCQbRp^	3	3.2361	3.5000	5	7	0.02623	0.02933	9	9	4
7836	HCQbRrj	3	3.2361	3.5000	5	7	0.02623	0.02933	9	9	4
7837	HCQeQxz	3	3.2361	3.5000	5	7	0.02623	0.02933	9	10	4
7838	HCQeQzj	3	3.2361	3.5000	5	7	0.02623	0.02933	9	9	4
7839	HCdenPy	3	3.2361	3.5000	5	6	0.02623	0.02933	9	9	4
7840	HCdffPy	3	3.2361	3.5000	5	6	0.02623	0.02933	9	8	4
7841	HCpbdz[	3	3.2361	3.5000	5	6	0.02623	0.02933	9	9	4
7842	HCpbdze	3	3.2361	3.5000	5	6	0.02623	0.02933	9	10	4
7843	HCpbfqy	3	3.2361	3.5000	5	6	0.02623	0.02933	9	9	4
7844	HCpVTjs	3	3.2361	3.5000	5	6	0.02623	0.02933	9	10	4
7845	HCZbere	3	3.2361	3.5000	5	6	0.02623	0.02933	9	8	4
7846	HCZberk	3	3.2361	3.5000	5	6	0.02623	0.02933	9	8	4
7847	HCpdmgz	3	3.2361	3.5000	5	6	0.02623	0.02933	9	8	4
7848	HCpdnGz	3	3.2361	3.5000	5	6	0.02623	0.02933	9	9	4
7849	HCpejri	3	3.2361	3.5000	5	6	0.02623	0.02933	9	8	4
7850	HCpfbgz	3	3.2361	3.5000	5	6	0.02623	0.02933	9	9	4
7851	HCpfbri	3	3.2361	3.5000	5	6	0.02623	0.02933	9	8	4
7852	HCpfcxr	3	3.2361	3.5000	5	6	0.02623	0.02933	9	9	4
7853	HCpfdpV	3	3.2361	3.5000	5	6	0.02623	0.02933	9	9	4
7854	HCpf`xr	3	3.2361	3.5000	5	6	0.02623	0.02933	9	9	4
7855	HCpUvGz	3	3.2361	3.5000	5	6	0.02623	0.02933	9	8	4
7856	HCpUvJk	3	3.2361	3.5000	5	6	0.02623	0.02933	9	8	4
7857	HCR`~bU	3	3.2361	3.5000	5	6	0.02623	0.02933	9	8	4
7858	HCRc}pr	3	3.2361	3.5000	5	6	0.02623	0.02933	9	9	4
7859	HCRc~`r	3	3.2361	3.5000	5	6	0.02623	0.02933	9	9	4
7860	HCRen_z	3	3.2361	3.5000	5	6	0.02623	0.02933	9	8	4
7861	HCR`~`r	3	3.2361	3.5000	5	6	0.02623	0.02933	9	8	4
7862	HCrRRrk	3	3.2361	3.5000	5	6	0.02623	0.02933	9	8	4
7863	HCZJfbd	3	3.2361	3.5000	5	6	0.02623	0.02933	9	8	4
7864	HCpfbpV	3	3.2361	3.5000	5	6	0.02623	0.02933	9	8	4
7865	HCpVVbe	3	3.2361	3.5000	5	6	0.02623	0.02933	9	8	4
7866	HCQbfZ{	3	3.2361	3.5000	5	7	0.02623	0.02933	9	7	4
7867	HCQfJj{	3	3.2361	3.5000	5	7	0.02623	0.02933	9	7	4
7868	HCpbdzY	3	3.2361	3.5000	5	6	0.02623	0.02933	9	11	4
7869	HCpdrhu	3	3.2361	3.5000	5	6	0.02623	0.02933	9	10	4
7870	HCpVbY\	3	3.2361	3.5000	5	6	0.02623	0.02933	9	10	4
7871	HCpVbZ[	3	3.2361	3.5000	5	6	0.02623	0.02933	9	9	4
7872	HCqjbfq	3	3.2361	3.5000	5	6	0.02623	0.02933	9	9	4
7873	HCZbehy	3	3.2361	3.5000	5	6	0.02623	0.02933	9	10	4
7874	HCZbeiu	3	3.2361	3.5000	5	6	0.02623	0.02933	9	9	4
7875	HCZJddx	3	3.2361	3.5000	5	6	0.02623	0.02933	9	10	4
7876	HCdffPZ	3	3.2361	3.5000	5	6	0.02623	0.02933	9	8	4
7877	HCpbtpr	3	3.2361	3.5000	5	6	0.02623	0.02933	9	9	4
7878	HCpbtqy	3	3.2361	3.5000	5	6	0.02623	0.02933	9	8	4
7879	HCpbuq]	3	3.2361	3.5000	5	6	0.02623	0.02933	9	8	4
7880	HCpdjpr	3	3.2361	3.5000	5	6	0.02623	0.02933	9	10	4
7881	HCpdlpr	3	3.2361	3.5000	5	6	0.02623	0.02933	9	9	4
7882	HCpdmhr	3	3.2361	3.5000	5	6	0.02623	0.02933	9	8	4
7883	HCpdnHr	3	3.2361	3.5000	5	6	0.02623	0.02933	9	9	4
7884	HCpdnJp	3	3.2361	3.5000	5	6	0.02623	0.02933	9	10	4
7885	HCpeloz	3	3.2361	3.5000	5	6	0.02623	0.02933	9	9	4
7886	HCpeujw	3	3.2361	3.5000	5	6	0.02623	0.02933	9	8	4
7887	HCpevb[	3	3.2361	3.5000	5	6	0.02623	0.02933	9	9	4
7888	HCpevGz	3	3.2361	3.5000	5	6	0.02623	0.02933	9	10	4
7889	HCpfazM	3	3.2361	3.5000	5	6	0.02623	0.02933	9	10	4
7890	HCpfcxV	3	3.2361	3.5000	5	6	0.02623	0.02933	9	9	4
7891	HCpfdhr	3	3.2361	3.5000	5	6	0.02623	0.02933	9	9	4
7892	HCpfdhV	3	3.2361	3.5000	5	6	0.02623	0.02933	9	9	4
7893	HCpfdpr	3	3.2361	3.5000	5	6	0.02623	0.02933	9	9	4
7894	HCpfJWz	3	3.2361	3.5000	5	6	0.02623	0.02933	9	9	4
7895	HCpfLpr	3	3.2361	3.5000	5	6	0.02623	0.02933	9	10	4
7896	HCpfRhu	3	3.2361	3.5000	5	6	0.02623	0.02933	9	9	4
7897	HCpfRhx	3	3.2361	3.5000	5	6	0.02623	0.02933	9	10	4
7898	HCpUvHu	3	3.2361	3.5000	5	6	0.02623	0.02933	9	9	4
7899	HCpVTiu	3	3.2361	3.5000	5	6	0.02623	0.02933	9	10	4
7900	HCpVTjq	3	3.2361	3.5000	5	6	0.02623	0.02933	9	10	4
7901	HCpVUhx	3	3.2361	3.5000	5	6	0.02623	0.02933	9	9	4
7902	HCpVUjs	3	3.2361	3.5000	5	6	0.02623	0.02933	9	10	4
7903	HCpVUjw	3	3.2361	3.5000	5	6	0.02623	0.02933	9	9	4
7904	HCpVV`\	3	3.2361	3.5000	5	6	0.02623	0.02933	9	9	4
7905	HCpVVb[	3	3.2361	3.5000	5	6	0.02623	0.02933	9	9	4
7906	HCQverM	3	3.2361	3.5000	5	6	0.02623	0.02933	9	9	4
7907	HCRblrd	3	3.2361	3.5000	5	6	0.02623	0.02933	9	10	4
7908	HCRczrT	3	3.2361	3.5000	5	6	0.02623	0.02933	9	10	4
7909	HCRdjqj	3	3.2361	3.5000	5	6	0.02623	0.02933	9	11	4
7910	HCRdlpr	3	3.2361	3.5000	5	6	0.02623	0.02933	9	9	4
7911	HCRelpr	3	3.2361	3.5000	5	6	0.02623	0.02933	9	9	4
7912	HCRfLpt	3	3.2361	3.5000	5	6	0.02623	0.02933	9	10	4
7913	HCrRRqZ	3	3.2361	3.5000	5	6	0.02623	0.02933	9	9	4
7914	HCRTtpj	3	3.2361	3.5000	5	6	0.02623	0.02933	9	10	4
7915	HCRVRqZ	3	3.2361	3.5000	5	6	0.02623	0.02933	9	10	4
7916	HCXevRp	3	3.2361	3.5000	5	6	0.02623	0.02933	9	9	4
7917	HCZJehx	3	3.2361	3.5000	5	6	0.02623	0.02933	9	9	4
7918	HCZJejh	3	3.2361	3.5000	5	6	0.02623	0.02933	9	9	4
7919	HCZJerF	3	3.2361	3.5000	5	6	0.02623	0.02933	9	8	4
7920	HCZLfbF	3	3.2361	3.5000	5	6	0.02623	0.02933	9	9	4
7921	HCZTeql	3	3.2361	3.5000	5	6	0.02623	0.02933	9	9	4
7922	HCpeixr	3	3.2361	3.5000	5	6	0.02623	0.02933	9	8	4
7923	HCpfbpr	3	3.2361	3.5000	5	6	0.02623	0.02933	9	9	4
7924	HCpfdij	3	3.2361	3.5000	5	6	0.02623	0.02933	9	8	4
7925	HCpfJpr	3	3.2361	3.5000	5	6	0.02623	0.02933	9	9	4
7926	HCpVVbU	3	3.2361	3.5000	5	6	0.02623	0.02933	9	9	4
7927	HCQte\]	3	3.2361	3.5000	5	6	0.02623	0.02933	9	9	4
7928	HCQvD[}	3	3.2361	3.5000	5	6	0.02623	0.02933	9	8	4
7929	HCQvE\]	3	3.2361	3.5000	5	6	0.02623	0.02933	9	9	4
7930	HCRbb]m	3	3.2361	3.5000	5	6	0.02623	0.02933	9	8	4
7931	HCRbdm]	3	3.2361	3.5000	5	6	0.02623	0.02933	9	9	4
7932	HCRbfK}	3	3.2361	3.5000	5	6	0.02623	0.02933	9	8	4
7933	HCRbnPr	3	3.2361	3.5000	5	6	0.02623	0.02933	9	8	4
7934	HCRc}qj	3	3.2361	3.5000	5	6	0.02623	0.02933	9	9	4
7935	HCRc~RT	3	3.2361	3.5000	5	6	0.02623	0.02933	9	9	4
7936	HCRdnal	3	3.2361	3.5000	5	6	0.02623	0.02933	9	8	4
7937	HCRdvQj	3	3.2361	3.5000	5	6	0.02623	0.02933	9	9	4
7938	HCRelqj	3	3.2361	3.5000	5	6	0.02623	0.02933	9	10	4
7939	HCRemqj	3	3.2361	3.5000	5	6	0.02623	0.02933	9	9	4
7940	HCRemri	3	3.2361	3.5000	5	6	0.02623	0.02933	9	8	4
7941	HCRenQ\	3	3.2361	3.5000	5	6	0.02623	0.02933	9	9	4
7942	HCRenR[	3	3.2361	3.5000	5	6	0.02623	0.02933	9	8	4
7943	HCRetqj	3	3.2361	3.5000	5	6	0.02623	0.02933	9	9	4
7944	HCRev`r	3	3.2361	3.5000	5	6	0.02623	0.02933	9	9	4
7945	HCRfNal	3	3.2361	3.5000	5	6	0.02623	0.02933	9	8	4
7946	HCR`um]	3	3.2361	3.5000	5	6	0.02623	0.02933	9	8	4
7947	HCXfRrF	3	3.2361	3.5000	5	6	0.02623	0.02933	9	8	4
7948	HCpVbpr	3	3.2361	3.5000	5	6	0.02623	0.02933	9	9	4
7949	HCpbbiz	3	3.2361	3.5000	5	7	0.02623	0.02933	9	9	4
7950	HCpbdhz	3	3.2361	3.5000	5	7	0.02623	0.02933	9	8	4
7951	HCpbdju	3	3.2361	3.5000	5	7	0.02623	0.02933	9	8	4
7952	HCpbdp}	3	3.2361	3.5000	5	7	0.02623	0.02933	9	10	4
7953	HCpbeo~	3	3.2361	3.5000	5	7	0.02623	0.02933	9	9	4
7954	HCpber{	3	3.2361	3.5000	5	7	0.02623	0.02933	9	9	4
7955	HCpbfRt	3	3.2361	3.5000	5	7	0.02623	0.02933	9	8	4
7956	HCpbfRu	3	3.2361	3.5000	5	7	0.02623	0.02933	9	9	4
7957	HCpbQz{	3	3.2361	3.5000	5	7	0.02623	0.02933	9	8	4
7958	HCpbQzu	3	3.2361	3.5000	5	7	0.02623	0.02933	9	10	4
7959	HCpbRfu	3	3.2361	3.5000	5	7	0.02623	0.02933	9	8	4
7960	HCpdcz{	3	3.2361	3.5000	5	7	0.02623	0.02933	9	9	4
7961	HCpddp^	3	3.2361	3.5000	5	7	0.02623	0.02933	9	9	4
7962	HCpddr{	3	3.2361	3.5000	5	7	0.02623	0.02933	9	9	4
7963	HCpdeg~	3	3.2361	3.5000	5	7	0.02623	0.02933	9	9	4
7964	HCpdRh}	3	3.2361	3.5000	5	7	0.02623	0.02933	9	9	4
7965	HCpdVH}	3	3.2361	3.5000	5	7	0.02623	0.02933	9	10	4
7966	HCpdVHz	3	3.2361	3.5000	5	7	0.02623	0.02933	9	8	4
7967	HCQbd]}	3	3.2361	3.5000	5	7	0.02623	0.02933	9	7	4
7968	HCQbd^m	3	3.2361	3.5000	5	7	0.02623	0.02933	9	7	4
7969	HCQbdu}	3	3.2361	3.5000	5	7	0.02623	0.02933	9	7	4
7970	HCQbdy}	3	3.2361	3.5000	5	7	0.02623	0.02933	9	7	4
7971	HCQbe^m	3	3.2361	3.5000	5	7	0.02623	0.02933	9	7	4
7972	HCQbfi}	3	3.2361	3.5000	5	7	0.02623	0.02933	9	8	4
7973	HCQbfT}	3	3.2361	3.5000	5	7	0.02623	0.02933	9	8	4
7974	HCQbfV]	3	3.2361	3.5000	5	7	0.02623	0.02933	9	8	4
7975	HCQbfVm	3	3.2361	3.5000	5	7	0.02623	0.02933	9	7	4
7976	HCQbfY}	3	3.2361	3.5000	5	7	0.02623	0.02933	9	9	4
7977	HCQbfZm	3	3.2361	3.5000	5	7	0.02623	0.02933	9	7	4
7978	HCQe^Pv	3	3.2361	3.5000	5	7	0.02623	0.02933	9	8	4
7979	HCQfdrm	3	3.2361	3.5000	5	7	0.02623	0.02933	9	9	4
7980	HCQfdrN	3	3.2361	3.5000	5	7	0.02623	0.02933	9	8	4
7981	HCQfJiz	3	3.2361	3.5000	5	7	0.02623	0.02933	9	8	4
7982	HCQfLZ{	3	3.2361	3.5000	5	7	0.02623	0.02933	9	8	4
7983	HCQudrm	3	3.2361	3.5000	5	7	0.02623	0.02933	9	10	4
7984	HCQvCvl	3	3.2361	3.5000	5	7	0.02623	0.02933	9	8	4
7985	HCQvCvy	3	3.2361	3.5000	5	7	0.02623	0.02933	9	8	4
7986	HCQVdrm	3	3.2361	3.5000	5	7	0.02623	0.02933	9	10	4
7987	HCQvDX^	3	3.2361	3.5000	5	7	0.02623	0.02933	9	8	4
7988	HCQVfG~	3	3.2361	3.5000	5	7	0.02623	0.02933	9	7	4
7989	HCQVfJm	3	3.2361	3.5000	5	7	0.02623	0.02933	9	8	4
7990	HCRbcw~	3	3.2361	3.5000	5	7	0.02623	0.02933	9	8	4
7991	HCRbcx}	3	3.2361	3.5000	5	7	0.02623	0.02933	9	10	4
7992	HCRbdi}	3	3.2361	3.5000	5	7	0.02623	0.02933	9	8	4
7993	HCRbdjj	3	3.2361	3.5000	5	7	0.02623	0.02933	9	8	4
7994	HCRberm	3	3.2361	3.5000	5	7	0.02623	0.02933	9	9	4
7995	HCRbfJ{	3	3.2361	3.5000	5	7	0.02623	0.02933	9	8	4
7996	HCRctTv	3	3.2361	3.5000	5	7	0.02623	0.02933	9	8	4
7997	HCRctVx	3	3.2361	3.5000	5	7	0.02623	0.02933	9	8	4
7998	HCR`ri^	3	3.2361	3.5000	5	7	0.02623	0.02933	9	8	4
7999	HCR`riz	3	3.2361	3.5000	5	7	0.02623	0.02933	9	9	4
8000	HCR`rjm	3	3.2361	3.5000	5	7	0.02623	0.02933	9	9	4
8001	HCR`urf	3	3.2361	3.5000	5	7	0.02623	0.02933	9	7	4
8002	HCRVBh}	3	3.2361	3.5000	5	7	0.02623	0.02933	9	8	4
8003	HCRVBiz	3	3.2361	3.5000	5	7	0.02623	0.02933	9	9	4
8004	HCRVBjx	3	3.2361	3.5000	5	7	0.02623	0.02933	9	7	4
8005	HCRVDZm	3	3.2361	3.5000	5	7	0.02623	0.02933	9	8	4
8006	HCQbdt|	3	3.2361	3.5000	5	7	0.02623	0.02933	9	7	4
8007	HCQbd^x	3	3.2361	3.5000	5	7	0.02623	0.02933	9	7	4
8008	HCQ`fz{	3	3.2361	3.5000	5	8	0.02623	0.02933	9	7	4
8009	H?bAVz}	4	4.2361	4.5000	5	8	0.02623	0.02933	9	7	5
8010	HCpVTj[	3	3.2361	3.5000	5	6	0.02623	0.02933	9	11	4
8011	HCdffPf	3	3.2361	3.5000	5	6	0.02623	0.02933	9	10	4
8012	HCpdloz	3	3.2361	3.5000	5	6	0.02623	0.02933	9	9	4
8013	HCpdtov	3	3.2361	3.5000	5	6	0.02623	0.02933	9	9	4
8014	HCperhu	3	3.2361	3.5000	5	6	0.02623	0.02933	9	10	4
8015	HCpVTjU	3	3.2361	3.5000	5	6	0.02623	0.02933	9	11	4
8016	HCRdjpr	3	3.2361	3.5000	5	6	0.02623	0.02933	9	11	4
8017	HCXmfPy	3	3.2361	3.5000	5	6	0.02623	0.02933	9	10	4
8018	HCZJehZ	3	3.2361	3.5000	5	6	0.02623	0.02933	9	10	4
8019	HCZJfHj	3	3.2361	3.5000	5	6	0.02623	0.02933	9	9	4
8020	HCpbtoz	3	3.2361	3.5000	5	6	0.02623	0.02933	9	9	4
8021	HCpbuoz	3	3.2361	3.5000	5	6	0.02623	0.02933	9	9	4
8022	HCpbvPf	3	3.2361	3.5000	5	6	0.02623	0.02933	9	9	4
8023	HCpejhr	3	3.2361	3.5000	5	6	0.02623	0.02933	9	8	4
8024	HCpevHr	3	3.2361	3.5000	5	6	0.02623	0.02933	9	10	4
8025	HCpfbXr	3	3.2361	3.5000	5	6	0.02623	0.02933	9	10	4
8026	HCQuurb	3	3.2361	3.5000	5	6	0.02623	0.02933	9	8	4
8027	HCRbnRd	3	3.2361	3.5000	5	6	0.02623	0.02933	9	9	4
8028	HCRdlqj	3	3.2361	3.5000	5	6	0.02623	0.02933	9	9	4
8029	HCRdmqj	3	3.2361	3.5000	5	6	0.02623	0.02933	9	11	4
8030	HCRdnQj	3	3.2361	3.5000	5	6	0.02623	0.02933	9	10	4
8031	HCRfN`t	3	3.2361	3.5000	5	6	0.02623	0.02933	9	9	4
8032	HCRU]ov	3	3.2361	3.5000	5	6	0.02623	0.02933	9	9	4
8033	HCRU]ql	3	3.2361	3.5000	5	6	0.02623	0.02933	9	8	4
8034	HCXeuqj	3	3.2361	3.5000	5	6	0.02623	0.02933	9	8	4
8035	HCXfRje	3	3.2361	3.5000	5	6	0.02623	0.02933	9	8	4
8036	HCXfRrR	3	3.2361	3.5000	5	6	0.02623	0.02933	9	9	4
8037	HCpVVbb	3	3.2361	3.5000	5	6	0.02623	0.02933	9	9	4
8038	HCRenbJ	3	3.2361	3.5000	5	6	0.02623	0.02933	9	9	4
8039	HCpbbhz	3	3.2361	3.5000	5	7	0.02623	0.02933	9	8	4
8040	HCpbbjr	3	3.2361	3.5000	5	7	0.02623	0.02933	9	8	4
8041	HCpbbjZ	3	3.2361	3.5000	5	7	0.02623	0.02933	9	9	4
8042	HCpbbNx	3	3.2361	3.5000	5	7	0.02623	0.02933	9	9	4
8043	HCpbdpn	3	3.2361	3.5000	5	7	0.02623	0.02933	9	10	4
8044	HCpbdpv	3	3.2361	3.5000	5	7	0.02623	0.02933	9	10	4
8045	HCpbdpz	3	3.2361	3.5000	5	7	0.02623	0.02933	9	9	4
8046	HCpbep}	3	3.2361	3.5000	5	7	0.02623	0.02933	9	10	4
8047	HCpberf	3	3.2361	3.5000	5	7	0.02623	0.02933	9	9	4
8048	HCpberu	3	3.2361	3.5000	5	7	0.02623	0.02933	9	10	4
8049	HCpbfJj	3	3.2361	3.5000	5	7	0.02623	0.02933	9	8	4
8050	HCpbfJr	3	3.2361	3.5000	5	7	0.02623	0.02933	9	8	4
8051	HCpbfJZ	3	3.2361	3.5000	5	7	0.02623	0.02933	9	9	4
8052	HCpbfPv	3	3.2361	3.5000	5	7	0.02623	0.02933	9	9	4
8053	HCpbfRr	3	3.2361	3.5000	5	7	0.02623	0.02933	9	8	4
8054	HCpbRd|	3	3.2361	3.5000	5	7	0.02623	0.02933	9	7	4
8055	HCpbRfx	3	3.2361	3.5000	5	7	0.02623	0.02933	9	8	4
8056	HCpdcw~	3	3.2361	3.5000	5	7	0.02623	0.02933	9	9	4
8057	HCpdcx^	3	3.2361	3.5000	5	7	0.02623	0.02933	9	9	4
8058	HCpdczf	3	3.2361	3.5000	5	7	0.02623	0.02933	9	9	4
8059	HCpddo~	3	3.2361	3.5000	5	7	0.02623	0.02933	9	9	4
8060	HCpddrf	3	3.2361	3.5000	5	7	0.02623	0.02933	9	9	4
8061	HCQbbu}	3	3.2361	3.5000	5	7	0.02623	0.02933	9	9	4
8062	HCQbbvy	3	3.2361	3.5000	5	7	0.02623	0.02933	9	7	4
8063	HCQbevy	3	3.2361	3.5000	5	7	0.02623	0.02933	9	7	4
8064	HCQbffy	3	3.2361	3.5000	5	7	0.02623	0.02933	9	7	4
8065	HCQbrqv	3	3.2361	3.5000	5	7	0.02623	0.02933	9	9	4
8066	HCQfdrf	3	3.2361	3.5000	5	7	0.02623	0.02933	9	8	4
8067	HCQfJh^	3	3.2361	3.5000	5	7	0.02623	0.02933	9	8	4
8068	HCQfJj\	3	3.2361	3.5000	5	7	0.02623	0.02933	9	9	4
8069	HCQfJjj	3	3.2361	3.5000	5	7	0.02623	0.02933	9	8	4
8070	HCQfLXz	3	3.2361	3.5000	5	7	0.02623	0.02933	9	10	4
8071	HCQudqn	3	3.2361	3.5000	5	7	0.02623	0.02933	9	8	4
8072	HCQudrf	3	3.2361	3.5000	5	7	0.02623	0.02933	9	8	4
8073	HCQudrj	3	3.2361	3.5000	5	7	0.02623	0.02933	9	10	4
8074	HCQudrl	3	3.2361	3.5000	5	7	0.02623	0.02933	9	10	4
8075	HCQudrN	3	3.2361	3.5000	5	7	0.02623	0.02933	9	9	4
8076	HCQuQzr	3	3.2361	3.5000	5	7	0.02623	0.02933	9	10	4
8077	HCQvCt^	3	3.2361	3.5000	5	7	0.02623	0.02933	9	8	4
8078	HCQvCvm	3	3.2361	3.5000	5	7	0.02623	0.02933	9	9	4
8079	HCQVdrf	3	3.2361	3.5000	5	7	0.02623	0.02933	9	8	4
8080	HCQVdrN	3	3.2361	3.5000	5	7	0.02623	0.02933	9	9	4
8081	HCQvDYz	3	3.2361	3.5000	5	7	0.02623	0.02933	9	7	4
8082	HCQvDZm	3	3.2361	3.5000	5	7	0.02623	0.02933	9	8	4
8083	HCQvDZr	3	3.2361	3.5000	5	7	0.02623	0.02933	9	8	4
8084	HCQvDZZ	3	3.2361	3.5000	5	7	0.02623	0.02933	9	9	4
8085	HCQVfHz	3	3.2361	3.5000	5	7	0.02623	0.02933	9	9	4
8086	HCRbcx^	3	3.2361	3.5000	5	7	0.02623	0.02933	9	9	4
8087	HCRbcxn	3	3.2361	3.5000	5	7	0.02623	0.02933	9	10	4
8088	HCRbdh^	3	3.2361	3.5000	5	7	0.02623	0.02933	9	9	4
8089	HCRbdhz	3	3.2361	3.5000	5	7	0.02623	0.02933	9	10	4
8090	HCRberf	3	3.2361	3.5000	5	7	0.02623	0.02933	9	8	4
8091	HCRbfH}	3	3.2361	3.5000	5	7	0.02623	0.02933	9	10	4
8092	HCRbfJ]	3	3.2361	3.5000	5	7	0.02623	0.02933	9	10	4
8093	HCRbfJm	3	3.2361	3.5000	5	7	0.02623	0.02933	9	8	4
8094	HCRctV\	3	3.2361	3.5000	5	7	0.02623	0.02933	9	9	4
8095	HCRctVm	3	3.2361	3.5000	5	7	0.02623	0.02933	9	9	4
8096	HCRctVt	3	3.2361	3.5000	5	7	0.02623	0.02933	9	10	4
8097	HCRcujj	3	3.2361	3.5000	5	7	0.02623	0.02933	9	9	4
8098	HCR`rhz	3	3.2361	3.5000	5	7	0.02623	0.02933	9	9	4
8099	HCRVBjm	3	3.2361	3.5000	5	7	0.02623	0.02933	9	9	4
8100	HCRVDZj	3	3.2361	3.5000	5	7	0.02623	0.02933	9	9	4
8101	HCXecxn	3	3.2361	3.5000	5	7	0.02623	0.02933	9	9	4
8102	HCQbfU^	3	3.2361	3.5000	5	7	0.02623	0.02933	9	7	4
8103	HCQbfU|	3	3.2361	3.5000	5	7	0.02623	0.02933	9	8	4
8104	HCQbfVt	3	3.2361	3.5000	5	7	0.02623	0.02933	9	7	4
8105	HCQbcv}	3	3.2361	3.5000	5	8	0.02623	0.02933	9	8	4
8106	HCQbdZ}	3	3.2361	3.5000	5	8	0.02623	0.02933	9	8	4
8107	HCQbeV}	3	3.2361	3.5000	5	8	0.02623	0.02933	9	8	4
8108	HCQbfJ}	3	3.2361	3.5000	5	8	0.02623	0.02933	9	8	4
8109	HCQv@rn	3	3.2361	3.5000	5	8	0.02623	0.02933	9	8	4
8110	HCRV@rn	3	3.2361	3.5000	5	8	0.02623	0.02933	9	7	4
8111	HCRbdmu	3	3.2361	3.5000	5	7	0.02623	0.02933	9	8	4
8112	HCXb^Pt	3	3.2361	3.5000	5	6	0.02623	0.02933	9	8	4
8113	HCpbepv	3	3.2361	3.5000	5	7	0.02623	0.02933	9	10	4
8114	HCQbdm}	3	3.2361	3.5000	5	7	0.02623	0.02933	9	7	4
8115	HCQVdrj	3	3.2361	3.5000	5	7	0.02623	0.02933	9	10	4
8116	HCQVfJj	3	3.2361	3.5000	5	7	0.02623	0.02933	9	9	4
8117	HCRbfJu	3	3.2361	3.5000	5	7	0.02623	0.02933	9	9	4
8118	HCQ`fm}	3	3.2361	3.5000	5	7	0.02623	0.02933	9	9	4
8119	HCQ`fnu	3	3.2361	3.5000	5	8	0.02623	0.02933	9	7	4
8120	H?bAV^}	4	4.2361	4.5000	5	8	0.02623	0.02933	9	7	5
8121	HCdebRn	3	3.2361	3.5000	5	8	0.02623	0.02933	9	9	4
8122	HCOfdrn	3	3.2361	3.5000	5	8	0.02623	0.02933	9	8	4
8123	HCQbbrv	3	3.2361	3.5000	5	8	0.02623	0.02933	9	8	4
8124	HCQbeU~	3	3.2361	3.5000	5	8	0.02623	0.02933	9	8	4
8125	HCQbfRv	3	3.2361	3.5000	5	8	0.02623	0.02933	9	8	4
8126	HCQbQzv	3	3.2361	3.5000	5	8	0.02623	0.02933	9	9	4
8127	HCQbRrv	3	3.2361	3.5000	5	8	0.02623	0.02933	9	9	4
8128	HCQeQzv	3	3.2361	3.5000	5	8	0.02623	0.02933	9	9	4
8129	HCqjer[	3	3.2361	3.5000	5	6	0.02623	0.02933	9	8	4
8130	HCZbejR	3	3.2361	3.5000	5	6	0.02623	0.02933	9	9	4
8131	HCZberT	3	3.2361	3.5000	5	6	0.02623	0.02933	9	8	4
8132	HCZJfJ[	3	3.2361	3.5000	5	6	0.02623	0.02933	9	8	4
8133	HCZJfPm	3	3.2361	3.5000	5	6	0.02623	0.02933	9	8	4
8134	HCpbvPl	3	3.2361	3.5000	5	6	0.02623	0.02933	9	9	4
8135	HCpbvQZ	3	3.2361	3.5000	5	6	0.02623	0.02933	9	9	4
8136	HCpfdqj	3	3.2361	3.5000	5	6	0.02623	0.02933	9	8	4
8137	HCpUvJq	3	3.2361	3.5000	5	6	0.02623	0.02933	9	9	4
8138	HCRc~bT	3	3.2361	3.5000	5	6	0.02623	0.02933	9	9	4
8139	HCRena\	3	3.2361	3.5000	5	6	0.02623	0.02933	9	8	4
8140	HCZbehf	3	3.2361	3.5000	5	6	0.02623	0.02933	9	9	4
8141	HCZbehl	3	3.2361	3.5000	5	6	0.02623	0.02933	9	9	4
8142	HCZbehV	3	3.2361	3.5000	5	6	0.02623	0.02933	9	9	4
8143	HCZJfHf	3	3.2361	3.5000	5	6	0.02623	0.02933	9	9	4
8144	HCpbbh^	3	3.2361	3.5000	5	7	0.02623	0.02933	9	8	4
8145	HCpbbiv	3	3.2361	3.5000	5	7	0.02623	0.02933	9	9	4
8146	HCpbbjV	3	3.2361	3.5000	5	7	0.02623	0.02933	9	7	4
8147	HCpbdg~	3	3.2361	3.5000	5	7	0.02623	0.02933	9	8	4
8148	HCpbdjf	3	3.2361	3.5000	5	7	0.02623	0.02933	9	8	4
8149	HCpbdqv	3	3.2361	3.5000	5	7	0.02623	0.02933	9	10	4
8150	HCpbdrr	3	3.2361	3.5000	5	7	0.02623	0.02933	9	9	4
8151	HCpbep|	3	3.2361	3.5000	5	7	0.02623	0.02933	9	9	4
8152	HCpbfJ\	3	3.2361	3.5000	5	7	0.02623	0.02933	9	9	4
8153	HCpbfJN	3	3.2361	3.5000	5	7	0.02623	0.02933	9	8	4
8154	HCpbfPn	3	3.2361	3.5000	5	7	0.02623	0.02933	9	9	4
8155	HCpbfPz	3	3.2361	3.5000	5	7	0.02623	0.02933	9	8	4
8156	HCpbQx}	3	3.2361	3.5000	5	7	0.02623	0.02933	9	9	4
8157	HCpbQz]	3	3.2361	3.5000	5	7	0.02623	0.02933	9	8	4
8158	HCpbQzx	3	3.2361	3.5000	5	7	0.02623	0.02933	9	9	4
8159	HCpbRc~	3	3.2361	3.5000	5	7	0.02623	0.02933	9	8	4
8160	HCpbRd}	3	3.2361	3.5000	5	7	0.02623	0.02933	9	7	4
8161	HCpbRfy	3	3.2361	3.5000	5	7	0.02623	0.02933	9	8	4
8162	HCpdcy}	3	3.2361	3.5000	5	7	0.02623	0.02933	9	9	4
8163	HCpdczN	3	3.2361	3.5000	5	7	0.02623	0.02933	9	9	4
8164	HCpddq}	3	3.2361	3.5000	5	7	0.02623	0.02933	9	9	4
8165	HCpddrN	3	3.2361	3.5000	5	7	0.02623	0.02933	9	9	4
8166	HCQfdru	3	3.2361	3.5000	5	7	0.02623	0.02933	9	9	4
8167	HCQfJi^	3	3.2361	3.5000	5	7	0.02623	0.02933	9	8	4
8168	HCQfJi|	3	3.2361	3.5000	5	7	0.02623	0.02933	9	9	4
8169	HCQfJjl	3	3.2361	3.5000	5	7	0.02623	0.02933	9	7	4
8170	HCQvCu}	3	3.2361	3.5000	5	7	0.02623	0.02933	9	8	4
8171	HCQvCvN	3	3.2361	3.5000	5	7	0.02623	0.02933	9	8	4
8172	HCQvDW~	3	3.2361	3.5000	5	7	0.02623	0.02933	9	8	4
8173	HCQvDX|	3	3.2361	3.5000	5	7	0.02623	0.02933	9	9	4
8174	HCQvDXv	3	3.2361	3.5000	5	7	0.02623	0.02933	9	7	4
8175	HCQvDY}	3	3.2361	3.5000	5	7	0.02623	0.02933	9	8	4
8176	HCQvDZ{	3	3.2361	3.5000	5	7	0.02623	0.02933	9	8	4
8177	HCQVfIz	3	3.2361	3.5000	5	7	0.02623	0.02933	9	8	4
8178	HCRbczf	3	3.2361	3.5000	5	7	0.02623	0.02933	9	9	4
8179	HCRbczl	3	3.2361	3.5000	5	7	0.02623	0.02933	9	10	4
8180	HCRbczN	3	3.2361	3.5000	5	7	0.02623	0.02933	9	9	4
8181	HCRbdg~	3	3.2361	3.5000	5	7	0.02623	0.02933	9	8	4
8182	HCRbdh|	3	3.2361	3.5000	5	7	0.02623	0.02933	9	8	4
8183	HCRbdiz	3	3.2361	3.5000	5	7	0.02623	0.02933	9	10	4
8184	HCRbdjx	3	3.2361	3.5000	5	7	0.02623	0.02933	9	8	4
8185	HCRctS~	3	3.2361	3.5000	5	7	0.02623	0.02933	9	8	4
8186	HCRctT^	3	3.2361	3.5000	5	7	0.02623	0.02933	9	9	4
8187	HCRctTz	3	3.2361	3.5000	5	7	0.02623	0.02933	9	10	4
8188	HCRctU}	3	3.2361	3.5000	5	7	0.02623	0.02933	9	8	4
8189	HCRctVy	3	3.2361	3.5000	5	7	0.02623	0.02933	9	8	4
8190	HCR`rg~	3	3.2361	3.5000	5	7	0.02623	0.02933	9	8	4
8191	HCR`riv	3	3.2361	3.5000	5	7	0.02623	0.02933	9	9	4
8192	HCR`rj\	3	3.2361	3.5000	5	7	0.02623	0.02933	9	9	4
8193	HCR`rjV	3	3.2361	3.5000	5	7	0.02623	0.02933	9	8	4
8194	HCRVBj{	3	3.2361	3.5000	5	7	0.02623	0.02933	9	7	4
8195	HCRVBjl	3	3.2361	3.5000	5	7	0.02623	0.02933	9	8	4
8196	HCRVDZf	3	3.2361	3.5000	5	7	0.02623	0.02933	9	8	4
8197	HCRVDZl	3	3.2361	3.5000	5	7	0.02623	0.02933	9	8	4
8198	HCRVDZu	3	3.2361	3.5000	5	7	0.02623	0.02933	9	9	4
8199	HCXecy|	3	3.2361	3.5000	5	7	0.02623	0.02933	9	9	4
8200	HCXecz\	3	3.2361	3.5000	5	7	0.02623	0.02933	9	8	4
8201	HCQbdvt	3	3.2361	3.5000	5	7	0.02623	0.02933	9	7	4
8202	HCQbdvx	3	3.2361	3.5000	5	7	0.02623	0.02933	9	7	4
8203	HCQbfq|	3	3.2361	3.5000	5	7	0.02623	0.02933	9	8	4
8204	HCQbfrt	3	3.2361	3.5000	5	7	0.02623	0.02933	9	7	4
8205	HCQbfS~	3	3.2361	3.5000	5	7	0.02623	0.02933	9	7	4
8206	HCQbfT|	3	3.2361	3.5000	5	7	0.02623	0.02933	9	7	4
8207	HCQbfUn	3	3.2361	3.5000	5	7	0.02623	0.02933	9	7	4
8208	HCQbfUz	3	3.2361	3.5000	5	7	0.02623	0.02933	9	7	4
8209	HCQbfVx	3	3.2361	3.5000	5	7	0.02623	0.02933	9	7	4
8210	HCQbbrn	3	3.2361	3.5000	5	8	0.02623	0.02933	9	8	4
8211	HCQbbrz	3	3.2361	3.5000	5	8	0.02623	0.02933	9	8	4
8212	HCQbfP~	3	3.2361	3.5000	5	8	0.02623	0.02933	9	8	4
8213	HCQbfR|	3	3.2361	3.5000	5	8	0.02623	0.02933	9	8	4
8214	HCQbfRn	3	3.2361	3.5000	5	8	0.02623	0.02933	9	8	4
8215	HCQbfRz	3	3.2361	3.5000	5	8	0.02623	0.02933	9	8	4
8216	HCQv@r}	3	3.2361	3.5000	5	8	0.02623	0.02933	9	8	4
8217	HCQv@rv	3	3.2361	3.5000	5	8	0.02623	0.02933	9	8	4
8218	HCRV@r}	3	3.2361	3.5000	5	8	0.02623	0.02933	9	7	4
8219	HCRV@rv	3	3.2361	3.5000	5	8	0.02623	0.02933	9	7	4
8220	HCdevbi	3	3.2361	3.5000	5	6	0.02623	0.02933	9	9	4
8221	HCZVDht	3	3.2361	3.5000	5	6	0.02623	0.02933	9	9	4
8222	HCpbuZh	3	3.2361	3.5000	5	6	0.02623	0.02933	9	9	4
8223	HCpbvRh	3	3.2361	3.5000	5	6	0.02623	0.02933	9	9	4
8224	HCpbvRX	3	3.2361	3.5000	5	6	0.02623	0.02933	9	9	4
8225	HCpdtqr	3	3.2361	3.5000	5	6	0.02623	0.02933	9	9	4
8226	HCpVdq\	3	3.2361	3.5000	5	6	0.02623	0.02933	9	9	4
8227	HCpVdqx	3	3.2361	3.5000	5	6	0.02623	0.02933	9	9	4
8228	HCQtna{	3	3.2361	3.5000	5	6	0.02623	0.02933	9	9	4
8229	HCQulrq	3	3.2361	3.5000	5	6	0.02623	0.02933	9	9	4
8230	HCQulrs	3	3.2361	3.5000	5	6	0.02623	0.02933	9	9	4
8231	HCRena]	3	3.2361	3.5000	5	6	0.02623	0.02933	9	9	4
8232	HCRenaZ	3	3.2361	3.5000	5	6	0.02623	0.02933	9	9	4
8233	HCRTtrU	3	3.2361	3.5000	5	6	0.02623	0.02933	9	9	4
8234	HCZJaxZ	3	3.2361	3.5000	5	6	0.02623	0.02933	9	10	4
8235	HCZJfHl	3	3.2361	3.5000	5	6	0.02623	0.02933	9	9	4
8236	HCZJfJd	3	3.2361	3.5000	5	6	0.02623	0.02933	9	9	4
8237	HCZJfJT	3	3.2361	3.5000	5	6	0.02623	0.02933	9	9	4
8238	HCZTczF	3	3.2361	3.5000	5	6	0.02623	0.02933	9	9	4
8239	HCpbvPZ	3	3.2361	3.5000	5	6	0.02623	0.02933	9	9	4
8240	HCpdtrJ	3	3.2361	3.5000	5	6	0.02623	0.02933	9	9	4
8241	HCpfJhV	3	3.2361	3.5000	5	6	0.02623	0.02933	9	9	4
8242	HCQvdrR	3	3.2361	3.5000	5	6	0.02623	0.02933	9	9	4
8243	HCRVdqZ	3	3.2361	3.5000	5	6	0.02623	0.02933	9	9	4
8244	HCXb^Py	3	3.2361	3.5000	5	6	0.02623	0.02933	9	8	4
8245	HCXfRpN	3	3.2361	3.5000	5	5	0.02623	0.02933	9	9	4
8246	HCXfRri	3	3.2361	3.5000	5	6	0.02623	0.02933	9	9	4
8247	HCXfRrJ	3	3.2361	3.5000	5	6	0.02623	0.02933	9	9	4
8248	HCpbbh|	3	3.2361	3.5000	5	7	0.02623	0.02933	9	8	4
8249	HCpbbhn	3	3.2361	3.5000	5	7	0.02623	0.02933	9	9	4
8250	HCpbbhv	3	3.2361	3.5000	5	7	0.02623	0.02933	9	9	4
8251	HCpbbjl	3	3.2361	3.5000	5	7	0.02623	0.02933	9	9	4
8252	HCpbbjt	3	3.2361	3.5000	5	7	0.02623	0.02933	9	8	4
8253	HCpbbL|	3	3.2361	3.5000	5	7	0.02623	0.02933	9	9	4
8254	HCpbdq|	3	3.2361	3.5000	5	7	0.02623	0.02933	9	10	4
8255	HCpbdqz	3	3.2361	3.5000	5	7	0.02623	0.02933	9	10	4
8256	HCpbdr\	3	3.2361	3.5000	5	7	0.02623	0.02933	9	10	4
8257	HCpbdrx	3	3.2361	3.5000	5	7	0.02623	0.02933	9	9	4
8258	HCpbdrZ	3	3.2361	3.5000	5	7	0.02623	0.02933	9	10	4
8259	HCpbeq^	3	3.2361	3.5000	5	7	0.02623	0.02933	9	9	4
8260	HCpbfHn	3	3.2361	3.5000	5	7	0.02623	0.02933	9	9	4
8261	HCpbfHv	3	3.2361	3.5000	5	7	0.02623	0.02933	9	9	4
8262	HCpbfJf	3	3.2361	3.5000	5	7	0.02623	0.02933	9	8	4
8263	HCpbfJl	3	3.2361	3.5000	5	7	0.02623	0.02933	9	9	4
8264	HCpbfJt	3	3.2361	3.5000	5	7	0.02623	0.02933	9	8	4
8265	HCpbfR\	3	3.2361	3.5000	5	7	0.02623	0.02933	9	9	4
8266	HCpbfRj	3	3.2361	3.5000	5	7	0.02623	0.02933	9	8	4
8267	HCpbfRl	3	3.2361	3.5000	5	7	0.02623	0.02933	9	9	4
8268	HCpbfRN	3	3.2361	3.5000	5	7	0.02623	0.02933	9	8	4
8269	HCpbfRx	3	3.2361	3.5000	5	7	0.02623	0.02933	9	8	4
8270	HCpbfRZ	3	3.2361	3.5000	5	7	0.02623	0.02933	9	9	4
8271	HCpbRff	3	3.2361	3.5000	5	7	0.02623	0.02933	9	8	4
8272	HCpdczr	3	3.2361	3.5000	5	7	0.02623	0.02933	9	9	4
8273	HCpdczx	3	3.2361	3.5000	5	7	0.02623	0.02933	9	9	4
8274	HCpddrr	3	3.2361	3.5000	5	7	0.02623	0.02933	9	9	4
8275	HCQbrpz	3	3.2361	3.5000	5	7	0.02623	0.02933	9	9	4
8276	HCQbrrN	3	3.2361	3.5000	5	7	0.02623	0.02933	9	7	4
8277	HCQbrrZ	3	3.2361	3.5000	5	7	0.02623	0.02933	9	9	4
8278	HCQe^P^	3	3.2361	3.5000	5	7	0.02623	0.02933	9	8	4
8279	HCQfdqv	3	3.2361	3.5000	5	7	0.02623	0.02933	9	9	4
8280	HCQfdrr	3	3.2361	3.5000	5	7	0.02623	0.02933	9	8	4
8281	HCQfdrV	3	3.2361	3.5000	5	7	0.02623	0.02933	9	8	4
8282	HCQfdrZ	3	3.2361	3.5000	5	7	0.02623	0.02933	9	9	4
8283	HCQfJg~	3	3.2361	3.5000	5	7	0.02623	0.02933	9	8	4
8284	HCQfJi}	3	3.2361	3.5000	5	7	0.02623	0.02933	9	9	4
8285	HCQfLXv	3	3.2361	3.5000	5	7	0.02623	0.02933	9	8	4
8286	HCQfLY}	3	3.2361	3.5000	5	7	0.02623	0.02933	9	8	4
8287	HCQudq}	3	3.2361	3.5000	5	7	0.02623	0.02933	9	9	4
8288	HCQudrt	3	3.2361	3.5000	5	7	0.02623	0.02933	9	9	4
8289	HCQvCvt	3	3.2361	3.5000	5	7	0.02623	0.02933	9	8	4
8290	HCQVdq}	3	3.2361	3.5000	5	7	0.02623	0.02933	9	8	4
8291	HCQVfI}	3	3.2361	3.5000	5	7	0.02623	0.02933	9	9	4
8292	HCRbcy^	3	3.2361	3.5000	5	7	0.02623	0.02933	9	9	4
8293	HCRbcy|	3	3.2361	3.5000	5	7	0.02623	0.02933	9	10	4
8294	HCRbcyv	3	3.2361	3.5000	5	7	0.02623	0.02933	9	10	4
8295	HCRbcz\	3	3.2361	3.5000	5	7	0.02623	0.02933	9	10	4
8296	HCRbczt	3	3.2361	3.5000	5	7	0.02623	0.02933	9	9	4
8297	HCRbczV	3	3.2361	3.5000	5	7	0.02623	0.02933	9	8	4
8298	HCRbdi^	3	3.2361	3.5000	5	7	0.02623	0.02933	9	9	4
8299	HCRbdin	3	3.2361	3.5000	5	7	0.02623	0.02933	9	8	4
8300	HCRbfH|	3	3.2361	3.5000	5	7	0.02623	0.02933	9	8	4
8301	HCRbfI|	3	3.2361	3.5000	5	7	0.02623	0.02933	9	10	4
8302	HCRbfIn	3	3.2361	3.5000	5	7	0.02623	0.02933	9	8	4
8303	HCRctVr	3	3.2361	3.5000	5	7	0.02623	0.02933	9	8	4
8304	HCRcujr	3	3.2361	3.5000	5	7	0.02623	0.02933	9	9	4
8305	HCR`rh|	3	3.2361	3.5000	5	7	0.02623	0.02933	9	8	4
8306	HCR`rhn	3	3.2361	3.5000	5	7	0.02623	0.02933	9	9	4
8307	HCR`rhv	3	3.2361	3.5000	5	7	0.02623	0.02933	9	8	4
8308	HCR`rjf	3	3.2361	3.5000	5	7	0.02623	0.02933	9	8	4
8309	HCR`rjl	3	3.2361	3.5000	5	7	0.02623	0.02933	9	9	4
8310	HCR`rjt	3	3.2361	3.5000	5	7	0.02623	0.02933	9	9	4
8311	HCRVBi^	3	3.2361	3.5000	5	7	0.02623	0.02933	9	8	4
8312	HCRVBi|	3	3.2361	3.5000	5	7	0.02623	0.02933	9	9	4
8313	HCRVDY|	3	3.2361	3.5000	5	7	0.02623	0.02933	9	9	4
8314	HCRVDZ\	3	3.2361	3.5000	5	7	0.02623	0.02933	9	9	4
8315	HCRVDZt	3	3.2361	3.5000	5	7	0.02623	0.02933	9	8	4
8316	HCRVDZV	3	3.2361	3.5000	5	7	0.02623	0.02933	9	8	4
8317	HCXecy^	3	3.2361	3.5000	5	7	0.02623	0.02933	9	8	4
8318	HCXecyz	3	3.2361	3.5000	5	7	0.02623	0.02933	9	9	4
8319	HCXeczZ	3	3.2361	3.5000	5	7	0.02623	0.02933	9	9	4
8320	HCQbd^t	3	3.2361	3.5000	5	7	0.02623	0.02933	9	7	4
8321	HCQbfT^	3	3.2361	3.5000	5	7	0.02623	0.02933	9	7	4
8322	HCOfdr^	3	3.2361	3.5000	5	8	0.02623	0.02933	9	8	4
8323	HCQbfI~	3	3.2361	3.5000	5	8	0.02623	0.02933	9	8	4
8324	HCQeQzz	3	3.2361	3.5000	5	8	0.02623	0.02933	9	9	4
8325	HCdffQZ	3	3.2361	3.5000	5	6	0.02623	0.02933	9	9	4
8326	HCZbejT	3	3.2361	3.5000	5	6	0.02623	0.02933	9	9	4
8327	HCZTczR	3	3.2361	3.5000	5	6	0.02623	0.02933	9	9	4
8328	HCZTdjR	3	3.2361	3.5000	5	6	0.02623	0.02933	9	9	4
8329	HCpbvRJ	3	3.2361	3.5000	5	6	0.02623	0.02933	9	9	4
8330	HCpVdqZ	3	3.2361	3.5000	5	6	0.02623	0.02933	9	9	4
8331	HCQvdqV	3	3.2361	3.5000	5	5	0.02623	0.02933	9	9	4
8332	HCRTtqV	3	3.2361	3.5000	5	6	0.02623	0.02933	9	9	4
8333	HCpberx	3	3.2361	3.5000	5	7	0.02623	0.02933	9	9	4
8334	HCpddq^	3	3.2361	3.5000	5	7	0.02623	0.02933	9	9	4
8335	HCQfJin	3	3.2361	3.5000	5	7	0.02623	0.02933	9	8	4
8336	HCQvDZt	3	3.2361	3.5000	5	7	0.02623	0.02933	9	8	4
8337	HCQVfI^	3	3.2361	3.5000	5	7	0.02623	0.02933	9	8	4
8338	HCRbdi|	3	3.2361	3.5000	5	7	0.02623	0.02933	9	10	4
8339	HCQbdzt	3	3.2361	3.5000	5	7	0.02623	0.02933	9	8	4
8340	HCqnbpV	3	3.2361	3.5000	5	6	0.02623	0.02933	9	8	4
8341	HCZLn`Z	3	3.2361	3.5000	5	6	0.02623	0.02933	9	10	4
8342	HCqnbrb	3	3.2361	3.5000	5	6	0.02623	0.02933	9	8	4
8343	HCZbfre	3	3.2361	3.5000	5	6	0.02623	0.02933	9	7	4
8344	HCZJnbd	3	3.2361	3.5000	5	6	0.02623	0.02933	9	8	4
8345	HCpbfq}	3	3.2361	3.5000	5	7	0.02623	0.02933	9	9	4
8346	HCRbc~{	3	3.2361	3.5000	5	7	0.02623	0.02933	9	9	4
8347	HCRbd^{	3	3.2361	3.5000	5	7	0.02623	0.02933	9	8	4
8348	HCZelpr	3	3.2361	3.5000	5	6	0.02623	0.02933	9	10	4
8349	HCZJthx	3	3.2361	3.5000	5	6	0.02623	0.02933	9	10	4
8350	HCdenZk	3	3.2361	3.5000	5	7	0.02623	0.02933	9	9	4
8351	HCpVezk	3	3.2361	3.5000	5	6	0.02623	0.02933	9	8	4
8352	HCrerpV	3	3.2361	3.5000	5	6	0.02623	0.02933	9	8	4
8353	HCrH~`Z	3	3.2361	3.5000	5	6	0.02623	0.02933	9	9	4
8354	HCY^Et]	3	3.2361	3.5000	5	6	0.02623	0.02933	9	9	4
8355	HCZbmrd	3	3.2361	3.5000	5	6	0.02623	0.02933	9	9	4
8356	HCZempr	3	3.2361	3.5000	5	6	0.02623	0.02933	9	8	4
8357	HCZen`r	3	3.2361	3.5000	5	6	0.02623	0.02933	9	8	4
8358	HCZfMpt	3	3.2361	3.5000	5	6	0.02623	0.02933	9	9	4
8359	HCZH~al	3	3.2361	3.5000	5	6	0.02623	0.02933	9	10	4
8360	HCZJc~Y	3	3.2361	3.5000	5	6	0.02623	0.02933	9	9	4
8361	HCZJlpZ	3	3.2361	3.5000	5	6	0.02623	0.02933	9	10	4
8362	HCpffri	3	3.2361	3.5000	5	6	0.02623	0.02933	9	8	4
8363	HCpujpr	3	3.2361	3.5000	5	6	0.02623	0.02933	9	8	4
8364	HCpUvZe	3	3.2361	3.5000	5	6	0.02623	0.02933	9	8	4
8365	HCpVVjq	3	3.2361	3.5000	5	6	0.02623	0.02933	9	9	4
8366	HCpVVre	3	3.2361	3.5000	5	6	0.02623	0.02933	9	8	4
8367	HCpVVrq	3	3.2361	3.5000	5	6	0.02623	0.02933	9	8	4
8368	HCrfbje	3	3.2361	3.5000	5	6	0.02623	0.02933	9	9	4
8369	HCZbnbd	3	3.2361	3.5000	5	6	0.02623	0.02933	9	8	4
8370	HCZenbL	3	3.2361	3.5000	5	6	0.02623	0.02933	9	8	4
8371	HCZfbpr	3	3.2361	3.5000	5	6	0.02623	0.02933	9	8	4
8372	HCdffP^	3	3.2361	3.5000	5	7	0.02623	0.02933	9	8	4
8373	HCdffP}	3	3.2361	3.5000	5	7	0.02623	0.02933	9	9	4
8374	HCpbbu}	3	3.2361	3.5000	5	7	0.02623	0.02933	9	9	4
8375	HCpbbz]	3	3.2361	3.5000	5	7	0.02623	0.02933	9	9	4
8376	HCpbbzm	3	3.2361	3.5000	5	7	0.02623	0.02933	9	9	4
8377	HCpbbzu	3	3.2361	3.5000	5	7	0.02623	0.02933	9	9	4
8378	HCpbdzu	3	3.2361	3.5000	5	7	0.02623	0.02933	9	10	4
8379	HCpbdzy	3	3.2361	3.5000	5	7	0.02623	0.02933	9	10	4
8380	HCpbez{	3	3.2361	3.5000	5	7	0.02623	0.02933	9	8	4
8381	HCpbfh}	3	3.2361	3.5000	5	7	0.02623	0.02933	9	8	4
8382	HCpbfjm	3	3.2361	3.5000	5	7	0.02623	0.02933	9	8	4
8383	HCpbfN{	3	3.2361	3.5000	5	7	0.02623	0.02933	9	9	4
8384	HCpbfr]	3	3.2361	3.5000	5	7	0.02623	0.02933	9	9	4
8385	HCpbfrm	3	3.2361	3.5000	5	7	0.02623	0.02933	9	9	4
8386	HCpbfry	3	3.2361	3.5000	5	7	0.02623	0.02933	9	8	4
8387	HCpbfZ{	3	3.2361	3.5000	5	7	0.02623	0.02933	9	8	4
8388	HCpbvRt	3	3.2361	3.5000	5	7	0.02623	0.02933	9	9	4
8389	HCpbvRu	3	3.2361	3.5000	5	7	0.02623	0.02933	9	9	4
8390	HCpbvRV	3	3.2361	3.5000	5	7	0.02623	0.02933	9	7	4
8391	HCpdQ|}	3	3.2361	3.5000	5	7	0.02623	0.02933	9	8	4
8392	HCpdRt}	3	3.2361	3.5000	5	7	0.02623	0.02933	9	7	4
8393	HCpdRx}	3	3.2361	3.5000	5	7	0.02623	0.02933	9	8	4
8394	HCpdRz{	3	3.2361	3.5000	5	7	0.02623	0.02933	9	8	4
8395	HCpdTz{	3	3.2361	3.5000	5	7	0.02623	0.02933	9	8	4
8396	HCpdVr{	3	3.2361	3.5000	5	7	0.02623	0.02933	9	7	4
8397	HCpUvJ{	3	3.2361	3.5000	5	7	0.02623	0.02933	9	7	4
8398	HCpVbYn	3	3.2361	3.5000	5	7	0.02623	0.02933	9	8	4
8399	HCpVbZm	3	3.2361	3.5000	5	7	0.02623	0.02933	9	8	4
8400	HCpVcz{	3	3.2361	3.5000	5	7	0.02623	0.02933	9	7	4
8401	HCpVdp|	3	3.2361	3.5000	5	7	0.02623	0.02933	9	9	4
8402	HCpVdp}	3	3.2361	3.5000	5	7	0.02623	0.02933	9	9	4
8403	HCpVV`|	3	3.2361	3.5000	5	7	0.02623	0.02933	9	9	4
8404	HCpVVbl	3	3.2361	3.5000	5	7	0.02623	0.02933	9	7	4
8405	HCpVVbu	3	3.2361	3.5000	5	7	0.02623	0.02933	9	8	4
8406	HCRbc~]	3	3.2361	3.5000	5	7	0.02623	0.02933	9	8	4
8407	HCRbd\}	3	3.2361	3.5000	5	7	0.02623	0.02933	9	8	4
8408	HCRbdx}	3	3.2361	3.5000	5	7	0.02623	0.02933	9	10	4
8409	HCRbdz]	3	3.2361	3.5000	5	7	0.02623	0.02933	9	10	4
8410	HCRbdzm	3	3.2361	3.5000	5	7	0.02623	0.02933	9	10	4
8411	HCRbe^{	3	3.2361	3.5000	5	7	0.02623	0.02933	9	9	4
8412	HCRbe^y	3	3.2361	3.5000	5	7	0.02623	0.02933	9	9	4
8413	HCRbey}	3	3.2361	3.5000	5	7	0.02623	0.02933	9	10	4
8414	HCRbfi}	3	3.2361	3.5000	5	7	0.02623	0.02933	9	9	4
8415	HCRbfru	3	3.2361	3.5000	5	7	0.02623	0.02933	9	8	4
8416	HCRen_~	3	3.2361	3.5000	5	7	0.02623	0.02933	9	7	4
8417	HCRenb{	3	3.2361	3.5000	5	7	0.02623	0.02933	9	7	4
8418	HCRSvrm	3	3.2361	3.5000	5	7	0.02623	0.02933	9	9	4
8419	HCRTtpn	3	3.2361	3.5000	5	7	0.02623	0.02933	9	9	4
8420	HCZbei}	3	3.2361	3.5000	5	7	0.02623	0.02933	9	9	4
8421	HCZbej]	3	3.2361	3.5000	5	7	0.02623	0.02933	9	7	4
8422	HCZberm	3	3.2361	3.5000	5	7	0.02623	0.02933	9	8	4
8423	HCZberu	3	3.2361	3.5000	5	7	0.02623	0.02933	9	8	4
8424	HCZJfJx	3	3.2361	3.5000	5	7	0.02623	0.02933	9	7	4
8425	HCZJfJy	3	3.2361	3.5000	5	7	0.02623	0.02933	9	9	4
8426	HCpVUzs	3	3.2361	3.5000	5	6	0.02623	0.02933	9	10	4
8427	HCXnUhx	3	3.2361	3.5000	5	6	0.02623	0.02933	9	10	4
8428	HCZbemu	3	3.2361	3.5000	5	6	0.02623	0.02933	9	8	4
8429	HCZejpr	3	3.2361	3.5000	5	6	0.02623	0.02933	9	10	4
8430	HCZLbty	3	3.2361	3.5000	5	7	0.02623	0.02933	9	10	4
8431	HEhferi	3	3.2361	3.5000	5	6	0.02623	0.02933	9	10	4
8432	HCprn`t	3	3.2361	3.5000	5	6	0.02623	0.02933	9	8	4
8433	HCpVVjU	3	3.2361	3.5000	5	6	0.02623	0.02933	9	10	4
8434	HCpVVrU	3	3.2361	3.5000	5	6	0.02623	0.02933	9	9	4
8435	HCrUrhu	3	3.2361	3.5000	5	6	0.02623	0.02933	9	8	4
8436	HCZenbd	3	3.2361	3.5000	5	6	0.02623	0.02933	9	9	4
8437	HCZfJpt	3	3.2361	3.5000	5	6	0.02623	0.02933	9	9	4
8438	HCdffPz	3	3.2361	3.5000	5	7	0.02623	0.02933	9	7	4
8439	HCpbbm}	3	3.2361	3.5000	5	7	0.02623	0.02933	9	10	4
8440	HCpbbvy	3	3.2361	3.5000	5	7	0.02623	0.02933	9	8	4
8441	HCpbez]	3	3.2361	3.5000	5	7	0.02623	0.02933	9	8	4
8442	HCpbezu	3	3.2361	3.5000	5	7	0.02623	0.02933	9	10	4
8443	HCpbffm	3	3.2361	3.5000	5	7	0.02623	0.02933	9	9	4
8444	HCpbffu	3	3.2361	3.5000	5	7	0.02623	0.02933	9	8	4
8445	HCpbffy	3	3.2361	3.5000	5	7	0.02623	0.02933	9	8	4
8446	HCpbfNy	3	3.2361	3.5000	5	7	0.02623	0.02933	9	9	4
8447	HCpbfVm	3	3.2361	3.5000	5	7	0.02623	0.02933	9	7	4
8448	HCpbfVy	3	3.2361	3.5000	5	7	0.02623	0.02933	9	7	4
8449	HCpbfX}	3	3.2361	3.5000	5	7	0.02623	0.02933	9	10	4
8450	HCpbfZ]	3	3.2361	3.5000	5	7	0.02623	0.02933	9	10	4
8451	HCpbfZm	3	3.2361	3.5000	5	7	0.02623	0.02933	9	8	4
8452	HCpbvPv	3	3.2361	3.5000	5	7	0.02623	0.02933	9	9	4
8453	HCpbvRr	3	3.2361	3.5000	5	7	0.02623	0.02933	9	7	4
8454	HCpdtp}	3	3.2361	3.5000	5	7	0.02623	0.02933	9	9	4
8455	HCpdtpv	3	3.2361	3.5000	5	7	0.02623	0.02933	9	9	4
8456	HCpdVX}	3	3.2361	3.5000	5	7	0.02623	0.02933	9	9	4
8457	HCpUtj{	3	3.2361	3.5000	5	7	0.02623	0.02933	9	9	4
8458	HCpUvJx	3	3.2361	3.5000	5	7	0.02623	0.02933	9	8	4
8459	HCpVbpv	3	3.2361	3.5000	5	7	0.02623	0.02933	9	9	4
8460	HCpVdp^	3	3.2361	3.5000	5	7	0.02623	0.02933	9	8	4
8461	HCpVdpv	3	3.2361	3.5000	5	7	0.02623	0.02933	9	9	4
8462	HCpVdpz	3	3.2361	3.5000	5	7	0.02623	0.02933	9	8	4
8463	HCpVUj{	3	3.2361	3.5000	5	7	0.02623	0.02933	9	9	4
8464	HCpVUr{	3	3.2361	3.5000	5	7	0.02623	0.02933	9	9	4
8465	HCpVVbf	3	3.2361	3.5000	5	7	0.02623	0.02933	9	8	4
8466	HCRbb^{	3	3.2361	3.5000	5	7	0.02623	0.02933	9	10	4
8467	HCRbb]}	3	3.2361	3.5000	5	7	0.02623	0.02933	9	10	4
8468	HCRbbzu	3	3.2361	3.5000	5	7	0.02623	0.02933	9	8	4
8469	HCRbc~u	3	3.2361	3.5000	5	7	0.02623	0.02933	9	9	4
8470	HCRbd^u	3	3.2361	3.5000	5	7	0.02623	0.02933	9	8	4
8471	HCRbdzu	3	3.2361	3.5000	5	7	0.02623	0.02933	9	10	4
8472	HCRbe^]	3	3.2361	3.5000	5	7	0.02623	0.02933	9	8	4
8473	HCRbe\}	3	3.2361	3.5000	5	7	0.02623	0.02933	9	9	4
8474	HCRbem}	3	3.2361	3.5000	5	7	0.02623	0.02933	9	8	4
8475	HCRbex}	3	3.2361	3.5000	5	7	0.02623	0.02933	9	10	4
8476	HCRbez]	3	3.2361	3.5000	5	7	0.02623	0.02933	9	8	4
8477	HCRbezm	3	3.2361	3.5000	5	7	0.02623	0.02933	9	10	4
8478	HCRbfh}	3	3.2361	3.5000	5	7	0.02623	0.02933	9	9	4
8479	HCRbfM}	3	3.2361	3.5000	5	7	0.02623	0.02933	9	9	4
8480	HCRbfX}	3	3.2361	3.5000	5	7	0.02623	0.02933	9	10	4
8481	HCRbfZ]	3	3.2361	3.5000	5	7	0.02623	0.02933	9	10	4
8482	HCRen`|	3	3.2361	3.5000	5	7	0.02623	0.02933	9	9	4
8483	HCRenbj	3	3.2361	3.5000	5	7	0.02623	0.02933	9	8	4
8484	HCRSr^m	3	3.2361	3.5000	5	7	0.02623	0.02933	9	9	4
8485	HCRSvL}	3	3.2361	3.5000	5	7	0.02623	0.02933	9	9	4
8486	HCRSvNm	3	3.2361	3.5000	5	7	0.02623	0.02933	9	8	4
8487	HCRSvZm	3	3.2361	3.5000	5	7	0.02623	0.02933	9	9	4
8488	HCXfRru	3	3.2361	3.5000	5	7	0.02623	0.02933	9	9	4
8489	HCXfRrV	3	3.2361	3.5000	5	7	0.02623	0.02933	9	9	4
8490	HCZbeh}	3	3.2361	3.5000	5	7	0.02623	0.02933	9	9	4
8491	HCZbejm	3	3.2361	3.5000	5	7	0.02623	0.02933	9	9	4
8492	HCZbeju	3	3.2361	3.5000	5	7	0.02623	0.02933	9	8	4
8493	HCZJfHz	3	3.2361	3.5000	5	7	0.02623	0.02933	9	9	4
8494	HCZJfJr	3	3.2361	3.5000	5	7	0.02623	0.02933	9	9	4
8495	HCZJfRf	3	3.2361	3.5000	5	7	0.02623	0.02933	9	7	4
8496	HCZJfRr	3	3.2361	3.5000	5	7	0.02623	0.02933	9	9	4
8497	HCpbbzr	3	3.2361	3.5000	5	7	0.02623	0.02933	9	8	4
8498	HCpbdxz	3	3.2361	3.5000	5	7	0.02623	0.02933	9	9	4
8499	HCpbew~	3	3.2361	3.5000	5	7	0.02623	0.02933	9	9	4
8500	HCpbfhz	3	3.2361	3.5000	5	7	0.02623	0.02933	9	7	4
8501	HCpbfjj	3	3.2361	3.5000	5	7	0.02623	0.02933	9	7	4
8502	HCpdQ~r	3	3.2361	3.5000	5	7	0.02623	0.02933	9	7	4
8503	HCpdTx^	3	3.2361	3.5000	5	7	0.02623	0.02933	9	8	4
8504	HCQbf^]	3	3.2361	3.5000	5	7	0.02623	0.02933	9	8	4
8505	HCQbf^m	3	3.2361	3.5000	5	8	0.02623	0.02933	9	6	4
8506	HCRbbzr	3	3.2361	3.5000	5	7	0.02623	0.02933	9	7	4
8507	HCRbd^Z	3	3.2361	3.5000	5	7	0.02623	0.02933	9	8	4
8508	HCRbe[~	3	3.2361	3.5000	5	7	0.02623	0.02933	9	7	4
8509	HCRbe]z	3	3.2361	3.5000	5	7	0.02623	0.02933	9	9	4
8510	HCRbfNx	3	3.2361	3.5000	5	7	0.02623	0.02933	9	7	4
8511	HCRbfYz	3	3.2361	3.5000	5	7	0.02623	0.02933	9	10	4
8512	HCQbfV}	3	3.2361	3.5000	5	8	0.02623	0.02933	9	7	4
8513	HCQbfZ}	3	3.2361	3.5000	5	8	0.02623	0.02933	9	8	4
8514	HCRber}	3	3.2361	3.5000	5	8	0.02623	0.02933	9	8	4
8515	HCR`rj}	3	3.2361	3.5000	5	8	0.02623	0.02933	9	8	4
8516	HCR`rjz	3	3.2361	3.5000	5	8	0.02623	0.02933	9	8	4
8517	HCprmpt	3	3.2361	3.5000	5	6	0.02623	0.02933	9	10	4
8518	HCXfVZe	3	3.2361	3.5000	5	6	0.02623	0.02933	9	7	4
8519	HCpbbn]	3	3.2361	3.5000	5	7	0.02623	0.02933	9	10	4
8520	HCpdR\}	3	3.2361	3.5000	5	7	0.02623	0.02933	9	8	4
8521	HCpdtpn	3	3.2361	3.5000	5	7	0.02623	0.02933	9	9	4
8522	HCRbb^]	3	3.2361	3.5000	5	7	0.02623	0.02933	9	10	4
8523	HCpbfpv	3	3.2361	3.5000	5	7	0.02623	0.02933	9	9	4
8524	HCpbfZr	3	3.2361	3.5000	5	7	0.02623	0.02933	9	9	4
8525	HCRbb]^	3	3.2361	3.5000	5	7	0.02623	0.02933	9	9	4
8526	HCRbfZr	3	3.2361	3.5000	5	7	0.02623	0.02933	9	9	4
8527	HCpbbjz	3	3.2361	3.5000	5	8	0.02623	0.02933	9	8	4
8528	HCpbdp~	3	3.2361	3.5000	5	8	0.02623	0.02933	9	9	4
8529	HCpbfJz	3	3.2361	3.5000	5	8	0.02623	0.02933	9	8	4
8530	HCpbfRv	3	3.2361	3.5000	5	8	0.02623	0.02933	9	8	4
8531	HCQfdrn	3	3.2361	3.5000	5	8	0.02623	0.02933	9	8	4
8532	HCQudrn	3	3.2361	3.5000	5	8	0.02623	0.02933	9	9	4
8533	HCQVdrn	3	3.2361	3.5000	5	8	0.02623	0.02933	9	9	4
8534	HCQvDZz	3	3.2361	3.5000	5	8	0.02623	0.02933	9	8	4
8535	HCRbcx~	3	3.2361	3.5000	5	8	0.02623	0.02933	9	9	4
8536	HCRbfJ}	3	3.2361	3.5000	5	8	0.02623	0.02933	9	9	4
8537	HCRctV|	3	3.2361	3.5000	5	8	0.02623	0.02933	9	9	4
8538	HCXnVJb	3	3.2361	3.5000	5	6	0.02623	0.02933	9	9	4
8539	HCRSu^m	3	3.2361	3.5000	5	7	0.02623	0.02933	9	9	4
8540	HCrdrqj	3	3.2361	3.5000	5	6	0.02623	0.02933	9	8	4
8541	HCrfbhV	3	3.2361	3.5000	5	6	0.02623	0.02933	9	8	4
8542	HCrfbjT	3	3.2361	3.5000	5	6	0.02623	0.02933	9	8	4
8543	HCrfRjL	3	3.2361	3.5000	5	6	0.02623	0.02933	9	10	4
8544	HCZJrhZ	3	3.2361	3.5000	5	6	0.02623	0.02933	9	9	4
8545	HCpenje	3	3.2361	3.5000	5	6	0.02623	0.02933	9	8	4
8546	HCpUvrq	3	3.2361	3.5000	5	6	0.02623	0.02933	9	8	4
8547	HCdffRr	3	3.2361	3.5000	5	7	0.02623	0.02933	9	8	4
8548	HCdffRu	3	3.2361	3.5000	5	7	0.02623	0.02933	9	9	4
8549	HCdffRV	3	3.2361	3.5000	5	7	0.02623	0.02933	9	8	4
8550	HCpbvP}	3	3.2361	3.5000	5	7	0.02623	0.02933	9	9	4
8551	HCpbvQn	3	3.2361	3.5000	5	7	0.02623	0.02933	9	7	4
8552	HCpbvQz	3	3.2361	3.5000	5	7	0.02623	0.02933	9	9	4
8553	HCpbvR]	3	3.2361	3.5000	5	7	0.02623	0.02933	9	9	4
8554	HCpbvRy	3	3.2361	3.5000	5	7	0.02623	0.02933	9	8	4
8555	HCpdQ~]	3	3.2361	3.5000	5	7	0.02623	0.02933	9	8	4
8556	HCpdRvy	3	3.2361	3.5000	5	7	0.02623	0.02933	9	7	4
8557	HCpdTy}	3	3.2361	3.5000	5	7	0.02623	0.02933	9	8	4
8558	HCpdVry	3	3.2361	3.5000	5	7	0.02623	0.02933	9	7	4
8559	HCpUvJu	3	3.2361	3.5000	5	7	0.02623	0.02933	9	8	4
8560	HCpVbr]	3	3.2361	3.5000	5	7	0.02623	0.02933	9	9	4
8561	HCpVbrr	3	3.2361	3.5000	5	7	0.02623	0.02933	9	8	4
8562	HCpVbru	3	3.2361	3.5000	5	7	0.02623	0.02933	9	9	4
8563	HCpVbry	3	3.2361	3.5000	5	7	0.02623	0.02933	9	8	4
8564	HCpVbXz	3	3.2361	3.5000	5	7	0.02623	0.02933	9	9	4
8565	HCpVbY^	3	3.2361	3.5000	5	7	0.02623	0.02933	9	9	4
8566	HCpVcy}	3	3.2361	3.5000	5	7	0.02623	0.02933	9	8	4
8567	HCpVdr]	3	3.2361	3.5000	5	7	0.02623	0.02933	9	9	4
8568	HCpVdrj	3	3.2361	3.5000	5	7	0.02623	0.02933	9	9	4
8569	HCpVdrN	3	3.2361	3.5000	5	7	0.02623	0.02933	9	8	4
8570	HCpVdru	3	3.2361	3.5000	5	7	0.02623	0.02933	9	9	4
8571	HCpVdry	3	3.2361	3.5000	5	7	0.02623	0.02933	9	8	4
8572	HCpVTrr	3	3.2361	3.5000	5	7	0.02623	0.02933	9	8	4
8573	HCpVVan	3	3.2361	3.5000	5	7	0.02623	0.02933	9	7	4
8574	HCpVVb\	3	3.2361	3.5000	5	7	0.02623	0.02933	9	9	4
8575	HCpVVbV	3	3.2361	3.5000	5	7	0.02623	0.02933	9	8	4
8576	HCpVVbx	3	3.2361	3.5000	5	7	0.02623	0.02933	9	8	4
8577	HCpVV`z	3	3.2361	3.5000	5	7	0.02623	0.02933	9	8	4
8578	HCRena|	3	3.2361	3.5000	5	7	0.02623	0.02933	9	9	4
8579	HCRenan	3	3.2361	3.5000	5	7	0.02623	0.02933	9	8	4
8580	HCRenby	3	3.2361	3.5000	5	7	0.02623	0.02933	9	7	4
8581	HCRStzm	3	3.2361	3.5000	5	7	0.02623	0.02933	9	9	4
8582	HCRSvZ{	3	3.2361	3.5000	5	7	0.02623	0.02933	9	9	4
8583	HCZbeh^	3	3.2361	3.5000	5	7	0.02623	0.02933	9	8	4
8584	HCZbehn	3	3.2361	3.5000	5	7	0.02623	0.02933	9	9	4
8585	HCZbehv	3	3.2361	3.5000	5	7	0.02623	0.02933	9	8	4
8586	HCZbejr	3	3.2361	3.5000	5	7	0.02623	0.02933	9	8	4
8587	HCZbejx	3	3.2361	3.5000	5	7	0.02623	0.02933	9	7	4
8588	HCZbejZ	3	3.2361	3.5000	5	7	0.02623	0.02933	9	9	4
8589	HCZbepn	3	3.2361	3.5000	5	7	0.02623	0.02933	9	8	4
8590	HCZberl	3	3.2361	3.5000	5	7	0.02623	0.02933	9	8	4
8591	HCZberN	3	3.2361	3.5000	5	7	0.02623	0.02933	9	7	4
8592	HCZbert	3	3.2361	3.5000	5	7	0.02623	0.02933	9	7	4
8593	HCZberV	3	3.2361	3.5000	5	7	0.02623	0.02933	9	8	4
8594	HCZJfH}	3	3.2361	3.5000	5	7	0.02623	0.02933	9	9	4
8595	HCZJfHv	3	3.2361	3.5000	5	7	0.02623	0.02933	9	8	4
8596	HCZJfI|	3	3.2361	3.5000	5	7	0.02623	0.02933	9	9	4
8597	HCZJfIn	3	3.2361	3.5000	5	7	0.02623	0.02933	9	7	4
8598	HCZJfJ]	3	3.2361	3.5000	5	7	0.02623	0.02933	9	9	4
8599	HCZJfJ{	3	3.2361	3.5000	5	7	0.02623	0.02933	9	7	4
8600	HCZJfP}	3	3.2361	3.5000	5	7	0.02623	0.02933	9	9	4
8601	HCZJfRm	3	3.2361	3.5000	5	7	0.02623	0.02933	9	7	4
8602	HCpbbxz	3	3.2361	3.5000	5	7	0.02623	0.02933	9	7	4
8603	HCpbbzj	3	3.2361	3.5000	5	7	0.02623	0.02933	9	7	4
8604	HCpbbzV	3	3.2361	3.5000	5	7	0.02623	0.02933	9	7	4
8605	HCpbbzZ	3	3.2361	3.5000	5	7	0.02623	0.02933	9	9	4
8606	HCpbdx|	3	3.2361	3.5000	5	7	0.02623	0.02933	9	9	4
8607	HCpbdzf	3	3.2361	3.5000	5	7	0.02623	0.02933	9	9	4
8608	HCpbevf	3	3.2361	3.5000	5	7	0.02623	0.02933	9	9	4
8609	HCpbezf	3	3.2361	3.5000	5	7	0.02623	0.02933	9	9	4
8610	HCpbfg~	3	3.2361	3.5000	5	7	0.02623	0.02933	9	7	4
8611	HCpbfp^	3	3.2361	3.5000	5	7	0.02623	0.02933	9	8	4
8612	HCpbfpn	3	3.2361	3.5000	5	7	0.02623	0.02933	9	9	4
8613	HCpbfpz	3	3.2361	3.5000	5	7	0.02623	0.02933	9	8	4
8614	HCpbfqv	3	3.2361	3.5000	5	7	0.02623	0.02933	9	9	4
8615	HCpbfrr	3	3.2361	3.5000	5	7	0.02623	0.02933	9	8	4
8616	HCpbfrt	3	3.2361	3.5000	5	7	0.02623	0.02933	9	7	4
8617	HCpbfrV	3	3.2361	3.5000	5	7	0.02623	0.02933	9	7	4
8618	HCpbfW~	3	3.2361	3.5000	5	7	0.02623	0.02933	9	9	4
8619	HCpdQ~f	3	3.2361	3.5000	5	7	0.02623	0.02933	9	8	4
8620	HCpdQ~x	3	3.2361	3.5000	5	7	0.02623	0.02933	9	7	4
8621	HCRbb]|	3	3.2361	3.5000	5	7	0.02623	0.02933	9	10	4
8622	HCRbb^x	3	3.2361	3.5000	5	7	0.02623	0.02933	9	8	4
8623	HCRbbxz	3	3.2361	3.5000	5	7	0.02623	0.02933	9	8	4
8624	HCRbbyv	3	3.2361	3.5000	5	7	0.02623	0.02933	9	8	4
8625	HCRbbzV	3	3.2361	3.5000	5	7	0.02623	0.02933	9	7	4
8626	HCRbbzZ	3	3.2361	3.5000	5	7	0.02623	0.02933	9	8	4
8627	HCRbd^\	3	3.2361	3.5000	5	7	0.02623	0.02933	9	8	4
8628	HCRbd]^	3	3.2361	3.5000	5	7	0.02623	0.02933	9	7	4
8629	HCRbd^r	3	3.2361	3.5000	5	7	0.02623	0.02933	9	7	4
8630	HCRbd^V	3	3.2361	3.5000	5	7	0.02623	0.02933	9	7	4
8631	HCRbdyz	3	3.2361	3.5000	5	7	0.02623	0.02933	9	10	4
8632	HCRbd]z	3	3.2361	3.5000	5	7	0.02623	0.02933	9	8	4
8633	HCRbe]^	3	3.2361	3.5000	5	7	0.02623	0.02933	9	8	4
8634	HCRbe]|	3	3.2361	3.5000	5	7	0.02623	0.02933	9	9	4
8635	HCRbe]n	3	3.2361	3.5000	5	7	0.02623	0.02933	9	7	4
8636	HCRbenx	3	3.2361	3.5000	5	7	0.02623	0.02933	9	6	4
8637	HCRbe^x	3	3.2361	3.5000	5	7	0.02623	0.02933	9	7	4
8638	HCRbfiz	3	3.2361	3.5000	5	7	0.02623	0.02933	9	9	4
8639	HCRbfM^	3	3.2361	3.5000	5	7	0.02623	0.02933	9	8	4
8640	HCRbfMz	3	3.2361	3.5000	5	7	0.02623	0.02933	9	9	4
8641	HCRbfqv	3	3.2361	3.5000	5	7	0.02623	0.02933	9	8	4
8642	HCRbfrt	3	3.2361	3.5000	5	7	0.02623	0.02933	9	7	4
8643	HCRbfW~	3	3.2361	3.5000	5	7	0.02623	0.02933	9	8	4
8644	HCRbfY^	3	3.2361	3.5000	5	7	0.02623	0.02933	9	9	4
8645	HCRbfZx	3	3.2361	3.5000	5	7	0.02623	0.02933	9	8	4
8646	HCpbbi~	3	3.2361	3.5000	5	8	0.02623	0.02933	9	8	4
8647	HCpbbj^	3	3.2361	3.5000	5	8	0.02623	0.02933	9	8	4
8648	HCpbdrn	3	3.2361	3.5000	5	8	0.02623	0.02933	9	9	4
8649	HCpbdrv	3	3.2361	3.5000	5	8	0.02623	0.02933	9	9	4
8650	HCpbfJ^	3	3.2361	3.5000	5	8	0.02623	0.02933	9	8	4
8651	HCpbfP~	3	3.2361	3.5000	5	8	0.02623	0.02933	9	8	4
8652	HCQbfq~	3	3.2361	3.5000	5	8	0.02623	0.02933	9	7	4
8653	HCQbfU~	3	3.2361	3.5000	5	8	0.02623	0.02933	9	7	4
8654	HCQfdr}	3	3.2361	3.5000	5	8	0.02623	0.02933	9	8	4
8655	HCQvDX~	3	3.2361	3.5000	5	8	0.02623	0.02933	9	8	4
8656	HCRbczn	3	3.2361	3.5000	5	8	0.02623	0.02933	9	9	4
8657	HCRctT~	3	3.2361	3.5000	5	8	0.02623	0.02933	9	9	4
8658	HCR`ri~	3	3.2361	3.5000	5	8	0.02623	0.02933	9	8	4
8659	HCR`rj^	3	3.2361	3.5000	5	8	0.02623	0.02933	9	8	4
8660	HCRVDZ}	3	3.2361	3.5000	5	8	0.02623	0.02933	9	8	4
8661	HCRVDZn	3	3.2361	3.5000	5	8	0.02623	0.02933	9	8	4
8662	HCXecz|	3	3.2361	3.5000	5	8	0.02623	0.02933	9	8	4
8663	HCXecz}	3	3.2361	3.5000	5	8	0.02623	0.02933	9	8	4
8664	HCQbbr~	3	3.2361	3.5000	5	9	0.02623	0.02933	9	7	4
8665	HCQbfR~	3	3.2361	3.5000	5	9	0.02623	0.02933	9	7	4
8666	HCQv@r~	3	3.2361	3.5000	5	9	0.02623	0.02933	9	7	4
8667	HCRV@r~	3	3.2361	3.5000	5	9	0.02623	0.02933	9	6	4
8668	HCrfQzM	3	3.2361	3.5000	5	6	0.02623	0.02933	9	9	4
8669	HCdffR]	3	3.2361	3.5000	5	7	0.02623	0.02933	9	9	4
8670	HCdffRy	3	3.2361	3.5000	5	7	0.02623	0.02933	9	8	4
8671	HCpbvP^	3	3.2361	3.5000	5	7	0.02623	0.02933	9	8	4
8672	HCpbvPn	3	3.2361	3.5000	5	7	0.02623	0.02933	9	9	4
8673	HCpbvPz	3	3.2361	3.5000	5	7	0.02623	0.02933	9	8	4
8674	HCpbvR\	3	3.2361	3.5000	5	7	0.02623	0.02933	9	9	4
8675	HCpbvRl	3	3.2361	3.5000	5	7	0.02623	0.02933	9	9	4
8676	HCpbvRx	3	3.2361	3.5000	5	7	0.02623	0.02933	9	8	4
8677	HCpdS~]	3	3.2361	3.5000	5	7	0.02623	0.02933	9	8	4
8678	HCpdtq}	3	3.2361	3.5000	5	7	0.02623	0.02933	9	8	4
8679	HCpdtqn	3	3.2361	3.5000	5	7	0.02623	0.02933	9	7	4
8680	HCpdtqv	3	3.2361	3.5000	5	7	0.02623	0.02933	9	9	4
8681	HCpdtr]	3	3.2361	3.5000	5	7	0.02623	0.02933	9	9	4
8682	HCpdtrj	3	3.2361	3.5000	5	7	0.02623	0.02933	9	8	4
8683	HCpdtrN	3	3.2361	3.5000	5	7	0.02623	0.02933	9	8	4
8684	HCpdtrV	3	3.2361	3.5000	5	7	0.02623	0.02933	9	7	4
8685	HCpdtry	3	3.2361	3.5000	5	7	0.02623	0.02933	9	8	4
8686	HCpUti}	3	3.2361	3.5000	5	7	0.02623	0.02933	9	9	4
8687	HCpUvJm	3	3.2361	3.5000	5	7	0.02623	0.02933	9	8	4
8688	HCpVbrZ	3	3.2361	3.5000	5	7	0.02623	0.02933	9	7	4
8689	HCpVczx	3	3.2361	3.5000	5	7	0.02623	0.02933	9	8	4
8690	HCpVdq|	3	3.2361	3.5000	5	7	0.02623	0.02933	9	9	4
8691	HCpVdqv	3	3.2361	3.5000	5	7	0.02623	0.02933	9	9	4
8692	HCpVdr\	3	3.2361	3.5000	5	7	0.02623	0.02933	9	9	4
8693	HCpVdrr	3	3.2361	3.5000	5	7	0.02623	0.02933	9	8	4
8694	HCpVdrV	3	3.2361	3.5000	5	7	0.02623	0.02933	9	8	4
8695	HCpVdrx	3	3.2361	3.5000	5	7	0.02623	0.02933	9	8	4
8696	HCpVTqn	3	3.2361	3.5000	5	7	0.02623	0.02933	9	8	4
8697	HCpVTry	3	3.2361	3.5000	5	7	0.02623	0.02933	9	9	4
8698	HCpVUq|	3	3.2361	3.5000	5	7	0.02623	0.02933	9	10	4
8699	HCpVUqn	3	3.2361	3.5000	5	7	0.02623	0.02933	9	8	4
8700	HCpVUrl	3	3.2361	3.5000	5	7	0.02623	0.02933	9	8	4
8701	HCpVVby	3	3.2361	3.5000	5	7	0.02623	0.02933	9	8	4
8702	HCQvdr]	3	3.2361	3.5000	5	7	0.02623	0.02933	9	9	4
8703	HCQvdrr	3	3.2361	3.5000	5	7	0.02623	0.02933	9	8	4
8704	HCQvdru	3	3.2361	3.5000	5	7	0.02623	0.02933	9	9	4
8705	HCQvdrZ	3	3.2361	3.5000	5	7	0.02623	0.02933	9	9	4
8706	HCRena}	3	3.2361	3.5000	5	7	0.02623	0.02933	9	9	4
8707	HCRenaz	3	3.2361	3.5000	5	7	0.02623	0.02933	9	9	4
8708	HCRStz{	3	3.2361	3.5000	5	7	0.02623	0.02933	9	8	4
8709	HCRSvNu	3	3.2361	3.5000	5	7	0.02623	0.02933	9	8	4
8710	HCRTtq}	3	3.2361	3.5000	5	7	0.02623	0.02933	9	8	4
8711	HCRTtqz	3	3.2361	3.5000	5	7	0.02623	0.02933	9	9	4
8712	HCRTtr]	3	3.2361	3.5000	5	7	0.02623	0.02933	9	9	4
8713	HCRTtru	3	3.2361	3.5000	5	7	0.02623	0.02933	9	9	4
8714	HCRTtrZ	3	3.2361	3.5000	5	7	0.02623	0.02933	9	8	4
8715	HCXfRrm	3	3.2361	3.5000	5	7	0.02623	0.02933	9	9	4
8716	HCXfRrN	3	3.2361	3.5000	5	7	0.02623	0.02933	9	8	4
8717	HCXfRry	3	3.2361	3.5000	5	7	0.02623	0.02933	9	8	4
8718	HCXfRrZ	3	3.2361	3.5000	5	7	0.02623	0.02933	9	9	4
8719	HCZbei|	3	3.2361	3.5000	5	7	0.02623	0.02933	9	9	4
8720	HCZbeiv	3	3.2361	3.5000	5	7	0.02623	0.02933	9	9	4
8721	HCZbejf	3	3.2361	3.5000	5	7	0.02623	0.02933	9	8	4
8722	HCZbejl	3	3.2361	3.5000	5	7	0.02623	0.02933	9	9	4
8723	HCZbejN	3	3.2361	3.5000	5	7	0.02623	0.02933	9	8	4
8724	HCZber\	3	3.2361	3.5000	5	7	0.02623	0.02933	9	8	4
8725	HCZJfH^	3	3.2361	3.5000	5	7	0.02623	0.02933	9	8	4
8726	HCZJfHn	3	3.2361	3.5000	5	7	0.02623	0.02933	9	9	4
8727	HCZJfJf	3	3.2361	3.5000	5	7	0.02623	0.02933	9	8	4
8728	HCZJfJt	3	3.2361	3.5000	5	7	0.02623	0.02933	9	8	4
8729	HCZJfJV	3	3.2361	3.5000	5	7	0.02623	0.02933	9	9	4
8730	HCZJfR\	3	3.2361	3.5000	5	7	0.02623	0.02933	9	9	4
8731	HCZJfRj	3	3.2361	3.5000	5	7	0.02623	0.02933	9	8	4
8732	HCZJfRx	3	3.2361	3.5000	5	7	0.02623	0.02933	9	8	4
8733	HCpbbx^	3	3.2361	3.5000	5	7	0.02623	0.02933	9	8	4
8734	HCpbbxv	3	3.2361	3.5000	5	7	0.02623	0.02933	9	9	4
8735	HCpbbzN	3	3.2361	3.5000	5	7	0.02623	0.02933	9	8	4
8736	HCpbdzx	3	3.2361	3.5000	5	7	0.02623	0.02933	9	9	4
8737	HCpbex|	3	3.2361	3.5000	5	7	0.02623	0.02933	9	9	4
8738	HCpbfff	3	3.2361	3.5000	5	7	0.02623	0.02933	9	8	4
8739	HCpbfh|	3	3.2361	3.5000	5	7	0.02623	0.02933	9	7	4
8740	HCpbfjf	3	3.2361	3.5000	5	7	0.02623	0.02933	9	7	4
8741	HCpbfLz	3	3.2361	3.5000	5	7	0.02623	0.02933	9	8	4
8742	HCpbfqz	3	3.2361	3.5000	5	7	0.02623	0.02933	9	9	4
8743	HCpbfrj	3	3.2361	3.5000	5	7	0.02623	0.02933	9	7	4
8744	HCpbfrl	3	3.2361	3.5000	5	7	0.02623	0.02933	9	9	4
8745	HCpbfrN	3	3.2361	3.5000	5	7	0.02623	0.02933	9	8	4
8746	HCpbfVf	3	3.2361	3.5000	5	7	0.02623	0.02933	9	7	4
8747	HCpbfZf	3	3.2361	3.5000	5	7	0.02623	0.02933	9	9	4
8748	HCpdQ~l	3	3.2361	3.5000	5	7	0.02623	0.02933	9	8	4
8749	HCpdS|^	3	3.2361	3.5000	5	7	0.02623	0.02933	9	8	4
8750	HCRbb]n	3	3.2361	3.5000	5	7	0.02623	0.02933	9	8	4
8751	HCRbbxv	3	3.2361	3.5000	5	7	0.02623	0.02933	9	7	4
8752	HCRbbz\	3	3.2361	3.5000	5	7	0.02623	0.02933	9	8	4
8753	HCRbbzf	3	3.2361	3.5000	5	7	0.02623	0.02933	9	7	4
8754	HCRbbzt	3	3.2361	3.5000	5	7	0.02623	0.02933	9	7	4
8755	HCRbc}|	3	3.2361	3.5000	5	7	0.02623	0.02933	9	9	4
8756	HCRbc~t	3	3.2361	3.5000	5	7	0.02623	0.02933	9	8	4
8757	HCRbd[~	3	3.2361	3.5000	5	7	0.02623	0.02933	9	7	4
8758	HCRbd]|	3	3.2361	3.5000	5	7	0.02623	0.02933	9	8	4
8759	HCRbd^t	3	3.2361	3.5000	5	7	0.02623	0.02933	9	7	4
8760	HCRbe\|	3	3.2361	3.5000	5	7	0.02623	0.02933	9	7	4
8761	HCRbe^j	3	3.2361	3.5000	5	7	0.02623	0.02933	9	7	4
8762	HCRbem|	3	3.2361	3.5000	5	7	0.02623	0.02933	9	8	4
8763	HCRbey^	3	3.2361	3.5000	5	7	0.02623	0.02933	9	9	4
8764	HCRbey|	3	3.2361	3.5000	5	7	0.02623	0.02933	9	10	4
8765	HCRbezx	3	3.2361	3.5000	5	7	0.02623	0.02933	9	8	4
8766	HCRbfK~	3	3.2361	3.5000	5	7	0.02623	0.02933	9	7	4
8767	HCRbfM|	3	3.2361	3.5000	5	7	0.02623	0.02933	9	9	4
8768	HCRbfY|	3	3.2361	3.5000	5	7	0.02623	0.02933	9	10	4
8769	HCRbfYn	3	3.2361	3.5000	5	7	0.02623	0.02933	9	8	4
8770	HCpbbh~	3	3.2361	3.5000	5	8	0.02623	0.02933	9	8	4
8771	HCpbbj|	3	3.2361	3.5000	5	8	0.02623	0.02933	9	8	4
8772	HCpbbjn	3	3.2361	3.5000	5	8	0.02623	0.02933	9	8	4
8773	HCpbbjv	3	3.2361	3.5000	5	8	0.02623	0.02933	9	8	4
8774	HCpbdq~	3	3.2361	3.5000	5	8	0.02623	0.02933	9	9	4
8775	HCpbdr^	3	3.2361	3.5000	5	8	0.02623	0.02933	9	9	4
8776	HCpbdr|	3	3.2361	3.5000	5	8	0.02623	0.02933	9	9	4
8777	HCpbdrz	3	3.2361	3.5000	5	8	0.02623	0.02933	9	9	4
8778	HCpbfH~	3	3.2361	3.5000	5	8	0.02623	0.02933	9	8	4
8779	HCpbfJ|	3	3.2361	3.5000	5	8	0.02623	0.02933	9	8	4
8780	HCpbfJn	3	3.2361	3.5000	5	8	0.02623	0.02933	9	8	4
8781	HCpbfJv	3	3.2361	3.5000	5	8	0.02623	0.02933	9	8	4
8782	HCpbfR^	3	3.2361	3.5000	5	8	0.02623	0.02933	9	8	4
8783	HCpbfR|	3	3.2361	3.5000	5	8	0.02623	0.02933	9	8	4
8784	HCpbfRn	3	3.2361	3.5000	5	8	0.02623	0.02933	9	8	4
8785	HCpbfRz	3	3.2361	3.5000	5	8	0.02623	0.02933	9	8	4
8786	HCQbrrn	3	3.2361	3.5000	5	8	0.02623	0.02933	9	8	4
8787	HCQbrrz	3	3.2361	3.5000	5	8	0.02623	0.02933	9	8	4
8788	HCQfdr^	3	3.2361	3.5000	5	8	0.02623	0.02933	9	8	4
8789	HCQfdrv	3	3.2361	3.5000	5	8	0.02623	0.02933	9	8	4
8790	HCQfdrz	3	3.2361	3.5000	5	8	0.02623	0.02933	9	8	4
8791	HCQfLX~	3	3.2361	3.5000	5	8	0.02623	0.02933	9	9	4
8792	HCRbcy~	3	3.2361	3.5000	5	8	0.02623	0.02933	9	9	4
8793	HCRbcz^	3	3.2361	3.5000	5	8	0.02623	0.02933	9	9	4
8794	HCRbcz|	3	3.2361	3.5000	5	8	0.02623	0.02933	9	9	4
8795	HCRbczv	3	3.2361	3.5000	5	8	0.02623	0.02933	9	9	4
8796	HCRbfI~	3	3.2361	3.5000	5	8	0.02623	0.02933	9	9	4
8797	HCR`rh~	3	3.2361	3.5000	5	8	0.02623	0.02933	9	8	4
8798	HCR`rj|	3	3.2361	3.5000	5	8	0.02623	0.02933	9	8	4
8799	HCR`rjn	3	3.2361	3.5000	5	8	0.02623	0.02933	9	8	4
8800	HCR`rjv	3	3.2361	3.5000	5	8	0.02623	0.02933	9	8	4
8801	HCRVBi~	3	3.2361	3.5000	5	8	0.02623	0.02933	9	8	4
8802	HCRVDZ|	3	3.2361	3.5000	5	8	0.02623	0.02933	9	8	4
8803	HCRVDZv	3	3.2361	3.5000	5	8	0.02623	0.02933	9	8	4
8804	HCXecy~	3	3.2361	3.5000	5	8	0.02623	0.02933	9	8	4
8805	HCXecz^	3	3.2361	3.5000	5	8	0.02623	0.02933	9	8	4
8806	HCXeczz	3	3.2361	3.5000	5	8	0.02623	0.02933	9	8	4
8807	HCdffRZ	3	3.2361	3.5000	5	7	0.02623	0.02933	9	9	4
8808	HCpbvRj	3	3.2361	3.5000	5	7	0.02623	0.02933	9	8	4
8809	HCpbvRN	3	3.2361	3.5000	5	7	0.02623	0.02933	9	8	4
8810	HCpbvRZ	3	3.2361	3.5000	5	7	0.02623	0.02933	9	9	4
8811	HCpVdq^	3	3.2361	3.5000	5	7	0.02623	0.02933	9	8	4
8812	HCpVdqz	3	3.2361	3.5000	5	7	0.02623	0.02933	9	9	4
8813	HCpVdrZ	3	3.2361	3.5000	5	7	0.02623	0.02933	9	8	4
8814	HCQvdqv	3	3.2361	3.5000	5	7	0.02623	0.02933	9	9	4
8815	HCQvdrV	3	3.2361	3.5000	5	7	0.02623	0.02933	9	8	4
8816	HCRena^	3	3.2361	3.5000	5	7	0.02623	0.02933	9	8	4
8817	HCRSty}	3	3.2361	3.5000	5	7	0.02623	0.02933	9	8	4
8818	HCRTtq^	3	3.2361	3.5000	5	7	0.02623	0.02933	9	8	4
8819	HCRTtqv	3	3.2361	3.5000	5	7	0.02623	0.02933	9	9	4
8820	HCRTtrV	3	3.2361	3.5000	5	7	0.02623	0.02933	9	8	4
8821	HCZbej\	3	3.2361	3.5000	5	7	0.02623	0.02933	9	9	4
8822	HCZbejt	3	3.2361	3.5000	5	7	0.02623	0.02933	9	8	4
8823	HCZbejV	3	3.2361	3.5000	5	7	0.02623	0.02933	9	9	4
8824	HCZJfJ\	3	3.2361	3.5000	5	7	0.02623	0.02933	9	9	4
8825	HCZJfJl	3	3.2361	3.5000	5	7	0.02623	0.02933	9	9	4
8826	HCZJfJN	3	3.2361	3.5000	5	7	0.02623	0.02933	9	8	4
8827	HCZJfRl	3	3.2361	3.5000	5	7	0.02623	0.02933	9	9	4
8828	HCpbbx|	3	3.2361	3.5000	5	7	0.02623	0.02933	9	8	4
8829	HCpbbxn	3	3.2361	3.5000	5	7	0.02623	0.02933	9	9	4
8830	HCpbfr\	3	3.2361	3.5000	5	7	0.02623	0.02933	9	9	4
8831	HCpbfrx	3	3.2361	3.5000	5	7	0.02623	0.02933	9	8	4
8832	HCpbfrZ	3	3.2361	3.5000	5	7	0.02623	0.02933	9	9	4
8833	HCpbfX|	3	3.2361	3.5000	5	7	0.02623	0.02933	9	9	4
8834	HCRbb\|	3	3.2361	3.5000	5	7	0.02623	0.02933	9	8	4
8835	HCRbbx|	3	3.2361	3.5000	5	7	0.02623	0.02933	9	7	4
8836	HCRbbzl	3	3.2361	3.5000	5	7	0.02623	0.02933	9	8	4
8837	HCRbc}^	3	3.2361	3.5000	5	7	0.02623	0.02933	9	8	4
8838	HCRbc}v	3	3.2361	3.5000	5	7	0.02623	0.02933	9	9	4
8839	HCRbd]n	3	3.2361	3.5000	5	7	0.02623	0.02933	9	7	4
8840	HCRbd]v	3	3.2361	3.5000	5	7	0.02623	0.02933	9	8	4
8841	HCRbdy|	3	3.2361	3.5000	5	7	0.02623	0.02933	9	10	4
8842	HCRbdyv	3	3.2361	3.5000	5	7	0.02623	0.02933	9	10	4
8843	HCRbem^	3	3.2361	3.5000	5	7	0.02623	0.02933	9	7	4
8844	HCRbfi|	3	3.2361	3.5000	5	7	0.02623	0.02933	9	9	4
8845	HCRbfMn	3	3.2361	3.5000	5	7	0.02623	0.02933	9	7	4
8846	HCQbfi~	3	3.2361	3.5000	5	8	0.02623	0.02933	9	7	4
8847	HCQfJi~	3	3.2361	3.5000	5	8	0.02623	0.02933	9	8	4
8848	HCQVfI~	3	3.2361	3.5000	5	8	0.02623	0.02933	9	8	4
8849	HCRbdi~	3	3.2361	3.5000	5	8	0.02623	0.02933	9	9	4
8850	HCrvRpV	3	3.2361	3.5000	5	6	0.02623	0.02933	9	9	4
8851	HCpVdzm	3	3.2361	3.5000	5	7	0.02623	0.02933	9	9	4
8852	HCpVfrm	3	3.2361	3.5000	5	7	0.02623	0.02933	9	8	4
8853	HCpVP~{	3	3.2361	3.5000	5	7	0.02623	0.02933	9	9	4
8854	HCZbe^{	3	3.2361	3.5000	5	7	0.02623	0.02933	9	8	4
8855	HCZbey}	3	3.2361	3.5000	5	7	0.02623	0.02933	9	9	4
8856	HCZbfj]	3	3.2361	3.5000	5	7	0.02623	0.02933	9	8	4
8857	HCZbfru	3	3.2361	3.5000	5	7	0.02623	0.02933	9	7	4
8858	HCpbfy}	3	3.2361	3.5000	5	7	0.02623	0.02933	9	9	4
8859	HCpVfW~	3	3.2361	3.5000	5	7	0.02623	0.02933	9	7	4
8860	HCRbfy}	3	3.2361	3.5000	5	7	0.02623	0.02933	9	9	4
8861	HEhffri	3	3.2361	3.5000	5	6	0.02623	0.02933	9	9	4
8862	HEjeqy\	3	3.2361	3.5000	5	6	0.02623	0.02933	9	9	4
8863	HCZffje	3	3.2361	3.5000	5	6	0.02623	0.02933	9	8	4
8864	HCpUvj{	3	3.2361	3.5000	5	7	0.02623	0.02933	9	8	4
8865	HCpUvr{	3	3.2361	3.5000	5	7	0.02623	0.02933	9	8	4
8866	HCpUvZ{	3	3.2361	3.5000	5	7	0.02623	0.02933	9	8	4
8867	HCpVe^{	3	3.2361	3.5000	5	7	0.02623	0.02933	9	8	4
8868	HCpVfV{	3	3.2361	3.5000	5	7	0.02623	0.02933	9	9	4
8869	HCpVVju	3	3.2361	3.5000	5	7	0.02623	0.02933	9	9	4
8870	HCpVVru	3	3.2361	3.5000	5	7	0.02623	0.02933	9	9	4
8871	HCZbe\}	3	3.2361	3.5000	5	7	0.02623	0.02933	9	8	4
8872	HCZbem}	3	3.2361	3.5000	5	7	0.02623	0.02933	9	9	4
8873	HCZben]	3	3.2361	3.5000	5	7	0.02623	0.02933	9	7	4
8874	HCZben{	3	3.2361	3.5000	5	7	0.02623	0.02933	9	9	4
8875	HCZbe^u	3	3.2361	3.5000	5	7	0.02623	0.02933	9	8	4
8876	HCZbex}	3	3.2361	3.5000	5	7	0.02623	0.02933	9	9	4
8877	HCZbezm	3	3.2361	3.5000	5	7	0.02623	0.02933	9	9	4
8878	HCZbezu	3	3.2361	3.5000	5	7	0.02623	0.02933	9	9	4
8879	HCZbfjm	3	3.2361	3.5000	5	7	0.02623	0.02933	9	8	4
8880	HCZbfju	3	3.2361	3.5000	5	7	0.02623	0.02933	9	7	4
8881	HCZbfN]	3	3.2361	3.5000	5	7	0.02623	0.02933	9	8	4
8882	HCZbfN{	3	3.2361	3.5000	5	7	0.02623	0.02933	9	8	4
8883	HCZbfNy	3	3.2361	3.5000	5	7	0.02623	0.02933	9	8	4
8884	HCZbfZy	3	3.2361	3.5000	5	7	0.02623	0.02933	9	9	4
8885	HCpbfx}	3	3.2361	3.5000	5	7	0.02623	0.02933	9	9	4
8886	HCpbfzu	3	3.2361	3.5000	5	7	0.02623	0.02933	9	9	4
8887	HCpdVz{	3	3.2361	3.5000	5	8	0.02623	0.02933	9	7	4
8888	HCpVbvm	3	3.2361	3.5000	5	7	0.02623	0.02933	9	8	4
8889	HCpVVo~	3	3.2361	3.5000	5	7	0.02623	0.02933	9	7	4
8890	HCRbe~{	3	3.2361	3.5000	5	7	0.02623	0.02933	9	9	4
8891	HCRbe}}	3	3.2361	3.5000	5	7	0.02623	0.02933	9	9	4
8892	HCRbf^{	3	3.2361	3.5000	5	7	0.02623	0.02933	9	9	4
8893	HCRbf]}	3	3.2361	3.5000	5	7	0.02623	0.02933	9	9	4
8894	HCRbf^y	3	3.2361	3.5000	5	7	0.02623	0.02933	9	9	4
8895	HCpbbz}	3	3.2361	3.5000	5	8	0.02623	0.02933	9	8	4
8896	HCpbdz}	3	3.2361	3.5000	5	8	0.02623	0.02933	9	9	4
8897	HCpbfj}	3	3.2361	3.5000	5	8	0.02623	0.02933	9	7	4
8898	HCpbfr}	3	3.2361	3.5000	5	8	0.02623	0.02933	9	8	4
8899	HCRbc~}	3	3.2361	3.5000	5	8	0.02623	0.02933	9	8	4
8900	HCRbd^}	3	3.2361	3.5000	5	8	0.02623	0.02933	9	7	4
8901	HCRbdz}	3	3.2361	3.5000	5	8	0.02623	0.02933	9	9	4
8902	HCZber}	3	3.2361	3.5000	5	8	0.02623	0.02933	9	7	4
8903	HCpVUn{	3	3.2361	3.5000	5	7	0.02623	0.02933	9	10	4
8904	HCZbb^]	3	3.2361	3.5000	5	7	0.02623	0.02933	9	9	4
8905	HCZbenm	3	3.2361	3.5000	5	7	0.02623	0.02933	9	9	4
8906	HCZbenu	3	3.2361	3.5000	5	7	0.02623	0.02933	9	7	4
8907	HCZbfZu	3	3.2361	3.5000	5	7	0.02623	0.02933	9	9	4
8908	HCpbfvy	3	3.2361	3.5000	5	8	0.02623	0.02933	9	7	4
8909	HCpVfVt	3	3.2361	3.5000	5	7	0.02623	0.02933	9	8	4
8910	HCRbe~]	3	3.2361	3.5000	5	8	0.02623	0.02933	9	7	4
8911	HCRbf^]	3	3.2361	3.5000	5	7	0.02623	0.02933	9	9	4
8912	HCRbfm}	3	3.2361	3.5000	5	7	0.02623	0.02933	9	9	4
8913	HCRSv\}	3	3.2361	3.5000	5	7	0.02623	0.02933	9	10	4
8914	HCdffP~	3	3.2361	3.5000	5	8	0.02623	0.02933	9	8	4
8915	HCpbfZ}	3	3.2361	3.5000	5	8	0.02623	0.02933	9	9	4
8916	HCpbvRv	3	3.2361	3.5000	5	8	0.02623	0.02933	9	8	4
8917	HCpVdp~	3	3.2361	3.5000	5	8	0.02623	0.02933	9	8	4
8918	HCRbe^}	3	3.2361	3.5000	5	8	0.02623	0.02933	9	8	4
8919	HCRbez}	3	3.2361	3.5000	5	8	0.02623	0.02933	9	9	4
8920	HCRbfZ}	3	3.2361	3.5000	5	8	0.02623	0.02933	9	9	4
8921	HCZbej}	3	3.2361	3.5000	5	8	0.02623	0.02933	9	8	4
8922	HCZJfJz	3	3.2361	3.5000	5	8	0.02623	0.02933	9	8	4
8923	HCZJfRv	3	3.2361	3.5000	5	8	0.02623	0.02933	9	8	4
8924	HCZfVZe	3	3.2361	3.5000	5	6	0.02623	0.02933	9	8	4
8925	HCpUuz{	3	3.2361	3.5000	5	7	0.02623	0.02933	9	8	4
8926	HCpUvju	3	3.2361	3.5000	5	7	0.02623	0.02933	9	8	4
8927	HCpUvru	3	3.2361	3.5000	5	7	0.02623	0.02933	9	9	4
8928	HCpVc~{	3	3.2361	3.5000	5	7	0.02623	0.02933	9	8	4
8929	HCpVdv{	3	3.2361	3.5000	5	7	0.02623	0.02933	9	9	4
8930	HCpVfq}	3	3.2361	3.5000	5	7	0.02623	0.02933	9	8	4
8931	HCpVfr]	3	3.2361	3.5000	5	7	0.02623	0.02933	9	8	4
8932	HCpVfru	3	3.2361	3.5000	5	7	0.02623	0.02933	9	8	4
8933	HCpVfry	3	3.2361	3.5000	5	7	0.02623	0.02933	9	7	4
8934	HCpVTy}	3	3.2361	3.5000	5	7	0.02623	0.02933	9	9	4
8935	HCpVbu}	3	3.2361	3.5000	5	7	0.02623	0.02933	9	8	4
8936	HCpVbvu	3	3.2361	3.5000	5	7	0.02623	0.02933	9	8	4
8937	HCpVbvy	3	3.2361	3.5000	5	7	0.02623	0.02933	9	7	4
8938	HCpVdvm	3	3.2361	3.5000	5	7	0.02623	0.02933	9	9	4
8939	HCpVd^y	3	3.2361	3.5000	5	7	0.02623	0.02933	9	7	4
8940	HCpVfp^	3	3.2361	3.5000	5	7	0.02623	0.02933	9	7	4
8941	HCpVfp|	3	3.2361	3.5000	5	7	0.02623	0.02933	9	8	4
8942	HCpVfpn	3	3.2361	3.5000	5	7	0.02623	0.02933	9	8	4
8943	HCpVfrt	3	3.2361	3.5000	5	7	0.02623	0.02933	9	7	4
8944	HCpVfU}	3	3.2361	3.5000	5	7	0.02623	0.02933	9	9	4
8945	HCpVfYn	3	3.2361	3.5000	5	7	0.02623	0.02933	9	7	4
8946	HCZbe]n	3	3.2361	3.5000	5	7	0.02623	0.02933	9	6	4
8947	HCZbe^r	3	3.2361	3.5000	5	7	0.02623	0.02933	9	7	4
8948	HCZbe]v	3	3.2361	3.5000	5	7	0.02623	0.02933	9	8	4
8949	HCZbexv	3	3.2361	3.5000	5	7	0.02623	0.02933	9	8	4
8950	HCZbexz	3	3.2361	3.5000	5	7	0.02623	0.02933	9	9	4
8951	HCZbeyn	3	3.2361	3.5000	5	7	0.02623	0.02933	9	8	4
8952	HCZbezr	3	3.2361	3.5000	5	7	0.02623	0.02933	9	8	4
8953	HCZbfjr	3	3.2361	3.5000	5	7	0.02623	0.02933	9	7	4
8954	HCZbfrN	3	3.2361	3.5000	5	7	0.02623	0.02933	9	6	4
8955	HCZbfrt	3	3.2361	3.5000	5	7	0.02623	0.02933	9	6	4
8956	HCZbfrV	3	3.2361	3.5000	5	7	0.02623	0.02933	9	7	4
8957	HCpVd\z	3	3.2361	3.5000	5	7	0.02623	0.02933	9	6	4
8958	HCdffRv	3	3.2361	3.5000	5	8	0.02623	0.02933	9	8	4
8959	HCpbby~	3	3.2361	3.5000	5	8	0.02623	0.02933	9	8	4
8960	HCpbbzz	3	3.2361	3.5000	5	8	0.02623	0.02933	9	8	4
8961	HCpbfp~	3	3.2361	3.5000	5	8	0.02623	0.02933	9	8	4
8962	HCpbfrv	3	3.2361	3.5000	5	8	0.02623	0.02933	9	8	4
8963	HCpbvQ~	3	3.2361	3.5000	5	8	0.02623	0.02933	9	8	4
8964	HCpbvR}	3	3.2361	3.5000	5	8	0.02623	0.02933	9	8	4
8965	HCpVbr}	3	3.2361	3.5000	5	8	0.02623	0.02933	9	8	4
8966	HCpVbrv	3	3.2361	3.5000	5	8	0.02623	0.02933	9	8	4
8967	HCpVdr}	3	3.2361	3.5000	5	8	0.02623	0.02933	9	8	4
8968	HCpVdrn	3	3.2361	3.5000	5	8	0.02623	0.02933	9	8	4
8969	HCpVVb|	3	3.2361	3.5000	5	8	0.02623	0.02933	9	8	4
8970	HCRbbzz	3	3.2361	3.5000	5	8	0.02623	0.02933	9	7	4
8971	HCRbc~n	3	3.2361	3.5000	5	8	0.02623	0.02933	9	8	4
8972	HCRbd^^	3	3.2361	3.5000	5	8	0.02623	0.02933	9	7	4
8973	HCRbdx~	3	3.2361	3.5000	5	8	0.02623	0.02933	9	9	4
8974	HCRbd^z	3	3.2361	3.5000	5	8	0.02623	0.02933	9	7	4
8975	HCRbdzz	3	3.2361	3.5000	5	8	0.02623	0.02933	9	9	4
8976	HCRbe]~	3	3.2361	3.5000	5	8	0.02623	0.02933	9	8	4
8977	HCRbfrn	3	3.2361	3.5000	5	8	0.02623	0.02933	9	7	4
8978	HCRbfrv	3	3.2361	3.5000	5	8	0.02623	0.02933	9	7	4
8979	HCZbeh~	3	3.2361	3.5000	5	8	0.02623	0.02933	9	8	4
8980	HCZbejz	3	3.2361	3.5000	5	8	0.02623	0.02933	9	8	4
8981	HCZbern	3	3.2361	3.5000	5	8	0.02623	0.02933	9	7	4
8982	HCZberv	3	3.2361	3.5000	5	8	0.02623	0.02933	9	7	4
8983	HCZJfI~	3	3.2361	3.5000	5	8	0.02623	0.02933	9	8	4
8984	HCZJfJ}	3	3.2361	3.5000	5	8	0.02623	0.02933	9	8	4
8985	HCZJfR}	3	3.2361	3.5000	5	8	0.02623	0.02933	9	8	4
8986	HCpUvjm	3	3.2361	3.5000	5	7	0.02623	0.02933	9	10	4
8987	HCpUvrm	3	3.2361	3.5000	5	7	0.02623	0.02933	9	9	4
8988	HCpUvZm	3	3.2361	3.5000	5	7	0.02623	0.02933	9	8	4
8989	HCpVVry	3	3.2361	3.5000	5	7	0.02623	0.02933	9	8	4
8990	HCpdU~]	3	3.2361	3.5000	5	8	0.02623	0.02933	9	7	4
8991	HCpdVvy	3	3.2361	3.5000	5	8	0.02623	0.02933	9	7	4
8992	HCpVc}}	3	3.2361	3.5000	5	7	0.02623	0.02933	9	7	4
8993	HCpVdu}	3	3.2361	3.5000	5	7	0.02623	0.02933	9	7	4
8994	HCpVdvu	3	3.2361	3.5000	5	7	0.02623	0.02933	9	9	4
8995	HCpVdvy	3	3.2361	3.5000	5	7	0.02623	0.02933	9	7	4
8996	HCpVevt	3	3.2361	3.5000	5	7	0.02623	0.02933	9	7	4
8997	HCpVffy	3	3.2361	3.5000	5	7	0.02623	0.02933	9	7	4
8998	HCpVfq|	3	3.2361	3.5000	5	7	0.02623	0.02933	9	8	4
8999	HCpVfqv	3	3.2361	3.5000	5	7	0.02623	0.02933	9	8	4
9000	HCpVfrl	3	3.2361	3.5000	5	7	0.02623	0.02933	9	8	4
9001	HCpVfrN	3	3.2361	3.5000	5	7	0.02623	0.02933	9	7	4
9002	HCpVfVx	3	3.2361	3.5000	5	7	0.02623	0.02933	9	8	4
9003	HCpVVq|	3	3.2361	3.5000	5	7	0.02623	0.02933	9	9	4
9004	HCpVVrl	3	3.2361	3.5000	5	7	0.02623	0.02933	9	7	4
9005	HCRSvz{	3	3.2361	3.5000	5	8	0.02623	0.02933	9	8	4
9006	HCZbeln	3	3.2361	3.5000	5	7	0.02623	0.02933	9	9	4
9007	HCZbe^t	3	3.2361	3.5000	5	7	0.02623	0.02933	9	7	4
9008	HCZbe\v	3	3.2361	3.5000	5	7	0.02623	0.02933	9	7	4
9009	HCZbex^	3	3.2361	3.5000	5	7	0.02623	0.02933	9	8	4
9010	HCZbexn	3	3.2361	3.5000	5	7	0.02623	0.02933	9	9	4
9011	HCZbey|	3	3.2361	3.5000	5	7	0.02623	0.02933	9	9	4
9012	HCZbeyv	3	3.2361	3.5000	5	7	0.02623	0.02933	9	9	4
9013	HCZbezf	3	3.2361	3.5000	5	7	0.02623	0.02933	9	8	4
9014	HCZbezZ	3	3.2361	3.5000	5	7	0.02623	0.02933	9	9	4
9015	HCZbfhn	3	3.2361	3.5000	5	7	0.02623	0.02933	9	8	4
9016	HCZbfhv	3	3.2361	3.5000	5	7	0.02623	0.02933	9	7	4
9017	HCZbfpn	3	3.2361	3.5000	5	7	0.02623	0.02933	9	7	4
9018	HCZbfr\	3	3.2361	3.5000	5	7	0.02623	0.02933	9	7	4
9019	HCZbfrl	3	3.2361	3.5000	5	7	0.02623	0.02933	9	7	4
9020	HCZbfX^	3	3.2361	3.5000	5	7	0.02623	0.02933	9	8	4
9021	HCZbfXv	3	3.2361	3.5000	5	7	0.02623	0.02933	9	8	4
9022	HCZbfXz	3	3.2361	3.5000	5	7	0.02623	0.02933	9	9	4
9023	HCZbfZV	3	3.2361	3.5000	5	7	0.02623	0.02933	9	9	4
9024	HCpVd^f	3	3.2361	3.5000	5	7	0.02623	0.02933	9	6	4
9025	HCdffR}	3	3.2361	3.5000	5	8	0.02623	0.02933	9	8	4
9026	HCpbbz^	3	3.2361	3.5000	5	8	0.02623	0.02933	9	8	4
9027	HCpbbzv	3	3.2361	3.5000	5	8	0.02623	0.02933	9	8	4
9028	HCpbfN|	3	3.2361	3.5000	5	8	0.02623	0.02933	9	8	4
9029	HCpbfNz	3	3.2361	3.5000	5	8	0.02623	0.02933	9	8	4
9030	HCpbfq~	3	3.2361	3.5000	5	8	0.02623	0.02933	9	8	4
9031	HCpbfrn	3	3.2361	3.5000	5	8	0.02623	0.02933	9	8	4
9032	HCpbvP~	3	3.2361	3.5000	5	8	0.02623	0.02933	9	8	4
9033	HCpbvR|	3	3.2361	3.5000	5	8	0.02623	0.02933	9	8	4
9034	HCpdtr}	3	3.2361	3.5000	5	8	0.02623	0.02933	9	8	4
9035	HCpdtrn	3	3.2361	3.5000	5	8	0.02623	0.02933	9	8	4
9036	HCpdtrv	3	3.2361	3.5000	5	8	0.02623	0.02933	9	8	4
9037	HCpVbrz	3	3.2361	3.5000	5	8	0.02623	0.02933	9	8	4
9038	HCpVdr|	3	3.2361	3.5000	5	8	0.02623	0.02933	9	8	4
9039	HCpVdrv	3	3.2361	3.5000	5	8	0.02623	0.02933	9	8	4
9040	HCQvdr}	3	3.2361	3.5000	5	8	0.02623	0.02933	9	8	4
9041	HCQvdrz	3	3.2361	3.5000	5	8	0.02623	0.02933	9	8	4
9042	HCRbb]~	3	3.2361	3.5000	5	8	0.02623	0.02933	9	9	4
9043	HCRbbz^	3	3.2361	3.5000	5	8	0.02623	0.02933	9	7	4
9044	HCRbbzv	3	3.2361	3.5000	5	8	0.02623	0.02933	9	7	4
9045	HCRbc~|	3	3.2361	3.5000	5	8	0.02623	0.02933	9	8	4
9046	HCRbd^|	3	3.2361	3.5000	5	8	0.02623	0.02933	9	7	4
9047	HCRbd\~	3	3.2361	3.5000	5	8	0.02623	0.02933	9	7	4
9048	HCRbdz^	3	3.2361	3.5000	5	8	0.02623	0.02933	9	9	4
9049	HCRbdzn	3	3.2361	3.5000	5	8	0.02623	0.02933	9	9	4
9050	HCRbey~	3	3.2361	3.5000	5	8	0.02623	0.02933	9	9	4
9051	HCRbfr^	3	3.2361	3.5000	5	8	0.02623	0.02933	9	7	4
9052	HCRbfr|	3	3.2361	3.5000	5	8	0.02623	0.02933	9	7	4
9053	HCRbfY~	3	3.2361	3.5000	5	8	0.02623	0.02933	9	9	4
9054	HCRTtr}	3	3.2361	3.5000	5	8	0.02623	0.02933	9	8	4
9055	HCRTtrz	3	3.2361	3.5000	5	8	0.02623	0.02933	9	8	4
9056	HCXfRr^	3	3.2361	3.5000	5	8	0.02623	0.02933	9	8	4
9057	HCXfRr}	3	3.2361	3.5000	5	8	0.02623	0.02933	9	8	4
9058	HCZbei~	3	3.2361	3.5000	5	8	0.02623	0.02933	9	8	4
9059	HCZbejn	3	3.2361	3.5000	5	8	0.02623	0.02933	9	8	4
9060	HCZber^	3	3.2361	3.5000	5	8	0.02623	0.02933	9	7	4
9061	HCZber|	3	3.2361	3.5000	5	8	0.02623	0.02933	9	7	4
9062	HCZJfH~	3	3.2361	3.5000	5	8	0.02623	0.02933	9	8	4
9063	HCZJfJv	3	3.2361	3.5000	5	8	0.02623	0.02933	9	8	4
9064	HCZJfRz	3	3.2361	3.5000	5	8	0.02623	0.02933	9	8	4
9065	HCpbbj~	3	3.2361	3.5000	5	9	0.02623	0.02933	9	7	4
9066	HCpbdr~	3	3.2361	3.5000	5	9	0.02623	0.02933	9	8	4
9067	HCpbfJ~	3	3.2361	3.5000	5	9	0.02623	0.02933	9	7	4
9068	HCpbfR~	3	3.2361	3.5000	5	9	0.02623	0.02933	9	7	4
9069	HCQbrr~	3	3.2361	3.5000	5	9	0.02623	0.02933	9	7	4
9070	HCQfdr~	3	3.2361	3.5000	5	9	0.02623	0.02933	9	7	4
9071	HCRbcz~	3	3.2361	3.5000	5	9	0.02623	0.02933	9	8	4
9072	HCR`rj~	3	3.2361	3.5000	5	9	0.02623	0.02933	9	7	4
9073	HCRVDZ~	3	3.2361	3.5000	5	9	0.02623	0.02933	9	7	4
9074	HCXecz~	3	3.2361	3.5000	5	9	0.02623	0.02933	9	7	4
9075	HCpUvry	3	3.2361	3.5000	5	7	0.02623	0.02933	9	8	4
9076	HCpVfq^	3	3.2361	3.5000	5	7	0.02623	0.02933	9	7	4
9077	HCpVfqz	3	3.2361	3.5000	5	7	0.02623	0.02933	9	8	4
9078	HCpVfr\	3	3.2361	3.5000	5	7	0.02623	0.02933	9	8	4
9079	HCpVfrx	3	3.2361	3.5000	5	7	0.02623	0.02933	9	7	4
9080	HCZbe\^	3	3.2361	3.5000	5	7	0.02623	0.02933	9	7	4
9081	HCZbe^f	3	3.2361	3.5000	5	7	0.02623	0.02933	9	7	4
9082	HCZbemv	3	3.2361	3.5000	5	7	0.02623	0.02933	9	9	4
9083	HCZbe\n	3	3.2361	3.5000	5	7	0.02623	0.02933	9	8	4
9084	HCZbenf	3	3.2361	3.5000	5	7	0.02623	0.02933	9	8	4
9085	HCZbe^V	3	3.2361	3.5000	5	7	0.02623	0.02933	9	8	4
9086	HCZbezl	3	3.2361	3.5000	5	7	0.02623	0.02933	9	9	4
9087	HCZbezN	3	3.2361	3.5000	5	7	0.02623	0.02933	9	8	4
9088	HCZbezt	3	3.2361	3.5000	5	7	0.02623	0.02933	9	8	4
9089	HCZbezV	3	3.2361	3.5000	5	7	0.02623	0.02933	9	9	4
9090	HCZbfjf	3	3.2361	3.5000	5	7	0.02623	0.02933	9	7	4
9091	HCZbfjV	3	3.2361	3.5000	5	7	0.02623	0.02933	9	8	4
9092	HCZbfrx	3	3.2361	3.5000	5	7	0.02623	0.02933	9	6	4
9093	HCZbfZf	3	3.2361	3.5000	5	7	0.02623	0.02933	9	8	4
9094	HCZbfZN	3	3.2361	3.5000	5	7	0.02623	0.02933	9	8	4
9095	HCZbfZt	3	3.2361	3.5000	5	7	0.02623	0.02933	9	8	4
9096	HCdffR^	3	3.2361	3.5000	5	8	0.02623	0.02933	9	8	4
9097	HCdffRz	3	3.2361	3.5000	5	8	0.02623	0.02933	9	8	4
9098	HCpbbx~	3	3.2361	3.5000	5	8	0.02623	0.02933	9	8	4
9099	HCpbbz|	3	3.2361	3.5000	5	8	0.02623	0.02933	9	8	4
9100	HCpbbzn	3	3.2361	3.5000	5	8	0.02623	0.02933	9	8	4
9101	HCpbfr^	3	3.2361	3.5000	5	8	0.02623	0.02933	9	8	4
9102	HCpbfr|	3	3.2361	3.5000	5	8	0.02623	0.02933	9	8	4
9103	HCpbfrz	3	3.2361	3.5000	5	8	0.02623	0.02933	9	8	4
9104	HCpbvR^	3	3.2361	3.5000	5	8	0.02623	0.02933	9	8	4
9105	HCpbvRn	3	3.2361	3.5000	5	8	0.02623	0.02933	9	8	4
9106	HCpbvRz	3	3.2361	3.5000	5	8	0.02623	0.02933	9	8	4
9107	HCpVdq~	3	3.2361	3.5000	5	8	0.02623	0.02933	9	8	4
9108	HCpVdr^	3	3.2361	3.5000	5	8	0.02623	0.02933	9	8	4
9109	HCpVdrz	3	3.2361	3.5000	5	8	0.02623	0.02933	9	8	4
9110	HCQvdr^	3	3.2361	3.5000	5	8	0.02623	0.02933	9	8	4
9111	HCQvdrv	3	3.2361	3.5000	5	8	0.02623	0.02933	9	8	4
9112	HCRbbx~	3	3.2361	3.5000	5	8	0.02623	0.02933	9	7	4
9113	HCRbbz|	3	3.2361	3.5000	5	8	0.02623	0.02933	9	7	4
9114	HCRbbzn	3	3.2361	3.5000	5	8	0.02623	0.02933	9	7	4
9115	HCRbc~^	3	3.2361	3.5000	5	8	0.02623	0.02933	9	8	4
9116	HCRbc}~	3	3.2361	3.5000	5	8	0.02623	0.02933	9	8	4
9117	HCRbc~v	3	3.2361	3.5000	5	8	0.02623	0.02933	9	8	4
9118	HCRbd]~	3	3.2361	3.5000	5	8	0.02623	0.02933	9	7	4
9119	HCRbd^n	3	3.2361	3.5000	5	8	0.02623	0.02933	9	7	4
9120	HCRbd^v	3	3.2361	3.5000	5	8	0.02623	0.02933	9	7	4
9121	HCRbdy~	3	3.2361	3.5000	5	8	0.02623	0.02933	9	9	4
9122	HCRbdz|	3	3.2361	3.5000	5	8	0.02623	0.02933	9	9	4
9123	HCRbdzv	3	3.2361	3.5000	5	8	0.02623	0.02933	9	9	4
9124	HCRbem~	3	3.2361	3.5000	5	8	0.02623	0.02933	9	7	4
9125	HCRbfi~	3	3.2361	3.5000	5	8	0.02623	0.02933	9	8	4
9126	HCRbfM~	3	3.2361	3.5000	5	8	0.02623	0.02933	9	8	4
9127	HCRena~	3	3.2361	3.5000	5	8	0.02623	0.02933	9	8	4
9128	HCRTtq~	3	3.2361	3.5000	5	8	0.02623	0.02933	9	8	4
9129	HCRTtr^	3	3.2361	3.5000	5	8	0.02623	0.02933	9	8	4
9130	HCRTtrv	3	3.2361	3.5000	5	8	0.02623	0.02933	9	8	4
9131	HCZbej^	3	3.2361	3.5000	5	8	0.02623	0.02933	9	8	4
9132	HCZbej|	3	3.2361	3.5000	5	8	0.02623	0.02933	9	8	4
9133	HCZbejv	3	3.2361	3.5000	5	8	0.02623	0.02933	9	8	4
9134	HCZJfJ^	3	3.2361	3.5000	5	8	0.02623	0.02933	9	8	4
9135	HCZJfJ|	3	3.2361	3.5000	5	8	0.02623	0.02933	9	8	4
9136	HCZJfJn	3	3.2361	3.5000	5	8	0.02623	0.02933	9	8	4
9137	HCZJfR|	3	3.2361	3.5000	5	8	0.02623	0.02933	9	8	4
9138	HCZJfRn	3	3.2361	3.5000	5	8	0.02623	0.02933	9	8	4
9139	HCpVevx	3	3.2361	3.5000	5	7	0.02623	0.02933	9	7	4
9140	HCZbe^N	3	3.2361	3.5000	5	7	0.02623	0.02933	9	7	4
9141	HCZbez\	3	3.2361	3.5000	5	7	0.02623	0.02933	9	9	4
9142	HCZbfjt	3	3.2361	3.5000	5	7	0.02623	0.02933	9	7	4
9143	HCZbenV	3	3.2361	3.5000	5	7	0.02623	0.02933	9	9	4
9144	HCRbdm~	3	3.2361	3.5000	5	8	0.02623	0.02933	9	9	4
9145	HCpVf^{	3	3.2361	3.5000	5	7	0.02623	0.02933	9	8	4
9146	HCZbe}}	3	3.2361	3.5000	5	7	0.02623	0.02933	9	8	4
9147	HCZbfz]	3	3.2361	3.5000	5	7	0.02623	0.02933	9	8	4
9148	HCpVVzu	3	3.2361	3.5000	5	7	0.02623	0.02933	9	10	4
9149	HCZbe~m	3	3.2361	3.5000	5	7	0.02623	0.02933	9	8	4
9150	HCZbe~u	3	3.2361	3.5000	5	7	0.02623	0.02933	9	8	4
9151	HCZbfzu	3	3.2361	3.5000	5	7	0.02623	0.02933	9	8	4
9152	HCRbd~}	3	3.2361	3.5000	5	8	0.02623	0.02933	9	8	4
9153	HCRbfz}	3	3.2361	3.5000	5	8	0.02623	0.02933	9	8	4
9154	HCZbe^}	3	3.2361	3.5000	5	8	0.02623	0.02933	9	7	4
9155	HCZbez}	3	3.2361	3.5000	5	8	0.02623	0.02933	9	8	4
9156	HCZbfj}	3	3.2361	3.5000	5	8	0.02623	0.02933	9	7	4
9157	HCpVvpv	3	3.2361	3.5000	5	7	0.02623	0.02933	9	8	4
9158	HCRbe~}	3	3.2361	3.5000	5	8	0.02623	0.02933	9	8	4
9159	HCZben}	3	3.2361	3.5000	5	8	0.02623	0.02933	9	8	4
9160	HCpVe~{	3	3.2361	3.5000	5	7	0.02623	0.02933	9	8	4
9161	HCpVfy}	3	3.2361	3.5000	5	7	0.02623	0.02933	9	8	4
9162	HCpVvju	3	3.2361	3.5000	5	7	0.02623	0.02933	9	8	4
9163	HCpVvin	3	3.2361	3.5000	5	7	0.02623	0.02933	9	8	4
9164	HCpVbv}	3	3.2361	3.5000	5	8	0.02623	0.02933	9	7	4
9165	HCpVd^}	3	3.2361	3.5000	5	8	0.02623	0.02933	9	6	4
9166	HCpVfp~	3	3.2361	3.5000	5	8	0.02623	0.02933	9	7	4
9167	HCpVfr}	3	3.2361	3.5000	5	8	0.02623	0.02933	9	7	4
9168	HCZbe]~	3	3.2361	3.5000	5	8	0.02623	0.02933	9	7	4
9169	HCZbfjz	3	3.2361	3.5000	5	8	0.02623	0.02933	9	7	4
9170	HCZbfrv	3	3.2361	3.5000	5	8	0.02623	0.02933	9	6	4
9171	HCpUv^{	3	3.2361	3.5000	5	7	0.02623	0.02933	9	9	4
9172	HCpVvjm	3	3.2361	3.5000	5	7	0.02623	0.02933	9	10	4
9173	HCpVvZm	3	3.2361	3.5000	5	7	0.02623	0.02933	9	8	4
9174	HCpVvjr	3	3.2361	3.5000	5	7	0.02623	0.02933	9	8	4
9175	HCpVvqv	3	3.2361	3.5000	5	7	0.02623	0.02933	9	8	4
9176	HCpVdv}	3	3.2361	3.5000	5	8	0.02623	0.02933	9	8	4
9177	HCpVfrn	3	3.2361	3.5000	5	8	0.02623	0.02933	9	7	4
9178	HCpVfrv	3	3.2361	3.5000	5	8	0.02623	0.02933	9	7	4
9179	HCZbex~	3	3.2361	3.5000	5	8	0.02623	0.02933	9	8	4
9180	HCZbey~	3	3.2361	3.5000	5	8	0.02623	0.02933	9	8	4
9181	HCZbe^z	3	3.2361	3.5000	5	8	0.02623	0.02933	9	7	4
9182	HCZbezz	3	3.2361	3.5000	5	8	0.02623	0.02933	9	8	4
9183	HCZbfh~	3	3.2361	3.5000	5	8	0.02623	0.02933	9	7	4
9184	HCZbfNz	3	3.2361	3.5000	5	8	0.02623	0.02933	9	7	4
9185	HCZbfr^	3	3.2361	3.5000	5	8	0.02623	0.02933	9	6	4
9186	HCZbfrn	3	3.2361	3.5000	5	8	0.02623	0.02933	9	6	4
9187	HCZbfZz	3	3.2361	3.5000	5	8	0.02623	0.02933	9	8	4
9188	HCpVbr~	3	3.2361	3.5000	5	9	0.02623	0.02933	9	7	4
9189	HCRbfr~	3	3.2361	3.5000	5	9	0.02623	0.02933	9	6	4
9190	HCZber~	3	3.2361	3.5000	5	9	0.02623	0.02933	9	6	4
9191	HCpVuzx	3	3.2361	3.5000	5	7	0.02623	0.02933	9	8	4
9192	HCpVvry	3	3.2361	3.5000	5	7	0.02623	0.02933	9	7	4
9193	HCpUvr}	3	3.2361	3.5000	5	8	0.02623	0.02933	9	8	4
9194	HCpVfq~	3	3.2361	3.5000	5	8	0.02623	0.02933	9	7	4
9195	HCpVfr|	3	3.2361	3.5000	5	8	0.02623	0.02933	9	7	4
9196	HCZbb^^	3	3.2361	3.5000	5	8	0.02623	0.02933	9	8	4
9197	HCZbe^|	3	3.2361	3.5000	5	8	0.02623	0.02933	9	7	4
9198	HCZbe\~	3	3.2361	3.5000	5	8	0.02623	0.02933	9	7	4
9199	HCZbem~	3	3.2361	3.5000	5	8	0.02623	0.02933	9	8	4
9200	HCZben|	3	3.2361	3.5000	5	8	0.02623	0.02933	9	8	4
9201	HCZbenn	3	3.2361	3.5000	5	8	0.02623	0.02933	9	8	4
9202	HCZbe^v	3	3.2361	3.5000	5	8	0.02623	0.02933	9	7	4
9203	HCZbezn	3	3.2361	3.5000	5	8	0.02623	0.02933	9	8	4
9204	HCZbezv	3	3.2361	3.5000	5	8	0.02623	0.02933	9	8	4
9205	HCZbfj^	3	3.2361	3.5000	5	8	0.02623	0.02933	9	7	4
9206	HCZbfjn	3	3.2361	3.5000	5	8	0.02623	0.02933	9	7	4
9207	HCZbfN^	3	3.2361	3.5000	5	8	0.02623	0.02933	9	7	4
9208	HCZbfN|	3	3.2361	3.5000	5	8	0.02623	0.02933	9	7	4
9209	HCZbfr|	3	3.2361	3.5000	5	8	0.02623	0.02933	9	6	4
9210	HCZbfZ^	3	3.2361	3.5000	5	8	0.02623	0.02933	9	8	4
9211	HCZbfZv	3	3.2361	3.5000	5	8	0.02623	0.02933	9	8	4
9212	HCRbe}~	3	3.2361	3.5000	5	8	0.02623	0.02933	9	8	4
9213	HCRbf]~	3	3.2361	3.5000	5	8	0.02623	0.02933	9	8	4
9214	HCRbfy~	3	3.2361	3.5000	5	8	0.02623	0.02933	9	8	4
9215	HCdffR~	3	3.2361	3.5000	5	9	0.02623	0.02933	9	7	4
9216	HCpbbz~	3	3.2361	3.5000	5	9	0.02623	0.02933	9	7	4
9217	HCpbfr~	3	3.2361	3.5000	5	9	0.02623	0.02933	9	7	4
9218	HCpbvR~	3	3.2361	3.5000	5	9	0.02623	0.02933	9	7	4
9219	HCpVdr~	3	3.2361	3.5000	5	9	0.02623	0.02933	9	7	4
9220	HCQvdr~	3	3.2361	3.5000	5	9	0.02623	0.02933	9	7	4
9221	HCRbbz~	3	3.2361	3.5000	5	9	0.02623	0.02933	9	6	4
9222	HCRbc~~	3	3.2361	3.5000	5	9	0.02623	0.02933	9	7	4
9223	HCRbd^~	3	3.2361	3.5000	5	9	0.02623	0.02933	9	6	4
9224	HCRbdz~	3	3.2361	3.5000	5	9	0.02623	0.02933	9	8	4
9225	HCRTtr~	3	3.2361	3.5000	5	9	0.02623	0.02933	9	7	4
9226	HCZbej~	3	3.2361	3.5000	5	9	0.02623	0.02933	9	7	4
9227	HCZJfJ~	3	3.2361	3.5000	5	9	0.02623	0.02933	9	7	4
9228	HCZJfR~	3	3.2361	3.5000	5	9	0.02623	0.02933	9	7	4
9229	HCpVfr^	3	3.2361	3.5000	5	8	0.02623	0.02933	9	7	4
9230	HCpVfrz	3	3.2361	3.5000	5	8	0.02623	0.02933	9	7	4
9231	HCZbe^^	3	3.2361	3.5000	5	8	0.02623	0.02933	9	7	4
9232	HCZbe^n	3	3.2361	3.5000	5	8	0.02623	0.02933	9	7	4
9233	HCZbez^	3	3.2361	3.5000	5	8	0.02623	0.02933	9	8	4
9234	HCZbez|	3	3.2361	3.5000	5	8	0.02623	0.02933	9	8	4
9235	HCZbfj|	3	3.2361	3.5000	5	8	0.02623	0.02933	9	7	4
9236	HCZbfjv	3	3.2361	3.5000	5	8	0.02623	0.02933	9	7	4
9237	HCZben^	3	3.2361	3.5000	5	8	0.02623	0.02933	9	8	4
9238	HCZbenv	3	3.2361	3.5000	5	8	0.02623	0.02933	9	8	4
9239	HCRbd}~	3	3.2361	3.5000	5	8	0.02623	0.02933	9	8	4
9240	HCRbfm~	3	3.2361	3.5000	5	8	0.02623	0.02933	9	8	4
9241	HCZbe~}	3	3.2361	3.5000	5	8	0.02623	0.02933	9	7	4
9242	HCpVfz}	3	3.2361	3.5000	5	8	0.02623	0.02933	9	7	4
9243	HCpVvzm	3	3.2361	3.5000	5	7	0.02623	0.02933	9	9	4
9244	HCpVvr}	3	3.2361	3.5000	5	8	0.02623	0.02933	9	7	4
9245	HCZbe}~	3	3.2361	3.5000	5	8	0.02623	0.02933	9	7	4
9246	HCZbfzz	3	3.2361	3.5000	5	8	0.02623	0.02933	9	7	4
9247	HCZbfr~	3	3.2361	3.5000	5	9	0.02623	0.02933	9	5	4
9248	HCZbe~n	3	3.2361	3.5000	5	8	0.02623	0.02933	9	7	4
9249	HCZbfz^	3	3.2361	3.5000	5	8	0.02623	0.02933	9	7	4
9250	HCZbfzv	3	3.2361	3.5000	5	8	0.02623	0.02933	9	7	4
9251	HCpVfr~	3	3.2361	3.5000	5	9	0.02623	0.02933	9	6	4
9252	HCZbe^~	3	3.2361	3.5000	5	9	0.02623	0.02933	9	6	4
9253	HCZbez~	3	3.2361	3.5000	5	9	0.02623	0.02933	9	7	4
9254	HCZbfj~	3	3.2361	3.5000	5	9	0.02623	0.02933	9	6	4
9255	HCZbe~v	3	3.2361	3.5000	5	8	0.02623	0.02933	9	7	4
9256	HCRbd~~	3	3.2361	3.5000	5	9	0.02623	0.02933	9	7	4
9257	HCZben~	3	3.2361	3.5000	5	9	0.02623	0.02933	9	7	4
9258	HCZbe~^	3	3.2361	3.5000	5	8	0.02623	0.02933	9	7	4
9259	HCZbe~~	3	3.2361	3.5000	5	9	0.02623	0.02933	9	6	4
9260	HCpdtpZ	3	3.2361	3.5000	6	6	0.02623	0.02933	9	8	4
9261	HCpfJhr	3	3.2361	3.5000	6	6	0.02623	0.02933	9	9	4
9262	HCXb^P{	3	3.2361	3.5000	6	6	0.02623	0.02933	9	8	4
9263	HCXfRpf	3	3.2361	3.5000	6	6	0.02623	0.02933	9	8	4
9264	HCdeuqr	3	3.2361	3.5000	6	6	0.02623	0.02933	9	9	4
9265	HCXfRpj	3	3.2361	3.5000	6	6	0.02623	0.02933	9	9	4
9266	HCpbbNf	3	3.2361	3.5000	6	7	0.02623	0.02933	9	9	4
9267	HCZbfLu	3	3.2361	3.5000	6	6	0.02623	0.02933	9	8	4
9268	HCpbfL}	3	3.2361	3.5000	6	7	0.02623	0.02933	9	9	4
9269	HCpbfNu	3	3.2361	3.5000	6	7	0.02623	0.02933	9	8	4
9270	HCpdtp^	3	3.2361	3.5000	6	7	0.02623	0.02933	9	8	4
9271	HCXnRje	3	3.2361	3.5000	6	6	0.02623	0.02933	9	8	4
9272	HCXnBvi	3	3.2361	3.5000	6	6	0.02623	0.02933	9	8	4
9273	HCpbbl}	3	3.2361	3.5000	6	7	0.02623	0.02933	9	8	4
9274	HCpdto~	3	3.2361	3.5000	6	7	0.02623	0.02933	9	8	4
9275	HCpdtpz	3	3.2361	3.5000	6	7	0.02623	0.02933	9	7	4
9276	HCRbb^m	3	3.2361	3.5000	6	7	0.02623	0.02933	9	8	4
9277	HCRbfNm	3	3.2361	3.5000	6	7	0.02623	0.02933	9	8	4
9278	HCXfRrf	3	3.2361	3.5000	6	7	0.02623	0.02933	9	7	4
9279	HCXfRrr	3	3.2361	3.5000	6	7	0.02623	0.02933	9	8	4
9280	HCXb^X{	3	3.2361	3.5000	6	6	0.02623	0.02933	9	7	4
9281	HCpdtqz	3	3.2361	3.5000	6	7	0.02623	0.02933	9	9	4
9282	HCpdtrZ	3	3.2361	3.5000	6	7	0.02623	0.02933	9	9	4
9283	HCXfRpn	3	3.2361	3.5000	6	7	0.02623	0.02933	9	9	4
9284	HCXfRrj	3	3.2361	3.5000	6	7	0.02623	0.02933	9	8	4
9285	HCpbfLv	3	3.2361	3.5000	6	7	0.02623	0.02933	9	9	4
9286	HCpbfNf	3	3.2361	3.5000	6	7	0.02623	0.02933	9	8	4
9287	HCZbfZ{	3	3.2361	3.5000	6	7	0.02623	0.02933	9	7	4
9288	HCZbb^{	3	3.2361	3.5000	6	7	0.02623	0.02933	9	9	4
9289	HCZbfL}	3	3.2361	3.5000	6	7	0.02623	0.02933	9	8	4
9290	HCZbfNu	3	3.2361	3.5000	6	7	0.02623	0.02933	9	7	4
9291	HCZbfX}	3	3.2361	3.5000	6	7	0.02623	0.02933	9	9	4
9292	HCpbfnu	3	3.2361	3.5000	6	8	0.02623	0.02933	9	7	4
9293	HCpVe^m	3	3.2361	3.5000	6	7	0.02623	0.02933	9	7	4
9294	HCpVVrf	3	3.2361	3.5000	6	7	0.02623	0.02933	9	7	4
9295	HCRbf\}	3	3.2361	3.5000	6	7	0.02623	0.02933	9	9	4
9296	HCpbfN}	3	3.2361	3.5000	6	8	0.02623	0.02933	9	8	4
9297	HCZbb^m	3	3.2361	3.5000	6	7	0.02623	0.02933	9	7	4
9298	HCZbb^u	3	3.2361	3.5000	6	7	0.02623	0.02933	9	9	4
9299	HCpdtp~	3	3.2361	3.5000	6	8	0.02623	0.02933	9	8	4
9300	HCRbb^}	3	3.2361	3.5000	6	8	0.02623	0.02933	9	9	4
9301	HCXfRrv	3	3.2361	3.5000	6	8	0.02623	0.02933	9	8	4
9302	HCRSvnu	3	3.2361	3.5000	6	8	0.02623	0.02933	9	8	4
9303	HCZbb^f	3	3.2361	3.5000	6	7	0.02623	0.02933	9	8	4
9304	HCZbfLv	3	3.2361	3.5000	6	7	0.02623	0.02933	9	7	4
9305	HCZbfXn	3	3.2361	3.5000	6	7	0.02623	0.02933	9	9	4
9306	HCpbfL~	3	3.2361	3.5000	6	8	0.02623	0.02933	9	8	4
9307	HCpbfNv	3	3.2361	3.5000	6	8	0.02623	0.02933	9	8	4
9308	HCpdtq~	3	3.2361	3.5000	6	8	0.02623	0.02933	9	8	4
9309	HCpdtr^	3	3.2361	3.5000	6	8	0.02623	0.02933	9	8	4
9310	HCpdtrz	3	3.2361	3.5000	6	8	0.02623	0.02933	9	8	4
9311	HCXfRrn	3	3.2361	3.5000	6	8	0.02623	0.02933	9	8	4
9312	HCXfRrz	3	3.2361	3.5000	6	8	0.02623	0.02933	9	8	4
9313	HCZbfNf	3	3.2361	3.5000	6	7	0.02623	0.02933	9	7	4
9314	HCZbfZl	3	3.2361	3.5000	6	7	0.02623	0.02933	9	9	4
9315	HCZbb\n	3	3.2361	3.5000	6	7	0.02623	0.02933	9	9	4
9316	HCZbfx}	3	3.2361	3.5000	6	7	0.02623	0.02933	9	8	4
9317	HCZbfzm	3	3.2361	3.5000	6	7	0.02623	0.02933	9	8	4
9318	HCZbf\}	3	3.2361	3.5000	6	7	0.02623	0.02933	9	8	4
9319	HCZbfnu	3	3.2361	3.5000	6	8	0.02623	0.02933	9	6	4
9320	HCZbf^u	3	3.2361	3.5000	6	7	0.02623	0.02933	9	8	4
9321	HCRbf^}	3	3.2361	3.5000	6	8	0.02623	0.02933	9	8	4
9322	HCZbfN}	3	3.2361	3.5000	6	8	0.02623	0.02933	9	7	4
9323	HCZbfZ}	3	3.2361	3.5000	6	8	0.02623	0.02933	9	8	4
9324	HCZbb^}	3	3.2361	3.5000	6	8	0.02623	0.02933	9	8	4
9325	HCpVvrr	3	3.2361	3.5000	6	7	0.02623	0.02933	9	6	4
9326	HCpVvrV	3	3.2361	3.5000	6	7	0.02623	0.02933	9	7	4
9327	HCpVvrj	3	3.2361	3.5000	6	7	0.02623	0.02933	9	8	4
9328	HCpVvrN	3	3.2361	3.5000	6	7	0.02623	0.02933	9	7	4
9329	HCZbb^|	3	3.2361	3.5000	6	8	0.02623	0.02933	9	8	4
9330	HCZbb^v	3	3.2361	3.5000	6	8	0.02623	0.02933	9	8	4
9331	HCZbfL~	3	3.2361	3.5000	6	8	0.02623	0.02933	9	7	4
9332	HCZbfX~	3	3.2361	3.5000	6	8	0.02623	0.02933	9	8	4
9333	HCpbfN~	3	3.2361	3.5000	6	9	0.02623	0.02933	9	7	4
9334	HCpdtr~	3	3.2361	3.5000	6	9	0.02623	0.02933	9	7	4
9335	HCXfRr~	3	3.2361	3.5000	6	9	0.02623	0.02933	9	7	4
9336	HCZbfNn	3	3.2361	3.5000	6	8	0.02623	0.02933	9	7	4
9337	HCZbfNv	3	3.2361	3.5000	6	8	0.02623	0.02933	9	7	4
9338	HCZbfZ|	3	3.2361	3.5000	6	8	0.02623	0.02933	9	8	4
9339	HCZbfZn	3	3.2361	3.5000	6	8	0.02623	0.02933	9	8	4
9340	HCpVvrZ	3	3.2361	3.5000	6	7	0.02623	0.02933	9	7	4
9341	HCZbb^n	3	3.2361	3.5000	6	8	0.02623	0.02933	9	8	4
9342	HCZbfz}	3	3.2361	3.5000	6	8	0.02623	0.02933	9	7	4
9343	HCZbf^}	3	3.2361	3.5000	6	8	0.02623	0.02933	9	7	4
9344	HCZbfn}	3	3.2361	3.5000	6	8	0.02623	0.02933	9	7	4
9345	HCRbf~}	3	3.2361	3.5000	6	9	0.02623	0.02933	9	7	4
9346	HCpVvrv	3	3.2361	3.5000	6	8	0.02623	0.02933	9	7	4
9347	HCpVvrn	3	3.2361	3.5000	6	8	0.02623	0.02933	9	7	4
9348	HCZbfx~	3	3.2361	3.5000	6	8	0.02623	0.02933	9	7	4
9349	HCZbf^v	3	3.2361	3.5000	6	8	0.02623	0.02933	9	7	4
9350	HCZbfzn	3	3.2361	3.5000	6	8	0.02623	0.02933	9	7	4
9351	HCZbfN~	3	3.2361	3.5000	6	9	0.02623	0.02933	9	6	4
9352	HCZbfZ~	3	3.2361	3.5000	6	9	0.02623	0.02933	9	7	4
9353	HCpVvr^	3	3.2361	3.5000	6	8	0.02623	0.02933	9	7	4
9354	HCpVvrz	3	3.2361	3.5000	6	8	0.02623	0.02933	9	7	4
9355	HCZbf\~	3	3.2361	3.5000	6	8	0.02623	0.02933	9	7	4
9356	HCZbfz|	3	3.2361	3.5000	6	8	0.02623	0.02933	9	7	4
9357	HCZbb^~	3	3.2361	3.5000	6	9	0.02623	0.02933	9	7	4
9358	HCZbf^n	3	3.2361	3.5000	6	8	0.02623	0.02933	9	7	4
9359	HCZbfnv	3	3.2361	3.5000	6	8	0.02623	0.02933	9	7	4
9360	HCZbf~}	3	3.2361	3.5000	6	9	0.02623	0.02933	9	6	4
9361	HCpVvr~	3	3.2361	3.5000	6	9	0.02623	0.02933	9	6	4
9362	HCZbfz~	3	3.2361	3.5000	6	9	0.02623	0.02933	9	6	4
9363	HCZbf^~	3	3.2361	3.5000	6	9	0.02623	0.02933	9	6	4
9364	HCZbfn~	3	3.2361	3.5000	6	9	0.02623	0.02933	9	6	4
9365	HCZbf~~	3	3.2361	3.5000	6	9	0.02623	0.02933	9	5	4
9366	HCpbfR[	3	3.2631	3.5000	5	6	0.02631	0.02369	10	8	4
9367	HCrbbp]	3	3.3159	3.6667	4	6	0.02633	0.02923	12	9	4
9368	HCR`va{	3	3.3177	3.6667	4	6	0.02648	0.02908	12	8	4
9369	HCZbeo|	3	3.2661	3.5000	4	6	0.02661	0.02339	10	8	4
9370	HCpVbZM	3	3.2401	3.5000	5	6	0.02668	0.02887	9	9	4
9371	HCpbbim	3	3.2671	3.5000	4	6	0.02671	0.02329	10	8	4
9372	HCrfRrL	3	3.2686	3.5000	5	6	0.02686	0.02314	10	8	4
9373	HCpbvOz	3	3.2687	3.5000	5	6	0.02687	0.02313	10	9	4
9374	HCRfdpr	3	3.2966	3.6667	5	6	0.02696	0.03364	11	9	4
9375	HCrbdq]	3	3.2969	3.6667	5	6	0.02699	0.03362	11	9	4
9376	H?bB@po	4	4.2981	4.5000	4	4	0.02710	0.01836	11	8	5
9377	HCrbdp[	3	3.2989	3.5000	4	5	0.02717	0.01828	11	10	4
9378	HCpbfG}	3	3.2989	3.5000	4	6	0.02717	0.01828	11	9	4
9379	HCpVdWz	3	3.2989	3.5000	4	6	0.02717	0.01828	11	8	4
9380	HCpVdZ{	3	3.2989	3.5000	4	7	0.02717	0.01828	11	6	4
9381	HCrbdqy	3	3.2989	3.5000	5	6	0.02717	0.01828	11	9	4
9382	HCrbduy	3	3.2989	3.5000	5	7	0.02717	0.01828	11	8	4
9383	HCpbfim	3	3.2469	3.5000	4	6	0.02743	0.02812	9	7	4
9384	HCpbfGz	3	3.3017	3.5000	4	6	0.02743	0.01803	11	9	4
9385	HCpVdZs	3	3.3017	3.5000	4	6	0.02743	0.01803	11	7	4
9386	HCY^B`J	3	3.2749	3.6667	4	4	0.02749	0.03917	10	9	4
9387	HCY^B`k	3	3.2749	3.6667	4	5	0.02749	0.03917	10	8	4
9388	HCY^Ba[	3	3.2749	3.6667	4	5	0.02749	0.03917	10	8	4
9389	HCY^BbJ	3	3.2749	3.6667	4	6	0.02749	0.03917	10	8	4
9390	HCY^BbM	3	3.2749	3.6667	4	6	0.02749	0.03917	10	8	4
9391	HCY^Ba]	3	3.2749	3.6667	4	6	0.02749	0.03917	10	8	4
9392	HCY^Bb[	3	3.2749	3.6667	4	6	0.02749	0.03917	10	8	4
9393	HCY^BbZ	3	3.2749	3.6667	4	7	0.02749	0.03917	10	7	4
9394	HCY^Ba^	3	3.2749	3.6667	4	7	0.02749	0.03917	10	7	4
9395	HCY^Bb]	3	3.2749	3.6667	4	7	0.02749	0.03917	10	8	4
9396	HCY^Bb{	3	3.2749	3.6667	4	7	0.02749	0.03917	10	7	4
9397	HCY^Bb^	3	3.2749	3.6667	4	8	0.02749	0.03917	10	7	4
9398	HCY^Bbi	3	3.2749	3.6667	5	6	0.02749	0.03917	10	8	4
9399	HCY^B`j	3	3.2749	3.6667	5	6	0.02749	0.03917	10	9	4
9400	HCY^Bbj	3	3.2749	3.6667	5	7	0.02749	0.03917	10	8	4
9401	HCY^Bbm	3	3.2749	3.6667	5	7	0.02749	0.03917	10	8	4
9402	HCY^Bbz	3	3.2749	3.6667	5	8	0.02749	0.03917	10	7	4
9403	HCY^Bb}	3	3.2749	3.6667	5	8	0.02749	0.03917	10	7	4
9404	HCY^Bb~	3	3.2749	3.6667	5	9	0.02749	0.03917	10	6	4
9405	HCQbdzs	3	3.3036	3.6667	5	6	0.02760	0.03300	11	8	4
9406	HCpddpy	3	3.2514	3.5000	4	6	0.02793	0.02762	9	8	4
9407	HCZLba[	3	3.2793	3.5000	4	5	0.02793	0.02207	10	10	4
9408	HCpbdim	3	3.2516	3.5000	4	6	0.02795	0.02760	9	7	4
9409	HCpbdje	3	3.2516	3.5000	5	6	0.02795	0.02760	9	9	4
9410	HCpbdq]	3	3.3092	3.6667	5	6	0.02811	0.03250	11	9	4
9411	HCY^BbK	3	3.3107	3.6667	4	5	0.02824	0.03236	11	8	4
9412	HCpdbgu	3	3.2548	3.5000	4	5	0.02831	0.02725	9	11	4
9413	HCpddoy	3	3.2850	3.5000	4	5	0.02850	0.02150	10	9	4
9414	HCpfJij	3	3.2566	3.5000	5	6	0.02851	0.02705	9	9	4
9415	HCpdRjk	3	3.2566	3.5000	5	6	0.02851	0.02704	9	10	4
9416	HCY^BbI	3	3.2854	3.6667	4	5	0.02854	0.03813	10	8	4
9417	HCR`v`x	3	3.3160	3.6667	4	6	0.02872	0.03188	11	8	4
9418	HCpbvP\	3	3.2873	3.5000	4	6	0.02873	0.02127	10	9	4
9419	HCZbaxV	3	3.2873	3.5000	5	6	0.02873	0.02127	10	8	4
9420	HCpbdgu	3	3.2597	3.5000	4	5	0.02885	0.02670	9	9	4
9421	H?b@b_w	4	4.3177	4.5000	4	4	0.02888	0.01658	11	7	5
9422	H?bB@Ro	4	4.3177	4.5000	4	5	0.02888	0.01658	11	7	5
9423	HCRV@p{	3	3.3182	3.6667	4	6	0.02893	0.03168	11	8	4
9424	HCR`vas	3	3.3187	3.6667	4	5	0.02898	0.03163	11	7	4
9425	H?bAPa`	4	4.2361	4.5000	3	4	0.02951	0.03299	8	8	5
9426	H?bB@`Q	4	4.2361	4.5000	3	4	0.02951	0.03299	8	7	5
9427	H?bB@ac	4	4.2361	4.5000	3	4	0.02951	0.03299	8	6	5
9428	H?`DBaQ	4	4.2361	4.5000	3	4	0.02951	0.03299	8	7	5
9429	H?`DAaU	4	4.2361	4.5000	3	5	0.02951	0.03299	8	7	5
9430	H?`D@bQ	4	4.2361	4.5000	3	5	0.02951	0.03299	8	6	5
9431	H?`D@RS	4	4.2361	4.5000	3	5	0.02951	0.03299	8	8	5
9432	H?`D@RW	4	4.2361	4.5000	3	5	0.02951	0.03299	8	7	5
9433	H?AEAI{	5	5.2361	5.5000	3	6	0.02951	0.03299	8	6	6
9434	H?bBDHY	4	4.2361	4.5000	3	5	0.02951	0.03299	8	9	5
9435	H?b@aUe	4	4.2361	4.5000	3	5	0.02951	0.03299	8	7	5
9436	H?`DBRU	4	4.2361	4.5000	3	6	0.02951	0.03299	8	7	5
9437	H?`DaZC	4	4.2361	4.5000	4	4	0.02951	0.03299	8	7	5
9438	H?bAPap	4	4.2361	4.5000	4	5	0.02951	0.03299	8	8	5
9439	H?bAPbc	4	4.2361	4.5000	4	5	0.02951	0.03299	8	7	5
9440	H?bAPbD	4	4.2361	4.5000	4	5	0.02951	0.03299	8	7	5
9441	H?`DBQq	4	4.2361	4.5000	4	5	0.02951	0.03299	8	7	5
9442	H?`@eQM	4	4.2361	4.5000	4	5	0.02951	0.03299	8	7	5
9443	H?`DAhh	4	4.2361	4.5000	4	5	0.02951	0.03299	8	7	5
9444	H?`DB`h	4	4.2361	4.5000	4	5	0.02951	0.03299	8	7	5
9445	H?`@dDi	4	4.2361	4.5000	4	5	0.02951	0.03299	8	7	5
9446	H?`D@ph	4	4.2361	4.5000	4	5	0.02951	0.03299	8	7	5
9447	H?`@fBP	4	4.2361	4.5000	4	5	0.02951	0.03299	8	7	5
9448	H?`D@Rq	4	4.2361	4.5000	4	6	0.02951	0.03299	8	7	5
9449	H?AEAJy	5	5.2361	5.5000	4	7	0.02951	0.03299	8	7	6
9450	H?b@aUi	4	4.2361	4.5000	4	5	0.02951	0.03299	8	7	5
9451	H?bBDH[	4	4.2361	4.5000	4	5	0.02951	0.03299	8	7	5
9452	H?bBDJQ	4	4.2361	4.5000	4	5	0.02951	0.03299	8	7	5
9453	H?b@dJa	4	4.2361	4.5000	4	5	0.02951	0.03299	8	7	5
9454	H?b@fAe	4	4.2361	4.5000	4	5	0.02951	0.03299	8	6	5
9455	H?bAPbh	4	4.2361	4.5000	4	6	0.02951	0.03299	8	7	5
9456	H?`DBR[	4	4.2361	4.5000	4	6	0.02951	0.03299	8	7	5
9457	H?`DBRR	4	4.2361	4.5000	4	6	0.02951	0.03299	8	5	5
9458	H?`D@R{	4	4.2361	4.5000	4	7	0.02951	0.03299	8	7	5
9459	H?b@aVK	4	4.2361	4.5000	4	5	0.02951	0.03299	8	7	5
9460	H?b@aVD	4	4.2361	4.5000	4	5	0.02951	0.03299	8	7	5
9461	H?b@aVH	4	4.2361	4.5000	4	5	0.02951	0.03299	8	7	5
9462	H?`acjD	4	4.2361	4.5000	4	5	0.02951	0.03299	8	7	5
9463	H?b@aTJ	4	4.2361	4.5000	4	5	0.02951	0.03299	8	7	5
9464	H?bBDad	4	4.2361	4.5000	4	5	0.02951	0.03299	8	7	5
9465	H?b@bDJ	4	4.2361	4.5000	4	5	0.02951	0.03299	8	7	5
9466	H?b@`dJ	4	4.2361	4.5000	4	5	0.02951	0.03299	8	7	5
9467	H?`DeQM	4	4.2361	4.5000	4	5	0.02951	0.03299	8	7	5
9468	H?bAPbk	4	4.2361	4.5000	4	6	0.02951	0.03299	8	7	5
9469	H?bAPbL	4	4.2361	4.5000	4	6	0.02951	0.03299	8	6	5
9470	H?`DBPt	4	4.2361	4.5000	4	6	0.02951	0.03299	8	7	5
9471	H?`DBPx	4	4.2361	4.5000	4	6	0.02951	0.03299	8	7	5
9472	H?`DBQr	4	4.2361	4.5000	4	6	0.02951	0.03299	8	7	5
9473	H?`DBQx	4	4.2361	4.5000	4	6	0.02951	0.03299	8	7	5
9474	H?`DBQy	4	4.2361	4.5000	4	6	0.02951	0.03299	8	7	5
9475	H?`DBRX	4	4.2361	4.5000	4	6	0.02951	0.03299	8	7	5
9476	H?`D@Ry	4	4.2361	4.5000	4	7	0.02951	0.03299	8	6	5
9477	H?AEAJ}	5	5.2361	5.5000	4	8	0.02951	0.03299	8	6	6
9478	HCQTbPc	3	3.2361	3.5000	4	4	0.02951	0.03299	8	10	4
9479	HCOebIw	3	3.2361	3.5000	4	5	0.02951	0.03299	8	10	4
9480	HCOe`Yw	3	3.2361	3.5000	4	5	0.02951	0.03299	8	10	4
9481	HCQRDPq	3	3.2361	3.5000	4	5	0.02951	0.03299	8	9	4
9482	H?bATpe	4	4.2361	4.5000	4	5	0.02951	0.03299	8	9	5
9483	HCOcfP[	3	3.2361	3.5000	4	5	0.02951	0.03299	8	9	4
9484	HCOebGm	3	3.2361	3.5000	4	5	0.02951	0.03299	8	10	4
9485	HCQRDOx	3	3.2361	3.5000	4	5	0.02951	0.03299	8	9	4
9486	HCQRDPX	3	3.2361	3.5000	4	5	0.02951	0.03299	8	9	4
9487	HCQRDRa	3	3.2361	3.5000	4	5	0.02951	0.03299	8	9	4
9488	H?bDJb`	4	4.2361	4.5000	4	5	0.02951	0.03299	8	8	5
9489	HCOecof	3	3.2361	3.5000	4	5	0.02951	0.03299	8	9	4
9490	H?`eHpL	4	4.2361	4.5000	4	5	0.02951	0.03299	8	8	5
9491	H?bAVJW	4	4.2361	4.5000	4	5	0.02951	0.03299	8	7	5
9492	H?b@aUf	4	4.2361	4.5000	4	6	0.02951	0.03299	8	6	5
9493	H?b@aUu	4	4.2361	4.5000	4	6	0.02951	0.03299	8	7	5
9494	H?b@aUy	4	4.2361	4.5000	4	6	0.02951	0.03299	8	7	5
9495	H?b@aVe	4	4.2361	4.5000	4	6	0.02951	0.03299	8	7	5
9496	H?bBDH]	4	4.2361	4.5000	4	6	0.02951	0.03299	8	8	5
9497	H?bBDHy	4	4.2361	4.5000	4	6	0.02951	0.03299	8	9	5
9498	H?bBDIu	4	4.2361	4.5000	4	6	0.02951	0.03299	8	6	5
9499	H?bBDJq	4	4.2361	4.5000	4	6	0.02951	0.03299	8	8	5
9500	H?`ESXr	4	4.2361	4.5000	4	6	0.02951	0.03299	8	7	5
9501	H?`ESZs	4	4.2361	4.5000	4	6	0.02951	0.03299	8	8	5
9502	H?bAPbx	4	4.2361	4.5000	4	7	0.02951	0.03299	8	7	5
9503	H?`DBRu	4	4.2361	4.5000	4	7	0.02951	0.03299	8	7	5
9504	H?`DBRV	4	4.2361	4.5000	4	7	0.02951	0.03299	8	6	5
9505	H?`ckqM	4	4.2361	4.5000	4	5	0.02951	0.03299	8	8	5
9506	H?`eIpL	4	4.2361	4.5000	4	5	0.02951	0.03299	8	8	5
9507	H?b@aTj	4	4.2361	4.5000	4	6	0.02951	0.03299	8	7	5
9508	H?b@aTr	4	4.2361	4.5000	4	6	0.02951	0.03299	8	7	5
9509	H?b@aUj	4	4.2361	4.5000	4	6	0.02951	0.03299	8	7	5
9510	H?b@aVF	4	4.2361	4.5000	4	6	0.02951	0.03299	8	6	5
9511	H?b@aVJ	4	4.2361	4.5000	4	6	0.02951	0.03299	8	6	5
9512	H?bBDHV	4	4.2361	4.5000	4	6	0.02951	0.03299	8	8	5
9513	H?bBDJU	4	4.2361	4.5000	4	6	0.02951	0.03299	8	8	5
9514	H?`ESZq	4	4.2361	4.5000	4	6	0.02951	0.03299	8	8	5
9515	H?`DBP|	4	4.2361	4.5000	4	7	0.02951	0.03299	8	7	5
9516	H?`DBR\	4	4.2361	4.5000	4	7	0.02951	0.03299	8	7	5
9517	H?`DBRr	4	4.2361	4.5000	4	7	0.02951	0.03299	8	6	5
9518	H?`DBRx	4	4.2361	4.5000	4	7	0.02951	0.03299	8	6	5
9519	H?b@aVL	4	4.2361	4.5000	4	6	0.02951	0.03299	8	7	5
9520	H?bAPbm	4	4.2361	4.5000	4	7	0.02951	0.03299	8	8	5
9521	H?bAPbN	4	4.2361	4.5000	4	7	0.02951	0.03299	8	7	5
9522	H?`DBQz	4	4.2361	4.5000	4	7	0.02951	0.03299	8	7	5
9523	H?`D@Rz	4	4.2361	4.5000	4	8	0.02951	0.03299	8	7	5
9524	H?AEAJ~	5	5.2361	5.5000	4	9	0.02951	0.03299	8	5	6
9525	HCQRDQs	3	3.2361	3.5000	4	5	0.02951	0.03299	8	10	4
9526	HCQRDRS	3	3.2361	3.5000	4	5	0.02951	0.03299	8	10	4
9527	H?bBDIV	4	4.2361	4.5000	4	6	0.02951	0.03299	8	7	5
9528	HCQR@Rs	3	3.2361	3.5000	4	6	0.02951	0.03299	8	11	4
9529	HCQTbPk	3	3.2361	3.5000	4	5	0.02951	0.03299	8	11	4
9530	HCQdbRS	3	3.2361	3.5000	4	5	0.02951	0.03299	8	10	4
9531	HCQRDpe	3	3.2361	3.5000	4	5	0.02951	0.03299	8	10	4
9532	HCQTbPM	3	3.2361	3.5000	4	5	0.02951	0.03299	8	11	4
9533	HCQTbRc	3	3.2361	3.5000	4	5	0.02951	0.03299	8	10	4
9534	HCOedgm	3	3.2361	3.5000	4	5	0.02951	0.03299	8	10	4
9535	HCOedpi	3	3.2361	3.5000	4	5	0.02951	0.03299	8	10	4
9536	HCOedpM	3	3.2361	3.5000	4	5	0.02951	0.03299	8	10	4
9537	HCQdarI	3	3.2361	3.5000	4	5	0.02951	0.03299	8	10	4
9538	HCQdarS	3	3.2361	3.5000	4	5	0.02951	0.03299	8	9	4
9539	HCQdbPq	3	3.2361	3.5000	4	5	0.02951	0.03299	8	10	4
9540	HCQdbQT	3	3.2361	3.5000	4	5	0.02951	0.03299	8	10	4
9541	HCQebPq	3	3.2361	3.5000	4	5	0.02951	0.03299	8	9	4
9542	HCQebQX	3	3.2361	3.5000	4	5	0.02951	0.03299	8	10	4
9543	HCQeRad	3	3.2361	3.5000	4	5	0.02951	0.03299	8	10	4
9544	HCQeRae	3	3.2361	3.5000	4	5	0.02951	0.03299	8	9	4
9545	HCQeRap	3	3.2361	3.5000	4	5	0.02951	0.03299	8	9	4
9546	HCQeRGm	3	3.2361	3.5000	4	5	0.02951	0.03299	8	10	4
9547	HCQTbGj	3	3.2361	3.5000	4	5	0.02951	0.03299	8	10	4
9548	HCQTbHJ	3	3.2361	3.5000	4	5	0.02951	0.03299	8	10	4
9549	HCQTbJH	3	3.2361	3.5000	4	5	0.02951	0.03299	8	9	4
9550	HCQTbJW	3	3.2361	3.5000	4	5	0.02951	0.03299	8	9	4
9551	HCQbR`d	3	3.2361	3.5000	4	5	0.02951	0.03299	8	8	4
9552	HCQbR`p	3	3.2361	3.5000	4	5	0.02951	0.03299	8	8	4
9553	HCQ`djg	3	3.2361	3.5000	4	5	0.02951	0.03299	8	9	4
9554	HCQeRbP	3	3.2361	3.5000	4	5	0.02951	0.03299	8	8	4
9555	HCQ`fQq	3	3.2361	3.5000	4	5	0.02951	0.03299	8	10	4
9556	H?bATqm	4	4.2361	4.5000	4	6	0.02951	0.03299	8	7	5
9557	H?bATre	4	4.2361	4.5000	4	6	0.02951	0.03299	8	8	5
9558	H?bAUYu	4	4.2361	4.5000	4	6	0.02951	0.03299	8	7	5
9559	H?bAUZq	4	4.2361	4.5000	4	6	0.02951	0.03299	8	7	5
9560	H?bAVIy	4	4.2361	4.5000	4	6	0.02951	0.03299	8	10	5
9561	H?bAVQ]	4	4.2361	4.5000	4	6	0.02951	0.03299	8	7	5
9562	H?bAVRU	4	4.2361	4.5000	4	6	0.02951	0.03299	8	7	5
9563	HCOcfPy	3	3.2361	3.5000	4	6	0.02951	0.03299	8	10	4
9564	HCOcfR[	3	3.2361	3.5000	4	6	0.02951	0.03299	8	9	4
9565	HCOebIm	3	3.2361	3.5000	4	6	0.02951	0.03299	8	10	4
9566	HCOecqm	3	3.2361	3.5000	4	6	0.02951	0.03299	8	9	4
9567	HCOecrs	3	3.2361	3.5000	4	6	0.02951	0.03299	8	9	4
9568	HCOedG}	3	3.2361	3.5000	4	6	0.02951	0.03299	8	10	4
9569	HCOedI{	3	3.2361	3.5000	4	6	0.02951	0.03299	8	9	4
9570	HCOe`Zs	3	3.2361	3.5000	4	6	0.02951	0.03299	8	10	4
9571	HCQRDO|	3	3.2361	3.5000	4	6	0.02951	0.03299	8	9	4
9572	HCQRDP\	3	3.2361	3.5000	4	6	0.02951	0.03299	8	10	4
9573	HCQRDPr	3	3.2361	3.5000	4	6	0.02951	0.03299	8	9	4
9574	HCQRDPu	3	3.2361	3.5000	4	6	0.02951	0.03299	8	10	4
9575	HCQRDPx	3	3.2361	3.5000	4	6	0.02951	0.03299	8	9	4
9576	HCQRDPy	3	3.2361	3.5000	4	6	0.02951	0.03299	8	9	4
9577	HCQRDRi	3	3.2361	3.5000	4	6	0.02951	0.03299	8	9	4
9578	HCQRDRq	3	3.2361	3.5000	4	6	0.02951	0.03299	8	9	4
9579	H?bATpl	4	4.2361	4.5000	4	6	0.02951	0.03299	8	7	5
9580	H?bATqf	4	4.2361	4.5000	4	6	0.02951	0.03299	8	6	5
9581	H?bAVG^	4	4.2361	4.5000	4	6	0.02951	0.03299	8	7	5
9582	H?b@aUv	4	4.2361	4.5000	4	7	0.02951	0.03299	8	6	5
9583	H?b@aVm	4	4.2361	4.5000	4	7	0.02951	0.03299	8	6	5
9584	H?b@aVu	4	4.2361	4.5000	4	7	0.02951	0.03299	8	7	5
9585	H?bBDH|	4	4.2361	4.5000	4	7	0.02951	0.03299	8	6	5
9586	H?bBDH}	4	4.2361	4.5000	4	7	0.02951	0.03299	8	8	5
9587	H?bBDI}	4	4.2361	4.5000	4	7	0.02951	0.03299	8	7	5
9588	H?bBDJ{	4	4.2361	4.5000	4	7	0.02951	0.03299	8	6	5
9589	H?`ESZ{	4	4.2361	4.5000	4	7	0.02951	0.03299	8	7	5
9590	H?`DBR}	4	4.2361	4.5000	4	8	0.02951	0.03299	8	6	5
9591	HCQdbIT	3	3.2361	3.5000	4	5	0.02951	0.03299	8	9	4
9592	HCQTbIb	3	3.2361	3.5000	4	5	0.02951	0.03299	8	9	4
9593	H?bAUYy	4	4.2361	4.5000	4	6	0.02951	0.03299	8	9	5
9594	H?bAVI]	4	4.2361	4.5000	4	6	0.02951	0.03299	8	9	5
9595	HCOecri	3	3.2361	3.5000	4	6	0.02951	0.03299	8	9	4
9596	HCOedIx	3	3.2361	3.5000	4	6	0.02951	0.03299	8	9	4
9597	HCOeePy	3	3.2361	3.5000	4	6	0.02951	0.03299	8	9	4
9598	HCQRDQx	3	3.2361	3.5000	4	6	0.02951	0.03299	8	9	4
9599	HCQRDRX	3	3.2361	3.5000	4	6	0.02951	0.03299	8	9	4
9600	H?bATrF	4	4.2361	4.5000	4	6	0.02951	0.03299	8	7	5
9601	H?bAVIZ	4	4.2361	4.5000	4	6	0.02951	0.03299	8	9	5
9602	H?b@aTz	4	4.2361	4.5000	4	7	0.02951	0.03299	8	7	5
9603	H?b@aUz	4	4.2361	4.5000	4	7	0.02951	0.03299	8	7	5
9604	H?b@aVf	4	4.2361	4.5000	4	7	0.02951	0.03299	8	6	5
9605	H?b@aVj	4	4.2361	4.5000	4	7	0.02951	0.03299	8	6	5
9606	H?bBDJu	4	4.2361	4.5000	4	7	0.02951	0.03299	8	7	5
9607	H?`ESZu	4	4.2361	4.5000	4	7	0.02951	0.03299	8	9	5
9608	H?`DBR|	4	4.2361	4.5000	4	8	0.02951	0.03299	8	6	5
9609	H?`DBRv	4	4.2361	4.5000	4	8	0.02951	0.03299	8	6	5
9610	H?b@aVN	4	4.2361	4.5000	4	7	0.02951	0.03299	8	6	5
9611	H?`DBRz	4	4.2361	4.5000	4	8	0.02951	0.03299	8	6	5
9612	HCQbR`i	3	3.2361	3.5000	4	5	0.02951	0.03299	8	9	4
9613	HCQeRbI	3	3.2361	3.5000	4	5	0.02951	0.03299	8	9	4
9614	HCQRDRT	3	3.2361	3.5000	4	6	0.02951	0.03299	8	10	4
9615	H?bATrh	4	4.2361	4.5000	4	6	0.02951	0.03299	8	7	5
9616	H?bAVQ\	4	4.2361	4.5000	4	6	0.02951	0.03299	8	7	5
9617	H?bAVRX	4	4.2361	4.5000	4	6	0.02951	0.03299	8	6	5
9618	H?bBDI^	4	4.2361	4.5000	4	7	0.02951	0.03299	8	7	5
9619	H?`ESY}	4	4.2361	4.5000	4	7	0.02951	0.03299	8	7	5
9620	HCOfbY[	3	3.2361	3.5000	4	5	0.02951	0.03299	8	9	4
9621	HCQbeom	3	3.2361	3.5000	4	5	0.02951	0.03299	8	10	4
9622	HCQbeWy	3	3.2361	3.5000	4	5	0.02951	0.03299	8	10	4
9623	HCQbQyq	3	3.2361	3.5000	4	5	0.02951	0.03299	8	10	4
9624	HCRcrOr	3	3.2361	3.5000	4	5	0.02951	0.03299	8	9	4
9625	HCpbPik	3	3.2361	3.5000	4	5	0.02951	0.03299	8	9	4
9626	HCQbVbK	3	3.2361	3.5000	4	5	0.02951	0.03299	8	9	4
9627	HCQebrK	3	3.2361	3.5000	4	5	0.02951	0.03299	8	9	4
9628	HCQuQof	3	3.2361	3.5000	4	5	0.02951	0.03299	8	9	4
9629	HCOedrk	3	3.2361	3.5000	4	6	0.02951	0.03299	8	9	4
9630	HCQ`fH]	3	3.2361	3.5000	4	6	0.02951	0.03299	8	9	4
9631	HCQ`fJw	3	3.2361	3.5000	4	6	0.02951	0.03299	8	8	4
9632	HCQTbHm	3	3.2361	3.5000	4	6	0.02951	0.03299	8	9	4
9633	HCdebJg	3	3.2361	3.5000	4	5	0.02951	0.03299	8	11	4
9634	HCQbUgy	3	3.2361	3.5000	4	5	0.02951	0.03299	8	10	4
9635	HCQtbRK	3	3.2361	3.5000	4	5	0.02951	0.03299	8	11	4
9636	HCQubOj	3	3.2361	3.5000	4	5	0.02951	0.03299	8	11	4
9637	HCdebPh	3	3.2361	3.5000	4	5	0.02951	0.03299	8	11	4
9638	HCdebPL	3	3.2361	3.5000	4	5	0.02951	0.03299	8	10	4
9639	HCQbdjI	3	3.2361	3.5000	4	5	0.02951	0.03299	8	10	4
9640	HCQbUiY	3	3.2361	3.5000	4	5	0.02951	0.03299	8	10	4
9641	HCQbUqU	3	3.2361	3.5000	4	5	0.02951	0.03299	8	11	4
9642	HCQubPM	3	3.2361	3.5000	4	5	0.02951	0.03299	8	11	4
9643	HCQubQX	3	3.2361	3.5000	4	5	0.02951	0.03299	8	10	4
9644	HCQubRa	3	3.2361	3.5000	4	5	0.02951	0.03299	8	10	4
9645	HCQubRK	3	3.2361	3.5000	4	5	0.02951	0.03299	8	10	4
9646	HCQuQou	3	3.2361	3.5000	4	5	0.02951	0.03299	8	10	4
9647	HCQuQrc	3	3.2361	3.5000	4	5	0.02951	0.03299	8	10	4
9648	HCdebPJ	3	3.2361	3.5000	4	5	0.02951	0.03299	8	10	4
9649	HCQbdgy	3	3.2361	3.5000	4	5	0.02951	0.03299	8	9	4
9650	HCQbeYe	3	3.2361	3.5000	4	5	0.02951	0.03299	8	10	4
9651	HCQbfHq	3	3.2361	3.5000	4	5	0.02951	0.03299	8	10	4
9652	HCQbfJQ	3	3.2361	3.5000	4	5	0.02951	0.03299	8	10	4
9653	HCQbUrQ	3	3.2361	3.5000	4	5	0.02951	0.03299	8	9	4
9654	HCQbUYU	3	3.2361	3.5000	4	5	0.02951	0.03299	8	11	4
9655	HCQbVHq	3	3.2361	3.5000	4	5	0.02951	0.03299	8	9	4
9656	HCQeRXe	3	3.2361	3.5000	4	5	0.02951	0.03299	8	9	4
9657	HCQUQzg	3	3.2361	3.5000	4	5	0.02951	0.03299	8	11	4
9658	HCRcrRK	3	3.2361	3.5000	4	5	0.02951	0.03299	8	9	4
9659	HCQberQ	3	3.2361	3.5000	4	5	0.02951	0.03299	8	7	4
9660	HCOedi{	3	3.2361	3.5000	4	6	0.02951	0.03299	8	9	4
9661	HCOedim	3	3.2361	3.5000	4	6	0.02951	0.03299	8	9	4
9662	HCOedNs	3	3.2361	3.5000	4	6	0.02951	0.03299	8	9	4
9663	HCOedre	3	3.2361	3.5000	4	6	0.02951	0.03299	8	9	4
9664	HCOedZe	3	3.2361	3.5000	4	6	0.02951	0.03299	8	10	4
9665	HCOefHu	3	3.2361	3.5000	4	6	0.02951	0.03299	8	10	4
9666	HCQbRau	3	3.2361	3.5000	4	6	0.02951	0.03299	8	9	4
9667	HCQbRbd	3	3.2361	3.5000	4	6	0.02951	0.03299	8	9	4
9668	HCQbRbp	3	3.2361	3.5000	4	6	0.02951	0.03299	8	9	4
9669	HCQbR`t	3	3.2361	3.5000	4	6	0.02951	0.03299	8	8	4
9670	HCQdar[	3	3.2361	3.5000	4	6	0.02951	0.03299	8	10	4
9671	HCQdari	3	3.2361	3.5000	4	6	0.02951	0.03299	8	10	4
9672	HCQdbPy	3	3.2361	3.5000	4	6	0.02951	0.03299	8	10	4
9673	HCQdbRM	3	3.2361	3.5000	4	6	0.02951	0.03299	8	10	4
9674	HCQdbRT	3	3.2361	3.5000	4	6	0.02951	0.03299	8	10	4
9675	HCQ`djw	3	3.2361	3.5000	4	6	0.02951	0.03299	8	9	4
9676	HCQebQx	3	3.2361	3.5000	4	6	0.02951	0.03299	8	10	4
9677	HCQebR[	3	3.2361	3.5000	4	6	0.02951	0.03299	8	9	4
9678	HCQ`er[	3	3.2361	3.5000	4	6	0.02951	0.03299	8	9	4
9679	HCQeRau	3	3.2361	3.5000	4	6	0.02951	0.03299	8	9	4
9680	HCQeRbd	3	3.2361	3.5000	4	6	0.02951	0.03299	8	9	4
9681	HCQeRbp	3	3.2361	3.5000	4	6	0.02951	0.03299	8	8	4
9682	HCQeRbT	3	3.2361	3.5000	4	6	0.02951	0.03299	8	8	4
9683	HCQ`ers	3	3.2361	3.5000	4	6	0.02951	0.03299	8	9	4
9684	HCQ`fIy	3	3.2361	3.5000	4	6	0.02951	0.03299	8	9	4
9685	HCQ`fJ[	3	3.2361	3.5000	4	6	0.02951	0.03299	8	8	4
9686	HCQ`fJq	3	3.2361	3.5000	4	6	0.02951	0.03299	8	9	4
9687	HCQQVay	3	3.2361	3.5000	4	6	0.02951	0.03299	8	11	4
9688	HCQQVbk	3	3.2361	3.5000	4	6	0.02951	0.03299	8	10	4
9689	HCQRDpm	3	3.2361	3.5000	4	6	0.02951	0.03299	8	10	4
9690	HCQRDre	3	3.2361	3.5000	4	6	0.02951	0.03299	8	9	4
9691	HCQRDri	3	3.2361	3.5000	4	6	0.02951	0.03299	8	9	4
9692	HCQRDrq	3	3.2361	3.5000	4	6	0.02951	0.03299	8	9	4
9693	HCQRErk	3	3.2361	3.5000	4	6	0.02951	0.03299	8	9	4
9694	HCQRFEy	3	3.2361	3.5000	4	6	0.02951	0.03299	8	9	4
9695	HCQRFRY	3	3.2361	3.5000	4	6	0.02951	0.03299	8	9	4
9696	HCQTaZk	3	3.2361	3.5000	4	6	0.02951	0.03299	8	10	4
9697	HCQTaZw	3	3.2361	3.5000	4	6	0.02951	0.03299	8	11	4
9698	HCQTbGn	3	3.2361	3.5000	4	6	0.02951	0.03299	8	9	4
9699	HCQTbHN	3	3.2361	3.5000	4	6	0.02951	0.03299	8	9	4
9700	HCQTbJh	3	3.2361	3.5000	4	6	0.02951	0.03299	8	9	4
9701	HCQTbJi	3	3.2361	3.5000	4	6	0.02951	0.03299	8	9	4
9702	HCQTbJJ	3	3.2361	3.5000	4	6	0.02951	0.03299	8	9	4
9703	HCQTbJX	3	3.2361	3.5000	4	6	0.02951	0.03299	8	9	4
9704	HCQTbRk	3	3.2361	3.5000	4	6	0.02951	0.03299	8	11	4
9705	H?bAVji	4	4.2361	4.5000	4	6	0.02951	0.03299	8	9	5
9706	HCOcfr[	3	3.2361	3.5000	4	6	0.02951	0.03299	8	9	4
9707	HCOcfri	3	3.2361	3.5000	4	6	0.02951	0.03299	8	9	4
9708	HCOedK}	3	3.2361	3.5000	4	6	0.02951	0.03299	8	9	4
9709	HCOe`^e	3	3.2361	3.5000	4	6	0.02951	0.03299	8	9	4
9710	HCQ`fQV	3	3.2361	3.5000	4	6	0.02951	0.03299	8	9	4
9711	HCQRDpf	3	3.2361	3.5000	4	6	0.02951	0.03299	8	9	4
9712	HCQRFO|	3	3.2361	3.5000	4	6	0.02951	0.03299	8	9	4
9713	H?bATp|	4	4.2361	4.5000	4	7	0.02951	0.03299	8	7	5
9714	H?bATqv	4	4.2361	4.5000	4	7	0.02951	0.03299	8	6	5
9715	H?bAVG~	4	4.2361	4.5000	4	7	0.02951	0.03299	8	7	5
9716	H?bAVJy	4	4.2361	4.5000	4	7	0.02951	0.03299	8	9	5
9717	H?bAVPv	4	4.2361	4.5000	4	7	0.02951	0.03299	8	7	5
9718	HCQRDP|	3	3.2361	3.5000	4	7	0.02951	0.03299	8	9	4
9719	HCQRDP}	3	3.2361	3.5000	4	7	0.02951	0.03299	8	10	4
9720	HCQRDPv	3	3.2361	3.5000	4	7	0.02951	0.03299	8	9	4
9721	HCQRDRy	3	3.2361	3.5000	4	7	0.02951	0.03299	8	8	4
9722	H?b@aV}	4	4.2361	4.5000	4	8	0.02951	0.03299	8	6	5
9723	HCQuQrQ	3	3.2361	3.5000	4	5	0.02951	0.03299	8	10	4
9724	HCQbdiq	3	3.2361	3.5000	4	5	0.02951	0.03299	8	8	4
9725	HCOeeri	3	3.2361	3.5000	4	6	0.02951	0.03299	8	8	4
9726	HCOeeVw	3	3.2361	3.5000	4	6	0.02951	0.03299	8	8	4
9727	HCQbRat	3	3.2361	3.5000	4	6	0.02951	0.03299	8	10	4
9728	HCQdbPr	3	3.2361	3.5000	4	6	0.02951	0.03299	8	10	4
9729	HCQ`djq	3	3.2361	3.5000	4	6	0.02951	0.03299	8	8	4
9730	HCQeRat	3	3.2361	3.5000	4	6	0.02951	0.03299	8	10	4
9731	HCQeRbR	3	3.2361	3.5000	4	6	0.02951	0.03299	8	8	4
9732	HCQeRIm	3	3.2361	3.5000	4	6	0.02951	0.03299	8	10	4
9733	HCQ`fQu	3	3.2361	3.5000	4	6	0.02951	0.03299	8	11	4
9734	HCQTaZd	3	3.2361	3.5000	4	6	0.02951	0.03299	8	10	4
9735	HCQTbJb	3	3.2361	3.5000	4	6	0.02951	0.03299	8	9	4
9736	HCQTbJd	3	3.2361	3.5000	4	6	0.02951	0.03299	8	9	4
9737	HCQTbJL	3	3.2361	3.5000	4	6	0.02951	0.03299	8	9	4
9738	H?bAVrM	4	4.2361	4.5000	4	6	0.02951	0.03299	8	7	5
9739	H?bAVZY	4	4.2361	4.5000	4	6	0.02951	0.03299	8	8	5
9740	HCOedYx	3	3.2361	3.5000	4	6	0.02951	0.03299	8	9	4
9741	HCOefQx	3	3.2361	3.5000	4	6	0.02951	0.03299	8	9	4
9742	HCQ`fQr	3	3.2361	3.5000	4	6	0.02951	0.03299	8	9	4
9743	HCQRDrb	3	3.2361	3.5000	4	6	0.02951	0.03299	8	9	4
9744	HCQRFQx	3	3.2361	3.5000	4	6	0.02951	0.03299	8	9	4
9745	H?bATrm	4	4.2361	4.5000	4	7	0.02951	0.03299	8	8	5
9746	H?bAUZy	4	4.2361	4.5000	4	7	0.02951	0.03299	8	8	5
9747	H?bAVR]	4	4.2361	4.5000	4	7	0.02951	0.03299	8	7	5
9748	HCQRDPz	3	3.2361	3.5000	4	7	0.02951	0.03299	8	10	4
9749	HCQRDRr	3	3.2361	3.5000	4	7	0.02951	0.03299	8	8	4
9750	HCQRDRx	3	3.2361	3.5000	4	7	0.02951	0.03299	8	8	4
9751	H?b@aVv	4	4.2361	4.5000	4	8	0.02951	0.03299	8	6	5
9752	H?b@aVz	4	4.2361	4.5000	4	8	0.02951	0.03299	8	6	5
9753	H?bBDH~	4	4.2361	4.5000	4	8	0.02951	0.03299	8	7	5
9754	H?b@aVn	4	4.2361	4.5000	4	8	0.02951	0.03299	8	6	5
9755	H?`DBR~	4	4.2361	4.5000	4	9	0.02951	0.03299	8	5	5
9756	HCdebRQ	3	3.2361	3.5000	4	5	0.02951	0.03299	8	10	4
9757	HCQbRpi	3	3.2361	3.5000	4	5	0.02951	0.03299	8	10	4
9758	HCQeQzI	3	3.2361	3.5000	4	5	0.02951	0.03299	8	10	4
9759	HCOedrq	3	3.2361	3.5000	4	6	0.02951	0.03299	8	9	4
9760	HCOedrU	3	3.2361	3.5000	4	6	0.02951	0.03299	8	9	4
9761	HCQbRbY	3	3.2361	3.5000	4	6	0.02951	0.03299	8	9	4
9762	HCQbR`m	3	3.2361	3.5000	4	6	0.02951	0.03299	8	9	4
9763	HCQeRbJ	3	3.2361	3.5000	4	6	0.02951	0.03299	8	9	4
9764	HCQeRbM	3	3.2361	3.5000	4	6	0.02951	0.03299	8	9	4
9765	HCQeRbY	3	3.2361	3.5000	4	6	0.02951	0.03299	8	9	4
9766	HCQeR`m	3	3.2361	3.5000	4	6	0.02951	0.03299	8	9	4
9767	HCQTbI\	3	3.2361	3.5000	4	6	0.02951	0.03299	8	9	4
9768	HCQTbIy	3	3.2361	3.5000	4	6	0.02951	0.03299	8	9	4
9769	HCQTbJq	3	3.2361	3.5000	4	6	0.02951	0.03299	8	9	4
9770	HCOedq\	3	3.2361	3.5000	4	6	0.02951	0.03299	8	9	4
9771	HCQ`ep\	3	3.2361	3.5000	4	6	0.02951	0.03299	8	10	4
9772	HCQ`fI\	3	3.2361	3.5000	4	6	0.02951	0.03299	8	9	4
9773	HCQ`fPZ	3	3.2361	3.5000	4	6	0.02951	0.03299	8	10	4
9774	HCQ`fRh	3	3.2361	3.5000	4	6	0.02951	0.03299	8	10	4
9775	HCQ`fRX	3	3.2361	3.5000	4	6	0.02951	0.03299	8	10	4
9776	H?bATrx	4	4.2361	4.5000	4	7	0.02951	0.03299	8	7	5
9777	H?bAUYv	4	4.2361	4.5000	4	7	0.02951	0.03299	8	6	5
9778	H?bAVH|	4	4.2361	4.5000	4	7	0.02951	0.03299	8	7	5
9779	H?bAVQ^	4	4.2361	4.5000	4	7	0.02951	0.03299	8	6	5
9780	H?bAVQ|	4	4.2361	4.5000	4	7	0.02951	0.03299	8	7	5
9781	H?bAVRx	4	4.2361	4.5000	4	7	0.02951	0.03299	8	6	5
9782	HCQRDR{	3	3.2361	3.5000	4	7	0.02951	0.03299	8	9	4
9783	HCQRDRt	3	3.2361	3.5000	4	7	0.02951	0.03299	8	9	4
9784	HCpbdhi	3	3.2361	3.5000	4	5	0.02951	0.03299	8	10	4
9785	HCpbdhM	3	3.2361	3.5000	4	5	0.02951	0.03299	8	10	4
9786	HCpbdjI	3	3.2361	3.5000	4	5	0.02951	0.03299	8	10	4
9787	HCpdbik	3	3.2361	3.5000	4	5	0.02951	0.03299	8	10	4
9788	HCpdfPU	3	3.2361	3.5000	4	5	0.02951	0.03299	8	11	4
9789	HCR`uqe	3	3.2361	3.5000	4	5	0.02951	0.03299	8	9	4
9790	HCR`urc	3	3.2361	3.5000	4	5	0.02951	0.03299	8	8	4
9791	HCXedqe	3	3.2361	3.5000	4	5	0.02951	0.03299	8	9	4
9792	HCZLbak	3	3.2361	3.5000	4	5	0.02951	0.03299	8	9	4
9793	HCpbdhq	3	3.2361	3.5000	4	5	0.02951	0.03299	8	9	4
9794	HCpbdhU	3	3.2361	3.5000	4	5	0.02951	0.03299	8	9	4
9795	HCpdRZo	3	3.2361	3.5000	4	5	0.02951	0.03299	8	9	4
9796	HCR`uqU	3	3.2361	3.5000	4	5	0.02951	0.03299	8	8	4
9797	HCRbeqU	3	3.2361	3.5000	4	5	0.02951	0.03299	8	8	4
9798	HCQbbfw	3	3.2361	3.5000	4	6	0.02951	0.03299	8	8	4
9799	HCQbcvk	3	3.2361	3.5000	4	6	0.02951	0.03299	8	10	4
9800	HCQbdd{	3	3.2361	3.5000	4	6	0.02951	0.03299	8	9	4
9801	HCQbdL{	3	3.2361	3.5000	4	6	0.02951	0.03299	8	9	4
9802	HCQbdNw	3	3.2361	3.5000	4	6	0.02951	0.03299	8	9	4
9803	HCQbed{	3	3.2361	3.5000	4	6	0.02951	0.03299	8	9	4
9804	HCQbeo}	3	3.2361	3.5000	4	6	0.02951	0.03299	8	9	4
9805	HCQbeq]	3	3.2361	3.5000	4	6	0.02951	0.03299	8	8	4
9806	HCQbeqm	3	3.2361	3.5000	4	6	0.02951	0.03299	8	9	4
9807	HCQberk	3	3.2361	3.5000	4	6	0.02951	0.03299	8	9	4
9808	HCQbeY{	3	3.2361	3.5000	4	6	0.02951	0.03299	8	8	4
9809	HCQbeYy	3	3.2361	3.5000	4	6	0.02951	0.03299	8	9	4
9810	HCQbeZs	3	3.2361	3.5000	4	6	0.02951	0.03299	8	8	4
9811	HCQbTfw	3	3.2361	3.5000	4	6	0.02951	0.03299	8	10	4
9812	HCQbUZw	3	3.2361	3.5000	4	6	0.02951	0.03299	8	9	4
9813	HCQb`vk	3	3.2361	3.5000	4	6	0.02951	0.03299	8	10	4
9814	HCQbctl	3	3.2361	3.5000	4	6	0.02951	0.03299	8	9	4
9815	HCQbcvM	3	3.2361	3.5000	4	6	0.02951	0.03299	8	8	4
9816	HCQbTd\	3	3.2361	3.5000	4	6	0.02951	0.03299	8	9	4
9817	HCQb`vM	3	3.2361	3.5000	4	6	0.02951	0.03299	8	9	4
9818	HCQ`fre	3	3.2361	3.5000	4	6	0.02951	0.03299	8	8	4
9819	HCQ`frk	3	3.2361	3.5000	4	6	0.02951	0.03299	8	9	4
9820	HCQ`frU	3	3.2361	3.5000	4	6	0.02951	0.03299	8	8	4
9821	HCQ`fX]	3	3.2361	3.5000	4	6	0.02951	0.03299	8	10	4
9822	HCOedr{	3	3.2361	3.5000	4	7	0.02951	0.03299	8	8	4
9823	HCpdbY[	3	3.2361	3.5000	4	5	0.02951	0.03299	8	11	4
9824	HCpdbYw	3	3.2361	3.5000	4	5	0.02951	0.03299	8	11	4
9825	HCpdeXq	3	3.2361	3.5000	4	5	0.02951	0.03299	8	11	4
9826	HCdebZK	3	3.2361	3.5000	4	5	0.02951	0.03299	8	10	4
9827	HCdefH[	3	3.2361	3.5000	4	5	0.02951	0.03299	8	11	4
9828	HCpdehe	3	3.2361	3.5000	4	5	0.02951	0.03299	8	11	4
9829	HCXedpi	3	3.2361	3.5000	4	5	0.02951	0.03299	8	11	4
9830	HCXedrI	3	3.2361	3.5000	4	5	0.02951	0.03299	8	10	4
9831	HCQvAzQ	3	3.2361	3.5000	4	5	0.02951	0.03299	8	10	4
9832	HCQVQzW	3	3.2361	3.5000	4	5	0.02951	0.03299	8	11	4
9833	HCdbEjk	3	3.2361	3.5000	4	6	0.02951	0.03299	8	9	4
9834	HCdebPj	3	3.2361	3.5000	4	6	0.02951	0.03299	8	10	4
9835	HCpbPjk	3	3.2361	3.5000	4	6	0.02951	0.03299	8	9	4
9836	HCpbPjL	3	3.2361	3.5000	4	6	0.02951	0.03299	8	10	4
9837	HCQbbe{	3	3.2361	3.5000	4	6	0.02951	0.03299	8	10	4
9838	HCQbbfs	3	3.2361	3.5000	4	6	0.02951	0.03299	8	9	4
9839	HCQbdf[	3	3.2361	3.5000	4	6	0.02951	0.03299	8	10	4
9840	HCQbdji	3	3.2361	3.5000	4	6	0.02951	0.03299	8	9	4
9841	HCQbdN[	3	3.2361	3.5000	4	6	0.02951	0.03299	8	10	4
9842	HCQbdXy	3	3.2361	3.5000	4	6	0.02951	0.03299	8	10	4
9843	HCQbdZq	3	3.2361	3.5000	4	6	0.02951	0.03299	8	9	4
9844	HCQbdZY	3	3.2361	3.5000	4	6	0.02951	0.03299	8	10	4
9845	HCQbef[	3	3.2361	3.5000	4	6	0.02951	0.03299	8	8	4
9846	HCQbepm	3	3.2361	3.5000	4	6	0.02951	0.03299	8	10	4
9847	HCQbepy	3	3.2361	3.5000	4	6	0.02951	0.03299	8	9	4
9848	HCQberq	3	3.2361	3.5000	4	6	0.02951	0.03299	8	8	4
9849	HCQbeXy	3	3.2361	3.5000	4	6	0.02951	0.03299	8	10	4
9850	HCQbeZe	3	3.2361	3.5000	4	6	0.02951	0.03299	8	9	4
9851	HCQbeZY	3	3.2361	3.5000	4	6	0.02951	0.03299	8	9	4
9852	HCQbfHy	3	3.2361	3.5000	4	6	0.02951	0.03299	8	10	4
9853	HCQbfJq	3	3.2361	3.5000	4	6	0.02951	0.03299	8	9	4
9854	HCQbfJY	3	3.2361	3.5000	4	6	0.02951	0.03299	8	10	4
9855	HCQbQyu	3	3.2361	3.5000	4	6	0.02951	0.03299	8	11	4
9856	HCQbRe{	3	3.2361	3.5000	4	6	0.02951	0.03299	8	10	4
9857	HCQbRf[	3	3.2361	3.5000	4	6	0.02951	0.03299	8	10	4
9858	HCQbRfk	3	3.2361	3.5000	4	6	0.02951	0.03299	8	9	4
9859	HCQbRfs	3	3.2361	3.5000	4	6	0.02951	0.03299	8	9	4
9860	HCQbRje	3	3.2361	3.5000	4	6	0.02951	0.03299	8	9	4
9861	HCQbRqu	3	3.2361	3.5000	4	6	0.02951	0.03299	8	11	4
9862	HCQbUjq	3	3.2361	3.5000	4	6	0.02951	0.03299	8	10	4
9863	HCQbUr[	3	3.2361	3.5000	4	6	0.02951	0.03299	8	10	4
9864	HCQbUrq	3	3.2361	3.5000	4	6	0.02951	0.03299	8	10	4
9865	HCQbUrU	3	3.2361	3.5000	4	6	0.02951	0.03299	8	10	4
9866	HCQbUXu	3	3.2361	3.5000	4	6	0.02951	0.03299	8	10	4
9867	HCQbUZ[	3	3.2361	3.5000	4	6	0.02951	0.03299	8	9	4
9868	HCQbUZU	3	3.2361	3.5000	4	6	0.02951	0.03299	8	10	4
9869	HCQebje	3	3.2361	3.5000	4	6	0.02951	0.03299	8	9	4
9870	HCQeeX]	3	3.2361	3.5000	4	6	0.02951	0.03299	8	9	4
9871	HCQeQyu	3	3.2361	3.5000	4	6	0.02951	0.03299	8	11	4
9872	HCQeRNk	3	3.2361	3.5000	4	6	0.02951	0.03299	8	9	4
9873	HCQRUrk	3	3.2361	3.5000	4	6	0.02951	0.03299	8	11	4
9874	HCQRVay	3	3.2361	3.5000	4	6	0.02951	0.03299	8	11	4
9875	HCQRVbe	3	3.2361	3.5000	4	6	0.02951	0.03299	8	10	4
9876	HCQubQj	3	3.2361	3.5000	4	6	0.02951	0.03299	8	10	4
9877	HCQubQx	3	3.2361	3.5000	4	6	0.02951	0.03299	8	11	4
9878	HCQuQpu	3	3.2361	3.5000	4	6	0.02951	0.03299	8	10	4
9879	HCQuQrk	3	3.2361	3.5000	4	6	0.02951	0.03299	8	11	4
9880	HCQUQx{	3	3.2361	3.5000	4	6	0.02951	0.03299	8	11	4
9881	HCQUQzw	3	3.2361	3.5000	4	6	0.02951	0.03299	8	10	4
9882	HCRcrP]	3	3.2361	3.5000	4	6	0.02951	0.03299	8	9	4
9883	HCRcrQj	3	3.2361	3.5000	4	6	0.02951	0.03299	8	10	4
9884	HCOefNs	3	3.2361	3.5000	4	6	0.02951	0.03299	8	9	4
9885	HCOfbYx	3	3.2361	3.5000	4	6	0.02951	0.03299	8	10	4
9886	HCQbctm	3	3.2361	3.5000	4	6	0.02951	0.03299	8	10	4
9887	HCQbcul	3	3.2361	3.5000	4	6	0.02951	0.03299	8	9	4
9888	HCQbcve	3	3.2361	3.5000	4	6	0.02951	0.03299	8	9	4
9889	HCQbcvL	3	3.2361	3.5000	4	6	0.02951	0.03299	8	9	4
9890	HCQbdL]	3	3.2361	3.5000	4	6	0.02951	0.03299	8	9	4
9891	HCQbdNM	3	3.2361	3.5000	4	6	0.02951	0.03299	8	9	4
9892	HCQbedl	3	3.2361	3.5000	4	6	0.02951	0.03299	8	9	4
9893	HCQbefM	3	3.2361	3.5000	4	6	0.02951	0.03299	8	8	4
9894	HCQbeov	3	3.2361	3.5000	4	6	0.02951	0.03299	8	9	4
9895	HCQbeqf	3	3.2361	3.5000	4	6	0.02951	0.03299	8	9	4
9896	HCQbeql	3	3.2361	3.5000	4	6	0.02951	0.03299	8	9	4
9897	HCQberd	3	3.2361	3.5000	4	6	0.02951	0.03299	8	9	4
9898	HCQbeUt	3	3.2361	3.5000	4	6	0.02951	0.03299	8	9	4
9899	HCQbeXr	3	3.2361	3.5000	4	6	0.02951	0.03299	8	9	4
9900	HCQbeYr	3	3.2361	3.5000	4	6	0.02951	0.03299	8	9	4
9901	HCQbPl\	3	3.2361	3.5000	4	6	0.02951	0.03299	8	9	4
9902	HCQbPlx	3	3.2361	3.5000	4	6	0.02951	0.03299	8	9	4
9903	HCQbPnL	3	3.2361	3.5000	4	6	0.02951	0.03299	8	10	4
9904	HCQbRc|	3	3.2361	3.5000	4	6	0.02951	0.03299	8	8	4
9905	HCQbRe]	3	3.2361	3.5000	4	6	0.02951	0.03299	8	9	4
9906	HCQbRe\	3	3.2361	3.5000	4	6	0.02951	0.03299	8	9	4
9907	HCQbRfU	3	3.2361	3.5000	4	6	0.02951	0.03299	8	9	4
9908	HCQbRjL	3	3.2361	3.5000	4	6	0.02951	0.03299	8	9	4
9909	HCQbTdx	3	3.2361	3.5000	4	6	0.02951	0.03299	8	9	4
9910	HCQbTL\	3	3.2361	3.5000	4	6	0.02951	0.03299	8	10	4
9911	HCQbTLx	3	3.2361	3.5000	4	6	0.02951	0.03299	8	10	4
9912	HCQbUe]	3	3.2361	3.5000	4	6	0.02951	0.03299	8	9	4
9913	HCQbVbL	3	3.2361	3.5000	4	6	0.02951	0.03299	8	9	4
9914	HCQb`ve	3	3.2361	3.5000	4	6	0.02951	0.03299	8	9	4
9915	HCQb`vY	3	3.2361	3.5000	4	6	0.02951	0.03299	8	8	4
9916	HCQdbrT	3	3.2361	3.5000	4	6	0.02951	0.03299	8	9	4
9917	HCQebq\	3	3.2361	3.5000	4	6	0.02951	0.03299	8	9	4
9918	HCQefRM	3	3.2361	3.5000	4	6	0.02951	0.03299	8	8	4
9919	HCQ`fZ[	3	3.2361	3.5000	4	6	0.02951	0.03299	8	9	4
9920	HCQ`fZU	3	3.2361	3.5000	4	6	0.02951	0.03299	8	9	4
9921	HCQQVrk	3	3.2361	3.5000	4	6	0.02951	0.03299	8	10	4
9922	HCQRFrY	3	3.2361	3.5000	4	6	0.02951	0.03299	8	9	4
9923	HCQTeVw	3	3.2361	3.5000	4	6	0.02951	0.03299	8	10	4
9924	HCOfdpf	3	3.2361	3.5000	4	6	0.02951	0.03299	8	9	4
9925	HCQbcsn	3	3.2361	3.5000	4	6	0.02951	0.03299	8	9	4
9926	HCOedrm	3	3.2361	3.5000	4	7	0.02951	0.03299	8	9	4
9927	HCQ`er{	3	3.2361	3.5000	4	7	0.02951	0.03299	8	9	4
9928	HCQ`fH^	3	3.2361	3.5000	4	7	0.02951	0.03299	8	8	4
9929	HCQ`fJ]	3	3.2361	3.5000	4	7	0.02951	0.03299	8	9	4
9930	HCQRDrm	3	3.2361	3.5000	4	7	0.02951	0.03299	8	9	4
9931	HCQRDry	3	3.2361	3.5000	4	7	0.02951	0.03299	8	8	4
9932	HCQTbJx	3	3.2361	3.5000	4	7	0.02951	0.03299	8	8	4
9933	H?bAVg~	4	4.2361	4.5000	4	7	0.02951	0.03299	8	7	5
9934	HCQuQzQ	3	3.2361	3.5000	4	5	0.02951	0.03299	8	11	4
9935	HCQbdjq	3	3.2361	3.5000	4	6	0.02951	0.03299	8	9	4
9936	HCQbdjY	3	3.2361	3.5000	4	6	0.02951	0.03299	8	10	4
9937	HCQbRNk	3	3.2361	3.5000	4	6	0.02951	0.03299	8	9	4
9938	HCQbUZe	3	3.2361	3.5000	4	6	0.02951	0.03299	8	10	4
9939	HCQeRZe	3	3.2361	3.5000	4	6	0.02951	0.03299	8	10	4
9940	HCQUQzq	3	3.2361	3.5000	4	6	0.02951	0.03299	8	11	4
9941	HCOferi	3	3.2361	3.5000	4	6	0.02951	0.03299	8	9	4
9942	HCQbdNU	3	3.2361	3.5000	4	6	0.02951	0.03299	8	8	4
9943	HCQbefd	3	3.2361	3.5000	4	6	0.02951	0.03299	8	9	4
9944	HCQbefe	3	3.2361	3.5000	4	6	0.02951	0.03299	8	9	4
9945	HCQbeZR	3	3.2361	3.5000	4	6	0.02951	0.03299	8	9	4
9946	HCQbRem	3	3.2361	3.5000	4	6	0.02951	0.03299	8	9	4
9947	HCQbReu	3	3.2361	3.5000	4	6	0.02951	0.03299	8	9	4
9948	HCQbThx	3	3.2361	3.5000	4	6	0.02951	0.03299	8	11	4
9949	HCQeThr	3	3.2361	3.5000	4	6	0.02951	0.03299	8	10	4
9950	HCQTbNd	3	3.2361	3.5000	4	6	0.02951	0.03299	8	8	4
9951	HCQTbZd	3	3.2361	3.5000	4	6	0.02951	0.03299	8	10	4
9952	HCOfdpj	3	3.2361	3.5000	4	6	0.02951	0.03299	8	9	4
9953	HCQbeUf	3	3.2361	3.5000	4	6	0.02951	0.03299	8	9	4
9954	HCQbReV	3	3.2361	3.5000	4	6	0.02951	0.03299	8	9	4
9955	HCOedrl	3	3.2361	3.5000	4	7	0.02951	0.03299	8	9	4
9956	HCQbRbt	3	3.2361	3.5000	4	7	0.02951	0.03299	8	9	4
9957	HCQeRbf	3	3.2361	3.5000	4	7	0.02951	0.03299	8	8	4
9958	HCQeRbr	3	3.2361	3.5000	4	7	0.02951	0.03299	8	7	4
9959	HCQeRbt	3	3.2361	3.5000	4	7	0.02951	0.03299	8	9	4
9960	HCQRDpn	3	3.2361	3.5000	4	7	0.02951	0.03299	8	9	4
9961	HCQTbJj	3	3.2361	3.5000	4	7	0.02951	0.03299	8	9	4
9962	HCQTbJl	3	3.2361	3.5000	4	7	0.02951	0.03299	8	9	4
9963	HCQRDP~	3	3.2361	3.5000	4	8	0.02951	0.03299	8	9	4
9964	HCQRDrj	3	3.2361	3.5000	4	7	0.02951	0.03299	8	9	4
9965	HCQRDRz	3	3.2361	3.5000	4	8	0.02951	0.03299	8	9	4
9966	H?b@aV~	4	4.2361	4.5000	4	9	0.02951	0.03299	8	5	5
9967	HCdebQ{	3	3.2361	3.5000	4	6	0.02951	0.03299	8	9	4
9968	HCdebRU	3	3.2361	3.5000	4	6	0.02951	0.03299	8	10	4
9969	HCdebRX	3	3.2361	3.5000	4	6	0.02951	0.03299	8	9	4
9970	HCQbQxm	3	3.2361	3.5000	4	6	0.02951	0.03299	8	10	4
9971	HCQbQzY	3	3.2361	3.5000	4	6	0.02951	0.03299	8	9	4
9972	HCQbRpm	3	3.2361	3.5000	4	6	0.02951	0.03299	8	10	4
9973	HCQbRrM	3	3.2361	3.5000	4	6	0.02951	0.03299	8	9	4
9974	HCQbRrY	3	3.2361	3.5000	4	6	0.02951	0.03299	8	9	4
9975	HCQeQxm	3	3.2361	3.5000	4	6	0.02951	0.03299	8	9	4
9976	HCQeQzM	3	3.2361	3.5000	4	6	0.02951	0.03299	8	9	4
9977	HCQeQzY	3	3.2361	3.5000	4	6	0.02951	0.03299	8	10	4
9978	HCQeRpm	3	3.2361	3.5000	4	6	0.02951	0.03299	8	8	4
9979	HCOfdqu	3	3.2361	3.5000	4	6	0.02951	0.03299	8	8	4
9980	HCOfdrq	3	3.2361	3.5000	4	6	0.02951	0.03299	8	9	4
9981	HCOfdrY	3	3.2361	3.5000	4	6	0.02951	0.03299	8	9	4
9982	HCQbcu\	3	3.2361	3.5000	4	6	0.02951	0.03299	8	9	4
9983	HCQbcut	3	3.2361	3.5000	4	6	0.02951	0.03299	8	9	4
9984	HCQbcvX	3	3.2361	3.5000	4	6	0.02951	0.03299	8	9	4
9985	HCQbdfT	3	3.2361	3.5000	4	6	0.02951	0.03299	8	9	4
9986	HCQbdM\	3	3.2361	3.5000	4	6	0.02951	0.03299	8	9	4
9987	HCQbdNT	3	3.2361	3.5000	4	6	0.02951	0.03299	8	9	4
9988	HCQbdWv	3	3.2361	3.5000	4	6	0.02951	0.03299	8	9	4
9989	HCQbdY\	3	3.2361	3.5000	4	6	0.02951	0.03299	8	9	4
9990	HCQbee\	3	3.2361	3.5000	4	6	0.02951	0.03299	8	9	4
9991	HCQbeq\	3	3.2361	3.5000	4	6	0.02951	0.03299	8	9	4
9992	HCQberT	3	3.2361	3.5000	4	6	0.02951	0.03299	8	9	4
9993	HCQbeTl	3	3.2361	3.5000	4	6	0.02951	0.03299	8	9	4
9994	HCQbeVL	3	3.2361	3.5000	4	6	0.02951	0.03299	8	9	4
9995	HCQbeVX	3	3.2361	3.5000	4	6	0.02951	0.03299	8	9	4
9996	HCQbeYl	3	3.2361	3.5000	4	6	0.02951	0.03299	8	9	4
9997	HCQbeZd	3	3.2361	3.5000	4	6	0.02951	0.03299	8	9	4
9998	HCQbfJT	3	3.2361	3.5000	4	6	0.02951	0.03299	8	9	4
9999	HCQbQx\	3	3.2361	3.5000	4	6	0.02951	0.03299	8	10	4
10000	HCQbQxl	3	3.2361	3.5000	4	6	0.02951	0.03299	8	10	4
10001	HCQbQzL	3	3.2361	3.5000	4	6	0.02951	0.03299	8	9	4
10002	HCQbQzX	3	3.2361	3.5000	4	6	0.02951	0.03299	8	10	4
10003	HCQbRpl	3	3.2361	3.5000	4	6	0.02951	0.03299	8	9	4
10004	HCQbRpx	3	3.2361	3.5000	4	6	0.02951	0.03299	8	10	4
10005	HCQbUpx	3	3.2361	3.5000	4	6	0.02951	0.03299	8	10	4
10006	HCQeQx\	3	3.2361	3.5000	4	6	0.02951	0.03299	8	10	4
10007	HCQeRX\	3	3.2361	3.5000	4	6	0.02951	0.03299	8	10	4
10008	HCQTbNq	3	3.2361	3.5000	4	6	0.02951	0.03299	8	9	4
10009	HCQbbeZ	3	3.2361	3.5000	4	6	0.02951	0.03299	8	9	4
10010	HCQbbfJ	3	3.2361	3.5000	4	6	0.02951	0.03299	8	9	4
10011	HCQbcsv	3	3.2361	3.5000	4	6	0.02951	0.03299	8	9	4
10012	HCQbeTf	3	3.2361	3.5000	4	6	0.02951	0.03299	8	9	4
10013	HCQb`uf	3	3.2361	3.5000	4	6	0.02951	0.03299	8	9	4
10014	HCQb`vR	3	3.2361	3.5000	4	6	0.02951	0.03299	8	9	4
10015	HCOedq}	3	3.2361	3.5000	4	7	0.02951	0.03299	8	7	4
10016	HCOedr]	3	3.2361	3.5000	4	7	0.02951	0.03299	8	9	4
10017	HCOedr\	3	3.2361	3.5000	4	7	0.02951	0.03299	8	8	4
10018	HCOedrt	3	3.2361	3.5000	4	7	0.02951	0.03299	8	8	4
10019	HCOedry	3	3.2361	3.5000	4	7	0.02951	0.03299	8	8	4
10020	HCQbRb]	3	3.2361	3.5000	4	7	0.02951	0.03299	8	9	4
10021	HCQbRbm	3	3.2361	3.5000	4	7	0.02951	0.03299	8	9	4
10022	HCQbRby	3	3.2361	3.5000	4	7	0.02951	0.03299	8	8	4
10023	HCQeRb]	3	3.2361	3.5000	4	7	0.02951	0.03299	8	9	4
10024	HCQeRbj	3	3.2361	3.5000	4	7	0.02951	0.03299	8	8	4
10025	HCQeRbm	3	3.2361	3.5000	4	7	0.02951	0.03299	8	9	4
10026	HCQeRbZ	3	3.2361	3.5000	4	7	0.02951	0.03299	8	9	4
10027	HCQ`fH|	3	3.2361	3.5000	4	7	0.02951	0.03299	8	8	4
10028	HCQ`fI^	3	3.2361	3.5000	4	7	0.02951	0.03299	8	8	4
10029	HCQ`fR\	3	3.2361	3.5000	4	7	0.02951	0.03299	8	10	4
10030	HCQ`fRx	3	3.2361	3.5000	4	7	0.02951	0.03299	8	9	4
10031	HCQ`fRZ	3	3.2361	3.5000	4	7	0.02951	0.03299	8	10	4
10032	HCQRDr{	3	3.2361	3.5000	4	7	0.02951	0.03299	8	8	4
10033	HCQTbI|	3	3.2361	3.5000	4	7	0.02951	0.03299	8	8	4
10034	HCQTbIz	3	3.2361	3.5000	4	7	0.02951	0.03299	8	8	4
10035	HCQTbJ{	3	3.2361	3.5000	4	7	0.02951	0.03299	8	8	4
10036	H?bAVq|	4	4.2361	4.5000	4	7	0.02951	0.03299	8	7	5
10037	H?bAVqn	4	4.2361	4.5000	4	7	0.02951	0.03299	8	6	5
10038	H?bAVrx	4	4.2361	4.5000	4	7	0.02951	0.03299	8	6	5
10039	H?bAVQ~	4	4.2361	4.5000	4	8	0.02951	0.03299	8	6	5
10040	HCqjepU	3	3.2361	3.5000	4	5	0.02951	0.03299	8	9	4
10041	HCpbdh]	3	3.2361	3.5000	4	6	0.02951	0.03299	8	9	4
10042	HCpbdhy	3	3.2361	3.5000	4	6	0.02951	0.03299	8	9	4
10043	HCpbdiy	3	3.2361	3.5000	4	6	0.02951	0.03299	8	8	4
10044	HCpbdji	3	3.2361	3.5000	4	6	0.02951	0.03299	8	9	4
10045	HCpbdjM	3	3.2361	3.5000	4	6	0.02951	0.03299	8	9	4
10046	HCpbeqm	3	3.2361	3.5000	4	6	0.02951	0.03299	8	9	4
10047	HCpbQyu	3	3.2361	3.5000	4	6	0.02951	0.03299	8	11	4
10048	HCpbRe{	3	3.2361	3.5000	4	6	0.02951	0.03299	8	10	4
10049	HCpdeh{	3	3.2361	3.5000	4	6	0.02951	0.03299	8	9	4
10050	HCpdehy	3	3.2361	3.5000	4	6	0.02951	0.03299	8	9	4
10051	HCpdRhy	3	3.2361	3.5000	4	6	0.02951	0.03299	8	9	4
10052	HCpdRjw	3	3.2361	3.5000	4	6	0.02951	0.03299	8	9	4
10053	HCpdUhu	3	3.2361	3.5000	4	6	0.02951	0.03299	8	10	4
10054	HCpdVHy	3	3.2361	3.5000	4	6	0.02951	0.03299	8	9	4
10055	HCQudpm	3	3.2361	3.5000	4	6	0.02951	0.03299	8	11	4
10056	HCR`upu	3	3.2361	3.5000	4	6	0.02951	0.03299	8	8	4
10057	HCR`ure	3	3.2361	3.5000	4	6	0.02951	0.03299	8	8	4
10058	HCR`urU	3	3.2361	3.5000	4	6	0.02951	0.03299	8	7	4
10059	HCpbQy{	3	3.2361	3.5000	4	6	0.02951	0.03299	8	9	4
10060	HCpbRfs	3	3.2361	3.5000	4	6	0.02951	0.03299	8	9	4
10061	HCpdehj	3	3.2361	3.5000	4	6	0.02951	0.03299	8	9	4
10062	HCQbdvk	3	3.2361	3.5000	4	6	0.02951	0.03299	8	9	4
10063	HCQbe]{	3	3.2361	3.5000	4	6	0.02951	0.03299	8	9	4
10064	HCQbe^s	3	3.2361	3.5000	4	6	0.02951	0.03299	8	8	4
10065	HCQbfd{	3	3.2361	3.5000	4	6	0.02951	0.03299	8	8	4
10066	HCQbfL{	3	3.2361	3.5000	4	6	0.02951	0.03299	8	8	4
10067	HCQbfNw	3	3.2361	3.5000	4	6	0.02951	0.03299	8	8	4
10068	HCQe^Rs	3	3.2361	3.5000	4	6	0.02951	0.03299	8	8	4
10069	HCQeuZw	3	3.2361	3.5000	4	6	0.02951	0.03299	8	8	4
10070	HCQvCtl	3	3.2361	3.5000	4	6	0.02951	0.03299	8	9	4
10071	HCQfeWz	3	3.2361	3.5000	4	6	0.02951	0.03299	8	8	4
10072	HCQbeZ{	3	3.2361	3.5000	4	7	0.02951	0.03299	8	7	4
10073	HCQb`v{	3	3.2361	3.5000	4	7	0.02951	0.03299	8	9	4
10074	HCQ`fr]	3	3.2361	3.5000	4	7	0.02951	0.03299	8	9	4
10075	HCQ`frm	3	3.2361	3.5000	4	7	0.02951	0.03299	8	9	4
10076	HCpbbM{	3	3.2361	3.5000	4	6	0.02951	0.03299	8	11	4
10077	HCpbdjY	3	3.2361	3.5000	4	6	0.02951	0.03299	8	10	4
10078	HCpdcxm	3	3.2361	3.5000	4	6	0.02951	0.03299	8	11	4
10079	HCpddpm	3	3.2361	3.5000	4	6	0.02951	0.03299	8	11	4
10080	HCpdRj[	3	3.2361	3.5000	4	6	0.02951	0.03299	8	10	4
10081	HCQvEd{	3	3.2361	3.5000	4	6	0.02951	0.03299	8	11	4
10082	HCRbdhy	3	3.2361	3.5000	4	6	0.02951	0.03299	8	11	4
10083	HCRbequ	3	3.2361	3.5000	4	6	0.02951	0.03299	8	10	4
10084	HCRcup]	3	3.2361	3.5000	4	6	0.02951	0.03299	8	8	4
10085	HCR`uqu	3	3.2361	3.5000	4	6	0.02951	0.03299	8	9	4
10086	HCpbQym	3	3.2361	3.5000	4	6	0.02951	0.03299	8	9	4
10087	HCpbQyy	3	3.2361	3.5000	4	6	0.02951	0.03299	8	11	4
10088	HCpbRet	3	3.2361	3.5000	4	6	0.02951	0.03299	8	10	4
10089	HCpbRf[	3	3.2361	3.5000	4	6	0.02951	0.03299	8	10	4
10090	HCpbRfk	3	3.2361	3.5000	4	6	0.02951	0.03299	8	9	4
10091	HCpbUW}	3	3.2361	3.5000	4	6	0.02951	0.03299	8	9	4
10092	HCpbUY]	3	3.2361	3.5000	4	6	0.02951	0.03299	8	8	4
10093	HCpdbi\	3	3.2361	3.5000	4	6	0.02951	0.03299	8	10	4
10094	HCpdbij	3	3.2361	3.5000	4	6	0.02951	0.03299	8	9	4
10095	HCpdbix	3	3.2361	3.5000	4	6	0.02951	0.03299	8	9	4
10096	HCpdbqj	3	3.2361	3.5000	4	6	0.02951	0.03299	8	8	4
10097	HCpdcxf	3	3.2361	3.5000	4	6	0.02951	0.03299	8	10	4
10098	HCpddpj	3	3.2361	3.5000	4	6	0.02951	0.03299	8	8	4
10099	HCpdeWz	3	3.2361	3.5000	4	6	0.02951	0.03299	8	10	4
10100	HCpdUje	3	3.2361	3.5000	4	6	0.02951	0.03299	8	10	4
10101	HCQbbu{	3	3.2361	3.5000	4	6	0.02951	0.03299	8	10	4
10102	HCQbbvk	3	3.2361	3.5000	4	6	0.02951	0.03299	8	10	4
10103	HCQbbvs	3	3.2361	3.5000	4	6	0.02951	0.03299	8	9	4
10104	HCQbevk	3	3.2361	3.5000	4	6	0.02951	0.03299	8	10	4
10105	HCQbfN[	3	3.2361	3.5000	4	6	0.02951	0.03299	8	9	4
10106	HCQbfqu	3	3.2361	3.5000	4	6	0.02951	0.03299	8	9	4
10107	HCQbfXu	3	3.2361	3.5000	4	6	0.02951	0.03299	8	9	4
10108	HCQevHu	3	3.2361	3.5000	4	6	0.02951	0.03299	8	10	4
10109	HCQfJjY	3	3.2361	3.5000	4	6	0.02951	0.03299	8	10	4
10110	HCQrUX{	3	3.2361	3.5000	4	6	0.02951	0.03299	8	11	4
10111	HCQuRX{	3	3.2361	3.5000	4	6	0.02951	0.03299	8	11	4
10112	HCQuRXu	3	3.2361	3.5000	4	6	0.02951	0.03299	8	10	4
10113	HCQuVRe	3	3.2361	3.5000	4	6	0.02951	0.03299	8	9	4
10114	HCQvAtt	3	3.2361	3.5000	4	6	0.02951	0.03299	8	10	4
10115	HCQvDZi	3	3.2361	3.5000	4	6	0.02951	0.03299	8	9	4
10116	HCQvEdl	3	3.2361	3.5000	4	6	0.02951	0.03299	8	10	4
10117	HCQvEdx	3	3.2361	3.5000	4	6	0.02951	0.03299	8	9	4
10118	HCQvEdy	3	3.2361	3.5000	4	6	0.02951	0.03299	8	9	4
10119	HCQvETt	3	3.2361	3.5000	4	6	0.02951	0.03299	8	10	4
10120	HCQvEVk	3	3.2361	3.5000	4	6	0.02951	0.03299	8	10	4
10121	HCRberU	3	3.2361	3.5000	4	6	0.02951	0.03299	8	7	4
10122	HCRbfHy	3	3.2361	3.5000	4	6	0.02951	0.03299	8	11	4
10123	HCRbfJq	3	3.2361	3.5000	4	6	0.02951	0.03299	8	10	4
10124	HCRbfJY	3	3.2361	3.5000	4	6	0.02951	0.03299	8	11	4
10125	HCRctVk	3	3.2361	3.5000	4	6	0.02951	0.03299	8	10	4
10126	HCRcug}	3	3.2361	3.5000	4	6	0.02951	0.03299	8	9	4
10127	HCRcuh{	3	3.2361	3.5000	4	6	0.02951	0.03299	8	9	4
10128	HCRcuhx	3	3.2361	3.5000	4	6	0.02951	0.03299	8	9	4
10129	HCRVBji	3	3.2361	3.5000	4	6	0.02951	0.03299	8	10	4
10130	HCXeeri	3	3.2361	3.5000	4	6	0.02951	0.03299	8	8	4
10131	HCpdeil	3	3.2361	3.5000	4	6	0.02951	0.03299	8	9	4
10132	HCQergz	3	3.2361	3.5000	4	6	0.02951	0.03299	8	9	4
10133	HCQevGz	3	3.2361	3.5000	4	6	0.02951	0.03299	8	9	4
10134	HCQfdWz	3	3.2361	3.5000	4	6	0.02951	0.03299	8	8	4
10135	HCQferM	3	3.2361	3.5000	4	6	0.02951	0.03299	8	8	4
10136	HCQfeXr	3	3.2361	3.5000	4	6	0.02951	0.03299	8	8	4
10137	HCQfIxr	3	3.2361	3.5000	4	6	0.02951	0.03299	8	8	4
10138	HCQfJhZ	3	3.2361	3.5000	4	6	0.02951	0.03299	8	9	4
10139	HCRcugn	3	3.2361	3.5000	4	6	0.02951	0.03299	8	9	4
10140	HCQe^Qr	3	3.2361	3.5000	4	6	0.02951	0.03299	8	9	4
10141	HCQbcvl	3	3.2361	3.5000	4	7	0.02951	0.03299	8	9	4
10142	HCQbcvm	3	3.2361	3.5000	4	7	0.02951	0.03299	8	9	4
10143	HCQbdf{	3	3.2361	3.5000	4	7	0.02951	0.03299	8	9	4
10144	HCQbdZy	3	3.2361	3.5000	4	7	0.02951	0.03299	8	9	4
10145	HCQbef{	3	3.2361	3.5000	4	7	0.02951	0.03299	8	9	4
10146	HCQbeo~	3	3.2361	3.5000	4	7	0.02951	0.03299	8	8	4
10147	HCQbep}	3	3.2361	3.5000	4	7	0.02951	0.03299	8	9	4
10148	HCQbeq}	3	3.2361	3.5000	4	7	0.02951	0.03299	8	9	4
10149	HCQbeqn	3	3.2361	3.5000	4	7	0.02951	0.03299	8	8	4
10150	HCQber]	3	3.2361	3.5000	4	7	0.02951	0.03299	8	7	4
10151	HCQberm	3	3.2361	3.5000	4	7	0.02951	0.03299	8	9	4
10152	HCQbeY}	3	3.2361	3.5000	4	7	0.02951	0.03299	8	9	4
10153	HCQbeYz	3	3.2361	3.5000	4	7	0.02951	0.03299	8	8	4
10154	HCQbeZy	3	3.2361	3.5000	4	7	0.02951	0.03299	8	9	4
10155	HCQbfJy	3	3.2361	3.5000	4	7	0.02951	0.03299	8	9	4
10156	HCQbRf{	3	3.2361	3.5000	4	7	0.02951	0.03299	8	9	4
10157	HCQb`vm	3	3.2361	3.5000	4	7	0.02951	0.03299	8	9	4
10158	HCQ`fjy	3	3.2361	3.5000	4	7	0.02951	0.03299	8	8	4
10159	HCQ`fru	3	3.2361	3.5000	4	7	0.02951	0.03299	8	9	4
10160	HCQ`fZ]	3	3.2361	3.5000	4	7	0.02951	0.03299	8	10	4
10161	HCpbbN[	3	3.2361	3.5000	4	6	0.02951	0.03299	8	11	4
10162	HCpdbYx	3	3.2361	3.5000	4	6	0.02951	0.03299	8	11	4
10163	HCQvDXj	3	3.2361	3.5000	4	6	0.02951	0.03299	8	10	4
10164	HCRctTl	3	3.2361	3.5000	4	6	0.02951	0.03299	8	11	4
10165	HCpdRYx	3	3.2361	3.5000	4	6	0.02951	0.03299	8	9	4
10166	HCQdnPr	3	3.2361	3.5000	4	6	0.02951	0.03299	8	9	4
10167	HCQfJjR	3	3.2361	3.5000	4	6	0.02951	0.03299	8	8	4
10168	HCQVdpj	3	3.2361	3.5000	4	6	0.02951	0.03299	8	11	4
10169	HCOfdpn	3	3.2361	3.5000	4	7	0.02951	0.03299	8	9	4
10170	HCQbdjy	3	3.2361	3.5000	4	7	0.02951	0.03299	8	9	4
10171	HCQbdN]	3	3.2361	3.5000	4	7	0.02951	0.03299	8	9	4
10172	HCQbdNy	3	3.2361	3.5000	4	7	0.02951	0.03299	8	9	4
10173	HCQbdXz	3	3.2361	3.5000	4	7	0.02951	0.03299	8	9	4
10174	HCQbdZZ	3	3.2361	3.5000	4	7	0.02951	0.03299	8	9	4
10175	HCQbefl	3	3.2361	3.5000	4	7	0.02951	0.03299	8	9	4
10176	HCQberf	3	3.2361	3.5000	4	7	0.02951	0.03299	8	8	4
10177	HCQbeZr	3	3.2361	3.5000	4	7	0.02951	0.03299	8	8	4
10178	HCQbfJZ	3	3.2361	3.5000	4	7	0.02951	0.03299	8	9	4
10179	HCQbRe|	3	3.2361	3.5000	4	7	0.02951	0.03299	8	9	4
10180	HCQbRe}	3	3.2361	3.5000	4	7	0.02951	0.03299	8	9	4
10181	HCQbRqv	3	3.2361	3.5000	4	7	0.02951	0.03299	8	10	4
10182	HCQeRbv	3	3.2361	3.5000	4	8	0.02951	0.03299	8	8	4
10183	HCpdRi]	3	3.2361	3.5000	4	6	0.02951	0.03299	8	11	4
10184	HCpdRjM	3	3.2361	3.5000	4	6	0.02951	0.03299	8	11	4
10185	HCQuQxy	3	3.2361	3.5000	4	6	0.02951	0.03299	8	11	4
10186	HCpbdhl	3	3.2361	3.5000	4	6	0.02951	0.03299	8	9	4
10187	HCpbdil	3	3.2361	3.5000	4	6	0.02951	0.03299	8	8	4
10188	HCpbdiZ	3	3.2361	3.5000	4	6	0.02951	0.03299	8	9	4
10189	HCpbdjR	3	3.2361	3.5000	4	6	0.02951	0.03299	8	8	4
10190	HCpbdjX	3	3.2361	3.5000	4	6	0.02951	0.03299	8	9	4
10191	HCpbeqr	3	3.2361	3.5000	4	6	0.02951	0.03299	8	10	4
10192	HCpdbhV	3	3.2361	3.5000	4	6	0.02951	0.03299	8	10	4
10193	HCpdbjT	3	3.2361	3.5000	4	6	0.02951	0.03299	8	10	4
10194	HCpddqu	3	3.2361	3.5000	4	6	0.02951	0.03299	8	10	4
10195	HCpdehN	3	3.2361	3.5000	4	6	0.02951	0.03299	8	10	4
10196	HCpdejq	3	3.2361	3.5000	4	6	0.02951	0.03299	8	10	4
10197	HCpdVI]	3	3.2361	3.5000	4	6	0.02951	0.03299	8	10	4
10198	HCpdVJM	3	3.2361	3.5000	4	6	0.02951	0.03299	8	10	4
10199	HCQbuZi	3	3.2361	3.5000	4	6	0.02951	0.03299	8	10	4
10200	HCQuczi	3	3.2361	3.5000	4	6	0.02951	0.03299	8	11	4
10201	HCQuRp\	3	3.2361	3.5000	4	6	0.02951	0.03299	8	11	4
10202	HCQuVP\	3	3.2361	3.5000	4	6	0.02951	0.03299	8	10	4
10203	HCQvEe{	3	3.2361	3.5000	4	6	0.02951	0.03299	8	11	4
10204	HCQvEfs	3	3.2361	3.5000	4	6	0.02951	0.03299	8	10	4
10205	HCRbeqt	3	3.2361	3.5000	4	6	0.02951	0.03299	8	9	4
10206	HCRbeqV	3	3.2361	3.5000	4	6	0.02951	0.03299	8	8	4
10207	HCRcuiy	3	3.2361	3.5000	4	6	0.02951	0.03299	8	11	4
10208	HCR`uqt	3	3.2361	3.5000	4	6	0.02951	0.03299	8	8	4
10209	HCR`uqV	3	3.2361	3.5000	4	6	0.02951	0.03299	8	8	4
10210	HCRVBiu	3	3.2361	3.5000	4	6	0.02951	0.03299	8	9	4
10211	HCpbepj	3	3.2361	3.5000	4	6	0.02951	0.03299	8	9	4
10212	HCpdcyl	3	3.2361	3.5000	4	6	0.02951	0.03299	8	9	4
10213	HCpdcyt	3	3.2361	3.5000	4	6	0.02951	0.03299	8	10	4
10214	HCpdczT	3	3.2361	3.5000	4	6	0.02951	0.03299	8	9	4
10215	HCpddql	3	3.2361	3.5000	4	6	0.02951	0.03299	8	9	4
10216	HCpddqt	3	3.2361	3.5000	4	6	0.02951	0.03299	8	9	4
10217	HCpddrh	3	3.2361	3.5000	4	6	0.02951	0.03299	8	9	4
10218	HCpddrL	3	3.2361	3.5000	4	6	0.02951	0.03299	8	10	4
10219	HCpdejd	3	3.2361	3.5000	4	6	0.02951	0.03299	8	10	4
10220	HCQferT	3	3.2361	3.5000	4	6	0.02951	0.03299	8	9	4
10221	HCQfIzM	3	3.2361	3.5000	4	6	0.02951	0.03299	8	9	4
10222	HCQfJhl	3	3.2361	3.5000	4	6	0.02951	0.03299	8	8	4
10223	HCQfJht	3	3.2361	3.5000	4	6	0.02951	0.03299	8	9	4
10224	HCQfJjM	3	3.2361	3.5000	4	6	0.02951	0.03299	8	9	4
10225	HCQfJjU	3	3.2361	3.5000	4	6	0.02951	0.03299	8	9	4
10226	HCQfNRM	3	3.2361	3.5000	4	6	0.02951	0.03299	8	9	4
10227	HCQudrY	3	3.2361	3.5000	4	6	0.02951	0.03299	8	10	4
10228	HCQuVRX	3	3.2361	3.5000	4	6	0.02951	0.03299	8	10	4
10229	HCQVdr[	3	3.2361	3.5000	4	6	0.02951	0.03299	8	9	4
10230	HCQvDZ[	3	3.2361	3.5000	4	6	0.02951	0.03299	8	9	4
10231	HCQvDZU	3	3.2361	3.5000	4	6	0.02951	0.03299	8	9	4
10232	HCQVfJq	3	3.2361	3.5000	4	6	0.02951	0.03299	8	9	4
10233	HCQVfJY	3	3.2361	3.5000	4	6	0.02951	0.03299	8	9	4
10234	HCQVfRY	3	3.2361	3.5000	4	6	0.02951	0.03299	8	10	4
10235	HCRbdhl	3	3.2361	3.5000	4	6	0.02951	0.03299	8	9	4
10236	HCRbdjL	3	3.2361	3.5000	4	6	0.02951	0.03299	8	10	4
10237	HCRctVU	3	3.2361	3.5000	4	6	0.02951	0.03299	8	10	4
10238	HCpbRdV	3	3.2361	3.5000	4	6	0.02951	0.03299	8	9	4
10239	HCQudqx	3	3.2361	3.5000	4	6	0.02951	0.03299	8	10	4
10240	HCQVdrq	3	3.2361	3.5000	4	6	0.02951	0.03299	8	10	4
10241	HCQvDVR	3	3.2361	3.5000	4	6	0.02951	0.03299	8	9	4
10242	HCQVeqx	3	3.2361	3.5000	4	6	0.02951	0.03299	8	9	4
10243	HCQvEYl	3	3.2361	3.5000	4	6	0.02951	0.03299	8	9	4
10244	HCQvFEZ	3	3.2361	3.5000	4	6	0.02951	0.03299	8	9	4
10245	HCdebR{	3	3.2361	3.5000	4	7	0.02951	0.03299	8	8	4
10246	HCdebR\	3	3.2361	3.5000	4	7	0.02951	0.03299	8	8	4
10247	HCdebRu	3	3.2361	3.5000	4	7	0.02951	0.03299	8	10	4
10248	HCdebRx	3	3.2361	3.5000	4	7	0.02951	0.03299	8	9	4
10249	HCOfdru	3	3.2361	3.5000	4	7	0.02951	0.03299	8	9	4
10250	HCOfdry	3	3.2361	3.5000	4	7	0.02951	0.03299	8	8	4
10251	HCQbben	3	3.2361	3.5000	4	7	0.02951	0.03299	8	8	4
10252	HCQbcs~	3	3.2361	3.5000	4	7	0.02951	0.03299	8	8	4
10253	HCQbctv	3	3.2361	3.5000	4	7	0.02951	0.03299	8	8	4
10254	HCQbcu|	3	3.2361	3.5000	4	7	0.02951	0.03299	8	9	4
10255	HCQbcv\	3	3.2361	3.5000	4	7	0.02951	0.03299	8	9	4
10256	HCQbdd^	3	3.2361	3.5000	4	7	0.02951	0.03299	8	8	4
10257	HCQbdL|	3	3.2361	3.5000	4	7	0.02951	0.03299	8	8	4
10258	HCQbdW~	3	3.2361	3.5000	4	7	0.02951	0.03299	8	8	4
10259	HCQbdXn	3	3.2361	3.5000	4	7	0.02951	0.03299	8	9	4
10260	HCQbdXv	3	3.2361	3.5000	4	7	0.02951	0.03299	8	8	4
10261	HCQbdY^	3	3.2361	3.5000	4	7	0.02951	0.03299	8	8	4
10262	HCQbdZ\	3	3.2361	3.5000	4	7	0.02951	0.03299	8	9	4
10263	HCQbdZN	3	3.2361	3.5000	4	7	0.02951	0.03299	8	8	4
10264	HCQbdZV	3	3.2361	3.5000	4	7	0.02951	0.03299	8	8	4
10265	HCQbec~	3	3.2361	3.5000	4	7	0.02951	0.03299	8	8	4
10266	HCQbee|	3	3.2361	3.5000	4	7	0.02951	0.03299	8	9	4
10267	HCQbep|	3	3.2361	3.5000	4	7	0.02951	0.03299	8	8	4
10268	HCQbeq^	3	3.2361	3.5000	4	7	0.02951	0.03299	8	8	4
10269	HCQbeq|	3	3.2361	3.5000	4	7	0.02951	0.03299	8	9	4
10270	HCQbeqz	3	3.2361	3.5000	4	7	0.02951	0.03299	8	8	4
10271	HCQberj	3	3.2361	3.5000	4	7	0.02951	0.03299	8	8	4
10272	HCQbert	3	3.2361	3.5000	4	7	0.02951	0.03299	8	8	4
10273	HCQbeTv	3	3.2361	3.5000	4	7	0.02951	0.03299	8	8	4
10274	HCQbeV\	3	3.2361	3.5000	4	7	0.02951	0.03299	8	9	4
10275	HCQbeVf	3	3.2361	3.5000	4	7	0.02951	0.03299	8	8	4
10276	HCQbeVl	3	3.2361	3.5000	4	7	0.02951	0.03299	8	9	4
10277	HCQbeY|	3	3.2361	3.5000	4	7	0.02951	0.03299	8	9	4
10278	HCQbeYn	3	3.2361	3.5000	4	7	0.02951	0.03299	8	8	4
10279	HCQbeZj	3	3.2361	3.5000	4	7	0.02951	0.03299	8	8	4
10280	HCQbeZt	3	3.2361	3.5000	4	7	0.02951	0.03299	8	8	4
10281	HCQbeZx	3	3.2361	3.5000	4	7	0.02951	0.03299	8	8	4
10282	HCQbfJ\	3	3.2361	3.5000	4	7	0.02951	0.03299	8	9	4
10283	HCQbfJN	3	3.2361	3.5000	4	7	0.02951	0.03299	8	8	4
10284	HCQbfJV	3	3.2361	3.5000	4	7	0.02951	0.03299	8	8	4
10285	HCQbQx|	3	3.2361	3.5000	4	7	0.02951	0.03299	8	9	4
10286	HCQbQz]	3	3.2361	3.5000	4	7	0.02951	0.03299	8	8	4
10287	HCQbQzl	3	3.2361	3.5000	4	7	0.02951	0.03299	8	9	4
10288	HCQbQzm	3	3.2361	3.5000	4	7	0.02951	0.03299	8	10	4
10289	HCQbQzy	3	3.2361	3.5000	4	7	0.02951	0.03299	8	10	4
10290	HCQbRp|	3	3.2361	3.5000	4	7	0.02951	0.03299	8	9	4
10291	HCQbRr]	3	3.2361	3.5000	4	7	0.02951	0.03299	8	10	4
10292	HCQbRr\	3	3.2361	3.5000	4	7	0.02951	0.03299	8	10	4
10293	HCQbRrl	3	3.2361	3.5000	4	7	0.02951	0.03299	8	8	4
10294	HCQbRrm	3	3.2361	3.5000	4	7	0.02951	0.03299	8	10	4
10295	HCQbRrx	3	3.2361	3.5000	4	7	0.02951	0.03299	8	9	4
10296	HCQbRry	3	3.2361	3.5000	4	7	0.02951	0.03299	8	8	4
10297	HCQb`vf	3	3.2361	3.5000	4	7	0.02951	0.03299	8	8	4
10298	HCQeQx|	3	3.2361	3.5000	4	7	0.02951	0.03299	8	10	4
10299	HCQeQz]	3	3.2361	3.5000	4	7	0.02951	0.03299	8	9	4
10300	HCQeQzl	3	3.2361	3.5000	4	7	0.02951	0.03299	8	9	4
10301	HCQeQzm	3	3.2361	3.5000	4	7	0.02951	0.03299	8	10	4
10302	HCQuQry	3	3.2361	3.5000	4	7	0.02951	0.03299	8	10	4
10303	HCQ`fp|	3	3.2361	3.5000	4	7	0.02951	0.03299	8	8	4
10304	HCQ`frN	3	3.2361	3.5000	4	7	0.02951	0.03299	8	8	4
10305	HCQ`frV	3	3.2361	3.5000	4	7	0.02951	0.03299	8	7	4
10306	H?bAVq~	4	4.2361	4.5000	4	8	0.02951	0.03299	8	6	5
10307	HCQbRb}	3	3.2361	3.5000	4	8	0.02951	0.03299	8	8	4
10308	HCQeRb}	3	3.2361	3.5000	4	8	0.02951	0.03299	8	8	4
10309	HCQeRbn	3	3.2361	3.5000	4	8	0.02951	0.03299	8	8	4
10310	HCQeRbz	3	3.2361	3.5000	4	8	0.02951	0.03299	8	8	4
10311	HCQ`fR^	3	3.2361	3.5000	4	8	0.02951	0.03299	8	9	4
10312	HCQ`fRz	3	3.2361	3.5000	4	8	0.02951	0.03299	8	9	4
10313	HCpbdit	3	3.2361	3.5000	4	6	0.02951	0.03299	8	9	4
10314	HCR`urX	3	3.2361	3.5000	4	6	0.02951	0.03299	8	8	4
10315	HCdedfw	3	3.2361	3.5000	4	6	0.02951	0.03299	8	9	4
10316	HCQberx	3	3.2361	3.5000	4	7	0.02951	0.03299	8	8	4
10317	HCpbdxy	3	3.2361	3.5000	4	6	0.02951	0.03299	8	10	4
10318	HCpbeym	3	3.2361	3.5000	4	6	0.02951	0.03299	8	9	4
10319	HCpdTxu	3	3.2361	3.5000	4	6	0.02951	0.03299	8	10	4
10320	HCpdVpu	3	3.2361	3.5000	4	6	0.02951	0.03299	8	9	4
10321	HCpUvG|	3	3.2361	3.5000	4	6	0.02951	0.03299	8	8	4
10322	HCRSr^w	3	3.2361	3.5000	4	6	0.02951	0.03299	8	10	4
10323	HCpdmi{	3	3.2361	3.5000	4	6	0.02951	0.03299	8	8	4
10324	HCpejqj	3	3.2361	3.5000	4	6	0.02951	0.03299	8	8	4
10325	HCpelZs	3	3.2361	3.5000	4	6	0.02951	0.03299	8	8	4
10326	HCpVV`u	3	3.2361	3.5000	4	6	0.02951	0.03299	8	9	4
10327	HCpVV_v	3	3.2361	3.5000	4	6	0.02951	0.03299	8	8	4
10328	HCQbe^{	3	3.2361	3.5000	4	7	0.02951	0.03299	8	8	4
10329	HCQe^R{	3	3.2361	3.5000	4	7	0.02951	0.03299	8	7	4
10330	HCpdUxu	3	3.2361	3.5000	4	6	0.02951	0.03299	8	11	4
10331	HCpVTpu	3	3.2361	3.5000	4	6	0.02951	0.03299	8	11	4
10332	HCpdjqj	3	3.2361	3.5000	4	6	0.02951	0.03299	8	9	4
10333	HCpdmXr	3	3.2361	3.5000	4	6	0.02951	0.03299	8	10	4
10334	HCpdnOz	3	3.2361	3.5000	4	6	0.02951	0.03299	8	10	4
10335	HCpdnPr	3	3.2361	3.5000	4	6	0.02951	0.03299	8	9	4
10336	HCpdnPV	3	3.2361	3.5000	4	6	0.02951	0.03299	8	10	4
10337	HCpeji\	3	3.2361	3.5000	4	6	0.02951	0.03299	8	9	4
10338	HCpejWz	3	3.2361	3.5000	4	6	0.02951	0.03299	8	9	4
10339	HCpfJqj	3	3.2361	3.5000	4	6	0.02951	0.03299	8	8	4
10340	HCpfRgz	3	3.2361	3.5000	4	6	0.02951	0.03299	8	10	4
10341	HCpUvGv	3	3.2361	3.5000	4	6	0.02951	0.03299	8	8	4
10342	HCpVbYj	3	3.2361	3.5000	4	6	0.02951	0.03299	8	9	4
10343	HCpVcxj	3	3.2361	3.5000	4	6	0.02951	0.03299	8	9	4
10344	HCpVTpf	3	3.2361	3.5000	4	6	0.02951	0.03299	8	9	4
10345	HCpVTqu	3	3.2361	3.5000	4	6	0.02951	0.03299	8	9	4
10346	HCpVUgz	3	3.2361	3.5000	4	6	0.02951	0.03299	8	10	4
10347	HCpVUov	3	3.2361	3.5000	4	6	0.02951	0.03299	8	9	4
10348	HCpdmil	3	3.2361	3.5000	4	6	0.02951	0.03299	8	8	4
10349	HCpbdj]	3	3.2361	3.5000	4	7	0.02951	0.03299	8	9	4
10350	HCpbdjy	3	3.2361	3.5000	4	7	0.02951	0.03299	8	9	4
10351	HCpbQy}	3	3.2361	3.5000	4	7	0.02951	0.03299	8	10	4
10352	HCpbRe|	3	3.2361	3.5000	4	7	0.02951	0.03299	8	9	4
10353	HCpbRf{	3	3.2361	3.5000	4	7	0.02951	0.03299	8	9	4
10354	HCpdeh}	3	3.2361	3.5000	4	7	0.02951	0.03299	8	10	4
10355	HCpdej{	3	3.2361	3.5000	4	7	0.02951	0.03299	8	8	4
10356	HCpdUju	3	3.2361	3.5000	4	7	0.02951	0.03299	8	9	4
10357	HCQbbv{	3	3.2361	3.5000	4	7	0.02951	0.03299	8	9	4
10358	HCQbdvm	3	3.2361	3.5000	4	7	0.02951	0.03299	8	8	4
10359	HCQbe]}	3	3.2361	3.5000	4	7	0.02951	0.03299	8	8	4
10360	HCQbff{	3	3.2361	3.5000	4	7	0.02951	0.03299	8	8	4
10361	HCQbfru	3	3.2361	3.5000	4	7	0.02951	0.03299	8	8	4
10362	HCQbfZy	3	3.2361	3.5000	4	7	0.02951	0.03299	8	9	4
10363	HCQudpn	3	3.2361	3.5000	4	7	0.02951	0.03299	8	10	4
10364	HCRbfJy	3	3.2361	3.5000	4	7	0.02951	0.03299	8	10	4
10365	HCR`ur]	3	3.2361	3.5000	4	7	0.02951	0.03299	8	6	4
10366	HCR`uru	3	3.2361	3.5000	4	7	0.02951	0.03299	8	8	4
10367	HCQ`fzy	3	3.2361	3.5000	4	7	0.02951	0.03299	8	9	4
10368	HCQ`fr}	3	3.2361	3.5000	4	8	0.02951	0.03299	8	8	4
10369	HCpUthl	3	3.2361	3.5000	4	6	0.02951	0.03299	8	12	4
10370	HCpfbYj	3	3.2361	3.5000	4	6	0.02951	0.03299	8	9	4
10371	HCpUthf	3	3.2361	3.5000	4	6	0.02951	0.03299	8	10	4
10372	HCpUuZs	3	3.2361	3.5000	4	6	0.02951	0.03299	8	9	4
10373	HCpVUqu	3	3.2361	3.5000	4	6	0.02951	0.03299	8	11	4
10374	HCRbdnM	3	3.2361	3.5000	4	6	0.02951	0.03299	8	10	4
10375	HCpddpn	3	3.2361	3.5000	4	7	0.02951	0.03299	8	10	4
10376	HCpddT|	3	3.2361	3.5000	4	7	0.02951	0.03299	8	9	4
10377	HCQbe^u	3	3.2361	3.5000	4	7	0.02951	0.03299	8	8	4
10378	HCQbfN]	3	3.2361	3.5000	4	7	0.02951	0.03299	8	8	4
10379	HCQfJjZ	3	3.2361	3.5000	4	7	0.02951	0.03299	8	9	4
10380	HCQvEd}	3	3.2361	3.5000	4	7	0.02951	0.03299	8	10	4
10381	HCRcuh}	3	3.2361	3.5000	4	7	0.02951	0.03299	8	10	4
10382	HCQber}	3	3.2361	3.5000	4	8	0.02951	0.03299	8	8	4
10383	HCQbeZ}	3	3.2361	3.5000	4	8	0.02951	0.03299	8	8	4
10384	HCpUthm	3	3.2361	3.5000	4	6	0.02951	0.03299	8	12	4
10385	HCpVbY]	3	3.2361	3.5000	4	6	0.02951	0.03299	8	10	4
10386	HCpVbYy	3	3.2361	3.5000	4	6	0.02951	0.03299	8	11	4
10387	HCpdrij	3	3.2361	3.5000	4	6	0.02951	0.03299	8	11	4
10388	HCpelrp	3	3.2361	3.5000	4	6	0.02951	0.03299	8	10	4
10389	HCpe\pV	3	3.2361	3.5000	4	6	0.02951	0.03299	8	10	4
10390	HCpfLpV	3	3.2361	3.5000	4	6	0.02951	0.03299	8	10	4
10391	HCpfRij	3	3.2361	3.5000	4	6	0.02951	0.03299	8	10	4
10392	HCpUtg|	3	3.2361	3.5000	4	6	0.02951	0.03299	8	10	4
10393	HCpUth\	3	3.2361	3.5000	4	6	0.02951	0.03299	8	11	4
10394	HCpUthN	3	3.2361	3.5000	4	6	0.02951	0.03299	8	11	4
10395	HCpUvIu	3	3.2361	3.5000	4	6	0.02951	0.03299	8	9	4
10396	HCpVbYr	3	3.2361	3.5000	4	6	0.02951	0.03299	8	10	4
10397	HCpVbZq	3	3.2361	3.5000	4	6	0.02951	0.03299	8	10	4
10398	HCpVThV	3	3.2361	3.5000	4	6	0.02951	0.03299	8	12	4
10399	HCpVTp]	3	3.2361	3.5000	4	6	0.02951	0.03299	8	10	4
10400	HCpVTpm	3	3.2361	3.5000	4	6	0.02951	0.03299	8	11	4
10401	HCpVUqt	3	3.2361	3.5000	4	6	0.02951	0.03299	8	11	4
10402	HCpVVa]	3	3.2361	3.5000	4	6	0.02951	0.03299	8	9	4
10403	HCpVVat	3	3.2361	3.5000	4	6	0.02951	0.03299	8	10	4
10404	HCQu^P\	3	3.2361	3.5000	4	6	0.02951	0.03299	8	10	4
10405	HCQuZp\	3	3.2361	3.5000	4	6	0.02951	0.03299	8	12	4
10406	HCRU]q{	3	3.2361	3.5000	4	6	0.02951	0.03299	8	9	4
10407	HCpdnJT	3	3.2361	3.5000	4	6	0.02951	0.03299	8	9	4
10408	HCpfbXV	3	3.2361	3.5000	4	6	0.02951	0.03299	8	10	4
10409	HCpfJpV	3	3.2361	3.5000	4	6	0.02951	0.03299	8	8	4
10410	HCpfKzU	3	3.2361	3.5000	4	6	0.02951	0.03299	8	9	4
10411	HCpVVbp	3	3.2361	3.5000	4	6	0.02951	0.03299	8	9	4
10412	HCpVV`N	3	3.2361	3.5000	4	6	0.02951	0.03299	8	9	4
10413	HCRdnRM	3	3.2361	3.5000	4	6	0.02951	0.03299	8	10	4
10414	HCRemrp	3	3.2361	3.5000	4	6	0.02951	0.03299	8	8	4
10415	HCRenbp	3	3.2361	3.5000	4	6	0.02951	0.03299	8	9	4
10416	HCRU^bX	3	3.2361	3.5000	4	6	0.02951	0.03299	8	9	4
10417	HCRen`N	3	3.2361	3.5000	4	6	0.02951	0.03299	8	9	4
10418	HCpbbM|	3	3.2361	3.5000	4	7	0.02951	0.03299	8	10	4
10419	HCpbbN\	3	3.2361	3.5000	4	7	0.02951	0.03299	8	10	4
10420	HCpbbNZ	3	3.2361	3.5000	4	7	0.02951	0.03299	8	10	4
10421	HCpbdin	3	3.2361	3.5000	4	7	0.02951	0.03299	8	7	4
10422	HCpbdj\	3	3.2361	3.5000	4	7	0.02951	0.03299	8	9	4
10423	HCpbdjl	3	3.2361	3.5000	4	7	0.02951	0.03299	8	9	4
10424	HCpbdjV	3	3.2361	3.5000	4	7	0.02951	0.03299	8	7	4
10425	HCpbdjZ	3	3.2361	3.5000	4	7	0.02951	0.03299	8	9	4
10426	HCpbeqn	3	3.2361	3.5000	4	7	0.02951	0.03299	8	8	4
10427	HCpbeqv	3	3.2361	3.5000	4	7	0.02951	0.03299	8	10	4
10428	HCpbQzy	3	3.2361	3.5000	4	7	0.02951	0.03299	8	10	4
10429	HCpbRev	3	3.2361	3.5000	4	7	0.02951	0.03299	8	9	4
10430	HCpbRf]	3	3.2361	3.5000	4	7	0.02951	0.03299	8	9	4
10431	HCpbRfV	3	3.2361	3.5000	4	7	0.02951	0.03299	8	8	4
10432	HCpdczt	3	3.2361	3.5000	4	7	0.02951	0.03299	8	9	4
10433	HCpdczu	3	3.2361	3.5000	4	7	0.02951	0.03299	8	10	4
10434	HCpddrl	3	3.2361	3.5000	4	7	0.02951	0.03299	8	10	4
10435	HCpddrt	3	3.2361	3.5000	4	7	0.02951	0.03299	8	8	4
10436	HCpddru	3	3.2361	3.5000	4	7	0.02951	0.03299	8	10	4
10437	HCpdeh|	3	3.2361	3.5000	4	7	0.02951	0.03299	8	10	4
10438	HCpdej]	3	3.2361	3.5000	4	7	0.02951	0.03299	8	9	4
10439	HCpdeju	3	3.2361	3.5000	4	7	0.02951	0.03299	8	9	4
10440	HCpdRh^	3	3.2361	3.5000	4	7	0.02951	0.03299	8	10	4
10441	HCpdRi^	3	3.2361	3.5000	4	7	0.02951	0.03299	8	10	4
10442	HCpdRi|	3	3.2361	3.5000	4	7	0.02951	0.03299	8	10	4
10443	HCpdRj]	3	3.2361	3.5000	4	7	0.02951	0.03299	8	11	4
10444	HCpdUj]	3	3.2361	3.5000	4	7	0.02951	0.03299	8	9	4
10445	HCpdVI^	3	3.2361	3.5000	4	7	0.02951	0.03299	8	9	4
10446	HCpdVI|	3	3.2361	3.5000	4	7	0.02951	0.03299	8	9	4
10447	HCpdVJ]	3	3.2361	3.5000	4	7	0.02951	0.03299	8	10	4
10448	HCQe^P|	3	3.2361	3.5000	4	7	0.02951	0.03299	8	9	4
10449	HCQe^P}	3	3.2361	3.5000	4	7	0.02951	0.03299	8	9	4
10450	HCQe^R\	3	3.2361	3.5000	4	7	0.02951	0.03299	8	8	4
10451	HCQe^Ru	3	3.2361	3.5000	4	7	0.02951	0.03299	8	9	4
10452	HCQe^Ry	3	3.2361	3.5000	4	7	0.02951	0.03299	8	7	4
10453	HCQfJh|	3	3.2361	3.5000	4	7	0.02951	0.03299	8	9	4
10454	HCQfJj]	3	3.2361	3.5000	4	7	0.02951	0.03299	8	9	4
10455	HCQfLZ]	3	3.2361	3.5000	4	7	0.02951	0.03299	8	10	4
10456	HCQudr{	3	3.2361	3.5000	4	7	0.02951	0.03299	8	8	4
10457	HCQudrx	3	3.2361	3.5000	4	7	0.02951	0.03299	8	9	4
10458	HCQuQzy	3	3.2361	3.5000	4	7	0.02951	0.03299	8	12	4
10459	HCQvCv{	3	3.2361	3.5000	4	7	0.02951	0.03299	8	9	4
10460	HCQVdry	3	3.2361	3.5000	4	7	0.02951	0.03299	8	9	4
10461	HCQvDXn	3	3.2361	3.5000	4	7	0.02951	0.03299	8	9	4
10462	HCQvDZ]	3	3.2361	3.5000	4	7	0.02951	0.03299	8	9	4
10463	HCQvDZN	3	3.2361	3.5000	4	7	0.02951	0.03299	8	8	4
10464	HCQVfJy	3	3.2361	3.5000	4	7	0.02951	0.03299	8	9	4
10465	HCRbdjN	3	3.2361	3.5000	4	7	0.02951	0.03299	8	9	4
10466	HCRbdjZ	3	3.2361	3.5000	4	7	0.02951	0.03299	8	10	4
10467	HCRbeqv	3	3.2361	3.5000	4	7	0.02951	0.03299	8	9	4
10468	HCRbfH^	3	3.2361	3.5000	4	7	0.02951	0.03299	8	9	4
10469	HCRctTn	3	3.2361	3.5000	4	7	0.02951	0.03299	8	10	4
10470	HCRctVu	3	3.2361	3.5000	4	7	0.02951	0.03299	8	10	4
10471	HCRcujy	3	3.2361	3.5000	4	7	0.02951	0.03299	8	10	4
10472	HCR`uqv	3	3.2361	3.5000	4	7	0.02951	0.03299	8	8	4
10473	HCRUQzy	3	3.2361	3.5000	4	7	0.02951	0.03299	8	11	4
10474	HCQbd^\	3	3.2361	3.5000	4	7	0.02951	0.03299	8	8	4
10475	HCQbdv\	3	3.2361	3.5000	4	7	0.02951	0.03299	8	8	4
10476	HCQbe]|	3	3.2361	3.5000	4	7	0.02951	0.03299	8	8	4
10477	HCQbe^t	3	3.2361	3.5000	4	7	0.02951	0.03299	8	7	4
10478	HCQbeu|	3	3.2361	3.5000	4	7	0.02951	0.03299	8	9	4
10479	HCQbe^x	3	3.2361	3.5000	4	7	0.02951	0.03299	8	7	4
10480	HCQbfV\	3	3.2361	3.5000	4	7	0.02951	0.03299	8	8	4
10481	HCOfdr}	3	3.2361	3.5000	4	8	0.02951	0.03299	8	8	4
10482	HCQbcv|	3	3.2361	3.5000	4	8	0.02951	0.03299	8	8	4
10483	HCQbdX~	3	3.2361	3.5000	4	8	0.02951	0.03299	8	8	4
10484	HCQbdZ^	3	3.2361	3.5000	4	8	0.02951	0.03299	8	8	4
10485	HCQbeq~	3	3.2361	3.5000	4	8	0.02951	0.03299	8	8	4
10486	HCQbeV|	3	3.2361	3.5000	4	8	0.02951	0.03299	8	8	4
10487	HCQbeY~	3	3.2361	3.5000	4	8	0.02951	0.03299	8	8	4
10488	HCQbfJ^	3	3.2361	3.5000	4	8	0.02951	0.03299	8	8	4
10489	HCQbQz}	3	3.2361	3.5000	4	8	0.02951	0.03299	8	9	4
10490	HCQbRr|	3	3.2361	3.5000	4	8	0.02951	0.03299	8	9	4
10491	HCQbRr}	3	3.2361	3.5000	4	8	0.02951	0.03299	8	9	4
10492	HCQeQz}	3	3.2361	3.5000	4	8	0.02951	0.03299	8	9	4
10493	HCQeRb~	3	3.2361	3.5000	4	9	0.02951	0.03299	8	7	4
10494	HCpVVaZ	3	3.2361	3.5000	4	6	0.02951	0.03299	8	9	4
10495	HCpbdi|	3	3.2361	3.5000	4	7	0.02951	0.03299	8	9	4
10496	HCpbdjt	3	3.2361	3.5000	4	7	0.02951	0.03299	8	8	4
10497	HCQbfrx	3	3.2361	3.5000	4	7	0.02951	0.03299	8	7	4
10498	HCQbfX|	3	3.2361	3.5000	4	7	0.02951	0.03299	8	8	4
10499	HCpVVg}	3	3.2361	3.5000	4	6	0.02951	0.03299	8	10	4
10500	HCpbbv{	3	3.2361	3.5000	4	7	0.02951	0.03299	8	9	4
10501	HCpbfjy	3	3.2361	3.5000	4	7	0.02951	0.03299	8	8	4
10502	HCpdRv{	3	3.2361	3.5000	4	7	0.02951	0.03299	8	8	4
10503	HCpdTx}	3	3.2361	3.5000	4	7	0.02951	0.03299	8	9	4
10504	HCpdTzu	3	3.2361	3.5000	4	7	0.02951	0.03299	8	9	4
10505	HCpdVru	3	3.2361	3.5000	4	7	0.02951	0.03299	8	8	4
10506	HCpVexy	3	3.2361	3.5000	4	6	0.02951	0.03299	8	9	4
10507	HCpdUzu	3	3.2361	3.5000	4	7	0.02951	0.03299	8	10	4
10508	HCpVTpv	3	3.2361	3.5000	4	7	0.02951	0.03299	8	10	4
10509	HCR`ur}	3	3.2361	3.5000	4	8	0.02951	0.03299	8	7	4
10510	HCrerij	3	3.2361	3.5000	4	6	0.02951	0.03299	8	10	4
10511	HCZJthZ	3	3.2361	3.5000	4	6	0.02951	0.03299	8	12	4
10512	HCpVfZq	3	3.2361	3.5000	4	6	0.02951	0.03299	8	9	4
10513	HCrH~al	3	3.2361	3.5000	4	6	0.02951	0.03299	8	9	4
10514	HCpdQ}}	3	3.2361	3.5000	4	7	0.02951	0.03299	8	9	4
10515	HCpdRy}	3	3.2361	3.5000	4	7	0.02951	0.03299	8	10	4
10516	HCpdRzy	3	3.2361	3.5000	4	7	0.02951	0.03299	8	10	4
10517	HCpdS|}	3	3.2361	3.5000	4	7	0.02951	0.03299	8	9	4
10518	HCpdVj]	3	3.2361	3.5000	4	7	0.02951	0.03299	8	10	4
10519	HCpdVY}	3	3.2361	3.5000	4	7	0.02951	0.03299	8	9	4
10520	HCpUth|	3	3.2361	3.5000	4	7	0.02951	0.03299	8	11	4
10521	HCpUvH|	3	3.2361	3.5000	4	7	0.02951	0.03299	8	9	4
10522	HCpUvIn	3	3.2361	3.5000	4	7	0.02951	0.03299	8	8	4
10523	HCpVbY}	3	3.2361	3.5000	4	7	0.02951	0.03299	8	10	4
10524	HCpVbYz	3	3.2361	3.5000	4	7	0.02951	0.03299	8	10	4
10525	HCpVTh}	3	3.2361	3.5000	4	7	0.02951	0.03299	8	12	4
10526	HCpVThz	3	3.2361	3.5000	4	7	0.02951	0.03299	8	10	4
10527	HCpVTp}	3	3.2361	3.5000	4	7	0.02951	0.03299	8	10	4
10528	HCpVV`}	3	3.2361	3.5000	4	7	0.02951	0.03299	8	9	4
10529	HCpVVa}	3	3.2361	3.5000	4	7	0.02951	0.03299	8	9	4
10530	HCRenbx	3	3.2361	3.5000	4	7	0.02951	0.03299	8	9	4
10531	HCRSvNy	3	3.2361	3.5000	4	7	0.02951	0.03299	8	9	4
10532	HCpbdzj	3	3.2361	3.5000	4	7	0.02951	0.03299	8	8	4
10533	HCpbeyv	3	3.2361	3.5000	4	7	0.02951	0.03299	8	10	4
10534	HCpbfin	3	3.2361	3.5000	4	7	0.02951	0.03299	8	6	4
10535	HCpbfYv	3	3.2361	3.5000	4	7	0.02951	0.03299	8	10	4
10536	HCpdQ~t	3	3.2361	3.5000	4	7	0.02951	0.03299	8	9	4
10537	HCpdTxv	3	3.2361	3.5000	4	7	0.02951	0.03299	8	9	4
10538	HCRSvXz	3	3.2361	3.5000	4	7	0.02951	0.03299	8	11	4
10539	HCpbdj^	3	3.2361	3.5000	4	8	0.02951	0.03299	8	8	4
10540	HCpVVa^	3	3.2361	3.5000	4	7	0.02951	0.03299	8	8	4
10541	HCRStzy	3	3.2361	3.5000	4	7	0.02951	0.03299	8	9	4
10542	HCpbdzt	3	3.2361	3.5000	4	7	0.02951	0.03299	8	8	4
10543	HCpbdj|	3	3.2361	3.5000	4	8	0.02951	0.03299	8	8	4
10544	HCpVff{	3	3.2361	3.5000	4	7	0.02951	0.03299	8	8	4
10545	HCpVVp}	3	3.2361	3.5000	4	7	0.02951	0.03299	8	9	4
10546	HCpVP~t	3	3.2361	3.5000	4	7	0.02951	0.03299	8	9	4
10547	HCpVTxv	3	3.2361	3.5000	4	7	0.02951	0.03299	8	11	4
10548	HCRSvzy	3	3.2361	3.5000	4	7	0.02951	0.03299	8	10	4
10549	H?bAUZs	4	4.2361	4.5000	5	6	0.02951	0.03299	8	8	5
10550	H?bAVJ[	4	4.2361	4.5000	5	6	0.02951	0.03299	8	8	5
10551	HCOecqf	3	3.2361	3.5000	5	6	0.02951	0.03299	8	9	4
10552	H?bAVRT	4	4.2361	4.5000	5	6	0.02951	0.03299	8	7	5
10553	H?`ESZr	4	4.2361	4.5000	5	7	0.02951	0.03299	8	7	5
10554	HCdebHk	3	3.2361	3.5000	5	5	0.02951	0.03299	8	11	4
10555	HCQbR`r	3	3.2361	3.5000	5	6	0.02951	0.03299	8	8	4
10556	HCQRFDu	3	3.2361	3.5000	5	6	0.02951	0.03299	8	11	4
10557	HCQTbRM	3	3.2361	3.5000	5	6	0.02951	0.03299	8	11	4
10558	HCOedMx	3	3.2361	3.5000	5	6	0.02951	0.03299	8	9	4
10559	HCQ`fQt	3	3.2361	3.5000	5	6	0.02951	0.03299	8	9	4
10560	HCQRDql	3	3.2361	3.5000	5	6	0.02951	0.03299	8	8	4
10561	HCQRDrL	3	3.2361	3.5000	5	6	0.02951	0.03299	8	9	4
10562	H?bAUZr	4	4.2361	4.5000	5	7	0.02951	0.03299	8	6	5
10563	H?bAVJx	4	4.2361	4.5000	5	7	0.02951	0.03299	8	7	5
10564	H?bAVRt	4	4.2361	4.5000	5	7	0.02951	0.03299	8	7	5
10565	H?bAVRV	4	4.2361	4.5000	5	7	0.02951	0.03299	8	6	5
10566	HCQ`fIu	3	3.2361	3.5000	5	6	0.02951	0.03299	8	9	4
10567	HCQTbIf	3	3.2361	3.5000	5	6	0.02951	0.03299	8	9	4
10568	H?bAVjM	4	4.2361	4.5000	5	6	0.02951	0.03299	8	9	5
10569	HCOeeTy	3	3.2361	3.5000	5	6	0.02951	0.03299	8	9	4
10570	HCQ`fIr	3	3.2361	3.5000	5	6	0.02951	0.03299	8	9	4
10571	H?bAUXz	4	4.2361	4.5000	5	7	0.02951	0.03299	8	8	5
10572	H?bAVJ]	4	4.2361	4.5000	5	7	0.02951	0.03299	8	9	5
10573	H?bAVJZ	4	4.2361	4.5000	5	7	0.02951	0.03299	8	8	5
10574	HCOecrj	3	3.2361	3.5000	5	7	0.02951	0.03299	8	8	4
10575	H?`ESZv	4	4.2361	4.5000	5	8	0.02951	0.03299	8	8	5
10576	HCQbR`j	3	3.2361	3.5000	5	6	0.02951	0.03299	8	9	4
10577	H?bAUZx	4	4.2361	4.5000	5	7	0.02951	0.03299	8	6	5
10578	H?bAVR\	4	4.2361	4.5000	5	7	0.02951	0.03299	8	6	5
10579	HCdebQY	3	3.2361	3.5000	5	5	0.02951	0.03299	8	10	4
10580	HCQRDi]	3	3.2361	3.5000	5	6	0.02951	0.03299	8	10	4
10581	HCQRDi{	3	3.2361	3.5000	5	6	0.02951	0.03299	8	10	4
10582	HCQREi]	3	3.2361	3.5000	5	6	0.02951	0.03299	8	10	4
10583	HCQTbI]	3	3.2361	3.5000	5	6	0.02951	0.03299	8	9	4
10584	HCQTbJU	3	3.2361	3.5000	5	6	0.02951	0.03299	8	9	4
10585	HCOcfey	3	3.2361	3.5000	5	6	0.02951	0.03299	8	9	4
10586	HCOedqV	3	3.2361	3.5000	5	6	0.02951	0.03299	8	9	4
10587	HCQ`fIl	3	3.2361	3.5000	5	6	0.02951	0.03299	8	9	4
10588	HCQRDrT	3	3.2361	3.5000	5	6	0.02951	0.03299	8	9	4
10589	HCpbeqY	3	3.2361	3.5000	5	5	0.02951	0.03299	8	10	4
10590	HCpbPje	3	3.2361	3.5000	5	6	0.02951	0.03299	8	10	4
10591	HCQbdim	3	3.2361	3.5000	5	6	0.02951	0.03299	8	8	4
10592	HCQbdjk	3	3.2361	3.5000	5	6	0.02951	0.03299	8	9	4
10593	HCQbdM{	3	3.2361	3.5000	5	6	0.02951	0.03299	8	8	4
10594	HCQbdNk	3	3.2361	3.5000	5	6	0.02951	0.03299	8	9	4
10595	HCQbdNs	3	3.2361	3.5000	5	6	0.02951	0.03299	8	8	4
10596	HCQdbje	3	3.2361	3.5000	5	6	0.02951	0.03299	8	9	4
10597	HCQuQpf	3	3.2361	3.5000	5	6	0.02951	0.03299	8	10	4
10598	HCQbdc}	3	3.2361	3.5000	5	6	0.02951	0.03299	8	8	4
10599	HCQbde]	3	3.2361	3.5000	5	6	0.02951	0.03299	8	8	4
10600	HCQbdK}	3	3.2361	3.5000	5	6	0.02951	0.03299	8	8	4
10601	HCQbed]	3	3.2361	3.5000	5	6	0.02951	0.03299	8	8	4
10602	HCQ`fim	3	3.2361	3.5000	5	6	0.02951	0.03299	8	8	4
10603	HCQ`fje	3	3.2361	3.5000	5	6	0.02951	0.03299	8	8	4
10604	HCQ`fZs	3	3.2361	3.5000	5	6	0.02951	0.03299	8	8	4
10605	H?bAVZu	4	4.2361	4.5000	5	7	0.02951	0.03299	8	8	5
10606	HCQ`fJ{	3	3.2361	3.5000	5	7	0.02951	0.03299	8	7	4
10607	HCQTbJm	3	3.2361	3.5000	5	7	0.02951	0.03299	8	8	4
10608	HCdebJk	3	3.2361	3.5000	5	6	0.02951	0.03299	8	11	4
10609	HCdebPl	3	3.2361	3.5000	5	6	0.02951	0.03299	8	11	4
10610	HCQbVIm	3	3.2361	3.5000	5	6	0.02951	0.03299	8	11	4
10611	HCQubRM	3	3.2361	3.5000	5	6	0.02951	0.03299	8	11	4
10612	HCdbEil	3	3.2361	3.5000	5	6	0.02951	0.03299	8	10	4
10613	HCQbbfe	3	3.2361	3.5000	5	6	0.02951	0.03299	8	9	4
10614	HCQbedu	3	3.2361	3.5000	5	6	0.02951	0.03299	8	9	4
10615	HCQbefY	3	3.2361	3.5000	5	6	0.02951	0.03299	8	8	4
10616	HCQbepr	3	3.2361	3.5000	5	6	0.02951	0.03299	8	8	4
10617	HCQbPne	3	3.2361	3.5000	5	6	0.02951	0.03299	8	9	4
10618	HCQbRdl	3	3.2361	3.5000	5	6	0.02951	0.03299	8	8	4
10619	HCQbRfe	3	3.2361	3.5000	5	6	0.02951	0.03299	8	9	4
10620	HCQbRfp	3	3.2361	3.5000	5	6	0.02951	0.03299	8	9	4
10621	HCQbRfX	3	3.2361	3.5000	5	6	0.02951	0.03299	8	9	4
10622	HCQbTh\	3	3.2361	3.5000	5	6	0.02951	0.03299	8	11	4
10623	HCQbUfL	3	3.2361	3.5000	5	6	0.02951	0.03299	8	10	4
10624	HCQdbpr	3	3.2361	3.5000	5	6	0.02951	0.03299	8	9	4
10625	HCQeTh\	3	3.2361	3.5000	5	6	0.02951	0.03299	8	11	4
10626	HCQeVIm	3	3.2361	3.5000	5	6	0.02951	0.03299	8	10	4
10627	HCQRFfe	3	3.2361	3.5000	5	6	0.02951	0.03299	8	10	4
10628	HCQRVbL	3	3.2361	3.5000	5	6	0.02951	0.03299	8	10	4
10629	HCQTerM	3	3.2361	3.5000	5	6	0.02951	0.03299	8	10	4
10630	HCQbeUr	3	3.2361	3.5000	5	6	0.02951	0.03299	8	9	4
10631	HCQbeUV	3	3.2361	3.5000	5	6	0.02951	0.03299	8	9	4
10632	HCQbReZ	3	3.2361	3.5000	5	6	0.02951	0.03299	8	9	4
10633	HCOedqn	3	3.2361	3.5000	5	7	0.02951	0.03299	8	8	4
10634	HCOedrf	3	3.2361	3.5000	5	7	0.02951	0.03299	8	8	4
10635	HCQbRbr	3	3.2361	3.5000	5	7	0.02951	0.03299	8	8	4
10636	HCQbR`v	3	3.2361	3.5000	5	7	0.02951	0.03299	8	7	4
10637	HCQ`dj{	3	3.2361	3.5000	5	7	0.02951	0.03299	8	8	4
10638	HCQ`fJx	3	3.2361	3.5000	5	7	0.02951	0.03299	8	8	4
10639	HCQRDrf	3	3.2361	3.5000	5	7	0.02951	0.03299	8	8	4
10640	HCQRDrl	3	3.2361	3.5000	5	7	0.02951	0.03299	8	8	4
10641	HCQTbJN	3	3.2361	3.5000	5	7	0.02951	0.03299	8	8	4
10642	H?bAVrf	4	4.2361	4.5000	5	7	0.02951	0.03299	8	6	5
10643	H?bAVrt	4	4.2361	4.5000	5	7	0.02951	0.03299	8	7	5
10644	H?bAVRv	4	4.2361	4.5000	5	8	0.02951	0.03299	8	6	5
10645	HCQbbeu	3	3.2361	3.5000	5	6	0.02951	0.03299	8	9	4
10646	HCQbeef	3	3.2361	3.5000	5	6	0.02951	0.03299	8	9	4
10647	HCOedrj	3	3.2361	3.5000	5	7	0.02951	0.03299	8	8	4
10648	HCQ`fQv	3	3.2361	3.5000	5	7	0.02951	0.03299	8	10	4
10649	HCQTbJf	3	3.2361	3.5000	5	7	0.02951	0.03299	8	8	4
10650	HCQbefT	3	3.2361	3.5000	5	6	0.02951	0.03299	8	9	4
10651	HCQbeVR	3	3.2361	3.5000	5	6	0.02951	0.03299	8	9	4
10652	HCQbRcn	3	3.2361	3.5000	5	6	0.02951	0.03299	8	9	4
10653	HCQbRcz	3	3.2361	3.5000	5	6	0.02951	0.03299	8	9	4
10654	HCQbR`z	3	3.2361	3.5000	5	7	0.02951	0.03299	8	9	4
10655	HCQ`fRl	3	3.2361	3.5000	5	7	0.02951	0.03299	8	10	4
10656	H?bAVrl	4	4.2361	4.5000	5	7	0.02951	0.03299	8	6	5
10657	H?bAVrN	4	4.2361	4.5000	5	7	0.02951	0.03299	8	6	5
10658	H?bAVR^	4	4.2361	4.5000	5	8	0.02951	0.03299	8	6	5
10659	H?bAVR|	4	4.2361	4.5000	5	8	0.02951	0.03299	8	6	5
10660	HCdebRY	3	3.2361	3.5000	5	6	0.02951	0.03299	8	10	4
10661	HCQbdMl	3	3.2361	3.5000	5	6	0.02951	0.03299	8	9	4
10662	HCQbdNd	3	3.2361	3.5000	5	6	0.02951	0.03299	8	9	4
10663	HCQbdYl	3	3.2361	3.5000	5	6	0.02951	0.03299	8	9	4
10664	HCQbdYt	3	3.2361	3.5000	5	6	0.02951	0.03299	8	9	4
10665	HCQbfIt	3	3.2361	3.5000	5	6	0.02951	0.03299	8	9	4
10666	HCQbfJd	3	3.2361	3.5000	5	6	0.02951	0.03299	8	9	4
10667	HCQbQ\\	3	3.2361	3.5000	5	6	0.02951	0.03299	8	9	4
10668	HCQbQ^i	3	3.2361	3.5000	5	6	0.02951	0.03299	8	10	4
10669	HCQbQty	3	3.2361	3.5000	5	6	0.02951	0.03299	8	10	4
10670	HCQbQvi	3	3.2361	3.5000	5	6	0.02951	0.03299	8	10	4
10671	HCQbQxj	3	3.2361	3.5000	5	6	0.02951	0.03299	8	10	4
10672	HCQbRTy	3	3.2361	3.5000	5	6	0.02951	0.03299	8	10	4
10673	HCQeQ^i	3	3.2361	3.5000	5	6	0.02951	0.03299	8	9	4
10674	HCQeUT]	3	3.2361	3.5000	5	6	0.02951	0.03299	8	9	4
10675	HCOfdqr	3	3.2361	3.5000	5	6	0.02951	0.03299	8	9	4
10676	HCOfdrR	3	3.2361	3.5000	5	6	0.02951	0.03299	8	9	4
10677	HCQbbcz	3	3.2361	3.5000	5	6	0.02951	0.03299	8	9	4
10678	HCQbcur	3	3.2361	3.5000	5	6	0.02951	0.03299	8	9	4
10679	HCQbcuV	3	3.2361	3.5000	5	6	0.02951	0.03299	8	9	4
10680	HCQbcuZ	3	3.2361	3.5000	5	6	0.02951	0.03299	8	9	4
10681	HCQbcvR	3	3.2361	3.5000	5	6	0.02951	0.03299	8	9	4
10682	HCQbeVJ	3	3.2361	3.5000	5	6	0.02951	0.03299	8	9	4
10683	HCQbRdN	3	3.2361	3.5000	5	6	0.02951	0.03299	8	9	4
10684	HCQbRfJ	3	3.2361	3.5000	5	6	0.02951	0.03299	8	9	4
10685	HCQb`ur	3	3.2361	3.5000	5	6	0.02951	0.03299	8	9	4
10686	HCOedq^	3	3.2361	3.5000	5	7	0.02951	0.03299	8	8	4
10687	HCOedrV	3	3.2361	3.5000	5	7	0.02951	0.03299	8	8	4
10688	HCQ`fI|	3	3.2361	3.5000	5	7	0.02951	0.03299	8	8	4
10689	HCQRDrt	3	3.2361	3.5000	5	7	0.02951	0.03299	8	8	4
10690	HCQTbI^	3	3.2361	3.5000	5	7	0.02951	0.03299	8	8	4
10691	HCQTbI}	3	3.2361	3.5000	5	7	0.02951	0.03299	8	9	4
10692	HCQTbJu	3	3.2361	3.5000	5	7	0.02951	0.03299	8	8	4
10693	HCpbdhm	3	3.2361	3.5000	5	6	0.02951	0.03299	8	10	4
10694	HCpbdhu	3	3.2361	3.5000	5	6	0.02951	0.03299	8	9	4
10695	HCpbeqy	3	3.2361	3.5000	5	6	0.02951	0.03299	8	10	4
10696	HCpdeX]	3	3.2361	3.5000	5	6	0.02951	0.03299	8	11	4
10697	HCpberi	3	3.2361	3.5000	5	6	0.02951	0.03299	8	9	4
10698	HCpberM	3	3.2361	3.5000	5	6	0.02951	0.03299	8	9	4
10699	HCpdbgz	3	3.2361	3.5000	5	6	0.02951	0.03299	8	10	4
10700	HCpdbqx	3	3.2361	3.5000	5	6	0.02951	0.03299	8	9	4
10701	HCpdeZw	3	3.2361	3.5000	5	6	0.02951	0.03299	8	10	4
10702	HCQbfM{	3	3.2361	3.5000	5	6	0.02951	0.03299	8	9	4
10703	HCQbfNk	3	3.2361	3.5000	5	6	0.02951	0.03299	8	8	4
10704	HCQbfNs	3	3.2361	3.5000	5	6	0.02951	0.03299	8	8	4
10705	HCQfJjq	3	3.2361	3.5000	5	6	0.02951	0.03299	8	8	4
10706	HCQteX]	3	3.2361	3.5000	5	6	0.02951	0.03299	8	10	4
10707	HCQvCs|	3	3.2361	3.5000	5	6	0.02951	0.03299	8	8	4
10708	HCQvEc|	3	3.2361	3.5000	5	6	0.02951	0.03299	8	9	4
10709	HCQvET]	3	3.2361	3.5000	5	6	0.02951	0.03299	8	10	4
10710	HCQVeXt	3	3.2361	3.5000	5	6	0.02951	0.03299	8	9	4
10711	HCQVfHu	3	3.2361	3.5000	5	6	0.02951	0.03299	8	9	4
10712	HCRbere	3	3.2361	3.5000	5	6	0.02951	0.03299	8	9	4
10713	HCpbTX\	3	3.2361	3.5000	5	6	0.02951	0.03299	8	8	4
10714	HCpbUW|	3	3.2361	3.5000	5	6	0.02951	0.03299	8	9	4
10715	HCQbuXr	3	3.2361	3.5000	5	6	0.02951	0.03299	8	9	4
10716	HCQeuXr	3	3.2361	3.5000	5	6	0.02951	0.03299	8	8	4
10717	HCQfHwz	3	3.2361	3.5000	5	6	0.02951	0.03299	8	8	4
10718	HCQfHxr	3	3.2361	3.5000	5	6	0.02951	0.03299	8	8	4
10719	HCQfJWz	3	3.2361	3.5000	5	6	0.02951	0.03299	8	8	4
10720	HCQfNPr	3	3.2361	3.5000	5	6	0.02951	0.03299	8	8	4
10721	HCQfRhr	3	3.2361	3.5000	5	6	0.02951	0.03299	8	8	4
10722	HCQf`xr	3	3.2361	3.5000	5	6	0.02951	0.03299	8	8	4
10723	HCQvBeZ	3	3.2361	3.5000	5	6	0.02951	0.03299	8	9	4
10724	HCQv@vR	3	3.2361	3.5000	5	6	0.02951	0.03299	8	8	4
10725	HCRctVh	3	3.2361	3.5000	5	6	0.02951	0.03299	8	9	4
10726	HCRcug|	3	3.2361	3.5000	5	6	0.02951	0.03299	8	8	4
10727	HCRVBhZ	3	3.2361	3.5000	5	6	0.02951	0.03299	8	9	4
10728	HCQbdd|	3	3.2361	3.5000	5	7	0.02951	0.03299	8	8	4
10729	HCQbdNx	3	3.2361	3.5000	5	7	0.02951	0.03299	8	8	4
10730	HCQbed|	3	3.2361	3.5000	5	7	0.02951	0.03299	8	8	4
10731	HCQb`vN	3	3.2361	3.5000	5	7	0.02951	0.03299	8	8	4
10732	HCQ`fZ{	3	3.2361	3.5000	5	7	0.02951	0.03299	8	8	4
10733	HCpdRhm	3	3.2361	3.5000	5	6	0.02951	0.03299	8	10	4
10734	HCpdVHm	3	3.2361	3.5000	5	6	0.02951	0.03299	8	10	4
10735	HCpbbNk	3	3.2361	3.5000	5	6	0.02951	0.03299	8	10	4
10736	HCpbepu	3	3.2361	3.5000	5	6	0.02951	0.03299	8	11	4
10737	HCpbRL{	3	3.2361	3.5000	5	6	0.02951	0.03299	8	9	4
10738	HCpbUXu	3	3.2361	3.5000	5	6	0.02951	0.03299	8	10	4
10739	HCpbUZe	3	3.2361	3.5000	5	6	0.02951	0.03299	8	9	4
10740	HCpdbhr	3	3.2361	3.5000	5	6	0.02951	0.03299	8	10	4
10741	HCpdbY\	3	3.2361	3.5000	5	6	0.02951	0.03299	8	11	4
10742	HCpdcwv	3	3.2361	3.5000	5	6	0.02951	0.03299	8	10	4
10743	HCpdegv	3	3.2361	3.5000	5	6	0.02951	0.03299	8	10	4
10744	HCpder[	3	3.2361	3.5000	5	6	0.02951	0.03299	8	10	4
10745	HCQbdm{	3	3.2361	3.5000	5	6	0.02951	0.03299	8	8	4
10746	HCQbdns	3	3.2361	3.5000	5	6	0.02951	0.03299	8	8	4
10747	HCQbfYu	3	3.2361	3.5000	5	6	0.02951	0.03299	8	10	4
10748	HCQbVNk	3	3.2361	3.5000	5	6	0.02951	0.03299	8	10	4
10749	HCQfJZi	3	3.2361	3.5000	5	6	0.02951	0.03299	8	10	4
10750	HCQrVIm	3	3.2361	3.5000	5	6	0.02951	0.03299	8	11	4
10751	HCQtfHu	3	3.2361	3.5000	5	6	0.02951	0.03299	8	9	4
10752	HCQvEd\	3	3.2361	3.5000	5	6	0.02951	0.03299	8	10	4
10753	HCQvEdt	3	3.2361	3.5000	5	6	0.02951	0.03299	8	9	4
10754	HCQvFDu	3	3.2361	3.5000	5	6	0.02951	0.03299	8	10	4
10755	HCRbdje	3	3.2361	3.5000	5	6	0.02951	0.03299	8	10	4
10756	HCRUTp\	3	3.2361	3.5000	5	6	0.02951	0.03299	8	10	4
10757	HCRVBir	3	3.2361	3.5000	5	6	0.02951	0.03299	8	9	4
10758	HCpbQwn	3	3.2361	3.5000	5	6	0.02951	0.03299	8	9	4
10759	HCpbUr[	3	3.2361	3.5000	5	6	0.02951	0.03299	8	9	4
10760	HCpddUt	3	3.2361	3.5000	5	6	0.02951	0.03299	8	8	4
10761	HCpdeif	3	3.2361	3.5000	5	6	0.02951	0.03299	8	10	4
10762	HCpdRWz	3	3.2361	3.5000	5	6	0.02951	0.03299	8	9	4
10763	HCQbupr	3	3.2361	3.5000	5	6	0.02951	0.03299	8	8	4
10764	HCQbv`r	3	3.2361	3.5000	5	6	0.02951	0.03299	8	8	4
10765	HCQdnal	3	3.2361	3.5000	5	6	0.02951	0.03299	8	8	4
10766	HCQdnGz	3	3.2361	3.5000	5	6	0.02951	0.03299	8	8	4
10767	HCQdn_z	3	3.2361	3.5000	5	6	0.02951	0.03299	8	8	4
10768	HCQe^Pf	3	3.2361	3.5000	5	6	0.02951	0.03299	8	9	4
10769	HCQerhr	3	3.2361	3.5000	5	6	0.02951	0.03299	8	9	4
10770	HCQerXr	3	3.2361	3.5000	5	6	0.02951	0.03299	8	10	4
10771	HCQfbhr	3	3.2361	3.5000	5	6	0.02951	0.03299	8	8	4
10772	HCQfepr	3	3.2361	3.5000	5	6	0.02951	0.03299	8	8	4
10773	HCQffHr	3	3.2361	3.5000	5	6	0.02951	0.03299	8	8	4
10774	HCQfJhj	3	3.2361	3.5000	5	6	0.02951	0.03299	8	9	4
10775	HCQfJhr	3	3.2361	3.5000	5	6	0.02951	0.03299	8	8	4
10776	HCQfJir	3	3.2361	3.5000	5	6	0.02951	0.03299	8	8	4
10777	HCQfJXr	3	3.2361	3.5000	5	6	0.02951	0.03299	8	8	4
10778	HCQrVH\	3	3.2361	3.5000	5	6	0.02951	0.03299	8	10	4
10779	HCQuQxf	3	3.2361	3.5000	5	6	0.02951	0.03299	8	11	4
10780	HCQuQzd	3	3.2361	3.5000	5	6	0.02951	0.03299	8	10	4
10781	HCQUuWv	3	3.2361	3.5000	5	6	0.02951	0.03299	8	10	4
10782	HCQUuXr	3	3.2361	3.5000	5	6	0.02951	0.03299	8	9	4
10783	HCQUuZe	3	3.2361	3.5000	5	6	0.02951	0.03299	8	9	4
10784	HCQvAuZ	3	3.2361	3.5000	5	6	0.02951	0.03299	8	9	4
10785	HCQvDYj	3	3.2361	3.5000	5	6	0.02951	0.03299	8	8	4
10786	HCQvDZb	3	3.2361	3.5000	5	6	0.02951	0.03299	8	9	4
10787	HCQvEVY	3	3.2361	3.5000	5	6	0.02951	0.03299	8	9	4
10788	HCQVfGv	3	3.2361	3.5000	5	6	0.02951	0.03299	8	8	4
10789	HCQVfHj	3	3.2361	3.5000	5	6	0.02951	0.03299	8	10	4
10790	HCRctVd	3	3.2361	3.5000	5	6	0.02951	0.03299	8	10	4
10791	HCRctVL	3	3.2361	3.5000	5	6	0.02951	0.03299	8	9	4
10792	HCRcugv	3	3.2361	3.5000	5	6	0.02951	0.03299	8	9	4
10793	HCRUQyl	3	3.2361	3.5000	5	6	0.02951	0.03299	8	9	4
10794	HCRUQzb	3	3.2361	3.5000	5	6	0.02951	0.03299	8	9	4
10795	HCQe^RR	3	3.2361	3.5000	5	6	0.02951	0.03299	8	9	4
10796	HCdebPn	3	3.2361	3.5000	5	7	0.02951	0.03299	8	10	4
10797	HCQbbfm	3	3.2361	3.5000	5	7	0.02951	0.03299	8	9	4
10798	HCQbbfy	3	3.2361	3.5000	5	7	0.02951	0.03299	8	7	4
10799	HCQbctn	3	3.2361	3.5000	5	7	0.02951	0.03299	8	9	4
10800	HCQbcun	3	3.2361	3.5000	5	7	0.02951	0.03299	8	8	4
10801	HCQbcvN	3	3.2361	3.5000	5	7	0.02951	0.03299	8	8	4
10802	HCQbde}	3	3.2361	3.5000	5	7	0.02951	0.03299	8	7	4
10803	HCQbdfl	3	3.2361	3.5000	5	7	0.02951	0.03299	8	9	4
10804	HCQbdfN	3	3.2361	3.5000	5	7	0.02951	0.03299	8	8	4
10805	HCQbdi}	3	3.2361	3.5000	5	7	0.02951	0.03299	8	7	4
10806	HCQbdjj	3	3.2361	3.5000	5	7	0.02951	0.03299	8	8	4
10807	HCQbdL^	3	3.2361	3.5000	5	7	0.02951	0.03299	8	8	4
10808	HCQbdM}	3	3.2361	3.5000	5	7	0.02951	0.03299	8	7	4
10809	HCQbdNm	3	3.2361	3.5000	5	7	0.02951	0.03299	8	8	4
10810	HCQbdYz	3	3.2361	3.5000	5	7	0.02951	0.03299	8	8	4
10811	HCQbee}	3	3.2361	3.5000	5	7	0.02951	0.03299	8	9	4
10812	HCQbefy	3	3.2361	3.5000	5	7	0.02951	0.03299	8	7	4
10813	HCQbepv	3	3.2361	3.5000	5	7	0.02951	0.03299	8	8	4
10814	HCQbfHz	3	3.2361	3.5000	5	7	0.02951	0.03299	8	9	4
10815	HCQbQyv	3	3.2361	3.5000	5	7	0.02951	0.03299	8	10	4
10816	HCQbRd|	3	3.2361	3.5000	5	7	0.02951	0.03299	8	7	4
10817	HCQbRe^	3	3.2361	3.5000	5	7	0.02951	0.03299	8	8	4
10818	HCQbRf\	3	3.2361	3.5000	5	7	0.02951	0.03299	8	9	4
10819	HCQbRfl	3	3.2361	3.5000	5	7	0.02951	0.03299	8	8	4
10820	HCQbRfu	3	3.2361	3.5000	5	7	0.02951	0.03299	8	8	4
10821	HCQbUXv	3	3.2361	3.5000	5	7	0.02951	0.03299	8	9	4
10822	HCQb`vu	3	3.2361	3.5000	5	7	0.02951	0.03299	8	9	4
10823	HCQeQyv	3	3.2361	3.5000	5	7	0.02951	0.03299	8	10	4
10824	HCQ`fi}	3	3.2361	3.5000	5	7	0.02951	0.03299	8	8	4
10825	HCQ`fju	3	3.2361	3.5000	5	7	0.02951	0.03299	8	7	4
10826	HCQ`fZu	3	3.2361	3.5000	5	7	0.02951	0.03299	8	10	4
10827	HCQuQrr	3	3.2361	3.5000	5	7	0.02951	0.03299	8	9	4
10828	H?bAVzm	4	4.2361	4.5000	5	7	0.02951	0.03299	8	8	5
10829	HCQ`frf	3	3.2361	3.5000	5	7	0.02951	0.03299	8	7	4
10830	H?bAVrv	4	4.2361	4.5000	5	8	0.02951	0.03299	8	6	5
10831	H?bAVZ}	4	4.2361	4.5000	5	8	0.02951	0.03299	8	7	5
10832	HCQ`fJ}	3	3.2361	3.5000	5	8	0.02951	0.03299	8	8	4
10833	HCQueT]	3	3.2361	3.5000	5	6	0.02951	0.03299	8	11	4
10834	HCdbMil	3	3.2361	3.5000	5	6	0.02951	0.03299	8	11	4
10835	HCQbthr	3	3.2361	3.5000	5	6	0.02951	0.03299	8	10	4
10836	HCQfLXj	3	3.2361	3.5000	5	6	0.02951	0.03299	8	10	4
10837	HCRcujJ	3	3.2361	3.5000	5	6	0.02951	0.03299	8	10	4
10838	HCQfLZJ	3	3.2361	3.5000	5	6	0.02951	0.03299	8	9	4
10839	HCQbbfu	3	3.2361	3.5000	5	7	0.02951	0.03299	8	8	4
10840	HCQbdhz	3	3.2361	3.5000	5	7	0.02951	0.03299	8	9	4
10841	HCQbdNZ	3	3.2361	3.5000	5	7	0.02951	0.03299	8	9	4
10842	HCQbefu	3	3.2361	3.5000	5	7	0.02951	0.03299	8	8	4
10843	HCQbeUv	3	3.2361	3.5000	5	7	0.02951	0.03299	8	9	4
10844	HCQbfJr	3	3.2361	3.5000	5	7	0.02951	0.03299	8	8	4
10845	HCQUQzr	3	3.2361	3.5000	5	7	0.02951	0.03299	8	10	4
10846	HCOedrn	3	3.2361	3.5000	5	8	0.02951	0.03299	8	8	4
10847	HCQbRbv	3	3.2361	3.5000	5	8	0.02951	0.03299	8	8	4
10848	HCQRDrn	3	3.2361	3.5000	5	8	0.02951	0.03299	8	8	4
10849	HCQTbJn	3	3.2361	3.5000	5	8	0.02951	0.03299	8	8	4
10850	HCQdlhr	3	3.2361	3.5000	5	6	0.02951	0.03299	8	7	4
10851	HCQ`dnu	3	3.2361	3.5000	5	7	0.02951	0.03299	8	8	4
10852	H?bAV^]	4	4.2361	4.5000	5	7	0.02951	0.03299	8	8	5
10853	H?bAU^}	4	4.2361	4.5000	5	8	0.02951	0.03299	8	7	5
10854	HCpbdgv	3	3.2361	3.5000	5	6	0.02951	0.03299	8	9	4
10855	HCpbdhf	3	3.2361	3.5000	5	6	0.02951	0.03299	8	9	4
10856	HCpbdir	3	3.2361	3.5000	5	6	0.02951	0.03299	8	9	4
10857	HCRbdir	3	3.2361	3.5000	5	6	0.02951	0.03299	8	10	4
10858	HCR`urT	3	3.2361	3.5000	5	6	0.02951	0.03299	8	8	4
10859	HCpbepZ	3	3.2361	3.5000	5	6	0.02951	0.03299	8	10	4
10860	HCpberR	3	3.2361	3.5000	5	6	0.02951	0.03299	8	9	4
10861	HCpdczL	3	3.2361	3.5000	5	6	0.02951	0.03299	8	10	4
10862	HCpddqj	3	3.2361	3.5000	5	6	0.02951	0.03299	8	8	4
10863	HCpddUy	3	3.2361	3.5000	5	6	0.02951	0.03299	8	9	4
10864	HCQfJit	3	3.2361	3.5000	5	6	0.02951	0.03299	8	9	4
10865	HCQfJYl	3	3.2361	3.5000	5	6	0.02951	0.03299	8	10	4
10866	HCRberT	3	3.2361	3.5000	5	6	0.02951	0.03299	8	8	4
10867	HCRctVY	3	3.2361	3.5000	5	6	0.02951	0.03299	8	9	4
10868	HCRVBjU	3	3.2361	3.5000	5	6	0.02951	0.03299	8	9	4
10869	HCpbQzX	3	3.2361	3.5000	5	6	0.02951	0.03299	8	10	4
10870	HCQdnI\	3	3.2361	3.5000	5	6	0.02951	0.03299	8	9	4
10871	HCQfJiV	3	3.2361	3.5000	5	6	0.02951	0.03299	8	9	4
10872	HCQfKzU	3	3.2361	3.5000	5	6	0.02951	0.03299	8	10	4
10873	HCQfMYl	3	3.2361	3.5000	5	6	0.02951	0.03299	8	9	4
10874	HCQvCvJ	3	3.2361	3.5000	5	6	0.02951	0.03299	8	9	4
10875	HCQbctz	3	3.2361	3.5000	5	7	0.02951	0.03299	8	9	4
10876	HCQbde|	3	3.2361	3.5000	5	7	0.02951	0.03299	8	9	4
10877	HCQbden	3	3.2361	3.5000	5	7	0.02951	0.03299	8	8	4
10878	HCQbdfj	3	3.2361	3.5000	5	7	0.02951	0.03299	8	8	4
10879	HCQbdft	3	3.2361	3.5000	5	7	0.02951	0.03299	8	8	4
10880	HCQbdfx	3	3.2361	3.5000	5	7	0.02951	0.03299	8	7	4
10881	HCQbdiz	3	3.2361	3.5000	5	7	0.02951	0.03299	8	8	4
10882	HCQbdjx	3	3.2361	3.5000	5	7	0.02951	0.03299	8	8	4
10883	HCQbdM^	3	3.2361	3.5000	5	7	0.02951	0.03299	8	8	4
10884	HCQbdMz	3	3.2361	3.5000	5	7	0.02951	0.03299	8	8	4
10885	HCQbdNj	3	3.2361	3.5000	5	7	0.02951	0.03299	8	8	4
10886	HCQbefj	3	3.2361	3.5000	5	7	0.02951	0.03299	8	8	4
10887	HCQbeft	3	3.2361	3.5000	5	7	0.02951	0.03299	8	8	4
10888	HCQbefx	3	3.2361	3.5000	5	7	0.02951	0.03299	8	7	4
10889	HCQbep^	3	3.2361	3.5000	5	7	0.02951	0.03299	8	8	4
10890	HCQbeVr	3	3.2361	3.5000	5	7	0.02951	0.03299	8	8	4
10891	HCQbeVV	3	3.2361	3.5000	5	7	0.02951	0.03299	8	8	4
10892	HCQbfHn	3	3.2361	3.5000	5	7	0.02951	0.03299	8	9	4
10893	HCQbfHv	3	3.2361	3.5000	5	7	0.02951	0.03299	8	8	4
10894	HCQbQz\	3	3.2361	3.5000	5	7	0.02951	0.03299	8	10	4
10895	HCQbRc~	3	3.2361	3.5000	5	7	0.02951	0.03299	8	8	4
10896	HCQbRd}	3	3.2361	3.5000	5	7	0.02951	0.03299	8	8	4
10897	HCQbRen	3	3.2361	3.5000	5	7	0.02951	0.03299	8	8	4
10898	HCQbRez	3	3.2361	3.5000	5	7	0.02951	0.03299	8	8	4
10899	HCQbRfy	3	3.2361	3.5000	5	7	0.02951	0.03299	8	8	4
10900	HCQb`vZ	3	3.2361	3.5000	5	7	0.02951	0.03299	8	9	4
10901	HCQeQz\	3	3.2361	3.5000	5	7	0.02951	0.03299	8	9	4
10902	HCQ`fiz	3	3.2361	3.5000	5	7	0.02951	0.03299	8	7	4
10903	HCQ`frt	3	3.2361	3.5000	5	7	0.02951	0.03299	8	7	4
10904	H?bAVr|	4	4.2361	4.5000	5	8	0.02951	0.03299	8	6	5
10905	H?bAVrn	4	4.2361	4.5000	5	8	0.02951	0.03299	8	6	5
10906	HCQbR`~	3	3.2361	3.5000	5	8	0.02951	0.03299	8	8	4
10907	HCQbRbz	3	3.2361	3.5000	5	8	0.02951	0.03299	8	8	4
10908	HCQ`fR|	3	3.2361	3.5000	5	8	0.02951	0.03299	8	9	4
10909	H?bAVR~	4	4.2361	4.5000	5	9	0.02951	0.03299	8	5	5
10910	HCpbeqZ	3	3.2361	3.5000	5	6	0.02951	0.03299	8	10	4
10911	HCpdVHt	3	3.2361	3.5000	5	6	0.02951	0.03299	8	11	4
10912	HCpberJ	3	3.2361	3.5000	5	6	0.02951	0.03299	8	9	4
10913	HCpdcy\	3	3.2361	3.5000	5	6	0.02951	0.03299	8	10	4
10914	HCpdcyr	3	3.2361	3.5000	5	6	0.02951	0.03299	8	10	4
10915	HCpdcyV	3	3.2361	3.5000	5	6	0.02951	0.03299	8	9	4
10916	HCpddqr	3	3.2361	3.5000	5	6	0.02951	0.03299	8	10	4
10917	HCpddqx	3	3.2361	3.5000	5	6	0.02951	0.03299	8	10	4
10918	HCpdeiV	3	3.2361	3.5000	5	6	0.02951	0.03299	8	10	4
10919	HCpdeqx	3	3.2361	3.5000	5	6	0.02951	0.03299	8	10	4
10920	HCQdnbU	3	3.2361	3.5000	5	6	0.02951	0.03299	8	9	4
10921	HCQe^PN	3	3.2361	3.5000	5	6	0.02951	0.03299	8	9	4
10922	HCQe^PZ	3	3.2361	3.5000	5	6	0.02951	0.03299	8	9	4
10923	HCQfJje	3	3.2361	3.5000	5	6	0.02951	0.03299	8	9	4
10924	HCQvCzU	3	3.2361	3.5000	5	6	0.02951	0.03299	8	10	4
10925	HCQVfIu	3	3.2361	3.5000	5	6	0.02951	0.03299	8	9	4
10926	HCQVfJU	3	3.2361	3.5000	5	6	0.02951	0.03299	8	9	4
10927	HCRbdjT	3	3.2361	3.5000	5	6	0.02951	0.03299	8	9	4
10928	HCRbfIt	3	3.2361	3.5000	5	6	0.02951	0.03299	8	10	4
10929	HCRVDjU	3	3.2361	3.5000	5	6	0.02951	0.03299	8	10	4
10930	HCpbQvi	3	3.2361	3.5000	5	6	0.02951	0.03299	8	9	4
10931	HCpbRdf	3	3.2361	3.5000	5	6	0.02951	0.03299	8	9	4
10932	HCQdnIm	3	3.2361	3.5000	5	6	0.02951	0.03299	8	9	4
10933	HCQfJgv	3	3.2361	3.5000	5	6	0.02951	0.03299	8	9	4
10934	HCQfLXf	3	3.2361	3.5000	5	6	0.02951	0.03299	8	9	4
10935	HCQfLZe	3	3.2361	3.5000	5	6	0.02951	0.03299	8	10	4
10936	HCQtfI\	3	3.2361	3.5000	5	6	0.02951	0.03299	8	9	4
10937	HCQTnay	3	3.2361	3.5000	5	6	0.02951	0.03299	8	9	4
10938	HCQucvq	3	3.2361	3.5000	5	6	0.02951	0.03299	8	10	4
10939	HCQucyx	3	3.2361	3.5000	5	6	0.02951	0.03299	8	9	4
10940	HCQudex	3	3.2361	3.5000	5	6	0.02951	0.03299	8	9	4
10941	HCQudqt	3	3.2361	3.5000	5	6	0.02951	0.03299	8	10	4
10942	HCQUlrq	3	3.2361	3.5000	5	6	0.02951	0.03299	8	10	4
10943	HCQvCuZ	3	3.2361	3.5000	5	6	0.02951	0.03299	8	9	4
10944	HCQvCvR	3	3.2361	3.5000	5	6	0.02951	0.03299	8	9	4
10945	HCQvCyl	3	3.2361	3.5000	5	6	0.02951	0.03299	8	9	4
10946	HCQvDYl	3	3.2361	3.5000	5	6	0.02951	0.03299	8	9	4
10947	HCRctUj	3	3.2361	3.5000	5	6	0.02951	0.03299	8	10	4
10948	HCRcuUj	3	3.2361	3.5000	5	6	0.02951	0.03299	8	9	4
10949	HCRVBht	3	3.2361	3.5000	5	6	0.02951	0.03299	8	9	4
10950	HCQfLYV	3	3.2361	3.5000	5	6	0.02951	0.03299	8	10	4
10951	HCdebQ}	3	3.2361	3.5000	5	7	0.02951	0.03299	8	10	4
10952	HCdebR]	3	3.2361	3.5000	5	7	0.02951	0.03299	8	10	4
10953	HCdebRZ	3	3.2361	3.5000	5	7	0.02951	0.03299	8	10	4
10954	HCOfdqv	3	3.2361	3.5000	5	7	0.02951	0.03299	8	9	4
10955	HCOfdrr	3	3.2361	3.5000	5	7	0.02951	0.03299	8	8	4
10956	HCOfdrZ	3	3.2361	3.5000	5	7	0.02951	0.03299	8	9	4
10957	HCQbbez	3	3.2361	3.5000	5	7	0.02951	0.03299	8	8	4
10958	HCQbbfj	3	3.2361	3.5000	5	7	0.02951	0.03299	8	8	4
10959	HCQbcu^	3	3.2361	3.5000	5	7	0.02951	0.03299	8	8	4
10960	HCQbcuv	3	3.2361	3.5000	5	7	0.02951	0.03299	8	9	4
10961	HCQbcuz	3	3.2361	3.5000	5	7	0.02951	0.03299	8	8	4
10962	HCQbcvr	3	3.2361	3.5000	5	7	0.02951	0.03299	8	8	4
10963	HCQbcvV	3	3.2361	3.5000	5	7	0.02951	0.03299	8	8	4
10964	HCQbcvZ	3	3.2361	3.5000	5	7	0.02951	0.03299	8	9	4
10965	HCQbdc~	3	3.2361	3.5000	5	7	0.02951	0.03299	8	8	4
10966	HCQbde^	3	3.2361	3.5000	5	7	0.02951	0.03299	8	8	4
10967	HCQbdin	3	3.2361	3.5000	5	7	0.02951	0.03299	8	8	4
10968	HCQbdK~	3	3.2361	3.5000	5	7	0.02951	0.03299	8	8	4
10969	HCQbdM|	3	3.2361	3.5000	5	7	0.02951	0.03299	8	9	4
10970	HCQbdNt	3	3.2361	3.5000	5	7	0.02951	0.03299	8	8	4
10971	HCQbdY|	3	3.2361	3.5000	5	7	0.02951	0.03299	8	9	4
10972	HCQbdYn	3	3.2361	3.5000	5	7	0.02951	0.03299	8	8	4
10973	HCQbdYv	3	3.2361	3.5000	5	7	0.02951	0.03299	8	9	4
10974	HCQbdZf	3	3.2361	3.5000	5	7	0.02951	0.03299	8	8	4
10975	HCQbdZl	3	3.2361	3.5000	5	7	0.02951	0.03299	8	9	4
10976	HCQbed^	3	3.2361	3.5000	5	7	0.02951	0.03299	8	8	4
10977	HCQbee^	3	3.2361	3.5000	5	7	0.02951	0.03299	8	8	4
10978	HCQbeez	3	3.2361	3.5000	5	7	0.02951	0.03299	8	8	4
10979	HCQbeTn	3	3.2361	3.5000	5	7	0.02951	0.03299	8	9	4
10980	HCQbeTz	3	3.2361	3.5000	5	7	0.02951	0.03299	8	9	4
10981	HCQbeVj	3	3.2361	3.5000	5	7	0.02951	0.03299	8	8	4
10982	HCQbeVN	3	3.2361	3.5000	5	7	0.02951	0.03299	8	8	4
10983	HCQbeVZ	3	3.2361	3.5000	5	7	0.02951	0.03299	8	9	4
10984	HCQbfIv	3	3.2361	3.5000	5	7	0.02951	0.03299	8	9	4
10985	HCQbfJf	3	3.2361	3.5000	5	7	0.02951	0.03299	8	8	4
10986	HCQbfJl	3	3.2361	3.5000	5	7	0.02951	0.03299	8	9	4
10987	HCQbfJt	3	3.2361	3.5000	5	7	0.02951	0.03299	8	8	4
10988	HCQbQx^	3	3.2361	3.5000	5	7	0.02951	0.03299	8	9	4
10989	HCQbQxn	3	3.2361	3.5000	5	7	0.02951	0.03299	8	10	4
10990	HCQbQxz	3	3.2361	3.5000	5	7	0.02951	0.03299	8	10	4
10991	HCQbQzN	3	3.2361	3.5000	5	7	0.02951	0.03299	8	8	4
10992	HCQbQzZ	3	3.2361	3.5000	5	7	0.02951	0.03299	8	10	4
10993	HCQbRd^	3	3.2361	3.5000	5	7	0.02951	0.03299	8	8	4
10994	HCQbRpn	3	3.2361	3.5000	5	7	0.02951	0.03299	8	10	4
10995	HCQbRpz	3	3.2361	3.5000	5	7	0.02951	0.03299	8	10	4
10996	HCQbRrN	3	3.2361	3.5000	5	7	0.02951	0.03299	8	8	4
10997	HCQbRrZ	3	3.2361	3.5000	5	7	0.02951	0.03299	8	10	4
10998	HCQb`tz	3	3.2361	3.5000	5	7	0.02951	0.03299	8	9	4
10999	HCQb`uv	3	3.2361	3.5000	5	7	0.02951	0.03299	8	9	4
11000	HCQbUX^	3	3.2361	3.5000	5	7	0.02951	0.03299	8	9	4
11001	HCQb`vr	3	3.2361	3.5000	5	7	0.02951	0.03299	8	8	4
11002	HCQeQx^	3	3.2361	3.5000	5	7	0.02951	0.03299	8	9	4
11003	HCQeQxn	3	3.2361	3.5000	5	7	0.02951	0.03299	8	10	4
11004	HCQeQzN	3	3.2361	3.5000	5	7	0.02951	0.03299	8	8	4
11005	HCQeQzZ	3	3.2361	3.5000	5	7	0.02951	0.03299	8	10	4
11006	HCQ`fin	3	3.2361	3.5000	5	7	0.02951	0.03299	8	7	4
11007	HCOedr^	3	3.2361	3.5000	5	8	0.02951	0.03299	8	8	4
11008	HCQ`fI~	3	3.2361	3.5000	5	8	0.02951	0.03299	8	8	4
11009	HCQTbI~	3	3.2361	3.5000	5	8	0.02951	0.03299	8	8	4
11010	HCdedq]	3	3.2361	3.5000	5	6	0.02951	0.03299	8	10	4
11011	HCdedqy	3	3.2361	3.5000	5	6	0.02951	0.03299	8	10	4
11012	HCpberX	3	3.2361	3.5000	5	6	0.02951	0.03299	8	10	4
11013	HCQvDht	3	3.2361	3.5000	5	6	0.02951	0.03299	8	10	4
11014	HCQfJif	3	3.2361	3.5000	5	6	0.02951	0.03299	8	9	4
11015	HCQTmi{	3	3.2361	3.5000	5	6	0.02951	0.03299	8	10	4
11016	HCQTmix	3	3.2361	3.5000	5	6	0.02951	0.03299	8	9	4
11017	HCQude]	3	3.2361	3.5000	5	6	0.02951	0.03299	8	10	4
11018	HCQude\	3	3.2361	3.5000	5	6	0.02951	0.03299	8	9	4
11019	HCQUna\	3	3.2361	3.5000	5	6	0.02951	0.03299	8	9	4
11020	HCQvDil	3	3.2361	3.5000	5	6	0.02951	0.03299	8	9	4
11021	HCQVfIV	3	3.2361	3.5000	5	6	0.02951	0.03299	8	9	4
11022	HCRbfJd	3	3.2361	3.5000	5	6	0.02951	0.03299	8	10	4
11023	HCRcsuj	3	3.2361	3.5000	5	6	0.02951	0.03299	8	10	4
11024	HCQVdqV	3	3.2361	3.5000	5	6	0.02951	0.03299	8	10	4
11025	HCQbdez	3	3.2361	3.5000	5	7	0.02951	0.03299	8	8	4
11026	HCQbdi|	3	3.2361	3.5000	5	7	0.02951	0.03299	8	9	4
11027	HCQbdjt	3	3.2361	3.5000	5	7	0.02951	0.03299	8	8	4
11028	HCQbdMn	3	3.2361	3.5000	5	7	0.02951	0.03299	8	8	4
11029	HCQbRfj	3	3.2361	3.5000	5	7	0.02951	0.03299	8	8	4
11030	HCQ`fi|	3	3.2361	3.5000	5	7	0.02951	0.03299	8	7	4
11031	HCpdRxu	3	3.2361	3.5000	5	6	0.02951	0.03299	8	9	4
11032	HCpdVh{	3	3.2361	3.5000	5	6	0.02951	0.03299	8	9	4
11033	HCpUvI{	3	3.2361	3.5000	5	6	0.02951	0.03299	8	8	4
11034	HCQbd^{	3	3.2361	3.5000	5	7	0.02951	0.03299	8	8	4
11035	HCdenP\	3	3.2361	3.5000	5	6	0.02951	0.03299	8	10	4
11036	HCpbdxu	3	3.2361	3.5000	5	6	0.02951	0.03299	8	11	4
11037	HCpbeyy	3	3.2361	3.5000	5	6	0.02951	0.03299	8	11	4
11038	HCpdVXu	3	3.2361	3.5000	5	6	0.02951	0.03299	8	10	4
11039	HCpUtjk	3	3.2361	3.5000	5	6	0.02951	0.03299	8	10	4
11040	HCpdlpV	3	3.2361	3.5000	5	6	0.02951	0.03299	8	9	4
11041	HCpelpr	3	3.2361	3.5000	5	6	0.02951	0.03299	8	9	4
11042	HCpfdZe	3	3.2361	3.5000	5	6	0.02951	0.03299	8	9	4
11043	HCpVTje	3	3.2361	3.5000	5	6	0.02951	0.03299	8	10	4
11044	HCpVTre	3	3.2361	3.5000	5	6	0.02951	0.03299	8	9	4
11045	HCQu^`\	3	3.2361	3.5000	5	6	0.02951	0.03299	8	10	4
11046	HCRejq\	3	3.2361	3.5000	5	6	0.02951	0.03299	8	10	4
11047	HCpdmij	3	3.2361	3.5000	5	6	0.02951	0.03299	8	9	4
11048	HCpejpr	3	3.2361	3.5000	5	6	0.02951	0.03299	8	8	4
11049	HCpfaxr	3	3.2361	3.5000	5	6	0.02951	0.03299	8	9	4
11050	HCpffIj	3	3.2361	3.5000	5	6	0.02951	0.03299	8	8	4
11051	HCRc~Qj	3	3.2361	3.5000	5	6	0.02951	0.03299	8	9	4
11052	HCpbdh}	3	3.2361	3.5000	5	7	0.02951	0.03299	8	9	4
11053	HCpbdjm	3	3.2361	3.5000	5	7	0.02951	0.03299	8	9	4
11054	HCpbeq}	3	3.2361	3.5000	5	7	0.02951	0.03299	8	10	4
11055	HCpdcxz	3	3.2361	3.5000	5	7	0.02951	0.03299	8	8	4
11056	HCpdehz	3	3.2361	3.5000	5	7	0.02951	0.03299	8	8	4
11057	HCpdRj{	3	3.2361	3.5000	5	7	0.02951	0.03299	8	9	4
11058	HCpdVJ{	3	3.2361	3.5000	5	7	0.02951	0.03299	8	8	4
11059	HCQbd\}	3	3.2361	3.5000	5	7	0.02951	0.03299	8	8	4
11060	HCQbdt}	3	3.2361	3.5000	5	7	0.02951	0.03299	8	8	4
11061	HCQbdv]	3	3.2361	3.5000	5	7	0.02951	0.03299	8	8	4
11062	HCQbdzm	3	3.2361	3.5000	5	7	0.02951	0.03299	8	9	4
11063	HCQbe^y	3	3.2361	3.5000	5	7	0.02951	0.03299	8	8	4
11064	HCQbfjm	3	3.2361	3.5000	5	7	0.02951	0.03299	8	8	4
11065	HCQfJjy	3	3.2361	3.5000	5	7	0.02951	0.03299	8	9	4
11066	HCQvCt|	3	3.2361	3.5000	5	7	0.02951	0.03299	8	9	4
11067	HCQVfH}	3	3.2361	3.5000	5	7	0.02951	0.03299	8	9	4
11068	HCpdmoz	3	3.2361	3.5000	5	6	0.02951	0.03299	8	11	4
11069	HCpdmpr	3	3.2361	3.5000	5	6	0.02951	0.03299	8	11	4
11070	HCpdrhr	3	3.2361	3.5000	5	6	0.02951	0.03299	8	11	4
11071	HCpdupr	3	3.2361	3.5000	5	6	0.02951	0.03299	8	9	4
11072	HCpdupV	3	3.2361	3.5000	5	6	0.02951	0.03299	8	9	4
11073	HCpergz	3	3.2361	3.5000	5	6	0.02951	0.03299	8	11	4
11074	HCpUvJ[	3	3.2361	3.5000	5	6	0.02951	0.03299	8	8	4
11075	HCpVcxN	3	3.2361	3.5000	5	6	0.02951	0.03299	8	9	4
11076	HCpVczi	3	3.2361	3.5000	5	6	0.02951	0.03299	8	10	4
11077	HCpVczM	3	3.2361	3.5000	5	6	0.02951	0.03299	8	9	4
11078	HCpVTrU	3	3.2361	3.5000	5	6	0.02951	0.03299	8	10	4
11079	HCRdmpr	3	3.2361	3.5000	5	6	0.02951	0.03299	8	11	4
11080	HCRdn`r	3	3.2361	3.5000	5	6	0.02951	0.03299	8	9	4
11081	HCRU]o|	3	3.2361	3.5000	5	6	0.02951	0.03299	8	9	4
11082	HCXfUZe	3	3.2361	3.5000	5	6	0.02951	0.03299	8	8	4
11083	HCpbupr	3	3.2361	3.5000	5	6	0.02951	0.03299	8	9	4
11084	HCpbupV	3	3.2361	3.5000	5	6	0.02951	0.03299	8	8	4
11085	HCpdnIj	3	3.2361	3.5000	5	6	0.02951	0.03299	8	9	4
11086	HCpejXr	3	3.2361	3.5000	5	6	0.02951	0.03299	8	9	4
11087	HCpeujh	3	3.2361	3.5000	5	6	0.02951	0.03299	8	8	4
11088	HCpevbh	3	3.2361	3.5000	5	6	0.02951	0.03299	8	9	4
11089	HCpevbL	3	3.2361	3.5000	5	6	0.02951	0.03299	8	9	4
11090	HCpfbhr	3	3.2361	3.5000	5	6	0.02951	0.03299	8	9	4
11091	HCpUvJh	3	3.2361	3.5000	5	6	0.02951	0.03299	8	9	4
11092	HCpVUjq	3	3.2361	3.5000	5	6	0.02951	0.03299	8	10	4
11093	HCRbmrd	3	3.2361	3.5000	5	6	0.02951	0.03299	8	10	4
11094	HCRbnbd	3	3.2361	3.5000	5	6	0.02951	0.03299	8	9	4
11095	HCRejpr	3	3.2361	3.5000	5	6	0.02951	0.03299	8	9	4
11096	HCRempr	3	3.2361	3.5000	5	6	0.02951	0.03299	8	8	4
11097	HCRen`r	3	3.2361	3.5000	5	6	0.02951	0.03299	8	8	4
11098	HCRen_v	3	3.2361	3.5000	5	6	0.02951	0.03299	8	8	4
11099	HCRen`Z	3	3.2361	3.5000	5	6	0.02951	0.03299	8	9	4
11100	HCRfLql	3	3.2361	3.5000	5	6	0.02951	0.03299	8	10	4
11101	HCRfMpt	3	3.2361	3.5000	5	6	0.02951	0.03299	8	10	4
11102	HCpUvJb	3	3.2361	3.5000	5	6	0.02951	0.03299	8	9	4
11103	HCRenbL	3	3.2361	3.5000	5	6	0.02951	0.03299	8	8	4
11104	HCpbbN{	3	3.2361	3.5000	5	7	0.02951	0.03299	8	10	4
11105	HCpber]	3	3.2361	3.5000	5	7	0.02951	0.03299	8	8	4
11106	HCpberm	3	3.2361	3.5000	5	7	0.02951	0.03299	8	10	4
11107	HCpbery	3	3.2361	3.5000	5	7	0.02951	0.03299	8	9	4
11108	HCpbQy|	3	3.2361	3.5000	5	7	0.02951	0.03299	8	10	4
11109	HCpbQyn	3	3.2361	3.5000	5	7	0.02951	0.03299	8	8	4
11110	HCpbRf\	3	3.2361	3.5000	5	7	0.02951	0.03299	8	9	4
11111	HCpbRfl	3	3.2361	3.5000	5	7	0.02951	0.03299	8	8	4
11112	HCpbRft	3	3.2361	3.5000	5	7	0.02951	0.03299	8	9	4
11113	HCpbUW~	3	3.2361	3.5000	5	7	0.02951	0.03299	8	8	4
11114	HCpdcx|	3	3.2361	3.5000	5	7	0.02951	0.03299	8	10	4
11115	HCpdcxn	3	3.2361	3.5000	5	7	0.02951	0.03299	8	10	4
11116	HCpdcxv	3	3.2361	3.5000	5	7	0.02951	0.03299	8	10	4
11117	HCpddp|	3	3.2361	3.5000	5	7	0.02951	0.03299	8	10	4
11118	HCpddpv	3	3.2361	3.5000	5	7	0.02951	0.03299	8	10	4
11119	HCpddpz	3	3.2361	3.5000	5	7	0.02951	0.03299	8	8	4
11120	HCpddVt	3	3.2361	3.5000	5	7	0.02951	0.03299	8	8	4
11121	HCpdein	3	3.2361	3.5000	5	7	0.02951	0.03299	8	9	4
11122	HCpdejj	3	3.2361	3.5000	5	7	0.02951	0.03299	8	9	4
11123	HCpdRjx	3	3.2361	3.5000	5	7	0.02951	0.03299	8	9	4
11124	HCpdRX}	3	3.2361	3.5000	5	7	0.02951	0.03299	8	8	4
11125	HCpdRZ{	3	3.2361	3.5000	5	7	0.02951	0.03299	8	9	4
11126	HCpdVJx	3	3.2361	3.5000	5	7	0.02951	0.03299	8	8	4
11127	HCQbbvm	3	3.2361	3.5000	5	7	0.02951	0.03299	8	9	4
11128	HCQbd^u	3	3.2361	3.5000	5	7	0.02951	0.03299	8	8	4
11129	HCQbdvu	3	3.2361	3.5000	5	7	0.02951	0.03299	8	8	4
11130	HCQbdzu	3	3.2361	3.5000	5	7	0.02951	0.03299	8	9	4
11131	HCQbet}	3	3.2361	3.5000	5	7	0.02951	0.03299	8	9	4
11132	HCQbeu}	3	3.2361	3.5000	5	7	0.02951	0.03299	8	9	4
11133	HCQbev]	3	3.2361	3.5000	5	7	0.02951	0.03299	8	7	4
11134	HCQbevm	3	3.2361	3.5000	5	7	0.02951	0.03299	8	9	4
11135	HCQbfe}	3	3.2361	3.5000	5	7	0.02951	0.03299	8	8	4
11136	HCQbffm	3	3.2361	3.5000	5	7	0.02951	0.03299	8	8	4
11137	HCQbfju	3	3.2361	3.5000	5	7	0.02951	0.03299	8	7	4
11138	HCQbfM}	3	3.2361	3.5000	5	7	0.02951	0.03299	8	8	4
11139	HCQbfNm	3	3.2361	3.5000	5	7	0.02951	0.03299	8	7	4
11140	HCQbfVu	3	3.2361	3.5000	5	7	0.02951	0.03299	8	8	4
11141	HCQbfZu	3	3.2361	3.5000	5	7	0.02951	0.03299	8	9	4
11142	HCQe^Rr	3	3.2361	3.5000	5	7	0.02951	0.03299	8	8	4
11143	HCQe^Rt	3	3.2361	3.5000	5	7	0.02951	0.03299	8	9	4
11144	HCQfJhz	3	3.2361	3.5000	5	7	0.02951	0.03299	8	9	4
11145	HCQfLZy	3	3.2361	3.5000	5	7	0.02951	0.03299	8	10	4
11146	HCQvCs~	3	3.2361	3.5000	5	7	0.02951	0.03299	8	7	4
11147	HCQvCtn	3	3.2361	3.5000	5	7	0.02951	0.03299	8	9	4
11148	HCQvCtv	3	3.2361	3.5000	5	7	0.02951	0.03299	8	8	4
11149	HCQvCtz	3	3.2361	3.5000	5	7	0.02951	0.03299	8	9	4
11150	HCQvEc~	3	3.2361	3.5000	5	7	0.02951	0.03299	8	8	4
11151	HCQvEfl	3	3.2361	3.5000	5	7	0.02951	0.03299	8	9	4
11152	HCQvEfy	3	3.2361	3.5000	5	7	0.02951	0.03299	8	8	4
11153	HCQVfH^	3	3.2361	3.5000	5	7	0.02951	0.03299	8	8	4
11154	HCRbdh}	3	3.2361	3.5000	5	7	0.02951	0.03299	8	10	4
11155	HCRbdj]	3	3.2361	3.5000	5	7	0.02951	0.03299	8	10	4
11156	HCRbdjm	3	3.2361	3.5000	5	7	0.02951	0.03299	8	10	4
11157	HCRberu	3	3.2361	3.5000	5	7	0.02951	0.03299	8	9	4
11158	HCRcuhz	3	3.2361	3.5000	5	7	0.02951	0.03299	8	10	4
11159	HCRcuj{	3	3.2361	3.5000	5	7	0.02951	0.03299	8	8	4
11160	HCRVBhz	3	3.2361	3.5000	5	7	0.02951	0.03299	8	9	4
11161	HCRVBjj	3	3.2361	3.5000	5	7	0.02951	0.03299	8	9	4
11162	HCRVBjZ	3	3.2361	3.5000	5	7	0.02951	0.03299	8	8	4
11163	HCQbdvl	3	3.2361	3.5000	5	7	0.02951	0.03299	8	8	4
11164	HCQbe]z	3	3.2361	3.5000	5	7	0.02951	0.03299	8	7	4
11165	HCQbfd|	3	3.2361	3.5000	5	7	0.02951	0.03299	8	7	4
11166	HCQbfNx	3	3.2361	3.5000	5	7	0.02951	0.03299	8	7	4
11167	HCQb`v}	3	3.2361	3.5000	5	8	0.02951	0.03299	8	8	4
11168	HCQ`fZ}	3	3.2361	3.5000	5	8	0.02951	0.03299	8	9	4
11169	HCpfJYj	3	3.2361	3.5000	5	6	0.02951	0.03299	8	9	4
11170	HCpfRZe	3	3.2361	3.5000	5	6	0.02951	0.03299	8	10	4
11171	HCpVUj[	3	3.2361	3.5000	5	6	0.02951	0.03299	8	10	4
11172	HCperhr	3	3.2361	3.5000	5	6	0.02951	0.03299	8	11	4
11173	HCpVUrU	3	3.2361	3.5000	5	6	0.02951	0.03299	8	9	4
11174	HCQvBne	3	3.2361	3.5000	5	6	0.02951	0.03299	8	9	4
11175	HCRbb]u	3	3.2361	3.5000	5	6	0.02951	0.03299	8	11	4
11176	HCRbdnU	3	3.2361	3.5000	5	6	0.02951	0.03299	8	8	4
11177	HCRdnbd	3	3.2361	3.5000	5	6	0.02951	0.03299	8	9	4
11178	HCRSr^M	3	3.2361	3.5000	5	6	0.02951	0.03299	8	10	4
11179	HCRSvL]	3	3.2361	3.5000	5	6	0.02951	0.03299	8	9	4
11180	HCRU^`\	3	3.2361	3.5000	5	6	0.02951	0.03299	8	10	4
11181	HCpVUjb	3	3.2361	3.5000	5	6	0.02951	0.03299	8	9	4
11182	HCRenbd	3	3.2361	3.5000	5	6	0.02951	0.03299	8	9	4
11183	HCRU]rd	3	3.2361	3.5000	5	6	0.02951	0.03299	8	8	4
11184	HCpbbNy	3	3.2361	3.5000	5	7	0.02951	0.03299	8	10	4
11185	HCQbevu	3	3.2361	3.5000	5	7	0.02951	0.03299	8	9	4
11186	HCQbffu	3	3.2361	3.5000	5	7	0.02951	0.03299	8	7	4
11187	HCQbfNu	3	3.2361	3.5000	5	7	0.02951	0.03299	8	7	4
11188	HCQfJjr	3	3.2361	3.5000	5	7	0.02951	0.03299	8	7	4
11189	HCQfLZZ	3	3.2361	3.5000	5	7	0.02951	0.03299	8	10	4
11190	HCQUuXv	3	3.2361	3.5000	5	7	0.02951	0.03299	8	9	4
11191	HCQvDZj	3	3.2361	3.5000	5	7	0.02951	0.03299	8	9	4
11192	HCQVfHv	3	3.2361	3.5000	5	7	0.02951	0.03299	8	8	4
11193	HCRbdju	3	3.2361	3.5000	5	7	0.02951	0.03299	8	9	4
11194	HCRctVl	3	3.2361	3.5000	5	7	0.02951	0.03299	8	10	4
11195	HCRUQzr	3	3.2361	3.5000	5	7	0.02951	0.03299	8	9	4
11196	HCRVBjr	3	3.2361	3.5000	5	7	0.02951	0.03299	8	8	4
11197	HCQbbu|	3	3.2361	3.5000	5	7	0.02951	0.03299	8	9	4
11198	HCQbbvt	3	3.2361	3.5000	5	7	0.02951	0.03299	8	8	4
11199	HCQbeun	3	3.2361	3.5000	5	7	0.02951	0.03299	8	8	4
11200	HCQbfZr	3	3.2361	3.5000	5	7	0.02951	0.03299	8	8	4
11201	HCQbbf}	3	3.2361	3.5000	5	8	0.02951	0.03299	8	8	4
11202	HCQbcvn	3	3.2361	3.5000	5	8	0.02951	0.03299	8	8	4
11203	HCQbdZz	3	3.2361	3.5000	5	8	0.02951	0.03299	8	8	4
11204	HCQbfJz	3	3.2361	3.5000	5	8	0.02951	0.03299	8	8	4
11205	HCQbRf|	3	3.2361	3.5000	5	8	0.02951	0.03299	8	8	4
11206	HCXb^Rd	3	3.2361	3.5000	5	6	0.02951	0.03299	8	8	4
11207	HCpVbZY	3	3.2361	3.5000	5	6	0.02951	0.03299	8	10	4
11208	HCpbtqj	3	3.2361	3.5000	5	6	0.02951	0.03299	8	8	4
11209	HCpdlqj	3	3.2361	3.5000	5	6	0.02951	0.03299	8	9	4
11210	HCpdnHV	3	3.2361	3.5000	5	6	0.02951	0.03299	8	9	4
11211	HCpelqj	3	3.2361	3.5000	5	6	0.02951	0.03299	8	10	4
11212	HCpeujq	3	3.2361	3.5000	5	6	0.02951	0.03299	8	9	4
11213	HCpevbU	3	3.2361	3.5000	5	6	0.02951	0.03299	8	8	4
11214	HCpfaxV	3	3.2361	3.5000	5	6	0.02951	0.03299	8	9	4
11215	HCpfbhV	3	3.2361	3.5000	5	6	0.02951	0.03299	8	9	4
11216	HCpfIzM	3	3.2361	3.5000	5	6	0.02951	0.03299	8	10	4
11217	HCpfVJL	3	3.2361	3.5000	5	6	0.02951	0.03299	8	10	4
11218	HCpUvJU	3	3.2361	3.5000	5	6	0.02951	0.03299	8	9	4
11219	HCpVVbT	3	3.2361	3.5000	5	6	0.02951	0.03299	8	9	4
11220	HCRbnbU	3	3.2361	3.5000	5	6	0.02951	0.03299	8	8	4
11221	HCRc~RM	3	3.2361	3.5000	5	6	0.02951	0.03299	8	9	4
11222	HCRelq\	3	3.2361	3.5000	5	6	0.02951	0.03299	8	10	4
11223	HCRevbU	3	3.2361	3.5000	5	6	0.02951	0.03299	8	8	4
11224	HCRU^aZ	3	3.2361	3.5000	5	6	0.02951	0.03299	8	9	4
11225	HCRVTqZ	3	3.2361	3.5000	5	6	0.02951	0.03299	8	10	4
11226	HCZJepZ	3	3.2361	3.5000	5	6	0.02951	0.03299	8	9	4
11227	HCZVDZL	3	3.2361	3.5000	5	6	0.02951	0.03299	8	9	4
11228	HCRenaf	3	3.2361	3.5000	5	6	0.02951	0.03299	8	9	4
11229	HCRen`f	3	3.2361	3.5000	5	6	0.02951	0.03299	8	8	4
11230	HCpbdhn	3	3.2361	3.5000	5	7	0.02951	0.03299	8	9	4
11231	HCpbdhv	3	3.2361	3.5000	5	7	0.02951	0.03299	8	9	4
11232	HCpbdiz	3	3.2361	3.5000	5	7	0.02951	0.03299	8	9	4
11233	HCpbdjr	3	3.2361	3.5000	5	7	0.02951	0.03299	8	8	4
11234	HCpbep^	3	3.2361	3.5000	5	7	0.02951	0.03299	8	9	4
11235	HCpbepn	3	3.2361	3.5000	5	7	0.02951	0.03299	8	10	4
11236	HCpbepz	3	3.2361	3.5000	5	7	0.02951	0.03299	8	9	4
11237	HCpberr	3	3.2361	3.5000	5	7	0.02951	0.03299	8	9	4
11238	HCpbert	3	3.2361	3.5000	5	7	0.02951	0.03299	8	8	4
11239	HCpberV	3	3.2361	3.5000	5	7	0.02951	0.03299	8	8	4
11240	HCpbQzm	3	3.2361	3.5000	5	7	0.02951	0.03299	8	10	4
11241	HCpbRen	3	3.2361	3.5000	5	7	0.02951	0.03299	8	7	4
11242	HCpbRez	3	3.2361	3.5000	5	7	0.02951	0.03299	8	9	4
11243	HCpbRfm	3	3.2361	3.5000	5	7	0.02951	0.03299	8	9	4
11244	HCpbUY^	3	3.2361	3.5000	5	7	0.02951	0.03299	8	8	4
11245	HCpdcyn	3	3.2361	3.5000	5	7	0.02951	0.03299	8	8	4
11246	HCpdcz]	3	3.2361	3.5000	5	7	0.02951	0.03299	8	8	4
11247	HCpdczj	3	3.2361	3.5000	5	7	0.02951	0.03299	8	8	4
11248	HCpdczl	3	3.2361	3.5000	5	7	0.02951	0.03299	8	10	4
11249	HCpdczy	3	3.2361	3.5000	5	7	0.02951	0.03299	8	10	4
11250	HCpddqn	3	3.2361	3.5000	5	7	0.02951	0.03299	8	8	4
11251	HCpddr]	3	3.2361	3.5000	5	7	0.02951	0.03299	8	10	4
11252	HCpddrj	3	3.2361	3.5000	5	7	0.02951	0.03299	8	8	4
11253	HCpddry	3	3.2361	3.5000	5	7	0.02951	0.03299	8	8	4
11254	HCpddVx	3	3.2361	3.5000	5	7	0.02951	0.03299	8	8	4
11255	HCpdeh^	3	3.2361	3.5000	5	7	0.02951	0.03299	8	9	4
11256	HCpdehv	3	3.2361	3.5000	5	7	0.02951	0.03299	8	10	4
11257	HCpdejf	3	3.2361	3.5000	5	7	0.02951	0.03299	8	9	4
11258	HCpdejN	3	3.2361	3.5000	5	7	0.02951	0.03299	8	9	4
11259	HCpdejx	3	3.2361	3.5000	5	7	0.02951	0.03299	8	8	4
11260	HCpdRjj	3	3.2361	3.5000	5	7	0.02951	0.03299	8	10	4
11261	HCpdRjm	3	3.2361	3.5000	5	7	0.02951	0.03299	8	11	4
11262	HCpdRW~	3	3.2361	3.5000	5	7	0.02951	0.03299	8	9	4
11263	HCpdVJm	3	3.2361	3.5000	5	7	0.02951	0.03299	8	9	4
11264	HCQe^Rf	3	3.2361	3.5000	5	7	0.02951	0.03299	8	8	4
11265	HCQe^RV	3	3.2361	3.5000	5	7	0.02951	0.03299	8	8	4
11266	HCQfJjN	3	3.2361	3.5000	5	7	0.02951	0.03299	8	8	4
11267	HCQfJjt	3	3.2361	3.5000	5	7	0.02951	0.03299	8	8	4
11268	HCQfJjV	3	3.2361	3.5000	5	7	0.02951	0.03299	8	8	4
11269	HCQuczj	3	3.2361	3.5000	5	7	0.02951	0.03299	8	10	4
11270	HCQuQzx	3	3.2361	3.5000	5	7	0.02951	0.03299	8	10	4
11271	HCQvCun	3	3.2361	3.5000	5	7	0.02951	0.03299	8	8	4
11272	HCQvCv]	3	3.2361	3.5000	5	7	0.02951	0.03299	8	7	4
11273	HCQvCvf	3	3.2361	3.5000	5	7	0.02951	0.03299	8	8	4
11274	HCQvCvj	3	3.2361	3.5000	5	7	0.02951	0.03299	8	9	4
11275	HCQvCvu	3	3.2361	3.5000	5	7	0.02951	0.03299	8	9	4
11276	HCQvDZu	3	3.2361	3.5000	5	7	0.02951	0.03299	8	9	4
11277	HCQvEd^	3	3.2361	3.5000	5	7	0.02951	0.03299	8	9	4
11278	HCQvEe}	3	3.2361	3.5000	5	7	0.02951	0.03299	8	10	4
11279	HCQvEen	3	3.2361	3.5000	5	7	0.02951	0.03299	8	9	4
11280	HCQvEfu	3	3.2361	3.5000	5	7	0.02951	0.03299	8	9	4
11281	HCQvEfx	3	3.2361	3.5000	5	7	0.02951	0.03299	8	8	4
11282	HCQVfJr	3	3.2361	3.5000	5	7	0.02951	0.03299	8	8	4
11283	HCQVfJZ	3	3.2361	3.5000	5	7	0.02951	0.03299	8	8	4
11284	HCRbdhn	3	3.2361	3.5000	5	7	0.02951	0.03299	8	10	4
11285	HCRbdhv	3	3.2361	3.5000	5	7	0.02951	0.03299	8	9	4
11286	HCRbdjr	3	3.2361	3.5000	5	7	0.02951	0.03299	8	9	4
11287	HCRbepn	3	3.2361	3.5000	5	7	0.02951	0.03299	8	9	4
11288	HCRberl	3	3.2361	3.5000	5	7	0.02951	0.03299	8	9	4
11289	HCRberN	3	3.2361	3.5000	5	7	0.02951	0.03299	8	8	4
11290	HCRbert	3	3.2361	3.5000	5	7	0.02951	0.03299	8	8	4
11291	HCRberV	3	3.2361	3.5000	5	7	0.02951	0.03299	8	7	4
11292	HCRctV]	3	3.2361	3.5000	5	7	0.02951	0.03299	8	10	4
11293	HCRctVf	3	3.2361	3.5000	5	7	0.02951	0.03299	8	9	4
11294	HCRcuhv	3	3.2361	3.5000	5	7	0.02951	0.03299	8	8	4
11295	HCRcuju	3	3.2361	3.5000	5	7	0.02951	0.03299	8	8	4
11296	HCRcujx	3	3.2361	3.5000	5	7	0.02951	0.03299	8	8	4
11297	HCRUQz{	3	3.2361	3.5000	5	7	0.02951	0.03299	8	9	4
11298	HCRUQzx	3	3.2361	3.5000	5	7	0.02951	0.03299	8	9	4
11299	HCR`urt	3	3.2361	3.5000	5	7	0.02951	0.03299	8	8	4
11300	HCR`urV	3	3.2361	3.5000	5	7	0.02951	0.03299	8	7	4
11301	HCRVBhn	3	3.2361	3.5000	5	7	0.02951	0.03299	8	9	4
11302	HCRVBj]	3	3.2361	3.5000	5	7	0.02951	0.03299	8	9	4
11303	HCRVBjf	3	3.2361	3.5000	5	7	0.02951	0.03299	8	8	4
11304	HCRVBjN	3	3.2361	3.5000	5	7	0.02951	0.03299	8	8	4
11305	HCRVBju	3	3.2361	3.5000	5	7	0.02951	0.03299	8	8	4
11306	HCQbbvx	3	3.2361	3.5000	5	7	0.02951	0.03299	8	8	4
11307	HCQbd]^	3	3.2361	3.5000	5	7	0.02951	0.03299	8	7	4
11308	HCQbd^r	3	3.2361	3.5000	5	7	0.02951	0.03299	8	7	4
11309	HCQbdu|	3	3.2361	3.5000	5	7	0.02951	0.03299	8	8	4
11310	HCQbd^V	3	3.2361	3.5000	5	7	0.02951	0.03299	8	7	4
11311	HCQbdvf	3	3.2361	3.5000	5	7	0.02951	0.03299	8	7	4
11312	HCQbd]z	3	3.2361	3.5000	5	7	0.02951	0.03299	8	7	4
11313	HCQbd\z	3	3.2361	3.5000	5	7	0.02951	0.03299	8	8	4
11314	HCQbe]n	3	3.2361	3.5000	5	7	0.02951	0.03299	8	7	4
11315	HCQbes~	3	3.2361	3.5000	5	7	0.02951	0.03299	8	8	4
11316	HCQbet|	3	3.2361	3.5000	5	7	0.02951	0.03299	8	8	4
11317	HCQbevt	3	3.2361	3.5000	5	7	0.02951	0.03299	8	8	4
11318	HCQbfe|	3	3.2361	3.5000	5	7	0.02951	0.03299	8	8	4
11319	HCQbfft	3	3.2361	3.5000	5	7	0.02951	0.03299	8	7	4
11320	HCQbffx	3	3.2361	3.5000	5	7	0.02951	0.03299	8	6	4
11321	HCQbfL|	3	3.2361	3.5000	5	7	0.02951	0.03299	8	7	4
11322	HCQbfqv	3	3.2361	3.5000	5	7	0.02951	0.03299	8	8	4
11323	HCQbfUv	3	3.2361	3.5000	5	7	0.02951	0.03299	8	8	4
11324	HCQbfVl	3	3.2361	3.5000	5	7	0.02951	0.03299	8	8	4
11325	HCQbfVV	3	3.2361	3.5000	5	7	0.02951	0.03299	8	7	4
11326	HCQbfZx	3	3.2361	3.5000	5	7	0.02951	0.03299	8	8	4
11327	HCdebR|	3	3.2361	3.5000	5	8	0.02951	0.03299	8	9	4
11328	HCQbct~	3	3.2361	3.5000	5	8	0.02951	0.03299	8	8	4
11329	HCQbeVv	3	3.2361	3.5000	5	8	0.02951	0.03299	8	8	4
11330	HCQbfH~	3	3.2361	3.5000	5	8	0.02951	0.03299	8	8	4
11331	HCQbQz|	3	3.2361	3.5000	5	8	0.02951	0.03299	8	9	4
11332	HCQbRe~	3	3.2361	3.5000	5	8	0.02951	0.03299	8	8	4
11333	HCQb`vn	3	3.2361	3.5000	5	8	0.02951	0.03299	8	8	4
11334	HCQeQz|	3	3.2361	3.5000	5	8	0.02951	0.03299	8	9	4
11335	HCQ`frv	3	3.2361	3.5000	5	8	0.02951	0.03299	8	8	4
11336	H?bAVr~	4	4.2361	4.5000	5	9	0.02951	0.03299	8	5	5
11337	HCQbRb~	3	3.2361	3.5000	5	9	0.02951	0.03299	8	7	4
11338	HCQ`fR~	3	3.2361	3.5000	5	9	0.02951	0.03299	8	8	4
11339	HCpVbZL	3	3.2361	3.5000	5	6	0.02951	0.03299	8	10	4
11340	HCpVTjY	3	3.2361	3.5000	5	6	0.02951	0.03299	8	12	4
11341	HCqjbfb	3	3.2361	3.5000	5	6	0.02951	0.03299	8	11	4
11342	HCpVbXN	3	3.2361	3.5000	5	6	0.02951	0.03299	8	10	4
11343	HCpVVbi	3	3.2361	3.5000	5	6	0.02951	0.03299	8	9	4
11344	HCpVVbM	3	3.2361	3.5000	5	6	0.02951	0.03299	8	9	4
11345	HCQunQ\	3	3.2361	3.5000	5	6	0.02951	0.03299	8	12	4
11346	HCRenar	3	3.2361	3.5000	5	6	0.02951	0.03299	8	9	4
11347	HCRenau	3	3.2361	3.5000	5	6	0.02951	0.03299	8	9	4
11348	HCrJaxZ	3	3.2361	3.5000	5	6	0.02951	0.03299	8	10	4
11349	HCZTcyl	3	3.2361	3.5000	5	6	0.02951	0.03299	8	10	4
11350	HCZTdix	3	3.2361	3.5000	5	6	0.02951	0.03299	8	10	4
11351	HCpduqj	3	3.2361	3.5000	5	6	0.02951	0.03299	8	9	4
11352	HCpdvQj	3	3.2361	3.5000	5	6	0.02951	0.03299	8	9	4
11353	HCpfIxV	3	3.2361	3.5000	5	6	0.02951	0.03299	8	9	4
11354	HCpVUrL	3	3.2361	3.5000	5	6	0.02951	0.03299	8	9	4
11355	HCpVVbJ	3	3.2361	3.5000	5	6	0.02951	0.03299	8	9	4
11356	HCRenbR	3	3.2361	3.5000	5	6	0.02951	0.03299	8	9	4
11357	HCRenRM	3	3.2361	3.5000	5	6	0.02951	0.03299	8	9	4
11358	HCRfNbU	3	3.2361	3.5000	5	6	0.02951	0.03299	8	9	4
11359	HCdedfN	3	3.2361	3.5000	5	7	0.02951	0.03299	8	9	4
11360	HCpbbLz	3	3.2361	3.5000	5	7	0.02951	0.03299	8	9	4
11361	HCpbbNj	3	3.2361	3.5000	5	7	0.02951	0.03299	8	8	4
11362	HCpbbNl	3	3.2361	3.5000	5	7	0.02951	0.03299	8	10	4
11363	HCpbbNr	3	3.2361	3.5000	5	7	0.02951	0.03299	8	9	4
11364	HCpbbNt	3	3.2361	3.5000	5	7	0.02951	0.03299	8	8	4
11365	HCpbdiv	3	3.2361	3.5000	5	7	0.02951	0.03299	8	9	4
11366	HCpbeq|	3	3.2361	3.5000	5	7	0.02951	0.03299	8	10	4
11367	HCpbeqz	3	3.2361	3.5000	5	7	0.02951	0.03299	8	10	4
11368	HCpberj	3	3.2361	3.5000	5	7	0.02951	0.03299	8	8	4
11369	HCpberl	3	3.2361	3.5000	5	7	0.02951	0.03299	8	10	4
11370	HCpberN	3	3.2361	3.5000	5	7	0.02951	0.03299	8	9	4
11371	HCpbQx|	3	3.2361	3.5000	5	7	0.02951	0.03299	8	9	4
11372	HCpbQz\	3	3.2361	3.5000	5	7	0.02951	0.03299	8	10	4
11373	HCpbQzl	3	3.2361	3.5000	5	7	0.02951	0.03299	8	8	4
11374	HCpbRd^	3	3.2361	3.5000	5	7	0.02951	0.03299	8	8	4
11375	HCpbRdv	3	3.2361	3.5000	5	7	0.02951	0.03299	8	9	4
11376	HCpbRfN	3	3.2361	3.5000	5	7	0.02951	0.03299	8	8	4
11377	HCpbRfr	3	3.2361	3.5000	5	7	0.02951	0.03299	8	8	4
11378	HCpbRfZ	3	3.2361	3.5000	5	7	0.02951	0.03299	8	9	4
11379	HCpbUX|	3	3.2361	3.5000	5	7	0.02951	0.03299	8	8	4
11380	HCpbUZx	3	3.2361	3.5000	5	7	0.02951	0.03299	8	8	4
11381	HCpdcy|	3	3.2361	3.5000	5	7	0.02951	0.03299	8	9	4
11382	HCpdcyv	3	3.2361	3.5000	5	7	0.02951	0.03299	8	10	4
11383	HCpdcz\	3	3.2361	3.5000	5	7	0.02951	0.03299	8	10	4
11384	HCpdczV	3	3.2361	3.5000	5	7	0.02951	0.03299	8	8	4
11385	HCpddq|	3	3.2361	3.5000	5	7	0.02951	0.03299	8	9	4
11386	HCpddqv	3	3.2361	3.5000	5	7	0.02951	0.03299	8	10	4
11387	HCpddr\	3	3.2361	3.5000	5	7	0.02951	0.03299	8	10	4
11388	HCpddrV	3	3.2361	3.5000	5	7	0.02951	0.03299	8	8	4
11389	HCpddrx	3	3.2361	3.5000	5	7	0.02951	0.03299	8	9	4
11390	HCpdei^	3	3.2361	3.5000	5	7	0.02951	0.03299	8	9	4
11391	HCpdejr	3	3.2361	3.5000	5	7	0.02951	0.03299	8	9	4
11392	HCpdRjl	3	3.2361	3.5000	5	7	0.02951	0.03299	8	10	4
11393	HCpdRX^	3	3.2361	3.5000	5	7	0.02951	0.03299	8	9	4
11394	HCpdVH|	3	3.2361	3.5000	5	7	0.02951	0.03299	8	10	4
11395	HCQe^Pz	3	3.2361	3.5000	5	7	0.02951	0.03299	8	9	4
11396	HCQfJhn	3	3.2361	3.5000	5	7	0.02951	0.03299	8	9	4
11397	HCQfJhv	3	3.2361	3.5000	5	7	0.02951	0.03299	8	8	4
11398	HCQfJjm	3	3.2361	3.5000	5	7	0.02951	0.03299	8	9	4
11399	HCQfJju	3	3.2361	3.5000	5	7	0.02951	0.03299	8	8	4
11400	HCQfLXn	3	3.2361	3.5000	5	7	0.02951	0.03299	8	10	4
11401	HCQfLZm	3	3.2361	3.5000	5	7	0.02951	0.03299	8	9	4
11402	HCQfLZN	3	3.2361	3.5000	5	7	0.02951	0.03299	8	8	4
11403	HCQfLZu	3	3.2361	3.5000	5	7	0.02951	0.03299	8	10	4
11404	HCQfLZV	3	3.2361	3.5000	5	7	0.02951	0.03299	8	9	4
11405	HCQuczx	3	3.2361	3.5000	5	7	0.02951	0.03299	8	9	4
11406	HCQudq|	3	3.2361	3.5000	5	7	0.02951	0.03299	8	10	4
11407	HCQudqz	3	3.2361	3.5000	5	7	0.02951	0.03299	8	9	4
11408	HCQudr]	3	3.2361	3.5000	5	7	0.02951	0.03299	8	10	4
11409	HCQudr\	3	3.2361	3.5000	5	7	0.02951	0.03299	8	8	4
11410	HCQudrr	3	3.2361	3.5000	5	7	0.02951	0.03299	8	8	4
11411	HCQudru	3	3.2361	3.5000	5	7	0.02951	0.03299	8	10	4
11412	HCQudrZ	3	3.2361	3.5000	5	7	0.02951	0.03299	8	10	4
11413	HCQuQxz	3	3.2361	3.5000	5	7	0.02951	0.03299	8	12	4
11414	HCQvCu|	3	3.2361	3.5000	5	7	0.02951	0.03299	8	9	4
11415	HCQvCuz	3	3.2361	3.5000	5	7	0.02951	0.03299	8	8	4
11416	HCQvCv\	3	3.2361	3.5000	5	7	0.02951	0.03299	8	9	4
11417	HCQvCvr	3	3.2361	3.5000	5	7	0.02951	0.03299	8	8	4
11418	HCQvCvZ	3	3.2361	3.5000	5	7	0.02951	0.03299	8	9	4
11419	HCQVdr]	3	3.2361	3.5000	5	7	0.02951	0.03299	8	10	4
11420	HCQVdrr	3	3.2361	3.5000	5	7	0.02951	0.03299	8	9	4
11421	HCQVdru	3	3.2361	3.5000	5	7	0.02951	0.03299	8	10	4
11422	HCQVdrZ	3	3.2361	3.5000	5	7	0.02951	0.03299	8	8	4
11423	HCQvDY^	3	3.2361	3.5000	5	7	0.02951	0.03299	8	8	4
11424	HCQvDYn	3	3.2361	3.5000	5	7	0.02951	0.03299	8	8	4
11425	HCQvDZ\	3	3.2361	3.5000	5	7	0.02951	0.03299	8	9	4
11426	HCQvDZf	3	3.2361	3.5000	5	7	0.02951	0.03299	8	8	4
11427	HCQvDZl	3	3.2361	3.5000	5	7	0.02951	0.03299	8	8	4
11428	HCQvDZV	3	3.2361	3.5000	5	7	0.02951	0.03299	8	8	4
11429	HCQvEe|	3	3.2361	3.5000	5	7	0.02951	0.03299	8	10	4
11430	HCQvEez	3	3.2361	3.5000	5	7	0.02951	0.03299	8	8	4
11431	HCQvEfN	3	3.2361	3.5000	5	7	0.02951	0.03299	8	9	4
11432	HCQvEft	3	3.2361	3.5000	5	7	0.02951	0.03299	8	9	4
11433	HCQVfJ]	3	3.2361	3.5000	5	7	0.02951	0.03299	8	9	4
11434	HCQVfJu	3	3.2361	3.5000	5	7	0.02951	0.03299	8	8	4
11435	HCRbdj\	3	3.2361	3.5000	5	7	0.02951	0.03299	8	10	4
11436	HCRbdjf	3	3.2361	3.5000	5	7	0.02951	0.03299	8	9	4
11437	HCRbdjl	3	3.2361	3.5000	5	7	0.02951	0.03299	8	10	4
11438	HCRbdjV	3	3.2361	3.5000	5	7	0.02951	0.03299	8	8	4
11439	HCRber\	3	3.2361	3.5000	5	7	0.02951	0.03299	8	9	4
11440	HCRbfHn	3	3.2361	3.5000	5	7	0.02951	0.03299	8	10	4
11441	HCRbfHv	3	3.2361	3.5000	5	7	0.02951	0.03299	8	9	4
11442	HCRbfIv	3	3.2361	3.5000	5	7	0.02951	0.03299	8	10	4
11443	HCRbfJ\	3	3.2361	3.5000	5	7	0.02951	0.03299	8	10	4
11444	HCRbfJN	3	3.2361	3.5000	5	7	0.02951	0.03299	8	9	4
11445	HCRbfJV	3	3.2361	3.5000	5	7	0.02951	0.03299	8	8	4
11446	HCRctUn	3	3.2361	3.5000	5	7	0.02951	0.03299	8	9	4
11447	HCRctUv	3	3.2361	3.5000	5	7	0.02951	0.03299	8	10	4
11448	HCRctVj	3	3.2361	3.5000	5	7	0.02951	0.03299	8	9	4
11449	HCRctVN	3	3.2361	3.5000	5	7	0.02951	0.03299	8	8	4
11450	HCRctVV	3	3.2361	3.5000	5	7	0.02951	0.03299	8	9	4
11451	HCRcui|	3	3.2361	3.5000	5	7	0.02951	0.03299	8	8	4
11452	HCRcuiz	3	3.2361	3.5000	5	7	0.02951	0.03299	8	10	4
11453	HCRcujf	3	3.2361	3.5000	5	7	0.02951	0.03299	8	9	4
11454	HCRUQzl	3	3.2361	3.5000	5	7	0.02951	0.03299	8	9	4
11455	HCR`ur\	3	3.2361	3.5000	5	7	0.02951	0.03299	8	8	4
11456	HCRVBh^	3	3.2361	3.5000	5	7	0.02951	0.03299	8	8	4
11457	HCRVBh|	3	3.2361	3.5000	5	7	0.02951	0.03299	8	9	4
11458	HCRVBhv	3	3.2361	3.5000	5	7	0.02951	0.03299	8	8	4
11459	HCRVBiv	3	3.2361	3.5000	5	7	0.02951	0.03299	8	9	4
11460	HCQbbuz	3	3.2361	3.5000	5	7	0.02951	0.03299	8	8	4
11461	HCQbd[~	3	3.2361	3.5000	5	7	0.02951	0.03299	8	7	4
11462	HCQbd]|	3	3.2361	3.5000	5	7	0.02951	0.03299	8	8	4
11463	HCQbd^l	3	3.2361	3.5000	5	7	0.02951	0.03299	8	8	4
11464	HCQbds~	3	3.2361	3.5000	5	7	0.02951	0.03299	8	7	4
11465	HCQbdtv	3	3.2361	3.5000	5	7	0.02951	0.03299	8	7	4
11466	HCQbd\v	3	3.2361	3.5000	5	7	0.02951	0.03299	8	7	4
11467	HCQbdvV	3	3.2361	3.5000	5	7	0.02951	0.03299	8	7	4
11468	HCQbe^j	3	3.2361	3.5000	5	7	0.02951	0.03299	8	7	4
11469	HCQbeu^	3	3.2361	3.5000	5	7	0.02951	0.03299	8	8	4
11470	HCQbeuz	3	3.2361	3.5000	5	7	0.02951	0.03299	8	8	4
11471	HCQbevx	3	3.2361	3.5000	5	7	0.02951	0.03299	8	8	4
11472	HCQbfM|	3	3.2361	3.5000	5	7	0.02951	0.03299	8	8	4
11473	HCQbfNt	3	3.2361	3.5000	5	7	0.02951	0.03299	8	7	4
11474	HCQbfTv	3	3.2361	3.5000	5	7	0.02951	0.03299	8	7	4
11475	HCQbfVf	3	3.2361	3.5000	5	7	0.02951	0.03299	8	7	4
11476	HCQbfVr	3	3.2361	3.5000	5	7	0.02951	0.03299	8	7	4
11477	HCQbfVZ	3	3.2361	3.5000	5	7	0.02951	0.03299	8	8	4
11478	HCQbfY|	3	3.2361	3.5000	5	7	0.02951	0.03299	8	9	4
11479	HCQbfZt	3	3.2361	3.5000	5	7	0.02951	0.03299	8	8	4
11480	HCdebR}	3	3.2361	3.5000	5	8	0.02951	0.03299	8	9	4
11481	HCdebRz	3	3.2361	3.5000	5	8	0.02951	0.03299	8	9	4
11482	HCOfdrv	3	3.2361	3.5000	5	8	0.02951	0.03299	8	8	4
11483	HCOfdrz	3	3.2361	3.5000	5	8	0.02951	0.03299	8	8	4
11484	HCQbbe~	3	3.2361	3.5000	5	8	0.02951	0.03299	8	8	4
11485	HCQbcu~	3	3.2361	3.5000	5	8	0.02951	0.03299	8	8	4
11486	HCQbcv^	3	3.2361	3.5000	5	8	0.02951	0.03299	8	8	4
11487	HCQbcvv	3	3.2361	3.5000	5	8	0.02951	0.03299	8	8	4
11488	HCQbcvz	3	3.2361	3.5000	5	8	0.02951	0.03299	8	8	4
11489	HCQbdY~	3	3.2361	3.5000	5	8	0.02951	0.03299	8	8	4
11490	HCQbdZ|	3	3.2361	3.5000	5	8	0.02951	0.03299	8	8	4
11491	HCQbdZn	3	3.2361	3.5000	5	8	0.02951	0.03299	8	8	4
11492	HCQbdZv	3	3.2361	3.5000	5	8	0.02951	0.03299	8	8	4
11493	HCQbee~	3	3.2361	3.5000	5	8	0.02951	0.03299	8	8	4
11494	HCQbeT~	3	3.2361	3.5000	5	8	0.02951	0.03299	8	8	4
11495	HCQbeV^	3	3.2361	3.5000	5	8	0.02951	0.03299	8	8	4
11496	HCQbeVn	3	3.2361	3.5000	5	8	0.02951	0.03299	8	8	4
11497	HCQbeVz	3	3.2361	3.5000	5	8	0.02951	0.03299	8	8	4
11498	HCQbfJ|	3	3.2361	3.5000	5	8	0.02951	0.03299	8	8	4
11499	HCQbfJn	3	3.2361	3.5000	5	8	0.02951	0.03299	8	8	4
11500	HCQbfJv	3	3.2361	3.5000	5	8	0.02951	0.03299	8	8	4
11501	HCQbQx~	3	3.2361	3.5000	5	8	0.02951	0.03299	8	9	4
11502	HCQbQz^	3	3.2361	3.5000	5	8	0.02951	0.03299	8	9	4
11503	HCQbQzn	3	3.2361	3.5000	5	8	0.02951	0.03299	8	9	4
11504	HCQbQzz	3	3.2361	3.5000	5	8	0.02951	0.03299	8	9	4
11505	HCQbRp~	3	3.2361	3.5000	5	8	0.02951	0.03299	8	9	4
11506	HCQbRr^	3	3.2361	3.5000	5	8	0.02951	0.03299	8	9	4
11507	HCQbRrn	3	3.2361	3.5000	5	8	0.02951	0.03299	8	9	4
11508	HCQbRrz	3	3.2361	3.5000	5	8	0.02951	0.03299	8	9	4
11509	HCQb`vv	3	3.2361	3.5000	5	8	0.02951	0.03299	8	8	4
11510	HCQb`vz	3	3.2361	3.5000	5	8	0.02951	0.03299	8	8	4
11511	HCQeQx~	3	3.2361	3.5000	5	8	0.02951	0.03299	8	9	4
11512	HCQeQz^	3	3.2361	3.5000	5	8	0.02951	0.03299	8	9	4
11513	HCQeQzn	3	3.2361	3.5000	5	8	0.02951	0.03299	8	9	4
11514	HCQulq\	3	3.2361	3.5000	5	6	0.02951	0.03299	8	10	4
11515	HCRenaV	3	3.2361	3.5000	5	6	0.02951	0.03299	8	9	4
11516	HCRenbU	3	3.2361	3.5000	5	6	0.02951	0.03299	8	9	4
11517	HCpber\	3	3.2361	3.5000	5	7	0.02951	0.03299	8	10	4
11518	HCpberZ	3	3.2361	3.5000	5	7	0.02951	0.03299	8	10	4
11519	HCpbQxn	3	3.2361	3.5000	5	7	0.02951	0.03299	8	10	4
11520	HCpbQzN	3	3.2361	3.5000	5	7	0.02951	0.03299	8	9	4
11521	HCpbRdn	3	3.2361	3.5000	5	7	0.02951	0.03299	8	9	4
11522	HCpbRdz	3	3.2361	3.5000	5	7	0.02951	0.03299	8	8	4
11523	HCpbRfj	3	3.2361	3.5000	5	7	0.02951	0.03299	8	8	4
11524	HCpdcy^	3	3.2361	3.5000	5	7	0.02951	0.03299	8	9	4
11525	HCpdcyz	3	3.2361	3.5000	5	7	0.02951	0.03299	8	10	4
11526	HCpdczZ	3	3.2361	3.5000	5	7	0.02951	0.03299	8	10	4
11527	HCpddqz	3	3.2361	3.5000	5	7	0.02951	0.03299	8	10	4
11528	HCpddrZ	3	3.2361	3.5000	5	7	0.02951	0.03299	8	10	4
11529	HCQfJiv	3	3.2361	3.5000	5	7	0.02951	0.03299	8	9	4
11530	HCQfJjf	3	3.2361	3.5000	5	7	0.02951	0.03299	8	8	4
11531	HCQuczr	3	3.2361	3.5000	5	7	0.02951	0.03299	8	9	4
11532	HCQudq^	3	3.2361	3.5000	5	7	0.02951	0.03299	8	9	4
11533	HCQudqv	3	3.2361	3.5000	5	7	0.02951	0.03299	8	10	4
11534	HCQudrV	3	3.2361	3.5000	5	7	0.02951	0.03299	8	9	4
11535	HCQvCu^	3	3.2361	3.5000	5	7	0.02951	0.03299	8	8	4
11536	HCQvCuv	3	3.2361	3.5000	5	7	0.02951	0.03299	8	9	4
11537	HCQvCvV	3	3.2361	3.5000	5	7	0.02951	0.03299	8	8	4
11538	HCQVdqv	3	3.2361	3.5000	5	7	0.02951	0.03299	8	10	4
11539	HCQVdrV	3	3.2361	3.5000	5	7	0.02951	0.03299	8	9	4
11540	HCQvDY|	3	3.2361	3.5000	5	7	0.02951	0.03299	8	9	4
11541	HCQvDYv	3	3.2361	3.5000	5	7	0.02951	0.03299	8	9	4
11542	HCQvEe^	3	3.2361	3.5000	5	7	0.02951	0.03299	8	9	4
11543	HCQVfIv	3	3.2361	3.5000	5	7	0.02951	0.03299	8	9	4
11544	HCQVfJV	3	3.2361	3.5000	5	7	0.02951	0.03299	8	8	4
11545	HCRbdiv	3	3.2361	3.5000	5	7	0.02951	0.03299	8	10	4
11546	HCRbdjt	3	3.2361	3.5000	5	7	0.02951	0.03299	8	9	4
11547	HCRbfJf	3	3.2361	3.5000	5	7	0.02951	0.03299	8	9	4
11548	HCRbfJl	3	3.2361	3.5000	5	7	0.02951	0.03299	8	10	4
11549	HCRbfJt	3	3.2361	3.5000	5	7	0.02951	0.03299	8	9	4
11550	HCRctU^	3	3.2361	3.5000	5	7	0.02951	0.03299	8	9	4
11551	HCRctUz	3	3.2361	3.5000	5	7	0.02951	0.03299	8	10	4
11552	HCRctVZ	3	3.2361	3.5000	5	7	0.02951	0.03299	8	10	4
11553	HCRVBj\	3	3.2361	3.5000	5	7	0.02951	0.03299	8	9	4
11554	HCRVBjt	3	3.2361	3.5000	5	7	0.02951	0.03299	8	8	4
11555	HCRVBjV	3	3.2361	3.5000	5	7	0.02951	0.03299	8	8	4
11556	HCQbd^f	3	3.2361	3.5000	5	7	0.02951	0.03299	8	7	4
11557	HCQbdm|	3	3.2361	3.5000	5	7	0.02951	0.03299	8	9	4
11558	HCQbd]n	3	3.2361	3.5000	5	7	0.02951	0.03299	8	7	4
11559	HCQbdnt	3	3.2361	3.5000	5	7	0.02951	0.03299	8	8	4
11560	HCQbduv	3	3.2361	3.5000	5	7	0.02951	0.03299	8	8	4
11561	HCQbduz	3	3.2361	3.5000	5	7	0.02951	0.03299	8	7	4
11562	HCQbd]v	3	3.2361	3.5000	5	7	0.02951	0.03299	8	8	4
11563	HCQbdvr	3	3.2361	3.5000	5	7	0.02951	0.03299	8	7	4
11564	HCQbdy|	3	3.2361	3.5000	5	7	0.02951	0.03299	8	9	4
11565	HCQbfjt	3	3.2361	3.5000	5	7	0.02951	0.03299	8	7	4
11566	HCQbfTn	3	3.2361	3.5000	5	7	0.02951	0.03299	8	8	4
11567	HCQbfTz	3	3.2361	3.5000	5	7	0.02951	0.03299	8	8	4
11568	HCQbfVj	3	3.2361	3.5000	5	7	0.02951	0.03299	8	7	4
11569	HCQbde~	3	3.2361	3.5000	5	8	0.02951	0.03299	8	8	4
11570	HCQbdi~	3	3.2361	3.5000	5	8	0.02951	0.03299	8	8	4
11571	HCQbdM~	3	3.2361	3.5000	5	8	0.02951	0.03299	8	8	4
11572	HCQ`fi~	3	3.2361	3.5000	5	8	0.02951	0.03299	8	7	4
11573	HCpujq\	3	3.2361	3.5000	5	6	0.02951	0.03299	8	9	4
11574	HCrVJqZ	3	3.2361	3.5000	5	6	0.02951	0.03299	8	9	4
11575	HCZJmq]	3	3.2361	3.5000	5	6	0.02951	0.03299	8	9	4
11576	HCZL^_|	3	3.2361	3.5000	5	6	0.02951	0.03299	8	10	4
11577	HCZLvHZ	3	3.2361	3.5000	5	6	0.02951	0.03299	8	10	4
11578	HCpbdx}	3	3.2361	3.5000	5	7	0.02951	0.03299	8	10	4
11579	HCpbey}	3	3.2361	3.5000	5	7	0.02951	0.03299	8	10	4
11580	HCpbfe}	3	3.2361	3.5000	5	7	0.02951	0.03299	8	9	4
11581	HCpbfV{	3	3.2361	3.5000	5	7	0.02951	0.03299	8	8	4
11582	HCpdQ~{	3	3.2361	3.5000	5	7	0.02951	0.03299	8	9	4
11583	HCpdVh}	3	3.2361	3.5000	5	7	0.02951	0.03299	8	10	4
11584	HCpdVj{	3	3.2361	3.5000	5	7	0.02951	0.03299	8	8	4
11585	HCpUvG~	3	3.2361	3.5000	5	7	0.02951	0.03299	8	7	4
11586	HCpVbY|	3	3.2361	3.5000	5	7	0.02951	0.03299	8	10	4
11587	HCQbd~{	3	3.2361	3.5000	5	7	0.02951	0.03299	8	8	4
11588	HCQbf^{	3	3.2361	3.5000	5	7	0.02951	0.03299	8	8	4
11589	HCZK~`Z	3	3.2361	3.5000	5	6	0.02951	0.03299	8	11	4
11590	HCZL^bh	3	3.2361	3.5000	5	6	0.02951	0.03299	8	10	4
11591	HCpbbn{	3	3.2361	3.5000	5	7	0.02951	0.03299	8	10	4
11592	HCpbbv]	3	3.2361	3.5000	5	7	0.02951	0.03299	8	9	4
11593	HCpbbvm	3	3.2361	3.5000	5	7	0.02951	0.03299	8	9	4
11594	HCpbbvu	3	3.2361	3.5000	5	7	0.02951	0.03299	8	9	4
11595	HCpbev{	3	3.2361	3.5000	5	7	0.02951	0.03299	8	10	4
11596	HCpbex}	3	3.2361	3.5000	5	7	0.02951	0.03299	8	10	4
11597	HCpbezm	3	3.2361	3.5000	5	7	0.02951	0.03299	8	10	4
11598	HCpbezy	3	3.2361	3.5000	5	7	0.02951	0.03299	8	10	4
11599	HCpbfd}	3	3.2361	3.5000	5	7	0.02951	0.03299	8	9	4
11600	HCpbff]	3	3.2361	3.5000	5	7	0.02951	0.03299	8	9	4
11601	HCpbfT}	3	3.2361	3.5000	5	7	0.02951	0.03299	8	8	4
11602	HCpbfV]	3	3.2361	3.5000	5	7	0.02951	0.03299	8	8	4
11603	HCpbfVu	3	3.2361	3.5000	5	7	0.02951	0.03299	8	8	4
11604	HCpbfZu	3	3.2361	3.5000	5	7	0.02951	0.03299	8	10	4
11605	HCpbfZy	3	3.2361	3.5000	5	7	0.02951	0.03299	8	10	4
11606	HCpdUx}	3	3.2361	3.5000	5	7	0.02951	0.03299	8	10	4
11607	HCpdUz{	3	3.2361	3.5000	5	7	0.02951	0.03299	8	8	4
11608	HCpdVZ{	3	3.2361	3.5000	5	7	0.02951	0.03299	8	8	4
11609	HCpVcxn	3	3.2361	3.5000	5	7	0.02951	0.03299	8	9	4
11610	HCpVcxz	3	3.2361	3.5000	5	7	0.02951	0.03299	8	8	4
11611	HCpVczm	3	3.2361	3.5000	5	7	0.02951	0.03299	8	9	4
11612	HCpVTju	3	3.2361	3.5000	5	7	0.02951	0.03299	8	10	4
11613	HCpVTrf	3	3.2361	3.5000	5	7	0.02951	0.03299	8	8	4
11614	HCpVTru	3	3.2361	3.5000	5	7	0.02951	0.03299	8	10	4
11615	HCpVUo~	3	3.2361	3.5000	5	7	0.02951	0.03299	8	8	4
11616	HCpVV`v	3	3.2361	3.5000	5	7	0.02951	0.03299	8	9	4
11617	HCRbdn{	3	3.2361	3.5000	5	7	0.02951	0.03299	8	10	4
11618	HCRben{	3	3.2361	3.5000	5	7	0.02951	0.03299	8	8	4
11619	HCRbfj]	3	3.2361	3.5000	5	7	0.02951	0.03299	8	9	4
11620	HCRbfjm	3	3.2361	3.5000	5	7	0.02951	0.03299	8	9	4
11621	HCRbfN{	3	3.2361	3.5000	5	7	0.02951	0.03299	8	9	4
11622	HCRbfNy	3	3.2361	3.5000	5	7	0.02951	0.03299	8	9	4
11623	HCRen`z	3	3.2361	3.5000	5	7	0.02951	0.03299	8	9	4
11624	HCRSvX}	3	3.2361	3.5000	5	7	0.02951	0.03299	8	11	4
11625	HCpdTxz	3	3.2361	3.5000	5	7	0.02951	0.03299	8	7	4
11626	HCpdVpv	3	3.2361	3.5000	5	7	0.02951	0.03299	8	8	4
11627	HCQbf]}	3	3.2361	3.5000	5	7	0.02951	0.03299	8	8	4
11628	HCQbf\}	3	3.2361	3.5000	5	7	0.02951	0.03299	8	8	4
11629	HCQbft}	3	3.2361	3.5000	5	7	0.02951	0.03299	8	8	4
11630	HCQbfu}	3	3.2361	3.5000	5	7	0.02951	0.03299	8	8	4
11631	HCQbf^y	3	3.2361	3.5000	5	7	0.02951	0.03299	8	8	4
11632	HCRSvNx	3	3.2361	3.5000	5	7	0.02951	0.03299	8	7	4
11633	HCpbdj}	3	3.2361	3.5000	5	8	0.02951	0.03299	8	8	4
11634	HCQbd^}	3	3.2361	3.5000	5	8	0.02951	0.03299	8	7	4
11635	HCQbdv}	3	3.2361	3.5000	5	8	0.02951	0.03299	8	7	4
11636	HCQbdz}	3	3.2361	3.5000	5	8	0.02951	0.03299	8	8	4
11637	HCQbe^}	3	3.2361	3.5000	5	8	0.02951	0.03299	8	7	4
11638	HCQbfj}	3	3.2361	3.5000	5	8	0.02951	0.03299	8	7	4
11639	HCpfVZe	3	3.2361	3.5000	5	6	0.02951	0.03299	8	9	4
11640	HCpVezM	3	3.2361	3.5000	5	6	0.02951	0.03299	8	8	4
11641	HCpVUzq	3	3.2361	3.5000	5	6	0.02951	0.03299	8	10	4
11642	HCrfRZe	3	3.2361	3.5000	5	6	0.02951	0.03299	8	9	4
11643	HCpUvr[	3	3.2361	3.5000	5	6	0.02951	0.03299	8	8	4
11644	HCpbbny	3	3.2361	3.5000	5	7	0.02951	0.03299	8	10	4
11645	HCpbet}	3	3.2361	3.5000	5	7	0.02951	0.03299	8	10	4
11646	HCpbevu	3	3.2361	3.5000	5	7	0.02951	0.03299	8	10	4
11647	HCpbevy	3	3.2361	3.5000	5	7	0.02951	0.03299	8	8	4
11648	HCpUtjf	3	3.2361	3.5000	5	7	0.02951	0.03299	8	9	4
11649	HCpUuZ{	3	3.2361	3.5000	5	7	0.02951	0.03299	8	8	4
11650	HCpVTjf	3	3.2361	3.5000	5	7	0.02951	0.03299	8	10	4
11651	HCpVUju	3	3.2361	3.5000	5	7	0.02951	0.03299	8	10	4
11652	HCpVUpv	3	3.2361	3.5000	5	7	0.02951	0.03299	8	10	4
11653	HCpVUru	3	3.2361	3.5000	5	7	0.02951	0.03299	8	10	4
11654	HCRbdn]	3	3.2361	3.5000	5	7	0.02951	0.03299	8	10	4
11655	HCRbdnm	3	3.2361	3.5000	5	7	0.02951	0.03299	8	10	4
11656	HCRben]	3	3.2361	3.5000	5	7	0.02951	0.03299	8	7	4
11657	HCRbenm	3	3.2361	3.5000	5	7	0.02951	0.03299	8	8	4
11658	HCRbe^u	3	3.2361	3.5000	5	7	0.02951	0.03299	8	9	4
11659	HCRbezu	3	3.2361	3.5000	5	7	0.02951	0.03299	8	10	4
11660	HCRbfju	3	3.2361	3.5000	5	7	0.02951	0.03299	8	8	4
11661	HCRbfN]	3	3.2361	3.5000	5	7	0.02951	0.03299	8	9	4
11662	HCRbfZu	3	3.2361	3.5000	5	7	0.02951	0.03299	8	10	4
11663	HCRenbl	3	3.2361	3.5000	5	7	0.02951	0.03299	8	9	4
11664	HCRU]o~	3	3.2361	3.5000	5	7	0.02951	0.03299	8	8	4
11665	HCpdUw~	3	3.2361	3.5000	5	7	0.02951	0.03299	8	9	4
11666	HCpdVrf	3	3.2361	3.5000	5	7	0.02951	0.03299	8	7	4
11667	HCQbd~u	3	3.2361	3.5000	5	7	0.02951	0.03299	8	8	4
11668	HCpber}	3	3.2361	3.5000	5	8	0.02951	0.03299	8	9	4
11669	HCpbQy~	3	3.2361	3.5000	5	8	0.02951	0.03299	8	9	4
11670	HCpbRf|	3	3.2361	3.5000	5	8	0.02951	0.03299	8	8	4
11671	HCpdcx~	3	3.2361	3.5000	5	8	0.02951	0.03299	8	9	4
11672	HCpddp~	3	3.2361	3.5000	5	8	0.02951	0.03299	8	9	4
11673	HCQbbv}	3	3.2361	3.5000	5	8	0.02951	0.03299	8	8	4
11674	HCQbev}	3	3.2361	3.5000	5	8	0.02951	0.03299	8	8	4
11675	HCQfJjz	3	3.2361	3.5000	5	8	0.02951	0.03299	8	8	4
11676	HCQ`fn}	3	3.2361	3.5000	5	8	0.02951	0.03299	8	8	4
11677	HCQvCt~	3	3.2361	3.5000	5	8	0.02951	0.03299	8	8	4
11678	HCQVfH~	3	3.2361	3.5000	5	8	0.02951	0.03299	8	8	4
11679	HCRbdj}	3	3.2361	3.5000	5	8	0.02951	0.03299	8	9	4
11680	HCRVBjz	3	3.2361	3.5000	5	8	0.02951	0.03299	8	8	4
11681	HCpVUzU	3	3.2361	3.5000	5	6	0.02951	0.03299	8	10	4
11682	HCRbdnu	3	3.2361	3.5000	5	7	0.02951	0.03299	8	8	4
11683	HCRbenu	3	3.2361	3.5000	5	7	0.02951	0.03299	8	7	4
11684	HCRSu\}	3	3.2361	3.5000	5	7	0.02951	0.03299	8	10	4
11685	HCQbfnu	3	3.2361	3.5000	5	8	0.02951	0.03299	8	6	4
11686	HCpVfZU	3	3.2361	3.5000	5	6	0.02951	0.03299	8	9	4
11687	HCpVfZY	3	3.2361	3.5000	5	6	0.02951	0.03299	8	9	4
11688	HCrerhV	3	3.2361	3.5000	5	6	0.02951	0.03299	8	10	4
11689	HCrfRYj	3	3.2361	3.5000	5	6	0.02951	0.03299	8	8	4
11690	HCrVJpV	3	3.2361	3.5000	5	6	0.02951	0.03299	8	9	4
11691	HCZJmpZ	3	3.2361	3.5000	5	6	0.02951	0.03299	8	9	4
11692	HCZJv`Z	3	3.2361	3.5000	5	6	0.02951	0.03299	8	10	4
11693	HCZMvI\	3	3.2361	3.5000	5	6	0.02951	0.03299	8	9	4
11694	HCpUvrU	3	3.2361	3.5000	5	6	0.02951	0.03299	8	9	4
11695	HCpdQ~m	3	3.2361	3.5000	5	7	0.02951	0.03299	8	9	4
11696	HCpdQ~y	3	3.2361	3.5000	5	7	0.02951	0.03299	8	9	4
11697	HCpdS~{	3	3.2361	3.5000	5	7	0.02951	0.03299	8	9	4
11698	HCpdTz]	3	3.2361	3.5000	5	7	0.02951	0.03299	8	9	4
11699	HCpdTzy	3	3.2361	3.5000	5	7	0.02951	0.03299	8	9	4
11700	HCpdUt}	3	3.2361	3.5000	5	7	0.02951	0.03299	8	10	4
11701	HCpdUv{	3	3.2361	3.5000	5	7	0.02951	0.03299	8	10	4
11702	HCpdUz]	3	3.2361	3.5000	5	7	0.02951	0.03299	8	8	4
11703	HCpdUzy	3	3.2361	3.5000	5	7	0.02951	0.03299	8	10	4
11704	HCpdVq}	3	3.2361	3.5000	5	7	0.02951	0.03299	8	8	4
11705	HCpdVr]	3	3.2361	3.5000	5	7	0.02951	0.03299	8	8	4
11706	HCpdVT}	3	3.2361	3.5000	5	7	0.02951	0.03299	8	9	4
11707	HCpUtg~	3	3.2361	3.5000	5	7	0.02951	0.03299	8	9	4
11708	HCpUth}	3	3.2361	3.5000	5	7	0.02951	0.03299	8	11	4
11709	HCpUtin	3	3.2361	3.5000	5	7	0.02951	0.03299	8	9	4
11710	HCpUtju	3	3.2361	3.5000	5	7	0.02951	0.03299	8	9	4
11711	HCpUtjx	3	3.2361	3.5000	5	7	0.02951	0.03299	8	10	4
11712	HCpUvH}	3	3.2361	3.5000	5	7	0.02951	0.03299	8	9	4
11713	HCpUvHv	3	3.2361	3.5000	5	7	0.02951	0.03299	8	9	4
11714	HCpUvHz	3	3.2361	3.5000	5	7	0.02951	0.03299	8	7	4
11715	HCpUvJf	3	3.2361	3.5000	5	7	0.02951	0.03299	8	8	4
11716	HCpUvJr	3	3.2361	3.5000	5	7	0.02951	0.03299	8	8	4
11717	HCpVbZ]	3	3.2361	3.5000	5	7	0.02951	0.03299	8	10	4
11718	HCpVbZj	3	3.2361	3.5000	5	7	0.02951	0.03299	8	10	4
11719	HCpVbZr	3	3.2361	3.5000	5	7	0.02951	0.03299	8	9	4
11720	HCpVbZy	3	3.2361	3.5000	5	7	0.02951	0.03299	8	10	4
11721	HCpVcyn	3	3.2361	3.5000	5	7	0.02951	0.03299	8	7	4
11722	HCpVczl	3	3.2361	3.5000	5	7	0.02951	0.03299	8	9	4
11723	HCpVTi}	3	3.2361	3.5000	5	7	0.02951	0.03299	8	10	4
11724	HCpVTjr	3	3.2361	3.5000	5	7	0.02951	0.03299	8	10	4
11725	HCpVTq}	3	3.2361	3.5000	5	7	0.02951	0.03299	8	8	4
11726	HCpVTqv	3	3.2361	3.5000	5	7	0.02951	0.03299	8	10	4
11727	HCpVTrV	3	3.2361	3.5000	5	7	0.02951	0.03299	8	9	4
11728	HCpVUjx	3	3.2361	3.5000	5	7	0.02951	0.03299	8	9	4
11729	HCpVUp|	3	3.2361	3.5000	5	7	0.02951	0.03299	8	10	4
11730	HCpVUrt	3	3.2361	3.5000	5	7	0.02951	0.03299	8	10	4
11731	HCpVV`^	3	3.2361	3.5000	5	7	0.02951	0.03299	8	8	4
11732	HCpVVav	3	3.2361	3.5000	5	7	0.02951	0.03299	8	9	4
11733	HCpVVbr	3	3.2361	3.5000	5	7	0.02951	0.03299	8	8	4
11734	HCpVVbt	3	3.2361	3.5000	5	7	0.02951	0.03299	8	9	4
11735	HCpVV`n	3	3.2361	3.5000	5	7	0.02951	0.03299	8	9	4
11736	HCRen`^	3	3.2361	3.5000	5	7	0.02951	0.03299	8	8	4
11737	HCRen`}	3	3.2361	3.5000	5	7	0.02951	0.03299	8	9	4
11738	HCRenb\	3	3.2361	3.5000	5	7	0.02951	0.03299	8	7	4
11739	HCRenbt	3	3.2361	3.5000	5	7	0.02951	0.03299	8	8	4
11740	HCRen`n	3	3.2361	3.5000	5	7	0.02951	0.03299	8	9	4
11741	HCRen`v	3	3.2361	3.5000	5	7	0.02951	0.03299	8	7	4
11742	HCRSvjm	3	3.2361	3.5000	5	7	0.02951	0.03299	8	11	4
11743	HCRSvN{	3	3.2361	3.5000	5	7	0.02951	0.03299	8	9	4
11744	HCRU]pv	3	3.2361	3.5000	5	7	0.02951	0.03299	8	8	4
11745	HCRU]r{	3	3.2361	3.5000	5	7	0.02951	0.03299	8	8	4
11746	HCRU]rl	3	3.2361	3.5000	5	7	0.02951	0.03299	8	8	4
11747	HCpbdxv	3	3.2361	3.5000	5	7	0.02951	0.03299	8	10	4
11748	HCpbdzr	3	3.2361	3.5000	5	7	0.02951	0.03299	8	9	4
11749	HCpbexv	3	3.2361	3.5000	5	7	0.02951	0.03299	8	10	4
11750	HCpbexz	3	3.2361	3.5000	5	7	0.02951	0.03299	8	9	4
11751	HCpbeyn	3	3.2361	3.5000	5	7	0.02951	0.03299	8	8	4
11752	HCpbezr	3	3.2361	3.5000	5	7	0.02951	0.03299	8	9	4
11753	HCpbffN	3	3.2361	3.5000	5	7	0.02951	0.03299	8	8	4
11754	HCpbfh^	3	3.2361	3.5000	5	7	0.02951	0.03299	8	7	4
11755	HCpbfjN	3	3.2361	3.5000	5	7	0.02951	0.03299	8	7	4
11756	HCpbfjr	3	3.2361	3.5000	5	7	0.02951	0.03299	8	7	4
11757	HCpbfjZ	3	3.2361	3.5000	5	7	0.02951	0.03299	8	8	4
11758	HCpbfVV	3	3.2361	3.5000	5	7	0.02951	0.03299	8	7	4
11759	HCpbfXz	3	3.2361	3.5000	5	7	0.02951	0.03299	8	9	4
11760	HCpbfZV	3	3.2361	3.5000	5	7	0.02951	0.03299	8	8	4
11761	HCpdQ{~	3	3.2361	3.5000	5	7	0.02951	0.03299	8	8	4
11762	HCpdQ|v	3	3.2361	3.5000	5	7	0.02951	0.03299	8	9	4
11763	HCpdRvl	3	3.2361	3.5000	5	7	0.02951	0.03299	8	7	4
11764	HCpdS||	3	3.2361	3.5000	5	7	0.02951	0.03299	8	9	4
11765	HCpdTw~	3	3.2361	3.5000	5	7	0.02951	0.03299	8	8	4
11766	HCpdTx|	3	3.2361	3.5000	5	7	0.02951	0.03299	8	9	4
11767	HCpdTzf	3	3.2361	3.5000	5	7	0.02951	0.03299	8	8	4
11768	HCpdTzr	3	3.2361	3.5000	5	7	0.02951	0.03299	8	7	4
11769	HCpdTzV	3	3.2361	3.5000	5	7	0.02951	0.03299	8	7	4
11770	HCpdVp|	3	3.2361	3.5000	5	7	0.02951	0.03299	8	8	4
11771	HCpdVpz	3	3.2361	3.5000	5	7	0.02951	0.03299	8	6	4
11772	HCpdVrr	3	3.2361	3.5000	5	7	0.02951	0.03299	8	7	4
11773	HCRbe^r	3	3.2361	3.5000	5	7	0.02951	0.03299	8	8	4
11774	HCRbe]v	3	3.2361	3.5000	5	7	0.02951	0.03299	8	9	4
11775	HCRbezr	3	3.2361	3.5000	5	7	0.02951	0.03299	8	9	4
11776	HCRbfjr	3	3.2361	3.5000	5	7	0.02951	0.03299	8	8	4
11777	HCRbfNZ	3	3.2361	3.5000	5	7	0.02951	0.03299	8	9	4
11778	HCRbfXz	3	3.2361	3.5000	5	7	0.02951	0.03299	8	10	4
11779	HCRbfZZ	3	3.2361	3.5000	5	7	0.02951	0.03299	8	10	4
11780	HCRStzj	3	3.2361	3.5000	5	7	0.02951	0.03299	8	9	4
11781	HCRSu^x	3	3.2361	3.5000	5	7	0.02951	0.03299	8	8	4
11782	HCRSvL|	3	3.2361	3.5000	5	7	0.02951	0.03299	8	9	4
11783	HCRSvZx	3	3.2361	3.5000	5	7	0.02951	0.03299	8	9	4
11784	HCpbdh~	3	3.2361	3.5000	5	8	0.02951	0.03299	8	8	4
11785	HCpbdjn	3	3.2361	3.5000	5	8	0.02951	0.03299	8	8	4
11786	HCpbdjz	3	3.2361	3.5000	5	8	0.02951	0.03299	8	8	4
11787	HCpbep~	3	3.2361	3.5000	5	8	0.02951	0.03299	8	9	4
11788	HCpberv	3	3.2361	3.5000	5	8	0.02951	0.03299	8	9	4
11789	HCpbQz}	3	3.2361	3.5000	5	8	0.02951	0.03299	8	9	4
11790	HCpbRe~	3	3.2361	3.5000	5	8	0.02951	0.03299	8	8	4
11791	HCpbRf}	3	3.2361	3.5000	5	8	0.02951	0.03299	8	8	4
11792	HCpdcz}	3	3.2361	3.5000	5	8	0.02951	0.03299	8	9	4
11793	HCpdczn	3	3.2361	3.5000	5	8	0.02951	0.03299	8	9	4
11794	HCpddr}	3	3.2361	3.5000	5	8	0.02951	0.03299	8	9	4
11795	HCpddrn	3	3.2361	3.5000	5	8	0.02951	0.03299	8	9	4
11796	HCpdeh~	3	3.2361	3.5000	5	8	0.02951	0.03299	8	9	4
11797	HCpdRj}	3	3.2361	3.5000	5	8	0.02951	0.03299	8	10	4
11798	HCpdVJ}	3	3.2361	3.5000	5	8	0.02951	0.03299	8	9	4
11799	HCQbd^^	3	3.2361	3.5000	5	8	0.02951	0.03299	8	7	4
11800	HCQbdv|	3	3.2361	3.5000	5	8	0.02951	0.03299	8	7	4
11801	HCQbdvn	3	3.2361	3.5000	5	8	0.02951	0.03299	8	7	4
11802	HCQbd^z	3	3.2361	3.5000	5	8	0.02951	0.03299	8	7	4
11803	HCQbdzz	3	3.2361	3.5000	5	8	0.02951	0.03299	8	8	4
11804	HCQbe]~	3	3.2361	3.5000	5	8	0.02951	0.03299	8	7	4
11805	HCQbfjz	3	3.2361	3.5000	5	8	0.02951	0.03299	8	7	4
11806	HCQbfp~	3	3.2361	3.5000	5	8	0.02951	0.03299	8	7	4
11807	HCQbfrn	3	3.2361	3.5000	5	8	0.02951	0.03299	8	7	4
11808	HCQbfrv	3	3.2361	3.5000	5	8	0.02951	0.03299	8	7	4
11809	HCQbfV|	3	3.2361	3.5000	5	8	0.02951	0.03299	8	7	4
11810	HCQe^Rv	3	3.2361	3.5000	5	8	0.02951	0.03299	8	8	4
11811	HCQfJj^	3	3.2361	3.5000	5	8	0.02951	0.03299	8	8	4
11812	HCQfJj|	3	3.2361	3.5000	5	8	0.02951	0.03299	8	8	4
11813	HCQvCv}	3	3.2361	3.5000	5	8	0.02951	0.03299	8	8	4
11814	HCQvCvn	3	3.2361	3.5000	5	8	0.02951	0.03299	8	8	4
11815	HCQvDZ}	3	3.2361	3.5000	5	8	0.02951	0.03299	8	8	4
11816	HCQVfJz	3	3.2361	3.5000	5	8	0.02951	0.03299	8	8	4
11817	HCRbdh~	3	3.2361	3.5000	5	8	0.02951	0.03299	8	9	4
11818	HCRbdjz	3	3.2361	3.5000	5	8	0.02951	0.03299	8	9	4
11819	HCRbern	3	3.2361	3.5000	5	8	0.02951	0.03299	8	8	4
11820	HCRberv	3	3.2361	3.5000	5	8	0.02951	0.03299	8	8	4
11821	HCRctV}	3	3.2361	3.5000	5	8	0.02951	0.03299	8	9	4
11822	HCR`urv	3	3.2361	3.5000	5	8	0.02951	0.03299	8	7	4
11823	HCRVBj}	3	3.2361	3.5000	5	8	0.02951	0.03299	8	8	4
11824	HCRVBjn	3	3.2361	3.5000	5	8	0.02951	0.03299	8	8	4
11825	HCpulq\	3	3.2361	3.5000	5	6	0.02951	0.03299	8	11	4
11826	HCpUvjM	3	3.2361	3.5000	5	6	0.02951	0.03299	8	10	4
11827	HCpVVjY	3	3.2361	3.5000	5	6	0.02951	0.03299	8	11	4
11828	HCXm^`\	3	3.2361	3.5000	5	6	0.02951	0.03299	8	12	4
11829	HCZMti\	3	3.2361	3.5000	5	6	0.02951	0.03299	8	11	4
11830	HCprn`V	3	3.2361	3.5000	5	5	0.02951	0.03299	8	9	4
11831	HCpujpV	3	3.2361	3.5000	5	6	0.02951	0.03299	8	9	4
11832	HCrfRZL	3	3.2361	3.5000	5	6	0.02951	0.03299	8	9	4
11833	HCpdS~m	3	3.2361	3.5000	5	7	0.02951	0.03299	8	9	4
11834	HCpdS~y	3	3.2361	3.5000	5	7	0.02951	0.03299	8	9	4
11835	HCpdU^]	3	3.2361	3.5000	5	7	0.02951	0.03299	8	8	4
11836	HCpdUu}	3	3.2361	3.5000	5	7	0.02951	0.03299	8	10	4
11837	HCpdUv]	3	3.2361	3.5000	5	7	0.02951	0.03299	8	8	4
11838	HCpdUvy	3	3.2361	3.5000	5	7	0.02951	0.03299	8	8	4
11839	HCpdVVy	3	3.2361	3.5000	5	7	0.02951	0.03299	8	8	4
11840	HCpUtjm	3	3.2361	3.5000	5	7	0.02951	0.03299	8	11	4
11841	HCpUtjr	3	3.2361	3.5000	5	7	0.02951	0.03299	8	9	4
11842	HCpUuZm	3	3.2361	3.5000	5	7	0.02951	0.03299	8	8	4
11843	HCpUvI}	3	3.2361	3.5000	5	7	0.02951	0.03299	8	9	4
11844	HCpVbXn	3	3.2361	3.5000	5	7	0.02951	0.03299	8	10	4
11845	HCpVbZ\	3	3.2361	3.5000	5	7	0.02951	0.03299	8	10	4
11846	HCpVbZl	3	3.2361	3.5000	5	7	0.02951	0.03299	8	10	4
11847	HCpVbZN	3	3.2361	3.5000	5	7	0.02951	0.03299	8	9	4
11848	HCpVbZZ	3	3.2361	3.5000	5	7	0.02951	0.03299	8	9	4
11849	HCpVczr	3	3.2361	3.5000	5	7	0.02951	0.03299	8	8	4
11850	HCpVTj]	3	3.2361	3.5000	5	7	0.02951	0.03299	8	12	4
11851	HCpVTjV	3	3.2361	3.5000	5	7	0.02951	0.03299	8	11	4
11852	HCpVTjy	3	3.2361	3.5000	5	7	0.02951	0.03299	8	12	4
11853	HCpVTr]	3	3.2361	3.5000	5	7	0.02951	0.03299	8	10	4
11854	HCpVTrm	3	3.2361	3.5000	5	7	0.02951	0.03299	8	10	4
11855	HCpVUi|	3	3.2361	3.5000	5	7	0.02951	0.03299	8	11	4
11856	HCpVUpz	3	3.2361	3.5000	5	7	0.02951	0.03299	8	8	4
11857	HCpVUry	3	3.2361	3.5000	5	7	0.02951	0.03299	8	9	4
11858	HCpVVaz	3	3.2361	3.5000	5	7	0.02951	0.03299	8	9	4
11859	HCpVVb]	3	3.2361	3.5000	5	7	0.02951	0.03299	8	9	4
11860	HCpVVbj	3	3.2361	3.5000	5	7	0.02951	0.03299	8	9	4
11861	HCpVVbm	3	3.2361	3.5000	5	7	0.02951	0.03299	8	9	4
11862	HCpVVbN	3	3.2361	3.5000	5	7	0.02951	0.03299	8	8	4
11863	HCRenbf	3	3.2361	3.5000	5	7	0.02951	0.03299	8	8	4
11864	HCRenbm	3	3.2361	3.5000	5	7	0.02951	0.03299	8	9	4
11865	HCRenbN	3	3.2361	3.5000	5	7	0.02951	0.03299	8	8	4
11866	HCRenbr	3	3.2361	3.5000	5	7	0.02951	0.03299	8	8	4
11867	HCRenbZ	3	3.2361	3.5000	5	7	0.02951	0.03299	8	9	4
11868	HCRSr^u	3	3.2361	3.5000	5	7	0.02951	0.03299	8	11	4
11869	HCRStnm	3	3.2361	3.5000	5	7	0.02951	0.03299	8	11	4
11870	HCRSuz{	3	3.2361	3.5000	5	7	0.02951	0.03299	8	9	4
11871	HCRSvj{	3	3.2361	3.5000	5	7	0.02951	0.03299	8	9	4
11872	HCRSvM}	3	3.2361	3.5000	5	7	0.02951	0.03299	8	9	4
11873	HCRSvru	3	3.2361	3.5000	5	7	0.02951	0.03299	8	9	4
11874	HCRSvY}	3	3.2361	3.5000	5	7	0.02951	0.03299	8	11	4
11875	HCRSvZu	3	3.2361	3.5000	5	7	0.02951	0.03299	8	11	4
11876	HCRU]q|	3	3.2361	3.5000	5	7	0.02951	0.03299	8	10	4
11877	HCRU]rf	3	3.2361	3.5000	5	7	0.02951	0.03299	8	8	4
11878	HCpbdz\	3	3.2361	3.5000	5	7	0.02951	0.03299	8	10	4
11879	HCpbdzl	3	3.2361	3.5000	5	7	0.02951	0.03299	8	10	4
11880	HCpbdzZ	3	3.2361	3.5000	5	7	0.02951	0.03299	8	10	4
11881	HCpbetv	3	3.2361	3.5000	5	7	0.02951	0.03299	8	10	4
11882	HCpbex^	3	3.2361	3.5000	5	7	0.02951	0.03299	8	9	4
11883	HCpbexn	3	3.2361	3.5000	5	7	0.02951	0.03299	8	10	4
11884	HCpbeyz	3	3.2361	3.5000	5	7	0.02951	0.03299	8	10	4
11885	HCpbezj	3	3.2361	3.5000	5	7	0.02951	0.03299	8	8	4
11886	HCpbezt	3	3.2361	3.5000	5	7	0.02951	0.03299	8	8	4
11887	HCpbezV	3	3.2361	3.5000	5	7	0.02951	0.03299	8	8	4
11888	HCpbfd^	3	3.2361	3.5000	5	7	0.02951	0.03299	8	8	4
11889	HCpbfdn	3	3.2361	3.5000	5	7	0.02951	0.03299	8	9	4
11890	HCpbffj	3	3.2361	3.5000	5	7	0.02951	0.03299	8	7	4
11891	HCpbfhn	3	3.2361	3.5000	5	7	0.02951	0.03299	8	8	4
11892	HCpbfhv	3	3.2361	3.5000	5	7	0.02951	0.03299	8	8	4
11893	HCpbfiv	3	3.2361	3.5000	5	7	0.02951	0.03299	8	8	4
11894	HCpbfjl	3	3.2361	3.5000	5	7	0.02951	0.03299	8	8	4
11895	HCpbfjV	3	3.2361	3.5000	5	7	0.02951	0.03299	8	6	4
11896	HCpbfT^	3	3.2361	3.5000	5	7	0.02951	0.03299	8	7	4
11897	HCpbfTv	3	3.2361	3.5000	5	7	0.02951	0.03299	8	8	4
11898	HCpbfX^	3	3.2361	3.5000	5	7	0.02951	0.03299	8	9	4
11899	HCpbfXv	3	3.2361	3.5000	5	7	0.02951	0.03299	8	10	4
11900	HCpbfZj	3	3.2361	3.5000	5	7	0.02951	0.03299	8	8	4
11901	HCpbfZZ	3	3.2361	3.5000	5	7	0.02951	0.03299	8	10	4
11902	HCpdQ||	3	3.2361	3.5000	5	7	0.02951	0.03299	8	9	4
11903	HCpdQ|z	3	3.2361	3.5000	5	7	0.02951	0.03299	8	7	4
11904	HCpdS~l	3	3.2361	3.5000	5	7	0.02951	0.03299	8	8	4
11905	HCpdS|z	3	3.2361	3.5000	5	7	0.02951	0.03299	8	7	4
11906	HCpdTzx	3	3.2361	3.5000	5	7	0.02951	0.03299	8	7	4
11907	HCpdU[~	3	3.2361	3.5000	5	7	0.02951	0.03299	8	8	4
11908	HCpdUs~	3	3.2361	3.5000	5	7	0.02951	0.03299	8	9	4
11909	HCpdUx^	3	3.2361	3.5000	5	7	0.02951	0.03299	8	9	4
11910	HCpdVrl	3	3.2361	3.5000	5	7	0.02951	0.03299	8	7	4
11911	HCpdVXv	3	3.2361	3.5000	5	7	0.02951	0.03299	8	9	4
11912	HCRbb^\	3	3.2361	3.5000	5	7	0.02951	0.03299	8	10	4
11913	HCRbb^t	3	3.2361	3.5000	5	7	0.02951	0.03299	8	9	4
11914	HCRbb]v	3	3.2361	3.5000	5	7	0.02951	0.03299	8	10	4
11915	HCRbb^V	3	3.2361	3.5000	5	7	0.02951	0.03299	8	8	4
11916	HCRbe^t	3	3.2361	3.5000	5	7	0.02951	0.03299	8	8	4
11917	HCRbe\v	3	3.2361	3.5000	5	7	0.02951	0.03299	8	8	4
11918	HCRbeyv	3	3.2361	3.5000	5	7	0.02951	0.03299	8	10	4
11919	HCRbe\z	3	3.2361	3.5000	5	7	0.02951	0.03299	8	9	4
11920	HCRbe^Z	3	3.2361	3.5000	5	7	0.02951	0.03299	8	9	4
11921	HCRbezZ	3	3.2361	3.5000	5	7	0.02951	0.03299	8	10	4
11922	HCRbfN\	3	3.2361	3.5000	5	7	0.02951	0.03299	8	9	4
11923	HCRbfNr	3	3.2361	3.5000	5	7	0.02951	0.03299	8	8	4
11924	HCRbfXv	3	3.2361	3.5000	5	7	0.02951	0.03299	8	9	4
11925	HCRbfYv	3	3.2361	3.5000	5	7	0.02951	0.03299	8	10	4
11926	HCRbfZV	3	3.2361	3.5000	5	7	0.02951	0.03299	8	8	4
11927	HCRStzl	3	3.2361	3.5000	5	7	0.02951	0.03299	8	9	4
11928	HCRStzN	3	3.2361	3.5000	5	7	0.02951	0.03299	8	8	4
11929	HCRStzx	3	3.2361	3.5000	5	7	0.02951	0.03299	8	8	4
11930	HCRSvM|	3	3.2361	3.5000	5	7	0.02951	0.03299	8	7	4
11931	HCRSvMn	3	3.2361	3.5000	5	7	0.02951	0.03299	8	8	4
11932	HCRSvNl	3	3.2361	3.5000	5	7	0.02951	0.03299	8	9	4
11933	HCRSvNr	3	3.2361	3.5000	5	7	0.02951	0.03299	8	7	4
11934	HCpbbN|	3	3.2361	3.5000	5	8	0.02951	0.03299	8	9	4
11935	HCpbbNz	3	3.2361	3.5000	5	8	0.02951	0.03299	8	9	4
11936	HCpbdi~	3	3.2361	3.5000	5	8	0.02951	0.03299	8	8	4
11937	HCpbdjv	3	3.2361	3.5000	5	8	0.02951	0.03299	8	8	4
11938	HCpbeq~	3	3.2361	3.5000	5	8	0.02951	0.03299	8	9	4
11939	HCpbern	3	3.2361	3.5000	5	8	0.02951	0.03299	8	9	4
11940	HCpbQz|	3	3.2361	3.5000	5	8	0.02951	0.03299	8	9	4
11941	HCpbRf^	3	3.2361	3.5000	5	8	0.02951	0.03299	8	8	4
11942	HCpbRfv	3	3.2361	3.5000	5	8	0.02951	0.03299	8	8	4
11943	HCpdcz|	3	3.2361	3.5000	5	8	0.02951	0.03299	8	9	4
11944	HCpdczv	3	3.2361	3.5000	5	8	0.02951	0.03299	8	9	4
11945	HCpddr|	3	3.2361	3.5000	5	8	0.02951	0.03299	8	9	4
11946	HCpddrv	3	3.2361	3.5000	5	8	0.02951	0.03299	8	9	4
11947	HCpdVH~	3	3.2361	3.5000	5	8	0.02951	0.03299	8	9	4
11948	HCQbbu~	3	3.2361	3.5000	5	8	0.02951	0.03299	8	8	4
11949	HCQbd^|	3	3.2361	3.5000	5	8	0.02951	0.03299	8	7	4
11950	HCQbd\~	3	3.2361	3.5000	5	8	0.02951	0.03299	8	7	4
11951	HCQbdt~	3	3.2361	3.5000	5	8	0.02951	0.03299	8	7	4
11952	HCQbdv^	3	3.2361	3.5000	5	8	0.02951	0.03299	8	7	4
11953	HCQbdzn	3	3.2361	3.5000	5	8	0.02951	0.03299	8	8	4
11954	HCQbeu~	3	3.2361	3.5000	5	8	0.02951	0.03299	8	8	4
11955	HCQbfjn	3	3.2361	3.5000	5	8	0.02951	0.03299	8	7	4
11956	HCQbfr^	3	3.2361	3.5000	5	8	0.02951	0.03299	8	7	4
11957	HCQbfr|	3	3.2361	3.5000	5	8	0.02951	0.03299	8	7	4
11958	HCQbfrz	3	3.2361	3.5000	5	8	0.02951	0.03299	8	7	4
11959	HCQbfV^	3	3.2361	3.5000	5	8	0.02951	0.03299	8	7	4
11960	HCQbfVv	3	3.2361	3.5000	5	8	0.02951	0.03299	8	7	4
11961	HCQbfY~	3	3.2361	3.5000	5	8	0.02951	0.03299	8	8	4
11962	HCQe^P~	3	3.2361	3.5000	5	8	0.02951	0.03299	8	8	4
11963	HCQfJh~	3	3.2361	3.5000	5	8	0.02951	0.03299	8	8	4
11964	HCQfJj}	3	3.2361	3.5000	5	8	0.02951	0.03299	8	8	4
11965	HCQfLZ^	3	3.2361	3.5000	5	8	0.02951	0.03299	8	9	4
11966	HCQfLZ}	3	3.2361	3.5000	5	8	0.02951	0.03299	8	9	4
11967	HCQudr|	3	3.2361	3.5000	5	8	0.02951	0.03299	8	9	4
11968	HCQudr}	3	3.2361	3.5000	5	8	0.02951	0.03299	8	9	4
11969	HCQudrz	3	3.2361	3.5000	5	8	0.02951	0.03299	8	9	4
11970	HCQuQzz	3	3.2361	3.5000	5	8	0.02951	0.03299	8	11	4
11971	HCQvCv|	3	3.2361	3.5000	5	8	0.02951	0.03299	8	8	4
11972	HCQvCvz	3	3.2361	3.5000	5	8	0.02951	0.03299	8	8	4
11973	HCQVdr}	3	3.2361	3.5000	5	8	0.02951	0.03299	8	9	4
11974	HCQVdrz	3	3.2361	3.5000	5	8	0.02951	0.03299	8	9	4
11975	HCQvDZ^	3	3.2361	3.5000	5	8	0.02951	0.03299	8	8	4
11976	HCQvDZn	3	3.2361	3.5000	5	8	0.02951	0.03299	8	8	4
11977	HCQVfJ}	3	3.2361	3.5000	5	8	0.02951	0.03299	8	8	4
11978	HCRbdj^	3	3.2361	3.5000	5	8	0.02951	0.03299	8	9	4
11979	HCRbdjn	3	3.2361	3.5000	5	8	0.02951	0.03299	8	9	4
11980	HCRber^	3	3.2361	3.5000	5	8	0.02951	0.03299	8	8	4
11981	HCRber|	3	3.2361	3.5000	5	8	0.02951	0.03299	8	8	4
11982	HCRbfH~	3	3.2361	3.5000	5	8	0.02951	0.03299	8	9	4
11983	HCRbfJ^	3	3.2361	3.5000	5	8	0.02951	0.03299	8	9	4
11984	HCRctVn	3	3.2361	3.5000	5	8	0.02951	0.03299	8	9	4
11985	HCRctVv	3	3.2361	3.5000	5	8	0.02951	0.03299	8	9	4
11986	HCRcujz	3	3.2361	3.5000	5	8	0.02951	0.03299	8	9	4
11987	HCR`ur^	3	3.2361	3.5000	5	8	0.02951	0.03299	8	7	4
11988	HCR`ur|	3	3.2361	3.5000	5	8	0.02951	0.03299	8	7	4
11989	HCRVBh~	3	3.2361	3.5000	5	8	0.02951	0.03299	8	8	4
11990	HCdebR~	3	3.2361	3.5000	5	9	0.02951	0.03299	8	8	4
11991	HCOfdr~	3	3.2361	3.5000	5	9	0.02951	0.03299	8	7	4
11992	HCQbcv~	3	3.2361	3.5000	5	9	0.02951	0.03299	8	7	4
11993	HCQbdZ~	3	3.2361	3.5000	5	9	0.02951	0.03299	8	7	4
11994	HCQbeV~	3	3.2361	3.5000	5	9	0.02951	0.03299	8	7	4
11995	HCQbfJ~	3	3.2361	3.5000	5	9	0.02951	0.03299	8	7	4
11996	HCQbQz~	3	3.2361	3.5000	5	9	0.02951	0.03299	8	8	4
11997	HCQbRr~	3	3.2361	3.5000	5	9	0.02951	0.03299	8	8	4
11998	HCQb`v~	3	3.2361	3.5000	5	9	0.02951	0.03299	8	7	4
11999	HCQeQz~	3	3.2361	3.5000	5	9	0.02951	0.03299	8	8	4
12000	HCpUvrY	3	3.2361	3.5000	5	6	0.02951	0.03299	8	9	4
12001	HCpUtjy	3	3.2361	3.5000	5	7	0.02951	0.03299	8	11	4
12002	HCpUvJy	3	3.2361	3.5000	5	7	0.02951	0.03299	8	9	4
12003	HCpVcy|	3	3.2361	3.5000	5	7	0.02951	0.03299	8	9	4
12004	HCpVTrj	3	3.2361	3.5000	5	7	0.02951	0.03299	8	10	4
12005	HCpVTrN	3	3.2361	3.5000	5	7	0.02951	0.03299	8	9	4
12006	HCpVUrx	3	3.2361	3.5000	5	7	0.02951	0.03299	8	9	4
12007	HCpVVbZ	3	3.2361	3.5000	5	7	0.02951	0.03299	8	8	4
12008	HCRenav	3	3.2361	3.5000	5	7	0.02951	0.03299	8	9	4
12009	HCRenb]	3	3.2361	3.5000	5	7	0.02951	0.03299	8	9	4
12010	HCRenbu	3	3.2361	3.5000	5	7	0.02951	0.03299	8	8	4
12011	HCRStn{	3	3.2361	3.5000	5	7	0.02951	0.03299	8	11	4
12012	HCRStzu	3	3.2361	3.5000	5	7	0.02951	0.03299	8	9	4
12013	HCRSvi}	3	3.2361	3.5000	5	7	0.02951	0.03299	8	11	4
12014	HCRSvju	3	3.2361	3.5000	5	7	0.02951	0.03299	8	9	4
12015	HCpbbt^	3	3.2361	3.5000	5	7	0.02951	0.03299	8	8	4
12016	HCpbbtn	3	3.2361	3.5000	5	7	0.02951	0.03299	8	9	4
12017	HCpbbtv	3	3.2361	3.5000	5	7	0.02951	0.03299	8	9	4
12018	HCpbdy|	3	3.2361	3.5000	5	7	0.02951	0.03299	8	10	4
12019	HCpbetz	3	3.2361	3.5000	5	7	0.02951	0.03299	8	9	4
12020	HCpbevj	3	3.2361	3.5000	5	7	0.02951	0.03299	8	8	4
12021	HCpbevr	3	3.2361	3.5000	5	7	0.02951	0.03299	8	9	4
12022	HCpbezl	3	3.2361	3.5000	5	7	0.02951	0.03299	8	10	4
12023	HCpbezN	3	3.2361	3.5000	5	7	0.02951	0.03299	8	9	4
12024	HCpbezZ	3	3.2361	3.5000	5	7	0.02951	0.03299	8	10	4
12025	HCpbfdv	3	3.2361	3.5000	5	7	0.02951	0.03299	8	9	4
12026	HCpbfdz	3	3.2361	3.5000	5	7	0.02951	0.03299	8	8	4
12027	HCpbffV	3	3.2361	3.5000	5	7	0.02951	0.03299	8	7	4
12028	HCpbfjt	3	3.2361	3.5000	5	7	0.02951	0.03299	8	7	4
12029	HCpbfTn	3	3.2361	3.5000	5	7	0.02951	0.03299	8	8	4
12030	HCpbfTz	3	3.2361	3.5000	5	7	0.02951	0.03299	8	7	4
12031	HCpbfXn	3	3.2361	3.5000	5	7	0.02951	0.03299	8	10	4
12032	HCpbfZN	3	3.2361	3.5000	5	7	0.02951	0.03299	8	9	4
12033	HCpdQ|^	3	3.2361	3.5000	5	7	0.02951	0.03299	8	8	4
12034	HCpdQ~j	3	3.2361	3.5000	5	7	0.02951	0.03299	8	8	4
12035	HCpdQ|n	3	3.2361	3.5000	5	7	0.02951	0.03299	8	9	4
12036	HCpdS}|	3	3.2361	3.5000	5	7	0.02951	0.03299	8	8	4
12037	HCpdS~x	3	3.2361	3.5000	5	7	0.02951	0.03299	8	7	4
12038	HCpdUt^	3	3.2361	3.5000	5	7	0.02951	0.03299	8	9	4
12039	HCpdVX|	3	3.2361	3.5000	5	7	0.02951	0.03299	8	9	4
12040	HCRbb^l	3	3.2361	3.5000	5	7	0.02951	0.03299	8	10	4
12041	HCRbb^N	3	3.2361	3.5000	5	7	0.02951	0.03299	8	9	4
12042	HCRbe^\	3	3.2361	3.5000	5	7	0.02951	0.03299	8	9	4
12043	HCRbe\^	3	3.2361	3.5000	5	7	0.02951	0.03299	8	8	4
12044	HCRbe^f	3	3.2361	3.5000	5	7	0.02951	0.03299	8	8	4
12045	HCRbe^l	3	3.2361	3.5000	5	7	0.02951	0.03299	8	9	4
12046	HCRbemv	3	3.2361	3.5000	5	7	0.02951	0.03299	8	8	4
12047	HCRbent	3	3.2361	3.5000	5	7	0.02951	0.03299	8	7	4
12048	HCRbe^V	3	3.2361	3.5000	5	7	0.02951	0.03299	8	7	4
12049	HCRbezt	3	3.2361	3.5000	5	7	0.02951	0.03299	8	9	4
12050	HCRbezV	3	3.2361	3.5000	5	7	0.02951	0.03299	8	8	4
12051	HCRbfiv	3	3.2361	3.5000	5	7	0.02951	0.03299	8	9	4
12052	HCRbfMv	3	3.2361	3.5000	5	7	0.02951	0.03299	8	9	4
12053	HCRbfNt	3	3.2361	3.5000	5	7	0.02951	0.03299	8	8	4
12054	HCRbfNV	3	3.2361	3.5000	5	7	0.02951	0.03299	8	7	4
12055	HCRbfZ\	3	3.2361	3.5000	5	7	0.02951	0.03299	8	10	4
12056	HCRbfZf	3	3.2361	3.5000	5	7	0.02951	0.03299	8	9	4
12057	HCRbfZt	3	3.2361	3.5000	5	7	0.02951	0.03299	8	9	4
12058	HCRStzr	3	3.2361	3.5000	5	7	0.02951	0.03299	8	7	4
12059	HCpber^	3	3.2361	3.5000	5	8	0.02951	0.03299	8	9	4
12060	HCpber|	3	3.2361	3.5000	5	8	0.02951	0.03299	8	9	4
12061	HCpberz	3	3.2361	3.5000	5	8	0.02951	0.03299	8	9	4
12062	HCpbQz^	3	3.2361	3.5000	5	8	0.02951	0.03299	8	9	4
12063	HCpbQzn	3	3.2361	3.5000	5	8	0.02951	0.03299	8	9	4
12064	HCpbRd~	3	3.2361	3.5000	5	8	0.02951	0.03299	8	8	4
12065	HCpbRfn	3	3.2361	3.5000	5	8	0.02951	0.03299	8	8	4
12066	HCpbRfz	3	3.2361	3.5000	5	8	0.02951	0.03299	8	8	4
12067	HCpdcy~	3	3.2361	3.5000	5	8	0.02951	0.03299	8	9	4
12068	HCpdcz^	3	3.2361	3.5000	5	8	0.02951	0.03299	8	9	4
12069	HCpdczz	3	3.2361	3.5000	5	8	0.02951	0.03299	8	9	4
12070	HCpddq~	3	3.2361	3.5000	5	8	0.02951	0.03299	8	9	4
12071	HCpddr^	3	3.2361	3.5000	5	8	0.02951	0.03299	8	9	4
12072	HCpddrz	3	3.2361	3.5000	5	8	0.02951	0.03299	8	9	4
12073	HCQbd]~	3	3.2361	3.5000	5	8	0.02951	0.03299	8	7	4
12074	HCQbd^n	3	3.2361	3.5000	5	8	0.02951	0.03299	8	7	4
12075	HCQbdu~	3	3.2361	3.5000	5	8	0.02951	0.03299	8	7	4
12076	HCQbd^v	3	3.2361	3.5000	5	8	0.02951	0.03299	8	7	4
12077	HCQbdvv	3	3.2361	3.5000	5	8	0.02951	0.03299	8	7	4
12078	HCQbdvz	3	3.2361	3.5000	5	8	0.02951	0.03299	8	7	4
12079	HCQbdy~	3	3.2361	3.5000	5	8	0.02951	0.03299	8	8	4
12080	HCQbdz|	3	3.2361	3.5000	5	8	0.02951	0.03299	8	8	4
12081	HCQbdzv	3	3.2361	3.5000	5	8	0.02951	0.03299	8	8	4
12082	HCQbfe~	3	3.2361	3.5000	5	8	0.02951	0.03299	8	7	4
12083	HCQbfj|	3	3.2361	3.5000	5	8	0.02951	0.03299	8	7	4
12084	HCQbfjv	3	3.2361	3.5000	5	8	0.02951	0.03299	8	7	4
12085	HCQbfM~	3	3.2361	3.5000	5	8	0.02951	0.03299	8	7	4
12086	HCQbfT~	3	3.2361	3.5000	5	8	0.02951	0.03299	8	7	4
12087	HCQbfVn	3	3.2361	3.5000	5	8	0.02951	0.03299	8	7	4
12088	HCQbfVz	3	3.2361	3.5000	5	8	0.02951	0.03299	8	7	4
12089	HCQfJjn	3	3.2361	3.5000	5	8	0.02951	0.03299	8	8	4
12090	HCQfJjv	3	3.2361	3.5000	5	8	0.02951	0.03299	8	8	4
12091	HCQudq~	3	3.2361	3.5000	5	8	0.02951	0.03299	8	9	4
12092	HCQudr^	3	3.2361	3.5000	5	8	0.02951	0.03299	8	9	4
12093	HCQudrv	3	3.2361	3.5000	5	8	0.02951	0.03299	8	9	4
12094	HCQvCu~	3	3.2361	3.5000	5	8	0.02951	0.03299	8	8	4
12095	HCQvCv^	3	3.2361	3.5000	5	8	0.02951	0.03299	8	8	4
12096	HCQvCvv	3	3.2361	3.5000	5	8	0.02951	0.03299	8	8	4
12097	HCQVdr^	3	3.2361	3.5000	5	8	0.02951	0.03299	8	9	4
12098	HCQVdrv	3	3.2361	3.5000	5	8	0.02951	0.03299	8	9	4
12099	HCQvDY~	3	3.2361	3.5000	5	8	0.02951	0.03299	8	8	4
12100	HCQvDZ|	3	3.2361	3.5000	5	8	0.02951	0.03299	8	8	4
12101	HCQvDZv	3	3.2361	3.5000	5	8	0.02951	0.03299	8	8	4
12102	HCQvEe~	3	3.2361	3.5000	5	8	0.02951	0.03299	8	9	4
12103	HCQVfJ^	3	3.2361	3.5000	5	8	0.02951	0.03299	8	8	4
12104	HCQVfJv	3	3.2361	3.5000	5	8	0.02951	0.03299	8	8	4
12105	HCRbdj|	3	3.2361	3.5000	5	8	0.02951	0.03299	8	9	4
12106	HCRbdjv	3	3.2361	3.5000	5	8	0.02951	0.03299	8	9	4
12107	HCRbfJ|	3	3.2361	3.5000	5	8	0.02951	0.03299	8	9	4
12108	HCRbfJn	3	3.2361	3.5000	5	8	0.02951	0.03299	8	9	4
12109	HCRbfJv	3	3.2361	3.5000	5	8	0.02951	0.03299	8	9	4
12110	HCRctU~	3	3.2361	3.5000	5	8	0.02951	0.03299	8	9	4
12111	HCRctV^	3	3.2361	3.5000	5	8	0.02951	0.03299	8	9	4
12112	HCRctVz	3	3.2361	3.5000	5	8	0.02951	0.03299	8	9	4
12113	HCRVBj^	3	3.2361	3.5000	5	8	0.02951	0.03299	8	8	4
12114	HCRVBj|	3	3.2361	3.5000	5	8	0.02951	0.03299	8	8	4
12115	HCRVBjv	3	3.2361	3.5000	5	8	0.02951	0.03299	8	8	4
12116	HCpVTrZ	3	3.2361	3.5000	5	7	0.02951	0.03299	8	9	4
12117	HCRenbV	3	3.2361	3.5000	5	7	0.02951	0.03299	8	8	4
12118	HCpbbtz	3	3.2361	3.5000	5	7	0.02951	0.03299	8	8	4
12119	HCpbez\	3	3.2361	3.5000	5	7	0.02951	0.03299	8	10	4
12120	HCpbffr	3	3.2361	3.5000	5	7	0.02951	0.03299	8	8	4
12121	HCpbfVj	3	3.2361	3.5000	5	7	0.02951	0.03299	8	7	4
12122	HCpbfZl	3	3.2361	3.5000	5	7	0.02951	0.03299	8	10	4
12123	HCpdU\^	3	3.2361	3.5000	5	7	0.02951	0.03299	8	8	4
12124	HCRbe^N	3	3.2361	3.5000	5	7	0.02951	0.03299	8	8	4
12125	HCRbez\	3	3.2361	3.5000	5	7	0.02951	0.03299	8	10	4
12126	HCRbfjt	3	3.2361	3.5000	5	7	0.02951	0.03299	8	8	4
12127	HCRbfZl	3	3.2361	3.5000	5	7	0.02951	0.03299	8	10	4
12128	HCpbevZ	3	3.2361	3.5000	5	7	0.02951	0.03299	8	10	4
12129	HCRbdmv	3	3.2361	3.5000	5	7	0.02951	0.03299	8	10	4
12130	HCRbenV	3	3.2361	3.5000	5	7	0.02951	0.03299	8	7	4
12131	HCQbdm~	3	3.2361	3.5000	5	8	0.02951	0.03299	8	8	4
12132	HCQ`fm~	3	3.2361	3.5000	5	8	0.02951	0.03299	8	8	4
12133	HCpVfX}	3	3.2361	3.5000	5	7	0.02951	0.03299	8	9	4
12134	HCpVTn{	3	3.2361	3.5000	5	7	0.02951	0.03299	8	11	4
12135	HCpVTzu	3	3.2361	3.5000	5	7	0.02951	0.03299	8	11	4
12136	HCpbfz]	3	3.2361	3.5000	5	7	0.02951	0.03299	8	9	4
12137	HCpbfzm	3	3.2361	3.5000	5	7	0.02951	0.03299	8	9	4
12138	HCpbfzy	3	3.2361	3.5000	5	7	0.02951	0.03299	8	9	4
12139	HCpdVx}	3	3.2361	3.5000	5	7	0.02951	0.03299	8	9	4
12140	HCpVP~u	3	3.2361	3.5000	5	7	0.02951	0.03299	8	9	4
12141	HCQbfz}	3	3.2361	3.5000	5	8	0.02951	0.03299	8	7	4
12142	HCpVezm	3	3.2361	3.5000	5	7	0.02951	0.03299	8	9	4
12143	HCpbft}	3	3.2361	3.5000	5	7	0.02951	0.03299	8	9	4
12144	HCpbfv]	3	3.2361	3.5000	5	7	0.02951	0.03299	8	9	4
12145	HCpbfvm	3	3.2361	3.5000	5	7	0.02951	0.03299	8	9	4
12146	HCpbfvu	3	3.2361	3.5000	5	7	0.02951	0.03299	8	9	4
12147	HCpVfT}	3	3.2361	3.5000	5	7	0.02951	0.03299	8	9	4
12148	HCpVVpv	3	3.2361	3.5000	5	7	0.02951	0.03299	8	9	4
12149	HCRbfzu	3	3.2361	3.5000	5	7	0.02951	0.03299	8	9	4
12150	HCpVd\^	3	3.2361	3.5000	5	7	0.02951	0.03299	8	6	4
12151	HCpbbv}	3	3.2361	3.5000	5	8	0.02951	0.03299	8	8	4
12152	HCpbez}	3	3.2361	3.5000	5	8	0.02951	0.03299	8	9	4
12153	HCpbff}	3	3.2361	3.5000	5	8	0.02951	0.03299	8	8	4
12154	HCpbfV}	3	3.2361	3.5000	5	8	0.02951	0.03299	8	7	4
12155	HCQbd~}	3	3.2361	3.5000	5	8	0.02951	0.03299	8	7	4
12156	HCQbf^}	3	3.2361	3.5000	5	8	0.02951	0.03299	8	7	4
12157	HCQbfv}	3	3.2361	3.5000	5	8	0.02951	0.03299	8	7	4
12158	HCRbfj}	3	3.2361	3.5000	5	8	0.02951	0.03299	8	8	4
12159	HCQ`f~}	3	3.2361	3.5000	5	9	0.02951	0.03299	8	7	4
12160	HCpVUzu	3	3.2361	3.5000	5	7	0.02951	0.03299	8	11	4
12161	HCpVUnu	3	3.2361	3.5000	5	7	0.02951	0.03299	8	9	4
12162	HCRbe~u	3	3.2361	3.5000	5	7	0.02951	0.03299	8	9	4
12163	HCpbev}	3	3.2361	3.5000	5	8	0.02951	0.03299	8	9	4
12164	HCRbdn}	3	3.2361	3.5000	5	8	0.02951	0.03299	8	9	4
12165	HCRben}	3	3.2361	3.5000	5	8	0.02951	0.03299	8	7	4
12166	HCpUvh}	3	3.2361	3.5000	5	7	0.02951	0.03299	8	10	4
12167	HCpUvZu	3	3.2361	3.5000	5	7	0.02951	0.03299	8	10	4
12168	HCpVdz]	3	3.2361	3.5000	5	7	0.02951	0.03299	8	9	4
12169	HCpVdzy	3	3.2361	3.5000	5	7	0.02951	0.03299	8	9	4
12170	HCpVev{	3	3.2361	3.5000	5	7	0.02951	0.03299	8	8	4
12171	HCpVey}	3	3.2361	3.5000	5	7	0.02951	0.03299	8	9	4
12172	HCpVez]	3	3.2361	3.5000	5	7	0.02951	0.03299	8	7	4
12173	HCpVfZ]	3	3.2361	3.5000	5	7	0.02951	0.03299	8	9	4
12174	HCpVfZu	3	3.2361	3.5000	5	7	0.02951	0.03299	8	9	4
12175	HCpVfZy	3	3.2361	3.5000	5	7	0.02951	0.03299	8	9	4
12176	HCpVS~{	3	3.2361	3.5000	5	7	0.02951	0.03299	8	10	4
12177	HCpVTv{	3	3.2361	3.5000	5	7	0.02951	0.03299	8	11	4
12178	HCpVVq}	3	3.2361	3.5000	5	7	0.02951	0.03299	8	9	4
12179	HCpdU~u	3	3.2361	3.5000	5	7	0.02951	0.03299	8	9	4
12180	HCpdV\}	3	3.2361	3.5000	5	7	0.02951	0.03299	8	9	4
12181	HCpdVt}	3	3.2361	3.5000	5	7	0.02951	0.03299	8	9	4
12182	HCpdVv{	3	3.2361	3.5000	5	7	0.02951	0.03299	8	9	4
12183	HCpUvjx	3	3.2361	3.5000	5	7	0.02951	0.03299	8	9	4
12184	HCpVbv]	3	3.2361	3.5000	5	7	0.02951	0.03299	8	8	4
12185	HCpVc~m	3	3.2361	3.5000	5	7	0.02951	0.03299	8	8	4
12186	HCpVd^]	3	3.2361	3.5000	5	7	0.02951	0.03299	8	7	4
12187	HCpVdt|	3	3.2361	3.5000	5	7	0.02951	0.03299	8	9	4
12188	HCpVdt}	3	3.2361	3.5000	5	7	0.02951	0.03299	8	9	4
12189	HCpVe]|	3	3.2361	3.5000	5	7	0.02951	0.03299	8	8	4
12190	HCpVe]}	3	3.2361	3.5000	5	7	0.02951	0.03299	8	8	4
12191	HCpVe^u	3	3.2361	3.5000	5	7	0.02951	0.03299	8	8	4
12192	HCpVffm	3	3.2361	3.5000	5	7	0.02951	0.03299	8	8	4
12193	HCpVfT|	3	3.2361	3.5000	5	7	0.02951	0.03299	8	9	4
12194	HCpVfU|	3	3.2361	3.5000	5	7	0.02951	0.03299	8	9	4
12195	HCpVfVu	3	3.2361	3.5000	5	7	0.02951	0.03299	8	9	4
12196	HCpVfY|	3	3.2361	3.5000	5	7	0.02951	0.03299	8	9	4
12197	HCpVP}|	3	3.2361	3.5000	5	7	0.02951	0.03299	8	9	4
12198	HCpVTvu	3	3.2361	3.5000	5	7	0.02951	0.03299	8	11	4
12199	HCpVTx|	3	3.2361	3.5000	5	7	0.02951	0.03299	8	11	4
12200	HCpVVp|	3	3.2361	3.5000	5	7	0.02951	0.03299	8	9	4
12201	HCpVVqv	3	3.2361	3.5000	5	7	0.02951	0.03299	8	9	4
12202	HCpVVrt	3	3.2361	3.5000	5	7	0.02951	0.03299	8	9	4
12203	HCRSv^{	3	3.2361	3.5000	5	7	0.02951	0.03299	8	10	4
12204	HCpVd\v	3	3.2361	3.5000	5	7	0.02951	0.03299	8	7	4
12205	HCpVP~V	3	3.2361	3.5000	5	7	0.02951	0.03299	8	8	4
12206	HCpbbv|	3	3.2361	3.5000	5	8	0.02951	0.03299	8	8	4
12207	HCpbdx~	3	3.2361	3.5000	5	8	0.02951	0.03299	8	9	4
12208	HCpbff|	3	3.2361	3.5000	5	8	0.02951	0.03299	8	8	4
12209	HCpbfjz	3	3.2361	3.5000	5	8	0.02951	0.03299	8	7	4
12210	HCpdQ~}	3	3.2361	3.5000	5	8	0.02951	0.03299	8	8	4
12211	HCpdQ~v	3	3.2361	3.5000	5	8	0.02951	0.03299	8	8	4
12212	HCpdTx~	3	3.2361	3.5000	5	8	0.02951	0.03299	8	8	4
12213	HCpdTz}	3	3.2361	3.5000	5	8	0.02951	0.03299	8	8	4
12214	HCpdUz}	3	3.2361	3.5000	5	8	0.02951	0.03299	8	9	4
12215	HCpdVj}	3	3.2361	3.5000	5	8	0.02951	0.03299	8	9	4
12216	HCpdVp~	3	3.2361	3.5000	5	8	0.02951	0.03299	8	7	4
12217	HCpdVr}	3	3.2361	3.5000	5	8	0.02951	0.03299	8	7	4
12218	HCpVbY~	3	3.2361	3.5000	5	8	0.02951	0.03299	8	9	4
12219	HCpVbZ}	3	3.2361	3.5000	5	8	0.02951	0.03299	8	9	4
12220	HCpVTrv	3	3.2361	3.5000	5	8	0.02951	0.03299	8	9	4
12221	HCpVV`~	3	3.2361	3.5000	5	8	0.02951	0.03299	8	8	4
12222	HCpVVbv	3	3.2361	3.5000	5	8	0.02951	0.03299	8	8	4
12223	HCRbfjz	3	3.2361	3.5000	5	8	0.02951	0.03299	8	8	4
12224	HCRbfZz	3	3.2361	3.5000	5	8	0.02951	0.03299	8	9	4
12225	HCRen`~	3	3.2361	3.5000	5	8	0.02951	0.03299	8	8	4
12226	HCRenb|	3	3.2361	3.5000	5	8	0.02951	0.03299	8	8	4
12227	HCRSvrn	3	3.2361	3.5000	5	8	0.02951	0.03299	8	8	4
12228	HCpUu^{	3	3.2361	3.5000	5	7	0.02951	0.03299	8	9	4
12229	HCpUuzm	3	3.2361	3.5000	5	7	0.02951	0.03299	8	9	4
12230	HCpUvi}	3	3.2361	3.5000	5	7	0.02951	0.03299	8	10	4
12231	HCpUvY}	3	3.2361	3.5000	5	7	0.02951	0.03299	8	10	4
12232	HCpVTz]	3	3.2361	3.5000	5	7	0.02951	0.03299	8	11	4
12233	HCpVTzm	3	3.2361	3.5000	5	7	0.02951	0.03299	8	11	4
12234	HCpVTzy	3	3.2361	3.5000	5	7	0.02951	0.03299	8	11	4
12235	HCpVUv{	3	3.2361	3.5000	5	7	0.02951	0.03299	8	10	4
12236	HCpVVjy	3	3.2361	3.5000	5	7	0.02951	0.03299	8	11	4
12237	HCpVVr]	3	3.2361	3.5000	5	7	0.02951	0.03299	8	9	4
12238	HCpVVrm	3	3.2361	3.5000	5	7	0.02951	0.03299	8	9	4
12239	HCpVVV{	3	3.2361	3.5000	5	7	0.02951	0.03299	8	11	4
12240	HCpdU}}	3	3.2361	3.5000	5	7	0.02951	0.03299	8	9	4
12241	HCpUvh|	3	3.2361	3.5000	5	7	0.02951	0.03299	8	10	4
12242	HCpUvjr	3	3.2361	3.5000	5	7	0.02951	0.03299	8	8	4
12243	HCpUvZx	3	3.2361	3.5000	5	7	0.02951	0.03299	8	9	4
12244	HCpVc~]	3	3.2361	3.5000	5	7	0.02951	0.03299	8	7	4
12245	HCpVc~y	3	3.2361	3.5000	5	7	0.02951	0.03299	8	8	4
12246	HCpVdv]	3	3.2361	3.5000	5	7	0.02951	0.03299	8	9	4
12247	HCpVdvl	3	3.2361	3.5000	5	7	0.02951	0.03299	8	9	4
12248	HCpVe\|	3	3.2361	3.5000	5	7	0.02951	0.03299	8	8	4
12249	HCpVet|	3	3.2361	3.5000	5	7	0.02951	0.03299	8	8	4
12250	HCpVfe}	3	3.2361	3.5000	5	7	0.02951	0.03299	8	8	4
12251	HCpVff]	3	3.2361	3.5000	5	7	0.02951	0.03299	8	8	4
12252	HCpVfVl	3	3.2361	3.5000	5	7	0.02951	0.03299	8	9	4
12253	HCpVfX|	3	3.2361	3.5000	5	7	0.02951	0.03299	8	9	4
12254	HCpVfY^	3	3.2361	3.5000	5	7	0.02951	0.03299	8	8	4
12255	HCpVP~y	3	3.2361	3.5000	5	7	0.02951	0.03299	8	9	4
12256	HCpVS||	3	3.2361	3.5000	5	7	0.02951	0.03299	8	10	4
12257	HCpVS}}	3	3.2361	3.5000	5	7	0.02951	0.03299	8	9	4
12258	HCpVTu}	3	3.2361	3.5000	5	7	0.02951	0.03299	8	9	4
12259	HCpVTyv	3	3.2361	3.5000	5	7	0.02951	0.03299	8	11	4
12260	HCpVTzt	3	3.2361	3.5000	5	7	0.02951	0.03299	8	11	4
12261	HCpVTzV	3	3.2361	3.5000	5	7	0.02951	0.03299	8	10	4
12262	HCpVVp^	3	3.2361	3.5000	5	7	0.02951	0.03299	8	8	4
12263	HCRSvnm	3	3.2361	3.5000	5	7	0.02951	0.03299	8	10	4
12264	HCpVbvN	3	3.2361	3.5000	5	7	0.02951	0.03299	8	7	4
12265	HCpVdt^	3	3.2361	3.5000	5	7	0.02951	0.03299	8	8	4
12266	HCpVd^V	3	3.2361	3.5000	5	7	0.02951	0.03299	8	6	4
12267	HCpbbn|	3	3.2361	3.5000	5	8	0.02951	0.03299	8	9	4
12268	HCpbbu~	3	3.2361	3.5000	5	8	0.02951	0.03299	8	8	4
12269	HCpbdzv	3	3.2361	3.5000	5	8	0.02951	0.03299	8	9	4
12270	HCpbdzz	3	3.2361	3.5000	5	8	0.02951	0.03299	8	9	4
12271	HCpbex~	3	3.2361	3.5000	5	8	0.02951	0.03299	8	9	4
12272	HCpbey~	3	3.2361	3.5000	5	8	0.02951	0.03299	8	9	4
12273	HCpbezv	3	3.2361	3.5000	5	8	0.02951	0.03299	8	9	4
12274	HCpbffn	3	3.2361	3.5000	5	8	0.02951	0.03299	8	8	4
12275	HCpbfh~	3	3.2361	3.5000	5	8	0.02951	0.03299	8	7	4
12276	HCpbfi~	3	3.2361	3.5000	5	8	0.02951	0.03299	8	7	4
12277	HCpbfj^	3	3.2361	3.5000	5	8	0.02951	0.03299	8	7	4
12278	HCpbfjn	3	3.2361	3.5000	5	8	0.02951	0.03299	8	7	4
12279	HCpbfU~	3	3.2361	3.5000	5	8	0.02951	0.03299	8	7	4
12280	HCpbfV|	3	3.2361	3.5000	5	8	0.02951	0.03299	8	7	4
12281	HCpbfVv	3	3.2361	3.5000	5	8	0.02951	0.03299	8	7	4
12282	HCpbfY~	3	3.2361	3.5000	5	8	0.02951	0.03299	8	9	4
12283	HCpbfZv	3	3.2361	3.5000	5	8	0.02951	0.03299	8	9	4
12284	HCpbfZz	3	3.2361	3.5000	5	8	0.02951	0.03299	8	9	4
12285	HCpdQ~|	3	3.2361	3.5000	5	8	0.02951	0.03299	8	8	4
12286	HCpdQ}~	3	3.2361	3.5000	5	8	0.02951	0.03299	8	8	4
12287	HCpdS~}	3	3.2361	3.5000	5	8	0.02951	0.03299	8	8	4
12288	HCpdS|~	3	3.2361	3.5000	5	8	0.02951	0.03299	8	8	4
12289	HCpdUv}	3	3.2361	3.5000	5	8	0.02951	0.03299	8	9	4
12290	HCpVbZ|	3	3.2361	3.5000	5	8	0.02951	0.03299	8	9	4
12291	HCpVbZn	3	3.2361	3.5000	5	8	0.02951	0.03299	8	9	4
12292	HCpVbZz	3	3.2361	3.5000	5	8	0.02951	0.03299	8	9	4
12293	HCpVTj}	3	3.2361	3.5000	5	8	0.02951	0.03299	8	11	4
12294	HCpVTr}	3	3.2361	3.5000	5	8	0.02951	0.03299	8	9	4
12295	HCpVVa~	3	3.2361	3.5000	5	8	0.02951	0.03299	8	8	4
12296	HCpVVb}	3	3.2361	3.5000	5	8	0.02951	0.03299	8	8	4
12297	HCpVVbn	3	3.2361	3.5000	5	8	0.02951	0.03299	8	8	4
12298	HCRbex~	3	3.2361	3.5000	5	8	0.02951	0.03299	8	9	4
12299	HCRbe^z	3	3.2361	3.5000	5	8	0.02951	0.03299	8	8	4
12300	HCRbezz	3	3.2361	3.5000	5	8	0.02951	0.03299	8	9	4
12301	HCRbfh~	3	3.2361	3.5000	5	8	0.02951	0.03299	8	8	4
12302	HCRbfNz	3	3.2361	3.5000	5	8	0.02951	0.03299	8	8	4
12303	HCRenbn	3	3.2361	3.5000	5	8	0.02951	0.03299	8	8	4
12304	HCRenbz	3	3.2361	3.5000	5	8	0.02951	0.03299	8	8	4
12305	HCRStzn	3	3.2361	3.5000	5	8	0.02951	0.03299	8	8	4
12306	HCRSvN}	3	3.2361	3.5000	5	8	0.02951	0.03299	8	8	4
12307	HCRSvr}	3	3.2361	3.5000	5	8	0.02951	0.03299	8	8	4
12308	HCRSvZ}	3	3.2361	3.5000	5	8	0.02951	0.03299	8	10	4
12309	HCpbdj~	3	3.2361	3.5000	5	9	0.02951	0.03299	8	7	4
12310	HCQbfr~	3	3.2361	3.5000	5	9	0.02951	0.03299	8	6	4
12311	HCRber~	3	3.2361	3.5000	5	9	0.02951	0.03299	8	7	4
12312	HCR`ur~	3	3.2361	3.5000	5	9	0.02951	0.03299	8	6	4
12313	HCpUvjy	3	3.2361	3.5000	5	7	0.02951	0.03299	8	10	4
12314	HCpUvr]	3	3.2361	3.5000	5	7	0.02951	0.03299	8	9	4
12315	HCpUuzx	3	3.2361	3.5000	5	7	0.02951	0.03299	8	7	4
12316	HCpUvrx	3	3.2361	3.5000	5	7	0.02951	0.03299	8	8	4
12317	HCpVdu|	3	3.2361	3.5000	5	7	0.02951	0.03299	8	9	4
12318	HCpVdy|	3	3.2361	3.5000	5	7	0.02951	0.03299	8	9	4
12319	HCpVe^l	3	3.2361	3.5000	5	7	0.02951	0.03299	8	8	4
12320	HCpVeu|	3	3.2361	3.5000	5	7	0.02951	0.03299	8	8	4
12321	HCpVevl	3	3.2361	3.5000	5	7	0.02951	0.03299	8	8	4
12322	HCpVey|	3	3.2361	3.5000	5	7	0.02951	0.03299	8	9	4
12323	HCpVfZ\	3	3.2361	3.5000	5	7	0.02951	0.03299	8	9	4
12324	HCpVfZl	3	3.2361	3.5000	5	7	0.02951	0.03299	8	9	4
12325	HCpVTvm	3	3.2361	3.5000	5	7	0.02951	0.03299	8	11	4
12326	HCpVTvy	3	3.2361	3.5000	5	7	0.02951	0.03299	8	9	4
12327	HCpVTy|	3	3.2361	3.5000	5	7	0.02951	0.03299	8	11	4
12328	HCpVTz\	3	3.2361	3.5000	5	7	0.02951	0.03299	8	11	4
12329	HCpVUnt	3	3.2361	3.5000	5	7	0.02951	0.03299	8	10	4
12330	HCpVUt|	3	3.2361	3.5000	5	7	0.02951	0.03299	8	10	4
12331	HCpVUzt	3	3.2361	3.5000	5	7	0.02951	0.03299	8	11	4
12332	HCpVVq^	3	3.2361	3.5000	5	7	0.02951	0.03299	8	8	4
12333	HCpVVr\	3	3.2361	3.5000	5	7	0.02951	0.03299	8	9	4
12334	HCpVVrx	3	3.2361	3.5000	5	7	0.02951	0.03299	8	8	4
12335	HCpVVU}	3	3.2361	3.5000	5	7	0.02951	0.03299	8	11	4
12336	HCRSvny	3	3.2361	3.5000	5	7	0.02951	0.03299	8	10	4
12337	HCpVbvV	3	3.2361	3.5000	5	7	0.02951	0.03299	8	7	4
12338	HCpVd^j	3	3.2361	3.5000	5	7	0.02951	0.03299	8	7	4
12339	HCpVd^r	3	3.2361	3.5000	5	7	0.02951	0.03299	8	6	4
12340	HCpVd^Z	3	3.2361	3.5000	5	7	0.02951	0.03299	8	6	4
12341	HCpVfTz	3	3.2361	3.5000	5	7	0.02951	0.03299	8	8	4
12342	HCpVfVf	3	3.2361	3.5000	5	7	0.02951	0.03299	8	8	4
12343	HCpVP|z	3	3.2361	3.5000	5	7	0.02951	0.03299	8	8	4
12344	HCpbbm~	3	3.2361	3.5000	5	8	0.02951	0.03299	8	9	4
12345	HCpbbn^	3	3.2361	3.5000	5	8	0.02951	0.03299	8	9	4
12346	HCpbbnz	3	3.2361	3.5000	5	8	0.02951	0.03299	8	9	4
12347	HCpbbv^	3	3.2361	3.5000	5	8	0.02951	0.03299	8	8	4
12348	HCpbbvn	3	3.2361	3.5000	5	8	0.02951	0.03299	8	8	4
12349	HCpbbvv	3	3.2361	3.5000	5	8	0.02951	0.03299	8	8	4
12350	HCpbdz|	3	3.2361	3.5000	5	8	0.02951	0.03299	8	9	4
12351	HCpbet~	3	3.2361	3.5000	5	8	0.02951	0.03299	8	9	4
12352	HCpbev|	3	3.2361	3.5000	5	8	0.02951	0.03299	8	9	4
12353	HCpbevv	3	3.2361	3.5000	5	8	0.02951	0.03299	8	9	4
12354	HCpbezn	3	3.2361	3.5000	5	8	0.02951	0.03299	8	9	4
12355	HCpbezz	3	3.2361	3.5000	5	8	0.02951	0.03299	8	9	4
12356	HCpbfd~	3	3.2361	3.5000	5	8	0.02951	0.03299	8	8	4
12357	HCpbfe~	3	3.2361	3.5000	5	8	0.02951	0.03299	8	8	4
12358	HCpbff^	3	3.2361	3.5000	5	8	0.02951	0.03299	8	8	4
12359	HCpbfj|	3	3.2361	3.5000	5	8	0.02951	0.03299	8	7	4
12360	HCpbfjv	3	3.2361	3.5000	5	8	0.02951	0.03299	8	7	4
12361	HCpbfT~	3	3.2361	3.5000	5	8	0.02951	0.03299	8	7	4
12362	HCpbfV^	3	3.2361	3.5000	5	8	0.02951	0.03299	8	7	4
12363	HCpbfX~	3	3.2361	3.5000	5	8	0.02951	0.03299	8	9	4
12364	HCpbfZ^	3	3.2361	3.5000	5	8	0.02951	0.03299	8	9	4
12365	HCpdQ|~	3	3.2361	3.5000	5	8	0.02951	0.03299	8	8	4
12366	HCpdQ~z	3	3.2361	3.5000	5	8	0.02951	0.03299	8	8	4
12367	HCpdVX~	3	3.2361	3.5000	5	8	0.02951	0.03299	8	8	4
12368	HCpUtj}	3	3.2361	3.5000	5	8	0.02951	0.03299	8	10	4
12369	HCpUvJ}	3	3.2361	3.5000	5	8	0.02951	0.03299	8	8	4
12370	HCpVbZ^	3	3.2361	3.5000	5	8	0.02951	0.03299	8	9	4
12371	HCpVcz|	3	3.2361	3.5000	5	8	0.02951	0.03299	8	8	4
12372	HCpVTrn	3	3.2361	3.5000	5	8	0.02951	0.03299	8	9	4
12373	HCpVUj|	3	3.2361	3.5000	5	8	0.02951	0.03299	8	10	4
12374	HCpVUr|	3	3.2361	3.5000	5	8	0.02951	0.03299	8	9	4
12375	HCpVVb^	3	3.2361	3.5000	5	8	0.02951	0.03299	8	8	4
12376	HCpVVbz	3	3.2361	3.5000	5	8	0.02951	0.03299	8	8	4
12377	HCRbb^^	3	3.2361	3.5000	5	8	0.02951	0.03299	8	9	4
12378	HCRbb^|	3	3.2361	3.5000	5	8	0.02951	0.03299	8	9	4
12379	HCRbdn^	3	3.2361	3.5000	5	8	0.02951	0.03299	8	9	4
12380	HCRbdn|	3	3.2361	3.5000	5	8	0.02951	0.03299	8	9	4
12381	HCRbdnn	3	3.2361	3.5000	5	8	0.02951	0.03299	8	9	4
12382	HCRbe^|	3	3.2361	3.5000	5	8	0.02951	0.03299	8	8	4
12383	HCRbe\~	3	3.2361	3.5000	5	8	0.02951	0.03299	8	8	4
12384	HCRben|	3	3.2361	3.5000	5	8	0.02951	0.03299	8	7	4
12385	HCRbenn	3	3.2361	3.5000	5	8	0.02951	0.03299	8	7	4
12386	HCRbe^v	3	3.2361	3.5000	5	8	0.02951	0.03299	8	8	4
12387	HCRbezn	3	3.2361	3.5000	5	8	0.02951	0.03299	8	9	4
12388	HCRbezv	3	3.2361	3.5000	5	8	0.02951	0.03299	8	9	4
12389	HCRbfj^	3	3.2361	3.5000	5	8	0.02951	0.03299	8	8	4
12390	HCRbfjn	3	3.2361	3.5000	5	8	0.02951	0.03299	8	8	4
12391	HCRbfN^	3	3.2361	3.5000	5	8	0.02951	0.03299	8	8	4
12392	HCRbfN|	3	3.2361	3.5000	5	8	0.02951	0.03299	8	8	4
12393	HCRbfX~	3	3.2361	3.5000	5	8	0.02951	0.03299	8	9	4
12394	HCRbfZ^	3	3.2361	3.5000	5	8	0.02951	0.03299	8	9	4
12395	HCRbfZv	3	3.2361	3.5000	5	8	0.02951	0.03299	8	9	4
12396	HCRenb}	3	3.2361	3.5000	5	8	0.02951	0.03299	8	8	4
12397	HCRStz}	3	3.2361	3.5000	5	8	0.02951	0.03299	8	8	4
12398	HCRSvj}	3	3.2361	3.5000	5	8	0.02951	0.03299	8	10	4
12399	HCQbd~|	3	3.2361	3.5000	5	8	0.02951	0.03299	8	7	4
12400	HCQbf]~	3	3.2361	3.5000	5	8	0.02951	0.03299	8	7	4
12401	HCQbfu~	3	3.2361	3.5000	5	8	0.02951	0.03299	8	7	4
12402	HCpber~	3	3.2361	3.5000	5	9	0.02951	0.03299	8	8	4
12403	HCpbQz~	3	3.2361	3.5000	5	9	0.02951	0.03299	8	8	4
12404	HCpbRf~	3	3.2361	3.5000	5	9	0.02951	0.03299	8	7	4
12405	HCpdcz~	3	3.2361	3.5000	5	9	0.02951	0.03299	8	8	4
12406	HCpddr~	3	3.2361	3.5000	5	9	0.02951	0.03299	8	8	4
12407	HCQbd^~	3	3.2361	3.5000	5	9	0.02951	0.03299	8	6	4
12408	HCQbdv~	3	3.2361	3.5000	5	9	0.02951	0.03299	8	6	4
12409	HCQbdz~	3	3.2361	3.5000	5	9	0.02951	0.03299	8	7	4
12410	HCQbfj~	3	3.2361	3.5000	5	9	0.02951	0.03299	8	6	4
12411	HCQbfV~	3	3.2361	3.5000	5	9	0.02951	0.03299	8	6	4
12412	HCQfJj~	3	3.2361	3.5000	5	9	0.02951	0.03299	8	7	4
12413	HCQudr~	3	3.2361	3.5000	5	9	0.02951	0.03299	8	8	4
12414	HCQvCv~	3	3.2361	3.5000	5	9	0.02951	0.03299	8	7	4
12415	HCQVdr~	3	3.2361	3.5000	5	9	0.02951	0.03299	8	8	4
12416	HCQvDZ~	3	3.2361	3.5000	5	9	0.02951	0.03299	8	7	4
12417	HCQVfJ~	3	3.2361	3.5000	5	9	0.02951	0.03299	8	7	4
12418	HCRbdj~	3	3.2361	3.5000	5	9	0.02951	0.03299	8	8	4
12419	HCRbfJ~	3	3.2361	3.5000	5	9	0.02951	0.03299	8	8	4
12420	HCRctV~	3	3.2361	3.5000	5	9	0.02951	0.03299	8	8	4
12421	HCRVBj~	3	3.2361	3.5000	5	9	0.02951	0.03299	8	7	4
12422	HCpVc}|	3	3.2361	3.5000	5	7	0.02951	0.03299	8	8	4
12423	HCpVS}|	3	3.2361	3.5000	5	7	0.02951	0.03299	8	10	4
12424	HCpVUu|	3	3.2361	3.5000	5	7	0.02951	0.03299	8	10	4
12425	HCpVbvr	3	3.2361	3.5000	5	7	0.02951	0.03299	8	7	4
12426	HCpVbvZ	3	3.2361	3.5000	5	7	0.02951	0.03299	8	6	4
12427	HCpVd]z	3	3.2361	3.5000	5	7	0.02951	0.03299	8	7	4
12428	HCpbbt~	3	3.2361	3.5000	5	8	0.02951	0.03299	8	8	4
12429	HCpbbvz	3	3.2361	3.5000	5	8	0.02951	0.03299	8	8	4
12430	HCpbez^	3	3.2361	3.5000	5	8	0.02951	0.03299	8	9	4
12431	HCpbez|	3	3.2361	3.5000	5	8	0.02951	0.03299	8	9	4
12432	HCpbffv	3	3.2361	3.5000	5	8	0.02951	0.03299	8	8	4
12433	HCpbffz	3	3.2361	3.5000	5	8	0.02951	0.03299	8	8	4
12434	HCpbfVn	3	3.2361	3.5000	5	8	0.02951	0.03299	8	7	4
12435	HCpbfVz	3	3.2361	3.5000	5	8	0.02951	0.03299	8	7	4
12436	HCpbfZ|	3	3.2361	3.5000	5	8	0.02951	0.03299	8	9	4
12437	HCpbfZn	3	3.2361	3.5000	5	8	0.02951	0.03299	8	9	4
12438	HCpdQ~^	3	3.2361	3.5000	5	8	0.02951	0.03299	8	8	4
12439	HCpdQ~n	3	3.2361	3.5000	5	8	0.02951	0.03299	8	8	4
12440	HCpVTr^	3	3.2361	3.5000	5	8	0.02951	0.03299	8	9	4
12441	HCpVTrz	3	3.2361	3.5000	5	8	0.02951	0.03299	8	9	4
12442	HCRbe^^	3	3.2361	3.5000	5	8	0.02951	0.03299	8	8	4
12443	HCRbe^n	3	3.2361	3.5000	5	8	0.02951	0.03299	8	8	4
12444	HCRbez^	3	3.2361	3.5000	5	8	0.02951	0.03299	8	9	4
12445	HCRbez|	3	3.2361	3.5000	5	8	0.02951	0.03299	8	9	4
12446	HCRbfj|	3	3.2361	3.5000	5	8	0.02951	0.03299	8	8	4
12447	HCRbfjv	3	3.2361	3.5000	5	8	0.02951	0.03299	8	8	4
12448	HCRbfZ|	3	3.2361	3.5000	5	8	0.02951	0.03299	8	9	4
12449	HCRbfZn	3	3.2361	3.5000	5	8	0.02951	0.03299	8	9	4
12450	HCRenb^	3	3.2361	3.5000	5	8	0.02951	0.03299	8	8	4
12451	HCRenbv	3	3.2361	3.5000	5	8	0.02951	0.03299	8	8	4
12452	HCpbevz	3	3.2361	3.5000	5	8	0.02951	0.03299	8	9	4
12453	HCRbdnv	3	3.2361	3.5000	5	8	0.02951	0.03299	8	9	4
12454	HCRben^	3	3.2361	3.5000	5	8	0.02951	0.03299	8	7	4
12455	HCRbenv	3	3.2361	3.5000	5	8	0.02951	0.03299	8	7	4
12456	HCQbd}~	3	3.2361	3.5000	5	8	0.02951	0.03299	8	7	4
12457	HCQbd~v	3	3.2361	3.5000	5	8	0.02951	0.03299	8	7	4
12458	HCpVvW~	3	3.2361	3.5000	5	7	0.02951	0.03299	8	8	4
12459	HCpbfz}	3	3.2361	3.5000	5	8	0.02951	0.03299	8	8	4
12460	HCpbfv}	3	3.2361	3.5000	5	8	0.02951	0.03299	8	8	4
12461	HCQbf~}	3	3.2361	3.5000	5	9	0.02951	0.03299	8	6	4
12462	HCpUvn{	3	3.2361	3.5000	5	7	0.02951	0.03299	8	9	4
12463	HCpVfv{	3	3.2361	3.5000	5	7	0.02951	0.03299	8	8	4
12464	HCpVT~{	3	3.2361	3.5000	5	7	0.02951	0.03299	8	10	4
12465	HCpVvZu	3	3.2361	3.5000	5	7	0.02951	0.03299	8	10	4
12466	HCpVvhz	3	3.2361	3.5000	5	7	0.02951	0.03299	8	8	4
12467	HCpdR~}	3	3.2361	3.5000	5	8	0.02951	0.03299	8	8	4
12468	HCpVd\~	3	3.2361	3.5000	5	8	0.02951	0.03299	8	6	4
12469	HCpVdz}	3	3.2361	3.5000	5	8	0.02951	0.03299	8	8	4
12470	HCpVdzn	3	3.2361	3.5000	5	8	0.02951	0.03299	8	8	4
12471	HCpVez}	3	3.2361	3.5000	5	8	0.02951	0.03299	8	8	4
12472	HCpVfZ}	3	3.2361	3.5000	5	8	0.02951	0.03299	8	8	4
12473	HCpVP~|	3	3.2361	3.5000	5	8	0.02951	0.03299	8	8	4
12474	HCpVU~{	3	3.2361	3.5000	5	7	0.02951	0.03299	8	10	4
12475	HCpVuzm	3	3.2361	3.5000	5	7	0.02951	0.03299	8	10	4
12476	HCpVVv{	3	3.2361	3.5000	5	7	0.02951	0.03299	8	10	4
12477	HCpVvY}	3	3.2361	3.5000	5	7	0.02951	0.03299	8	10	4
12478	HCpVvhn	3	3.2361	3.5000	5	7	0.02951	0.03299	8	10	4
12479	HCpVvjj	3	3.2361	3.5000	5	7	0.02951	0.03299	8	10	4
12480	HCpVvXz	3	3.2361	3.5000	5	7	0.02951	0.03299	8	8	4
12481	HCpVc~}	3	3.2361	3.5000	5	8	0.02951	0.03299	8	7	4
12482	HCpVff}	3	3.2361	3.5000	5	8	0.02951	0.03299	8	7	4
12483	HCpVfV|	3	3.2361	3.5000	5	8	0.02951	0.03299	8	8	4
12484	HCpVfX~	3	3.2361	3.5000	5	8	0.02951	0.03299	8	8	4
12485	HCpVfY~	3	3.2361	3.5000	5	8	0.02951	0.03299	8	8	4
12486	HCpVfZv	3	3.2361	3.5000	5	8	0.02951	0.03299	8	8	4
12487	HCpVP~}	3	3.2361	3.5000	5	8	0.02951	0.03299	8	8	4
12488	HCpVTn}	3	3.2361	3.5000	5	8	0.02951	0.03299	8	10	4
12489	HCpVTx~	3	3.2361	3.5000	5	8	0.02951	0.03299	8	10	4
12490	HCpVTz}	3	3.2361	3.5000	5	8	0.02951	0.03299	8	10	4
12491	HCpVTzv	3	3.2361	3.5000	5	8	0.02951	0.03299	8	10	4
12492	HCpVVp~	3	3.2361	3.5000	5	8	0.02951	0.03299	8	8	4
12493	HCpVVr}	3	3.2361	3.5000	5	8	0.02951	0.03299	8	8	4
12494	HCRSv^}	3	3.2361	3.5000	5	8	0.02951	0.03299	8	9	4
12495	HCRbfzz	3	3.2361	3.5000	5	8	0.02951	0.03299	8	8	4
12496	HCpVvj]	3	3.2361	3.5000	5	7	0.02951	0.03299	8	10	4
12497	HCpVvjy	3	3.2361	3.5000	5	7	0.02951	0.03299	8	10	4
12498	HCpVviz	3	3.2361	3.5000	5	7	0.02951	0.03299	8	10	4
12499	HCpVvjN	3	3.2361	3.5000	5	7	0.02951	0.03299	8	9	4
12500	HCpUvj}	3	3.2361	3.5000	5	8	0.02951	0.03299	8	9	4
12501	HCpUvr|	3	3.2361	3.5000	5	8	0.02951	0.03299	8	8	4
12502	HCpVbvn	3	3.2361	3.5000	5	8	0.02951	0.03299	8	7	4
12503	HCpVd^^	3	3.2361	3.5000	5	8	0.02951	0.03299	8	6	4
12504	HCpVd^v	3	3.2361	3.5000	5	8	0.02951	0.03299	8	6	4
12505	HCpVdv|	3	3.2361	3.5000	5	8	0.02951	0.03299	8	8	4
12506	HCpVdz|	3	3.2361	3.5000	5	8	0.02951	0.03299	8	8	4
12507	HCpVdzz	3	3.2361	3.5000	5	8	0.02951	0.03299	8	8	4
12508	HCpVe^|	3	3.2361	3.5000	5	8	0.02951	0.03299	8	7	4
12509	HCpVfZ|	3	3.2361	3.5000	5	8	0.02951	0.03299	8	8	4
12510	HCpVfZn	3	3.2361	3.5000	5	8	0.02951	0.03299	8	8	4
12511	HCpVfZz	3	3.2361	3.5000	5	8	0.02951	0.03299	8	8	4
12512	HCpVTv}	3	3.2361	3.5000	5	8	0.02951	0.03299	8	10	4
12513	HCpVTz|	3	3.2361	3.5000	5	8	0.02951	0.03299	8	10	4
12514	HCpVTzn	3	3.2361	3.5000	5	8	0.02951	0.03299	8	10	4
12515	HCpVVj|	3	3.2361	3.5000	5	8	0.02951	0.03299	8	10	4
12516	HCpVVq~	3	3.2361	3.5000	5	8	0.02951	0.03299	8	8	4
12517	HCpVVr|	3	3.2361	3.5000	5	8	0.02951	0.03299	8	8	4
12518	HCpbfx~	3	3.2361	3.5000	5	8	0.02951	0.03299	8	8	4
12519	HCpbfy~	3	3.2361	3.5000	5	8	0.02951	0.03299	8	8	4
12520	HCpbfzv	3	3.2361	3.5000	5	8	0.02951	0.03299	8	8	4
12521	HCpbfzz	3	3.2361	3.5000	5	8	0.02951	0.03299	8	8	4
12522	HCRbf^z	3	3.2361	3.5000	5	8	0.02951	0.03299	8	8	4
12523	HCpbdz~	3	3.2361	3.5000	5	9	0.02951	0.03299	8	8	4
12524	HCpbfj~	3	3.2361	3.5000	5	9	0.02951	0.03299	8	6	4
12525	HCpVbZ~	3	3.2361	3.5000	5	9	0.02951	0.03299	8	8	4
12526	HCpVVb~	3	3.2361	3.5000	5	9	0.02951	0.03299	8	7	4
12527	HCpVvi^	3	3.2361	3.5000	5	7	0.02951	0.03299	8	9	4
12528	HCpVvjZ	3	3.2361	3.5000	5	7	0.02951	0.03299	8	9	4
12529	HCpVbv^	3	3.2361	3.5000	5	8	0.02951	0.03299	8	7	4
12530	HCpVbvv	3	3.2361	3.5000	5	8	0.02951	0.03299	8	7	4
12531	HCpVc~|	3	3.2361	3.5000	5	8	0.02951	0.03299	8	7	4
12532	HCpVdy~	3	3.2361	3.5000	5	8	0.02951	0.03299	8	8	4
12533	HCpVd^z	3	3.2361	3.5000	5	8	0.02951	0.03299	8	6	4
12534	HCpVdz^	3	3.2361	3.5000	5	8	0.02951	0.03299	8	8	4
12535	HCpVev|	3	3.2361	3.5000	5	8	0.02951	0.03299	8	7	4
12536	HCpVfZ^	3	3.2361	3.5000	5	8	0.02951	0.03299	8	8	4
12537	HCpVS~|	3	3.2361	3.5000	5	8	0.02951	0.03299	8	9	4
12538	HCpVTy~	3	3.2361	3.5000	5	8	0.02951	0.03299	8	10	4
12539	HCpVTzz	3	3.2361	3.5000	5	8	0.02951	0.03299	8	10	4
12540	HCpbft~	3	3.2361	3.5000	5	8	0.02951	0.03299	8	8	4
12541	HCpbfvn	3	3.2361	3.5000	5	8	0.02951	0.03299	8	8	4
12542	HCpbfvv	3	3.2361	3.5000	5	8	0.02951	0.03299	8	8	4
12543	HCpbfz^	3	3.2361	3.5000	5	8	0.02951	0.03299	8	8	4
12544	HCpbfzn	3	3.2361	3.5000	5	8	0.02951	0.03299	8	8	4
12545	HCRbe~|	3	3.2361	3.5000	5	8	0.02951	0.03299	8	8	4
12546	HCRbf^^	3	3.2361	3.5000	5	8	0.02951	0.03299	8	8	4
12547	HCRbf^|	3	3.2361	3.5000	5	8	0.02951	0.03299	8	8	4
12548	HCRbfzv	3	3.2361	3.5000	5	8	0.02951	0.03299	8	8	4
12549	HCpbbv~	3	3.2361	3.5000	5	9	0.02951	0.03299	8	7	4
12550	HCpbez~	3	3.2361	3.5000	5	9	0.02951	0.03299	8	8	4
12551	HCpbff~	3	3.2361	3.5000	5	9	0.02951	0.03299	8	7	4
12552	HCpbfV~	3	3.2361	3.5000	5	9	0.02951	0.03299	8	6	4
12553	HCpbfZ~	3	3.2361	3.5000	5	9	0.02951	0.03299	8	8	4
12554	HCpdQ~~	3	3.2361	3.5000	5	9	0.02951	0.03299	8	7	4
12555	HCpVTr~	3	3.2361	3.5000	5	9	0.02951	0.03299	8	8	4
12556	HCRbe^~	3	3.2361	3.5000	5	9	0.02951	0.03299	8	7	4
12557	HCRbez~	3	3.2361	3.5000	5	9	0.02951	0.03299	8	8	4
12558	HCRbfj~	3	3.2361	3.5000	5	9	0.02951	0.03299	8	7	4
12559	HCRbfZ~	3	3.2361	3.5000	5	9	0.02951	0.03299	8	8	4
12560	HCRenb~	3	3.2361	3.5000	5	9	0.02951	0.03299	8	7	4
12561	HCpVbvz	3	3.2361	3.5000	5	8	0.02951	0.03299	8	7	4
12562	HCpVez|	3	3.2361	3.5000	5	8	0.02951	0.03299	8	8	4
12563	HCpVTz^	3	3.2361	3.5000	5	8	0.02951	0.03299	8	10	4
12564	HCpVUz|	3	3.2361	3.5000	5	8	0.02951	0.03299	8	10	4
12565	HCpbfv^	3	3.2361	3.5000	5	8	0.02951	0.03299	8	8	4
12566	HCpbfz|	3	3.2361	3.5000	5	8	0.02951	0.03299	8	8	4
12567	HCRbe~v	3	3.2361	3.5000	5	8	0.02951	0.03299	8	8	4
12568	HCRbfz|	3	3.2361	3.5000	5	8	0.02951	0.03299	8	8	4
12569	HCpbev~	3	3.2361	3.5000	5	9	0.02951	0.03299	8	8	4
12570	HCQbd~~	3	3.2361	3.5000	5	9	0.02951	0.03299	8	6	4
12571	HCRbdn~	3	3.2361	3.5000	5	9	0.02951	0.03299	8	8	4
12572	HCRben~	3	3.2361	3.5000	5	9	0.02951	0.03299	8	6	4
12573	HCpbfvz	3	3.2361	3.5000	5	8	0.02951	0.03299	8	8	4
12574	HCRbe~^	3	3.2361	3.5000	5	8	0.02951	0.03299	8	8	4
12575	HCpVvzu	3	3.2361	3.5000	5	7	0.02951	0.03299	8	9	4
12576	HCpVd~}	3	3.2361	3.5000	5	8	0.02951	0.03299	8	7	4
12577	HCpVVz}	3	3.2361	3.5000	5	8	0.02951	0.03299	8	9	4
12578	HCpdV~}	3	3.2361	3.5000	5	9	0.02951	0.03299	8	7	4
12579	HCpVvz]	3	3.2361	3.5000	5	7	0.02951	0.03299	8	9	4
12580	HCpUvz}	3	3.2361	3.5000	5	8	0.02951	0.03299	8	8	4
12581	HCpVvj}	3	3.2361	3.5000	5	8	0.02951	0.03299	8	9	4
12582	HCpVvjn	3	3.2361	3.5000	5	8	0.02951	0.03299	8	9	4
12583	HCpVf^|	3	3.2361	3.5000	5	8	0.02951	0.03299	8	7	4
12584	HCpVvi~	3	3.2361	3.5000	5	8	0.02951	0.03299	8	9	4
12585	HCpVvjz	3	3.2361	3.5000	5	8	0.02951	0.03299	8	9	4
12586	HCpVfv|	3	3.2361	3.5000	5	8	0.02951	0.03299	8	7	4
12587	HCpVfy~	3	3.2361	3.5000	5	8	0.02951	0.03299	8	7	4
12588	HCpVT~|	3	3.2361	3.5000	5	8	0.02951	0.03299	8	9	4
12589	HCpVd^~	3	3.2361	3.5000	5	9	0.02951	0.03299	8	5	4
12590	HCpVdz~	3	3.2361	3.5000	5	9	0.02951	0.03299	8	7	4
12591	HCpVfZ~	3	3.2361	3.5000	5	9	0.02951	0.03299	8	7	4
12592	HCpVfz|	3	3.2361	3.5000	5	8	0.02951	0.03299	8	7	4
12593	HCpVVz|	3	3.2361	3.5000	5	8	0.02951	0.03299	8	9	4
12594	HCpbfz~	3	3.2361	3.5000	5	9	0.02951	0.03299	8	7	4
12595	HCpVbv~	3	3.2361	3.5000	5	9	0.02951	0.03299	8	6	4
12596	HCpVTz~	3	3.2361	3.5000	5	9	0.02951	0.03299	8	9	4
12597	HCRbfz~	3	3.2361	3.5000	5	9	0.02951	0.03299	8	7	4
12598	HCpVvj^	3	3.2361	3.5000	5	8	0.02951	0.03299	8	9	4
12599	HCpVe~|	3	3.2361	3.5000	5	8	0.02951	0.03299	8	7	4
12600	HCpbfv~	3	3.2361	3.5000	5	9	0.02951	0.03299	8	7	4
12601	HCRbe~~	3	3.2361	3.5000	5	9	0.02951	0.03299	8	7	4
12602	HCpVvz}	3	3.2361	3.5000	5	8	0.02951	0.03299	8	8	4
12603	HQzTvh}	2	2.2361	2.5000	5	7	0.02951	0.03299	8	13	3
12604	HQyuvjm	2	2.2361	2.5000	5	7	0.02951	0.03299	8	13	3
12605	HCpU~z}	3	3.2361	3.5000	5	8	0.02951	0.03299	8	8	4
12606	HCpVfz~	3	3.2361	3.5000	5	9	0.02951	0.03299	8	6	4
12607	HCpVvj~	3	3.2361	3.5000	5	9	0.02951	0.03299	8	8	4
12608	HQzVtxv	2	2.2361	2.5000	5	7	0.02951	0.03299	8	12	3
12609	HCpV~z}	3	3.2361	3.5000	5	8	0.02951	0.03299	8	7	4
12610	HQzVvh}	2	2.2361	2.5000	5	7	0.02951	0.03299	8	12	3
12611	HCpbRLu	3	3.2361	3.5000	6	6	0.02951	0.03299	8	9	4
12612	HCQfLYr	3	3.2361	3.5000	6	6	0.02951	0.03299	8	9	4
12613	HCpbbLf	3	3.2361	3.5000	6	6	0.02951	0.03299	8	10	4
12614	HCQUkyr	3	3.2361	3.5000	6	6	0.02951	0.03299	8	10	4
12615	HCpduoz	3	3.2361	3.5000	6	6	0.02951	0.03299	8	9	4
12616	HCpUuZb	3	3.2361	3.5000	6	6	0.02951	0.03299	8	9	4
12617	HCpVUrb	3	3.2361	3.5000	6	6	0.02951	0.03299	8	9	4
12618	HCpbbL}	3	3.2361	3.5000	6	7	0.02951	0.03299	8	8	4
12619	HCpbbNu	3	3.2361	3.5000	6	7	0.02951	0.03299	8	9	4
12620	HCQfLZr	3	3.2361	3.5000	6	7	0.02951	0.03299	8	8	4
12621	HCQfLZj	3	3.2361	3.5000	6	7	0.02951	0.03299	8	9	4
12622	HCpbbLv	3	3.2361	3.5000	6	7	0.02951	0.03299	8	10	4
12623	HCQfLYv	3	3.2361	3.5000	6	7	0.02951	0.03299	8	10	4
12624	HCQfLZf	3	3.2361	3.5000	6	7	0.02951	0.03299	8	9	4
12625	HCpbbnm	3	3.2361	3.5000	6	7	0.02951	0.03299	8	10	4
12626	HCpbbnu	3	3.2361	3.5000	6	7	0.02951	0.03299	8	8	4
12627	HCpVUrf	3	3.2361	3.5000	6	7	0.02951	0.03299	8	8	4
12628	HCRbfL}	3	3.2361	3.5000	6	7	0.02951	0.03299	8	9	4
12629	HCRSvK~	3	3.2361	3.5000	6	7	0.02951	0.03299	8	7	4
12630	HCRbb^u	3	3.2361	3.5000	6	7	0.02951	0.03299	8	10	4
12631	HCRbfNu	3	3.2361	3.5000	6	7	0.02951	0.03299	8	8	4
12632	HCpbbN}	3	3.2361	3.5000	6	8	0.02951	0.03299	8	9	4
12633	HCQfLZz	3	3.2361	3.5000	6	8	0.02951	0.03299	8	9	4
12634	HCRStnu	3	3.2361	3.5000	6	7	0.02951	0.03299	8	9	4
12635	HCRSunu	3	3.2361	3.5000	6	7	0.02951	0.03299	8	9	4
12636	HCpbbln	3	3.2361	3.5000	6	7	0.02951	0.03299	8	10	4
12637	HCRbb^f	3	3.2361	3.5000	6	7	0.02951	0.03299	8	9	4
12638	HCRbfLv	3	3.2361	3.5000	6	7	0.02951	0.03299	8	8	4
12639	HCpbbL~	3	3.2361	3.5000	6	8	0.02951	0.03299	8	9	4
12640	HCpbbNv	3	3.2361	3.5000	6	8	0.02951	0.03299	8	9	4
12641	HCQfLZn	3	3.2361	3.5000	6	8	0.02951	0.03299	8	9	4
12642	HCQfLZv	3	3.2361	3.5000	6	8	0.02951	0.03299	8	9	4
12643	HCpbblv	3	3.2361	3.5000	6	7	0.02951	0.03299	8	10	4
12644	HCRbb\n	3	3.2361	3.5000	6	7	0.02951	0.03299	8	10	4
12645	HCRbfNf	3	3.2361	3.5000	6	7	0.02951	0.03299	8	8	4
12646	HCpbfl}	3	3.2361	3.5000	6	7	0.02951	0.03299	8	9	4
12647	HCpbfnm	3	3.2361	3.5000	6	7	0.02951	0.03299	8	9	4
12648	HCRbf^u	3	3.2361	3.5000	6	7	0.02951	0.03299	8	9	4
12649	HCpbbn}	3	3.2361	3.5000	6	8	0.02951	0.03299	8	9	4
12650	HCRbfN}	3	3.2361	3.5000	6	8	0.02951	0.03299	8	8	4
12651	HCRbfnu	3	3.2361	3.5000	6	8	0.02951	0.03299	8	7	4
12652	HCpVVrr	3	3.2361	3.5000	6	7	0.02951	0.03299	8	7	4
12653	HCpVVrV	3	3.2361	3.5000	6	7	0.02951	0.03299	8	8	4
12654	HCpUunu	3	3.2361	3.5000	6	7	0.02951	0.03299	8	8	4
12655	HCpVevy	3	3.2361	3.5000	6	7	0.02951	0.03299	8	7	4
12656	HCpUu^m	3	3.2361	3.5000	6	7	0.02951	0.03299	8	8	4
12657	HCpVUvl	3	3.2361	3.5000	6	7	0.02951	0.03299	8	8	4
12658	HCpVUvy	3	3.2361	3.5000	6	7	0.02951	0.03299	8	9	4
12659	HCpVVVy	3	3.2361	3.5000	6	7	0.02951	0.03299	8	9	4
12660	HCpbbnn	3	3.2361	3.5000	6	8	0.02951	0.03299	8	9	4
12661	HCRbb^v	3	3.2361	3.5000	6	8	0.02951	0.03299	8	9	4
12662	HCRbfL~	3	3.2361	3.5000	6	8	0.02951	0.03299	8	8	4
12663	HCRStn}	3	3.2361	3.5000	6	8	0.02951	0.03299	8	10	4
12664	HCpbbN~	3	3.2361	3.5000	6	9	0.02951	0.03299	8	8	4
12665	HCQfLZ~	3	3.2361	3.5000	6	9	0.02951	0.03299	8	8	4
12666	HCpVUvx	3	3.2361	3.5000	6	7	0.02951	0.03299	8	8	4
12667	HCpbbl~	3	3.2361	3.5000	6	8	0.02951	0.03299	8	9	4
12668	HCpbbnv	3	3.2361	3.5000	6	8	0.02951	0.03299	8	9	4
12669	HCRbb^n	3	3.2361	3.5000	6	8	0.02951	0.03299	8	9	4
12670	HCRbfNn	3	3.2361	3.5000	6	8	0.02951	0.03299	8	8	4
12671	HCRbfNv	3	3.2361	3.5000	6	8	0.02951	0.03299	8	8	4
12672	HCpUuvy	3	3.2361	3.5000	6	7	0.02951	0.03299	8	8	4
12673	HCpbb~}	3	3.2361	3.5000	6	8	0.02951	0.03299	8	8	4
12674	HCpbfn}	3	3.2361	3.5000	6	8	0.02951	0.03299	8	8	4
12675	HCRbfn}	3	3.2361	3.5000	6	8	0.02951	0.03299	8	8	4
12676	HCpVvZr	3	3.2361	3.5000	6	7	0.02951	0.03299	8	8	4
12677	HCpVfV}	3	3.2361	3.5000	6	8	0.02951	0.03299	8	8	4
12678	HCpVVrv	3	3.2361	3.5000	6	8	0.02951	0.03299	8	8	4
12679	HCpUvrv	3	3.2361	3.5000	6	8	0.02951	0.03299	8	8	4
12680	HCpVUn|	3	3.2361	3.5000	6	8	0.02951	0.03299	8	9	4
12681	HCpUvrn	3	3.2361	3.5000	6	8	0.02951	0.03299	8	8	4
12682	HCpVVrn	3	3.2361	3.5000	6	8	0.02951	0.03299	8	8	4
12683	HCpVVV}	3	3.2361	3.5000	6	8	0.02951	0.03299	8	10	4
12684	HCpbfnn	3	3.2361	3.5000	6	8	0.02951	0.03299	8	8	4
12685	HCpVUv|	3	3.2361	3.5000	6	8	0.02951	0.03299	8	9	4
12686	HCpVVr^	3	3.2361	3.5000	6	8	0.02951	0.03299	8	8	4
12687	HCpVVrz	3	3.2361	3.5000	6	8	0.02951	0.03299	8	8	4
12688	HCpbfl~	3	3.2361	3.5000	6	8	0.02951	0.03299	8	8	4
12689	HCRbf\~	3	3.2361	3.5000	6	8	0.02951	0.03299	8	8	4
12690	HCRbf^v	3	3.2361	3.5000	6	8	0.02951	0.03299	8	8	4
12691	HCpbbn~	3	3.2361	3.5000	6	9	0.02951	0.03299	8	8	4
12692	HCRbb^~	3	3.2361	3.5000	6	9	0.02951	0.03299	8	8	4
12693	HCRbfN~	3	3.2361	3.5000	6	9	0.02951	0.03299	8	7	4
12694	HCpUvr^	3	3.2361	3.5000	6	8	0.02951	0.03299	8	8	4
12695	HCpUvrz	3	3.2361	3.5000	6	8	0.02951	0.03299	8	8	4
12696	HCpbb|~	3	3.2361	3.5000	6	8	0.02951	0.03299	8	8	4
12697	HCpbfnv	3	3.2361	3.5000	6	8	0.02951	0.03299	8	8	4
12698	HCRbf^n	3	3.2361	3.5000	6	8	0.02951	0.03299	8	8	4
12699	HCRbfnv	3	3.2361	3.5000	6	8	0.02951	0.03299	8	8	4
12700	HCpbf~}	3	3.2361	3.5000	6	9	0.02951	0.03299	8	7	4
12701	HCpVf^}	3	3.2361	3.5000	6	8	0.02951	0.03299	8	7	4
12702	HCpVfv}	3	3.2361	3.5000	6	8	0.02951	0.03299	8	7	4
12703	HCpVVzv	3	3.2361	3.5000	6	8	0.02951	0.03299	8	9	4
12704	HCRSv~}	3	3.2361	3.5000	6	9	0.02951	0.03299	8	8	4
12705	HCpVVv|	3	3.2361	3.5000	6	8	0.02951	0.03299	8	9	4
12706	HCpVVr~	3	3.2361	3.5000	6	9	0.02951	0.03299	8	7	4
12707	HCpbb~~	3	3.2361	3.5000	6	9	0.02951	0.03299	8	7	4
12708	HCpbfn~	3	3.2361	3.5000	6	9	0.02951	0.03299	8	7	4
12709	HCpUvr~	3	3.2361	3.5000	6	9	0.02951	0.03299	8	7	4
12710	HCRbf^~	3	3.2361	3.5000	6	9	0.02951	0.03299	8	7	4
12711	HCpVU~|	3	3.2361	3.5000	6	8	0.02951	0.03299	8	9	4
12712	HCRbfn~	3	3.2361	3.5000	6	9	0.02951	0.03299	8	7	4
12713	HCpVf~}	3	3.2361	3.5000	6	9	0.02951	0.03299	8	6	4
12714	HCpVV~}	3	3.2361	3.5000	6	9	0.02951	0.03299	8	8	4
12715	HCpUv~}	3	3.2361	3.5000	6	9	0.02951	0.03299	8	7	4
12716	HCpVVz~	3	3.2361	3.5000	6	9	0.02951	0.03299	8	8	4
12717	HCpbf~~	3	3.2361	3.5000	6	9	0.02951	0.03299	8	6	4
12718	HCRbf~~	3	3.2361	3.5000	6	9	0.02951	0.03299	8	6	4
12719	HCpV~zz	3	3.2361	3.5000	6	8	0.02951	0.03299	8	7	4
12720	HCpV~z^	3	3.2361	3.5000	6	8	0.02951	0.03299	8	7	4
12721	HCpV~z~	3	3.2361	3.5000	6	9	0.02951	0.03299	8	6	4
12722	H?`@f?[	4	4.2981	4.5000	3	4	0.02981	0.02019	10	7	5
12723	HCpVUrd	3	3.2687	3.5000	5	6	0.02986	0.02570	9	8	4
12724	HCpbvQj	3	3.2687	3.5000	5	6	0.02986	0.02570	9	8	4
12725	HCpVUrp	3	3.2687	3.5000	5	6	0.02986	0.02570	9	9	4
12726	HCQbfT{	3	3.2989	3.5000	4	6	0.02989	0.02011	10	8	4
12727	HCpVdX{	3	3.2989	3.5000	4	6	0.02989	0.02011	10	7	4
12728	HCpVdXr	3	3.2989	3.5000	4	6	0.02989	0.02011	10	8	4
12729	HCpVdZ[	3	3.2989	3.5000	4	6	0.02989	0.02011	10	7	4
12730	HCrbdrT	3	3.2989	3.5000	4	6	0.02989	0.02011	10	8	4
12731	HCRfdrT	3	3.2989	3.5000	4	6	0.02989	0.02011	10	8	4
12732	HCpVdXz	3	3.2989	3.5000	4	7	0.02989	0.02011	10	7	4
12733	HCpVdY}	3	3.2989	3.5000	4	7	0.02989	0.02011	10	7	4
12734	HCQfQxr	3	3.2989	3.5000	5	6	0.02989	0.02011	10	8	4
12735	HCpfcwz	3	3.2989	3.5000	5	6	0.02989	0.02011	10	9	4
12736	HCpVdZi	3	3.2989	3.5000	5	6	0.02989	0.02011	10	8	4
12737	HCpVdZM	3	3.2989	3.5000	5	6	0.02989	0.02011	10	8	4
12738	HCRc~aj	3	3.2989	3.5000	5	6	0.02989	0.02011	10	8	4
12739	HCpVdZm	3	3.2989	3.5000	5	7	0.02989	0.02011	10	7	4
12740	HCpVdZf	3	3.2989	3.5000	5	7	0.02989	0.02011	10	7	4
12741	HCQbfP]	3	3.3292	3.6667	4	6	0.02993	0.03068	11	9	4
12742	HCRbdp{	3	3.3292	3.6667	4	6	0.02993	0.03068	11	9	4
12743	HCRbdqm	3	3.3292	3.6667	4	6	0.02993	0.03068	11	7	4
12744	HCRbdr[	3	3.3292	3.6667	4	6	0.02993	0.03068	11	9	4
12745	HCRbdrs	3	3.3292	3.6667	4	6	0.02993	0.03068	11	9	4
12746	HCRbfP]	3	3.3292	3.6667	4	6	0.02993	0.03068	11	9	4
12747	HCRVDX{	3	3.3292	3.6667	4	6	0.02993	0.03068	11	9	4
12748	HCRbdq}	3	3.3292	3.6667	4	7	0.02993	0.03068	11	7	4
12749	HCRbdr{	3	3.3292	3.6667	4	7	0.02993	0.03068	11	8	4
12750	HCRbdp|	3	3.3292	3.6667	4	7	0.02993	0.03068	11	8	4
12751	HCpb`ze	3	3.3292	3.6667	5	6	0.02993	0.03068	11	10	4
12752	HCpdRjK	3	3.2699	3.5000	4	5	0.02999	0.02557	9	10	4
12753	HCR`va]	3	3.3003	3.6667	4	6	0.03003	0.03663	10	8	4
12754	HCY^B`Y	3	3.3310	3.6667	4	5	0.03009	0.03052	11	8	4
12755	HCRbcrh	3	3.3310	3.6667	4	6	0.03009	0.03052	11	9	4
12756	HCpbdp[	3	3.3017	3.5000	4	5	0.03017	0.01983	10	10	4
12757	HCpbdoy	3	3.3017	3.5000	4	5	0.03017	0.01983	10	9	4
12758	HCRcrpY	3	3.3017	3.5000	4	5	0.03017	0.01983	10	9	4
12759	HCQbRpu	3	3.3017	3.5000	4	6	0.03017	0.01983	10	9	4
12760	HCpf`zS	3	3.3017	3.5000	4	5	0.03017	0.01983	10	8	4
12761	HCpbay]	3	3.3017	3.5000	4	6	0.03017	0.01983	10	9	4
12762	HCpbfIm	3	3.3017	3.5000	4	6	0.03017	0.01983	10	7	4
12763	HCpbegn	3	3.3017	3.5000	4	6	0.03017	0.01983	10	8	4
12764	HCpdPx]	3	3.3017	3.5000	4	6	0.03017	0.01983	10	9	4
12765	HCQvDZw	3	3.3017	3.5000	4	6	0.03017	0.01983	10	9	4
12766	HCRctVw	3	3.3017	3.5000	4	6	0.03017	0.01983	10	8	4
12767	HCpbfOz	3	3.3017	3.5000	4	6	0.03017	0.01983	10	9	4
12768	HCQvDYy	3	3.3017	3.5000	4	6	0.03017	0.01983	10	8	4
12769	HCRctU{	3	3.3017	3.5000	4	6	0.03017	0.01983	10	9	4
12770	HCpbazh	3	3.3017	3.5000	4	6	0.03017	0.01983	10	9	4
12771	HCpVdZe	3	3.3017	3.5000	4	6	0.03017	0.01983	10	8	4
12772	HCpbeg~	3	3.3017	3.5000	4	7	0.03017	0.01983	10	7	4
12773	HCpbdqy	3	3.3017	3.5000	5	6	0.03017	0.01983	10	9	4
12774	HCpbaz[	3	3.3017	3.5000	5	6	0.03017	0.01983	10	9	4
12775	HCpbdgz	3	3.3017	3.5000	5	6	0.03017	0.01983	10	9	4
12776	HCpbdp\	3	3.3017	3.5000	5	6	0.03017	0.01983	10	10	4
12777	HCpbfRT	3	3.3017	3.5000	5	6	0.03017	0.01983	10	8	4
12778	HCpbdoz	3	3.3017	3.5000	5	6	0.03017	0.01983	10	10	4
12779	HCpdtpV	3	3.3017	3.5000	5	6	0.03017	0.01983	10	8	4
12780	HCpbaz{	3	3.3017	3.5000	5	7	0.03017	0.01983	10	8	4
12781	HCpdtpr	3	3.3017	3.5000	5	6	0.03017	0.01983	10	8	4
12782	HCpbax}	3	3.3017	3.5000	5	7	0.03017	0.01983	10	9	4
12783	HCpbaz]	3	3.3017	3.5000	5	7	0.03017	0.01983	10	8	4
12784	HCpbazx	3	3.3017	3.5000	5	7	0.03017	0.01983	10	9	4
12785	HCpdcxr	3	3.2726	3.5000	5	6	0.03028	0.02527	9	9	4
12786	HCpdehr	3	3.2726	3.5000	5	6	0.03028	0.02527	9	9	4
12787	HCpVdXy	3	3.3042	3.5000	4	6	0.03042	0.01958	10	8	4
12788	HCpVbrm	3	3.2772	3.5000	5	7	0.03080	0.02476	9	9	4
12789	HCpVbrk	3	3.3080	3.5000	4	6	0.03080	0.01920	10	8	4
12790	HCpbegz	3	3.3085	3.5000	4	6	0.03085	0.01915	10	8	4
12791	HCpbazU	3	3.3085	3.5000	4	6	0.03085	0.01915	10	8	4
12792	HCRbdq{	3	3.3723	3.6667	4	6	0.03102	0.02453	12	8	4
12793	HCRbfP{	3	3.3723	3.6667	4	6	0.03102	0.02453	12	8	4
12794	HCRdtpr	3	3.3723	3.6667	5	6	0.03102	0.02453	12	8	4
12795	HCR`szU	3	3.3134	3.6667	5	6	0.03134	0.03533	10	8	4
12796	HCpbawy	3	3.3135	3.5000	4	5	0.03135	0.01865	10	9	4
12797	HCRbd^e	3	3.3146	3.6667	5	6	0.03146	0.03521	10	8	4
12798	HCpbfRM	3	3.3151	3.6667	5	6	0.03151	0.03516	10	9	4
12799	HCRcuhr	3	3.3151	3.6667	5	6	0.03151	0.03516	10	9	4
12800	HCR`v`r	3	3.3160	3.6667	5	6	0.03160	0.03507	10	8	4
12801	HCR`rhr	3	3.3160	3.6667	5	6	0.03160	0.03507	10	9	4
12802	H?bB@Qo	4	4.3177	4.5000	3	4	0.03177	0.01823	10	7	5
12803	H?bB@_w	4	4.3177	4.5000	4	4	0.03177	0.01823	10	7	5
12804	H?bB@RO	4	4.3177	4.5000	4	4	0.03177	0.01823	10	7	5
12805	H?bB@Rw	4	4.3177	4.5000	4	6	0.03177	0.01823	10	7	5
12806	HCp`fP{	3	3.3177	3.5000	4	6	0.03177	0.01823	10	9	4
12807	HCp`fQ]	3	3.3177	3.5000	4	6	0.03177	0.01823	10	10	4
12808	HCp`fQV	3	3.3177	3.5000	4	6	0.03177	0.01823	10	10	4
12809	HCp`fp{	3	3.3177	3.5000	4	6	0.03177	0.01823	10	10	4
12810	HCRbdrS	3	3.3501	3.7500	4	5	0.03183	0.03635	11	8	4
12811	HCpVdrY	3	3.2873	3.5000	5	6	0.03192	0.02364	9	9	4
12812	HCRV@p[	3	3.3217	3.6667	4	5	0.03217	0.03450	10	8	4
12813	HCQfdpr	3	3.3251	3.6667	5	6	0.03251	0.03415	10	8	4
12814	HCQbdZs	3	3.3253	3.6667	5	6	0.03253	0.03414	10	8	4
12815	HCpVbri	3	3.2943	3.5000	5	6	0.03270	0.02286	9	9	4
12816	HCRcugz	3	3.2631	3.5000	5	6	0.03289	0.02961	8	9	4
12817	HCQ`fP]	3	3.3292	3.6667	4	6	0.03292	0.03374	10	10	4
12818	HCpbdrS	3	3.3292	3.6667	4	5	0.03292	0.03374	10	9	4
12819	HCRbdpM	3	3.3292	3.6667	4	5	0.03292	0.03374	10	10	4
12820	HCRbdrc	3	3.3292	3.6667	4	5	0.03292	0.03374	10	9	4
12821	HCOfdr[	3	3.3292	3.6667	4	6	0.03292	0.03374	10	8	4
12822	HCQbbrM	3	3.3292	3.6667	4	6	0.03292	0.03374	10	9	4
12823	HCQbeT{	3	3.3292	3.6667	4	6	0.03292	0.03374	10	9	4
12824	HCQeQxy	3	3.3292	3.6667	4	6	0.03292	0.03374	10	9	4
12825	HCRbdrk	3	3.3292	3.6667	4	6	0.03292	0.03374	10	9	4
12826	HCRbdrM	3	3.3292	3.6667	4	6	0.03292	0.03374	10	9	4
12827	HCQfdr[	3	3.3292	3.6667	4	6	0.03292	0.03374	10	8	4
12828	HCQVdrk	3	3.3292	3.6667	4	6	0.03292	0.03374	10	9	4
12829	HCRbdrU	3	3.3292	3.6667	4	6	0.03292	0.03374	10	8	4
12830	HCQfLX{	3	3.3292	3.6667	4	6	0.03292	0.03374	10	9	4
12831	HCQvDX{	3	3.3292	3.6667	4	6	0.03292	0.03374	10	9	4
12832	HCRctTy	3	3.3292	3.6667	4	6	0.03292	0.03374	10	9	4
12833	HCQVfI{	3	3.3292	3.6667	4	6	0.03292	0.03374	10	8	4
12834	HCRbcyx	3	3.3292	3.6667	4	6	0.03292	0.03374	10	9	4
12835	HCRbdqx	3	3.3292	3.6667	4	6	0.03292	0.03374	10	9	4
12836	HCRbeqx	3	3.3292	3.6667	4	6	0.03292	0.03374	10	9	4
12837	HCRVBi{	3	3.3292	3.6667	4	6	0.03292	0.03374	10	8	4
12838	HCRbdr]	3	3.3292	3.6667	4	7	0.03292	0.03374	10	9	4
12839	HCRbdrN	3	3.3292	3.6667	4	7	0.03292	0.03374	10	8	4
12840	HCRbdq^	3	3.3292	3.6667	4	7	0.03292	0.03374	10	8	4
12841	HCRbdr\	3	3.3292	3.6667	4	7	0.03292	0.03374	10	9	4
12842	HCRbdrV	3	3.3292	3.6667	4	7	0.03292	0.03374	10	7	4
12843	HCRbdrx	3	3.3292	3.6667	4	7	0.03292	0.03374	10	8	4
12844	HCRbdr^	3	3.3292	3.6667	4	8	0.03292	0.03374	10	8	4
12845	HCpdRjc	3	3.3292	3.6667	5	5	0.03292	0.03374	10	10	4
12846	HCQbfI{	3	3.3292	3.6667	5	6	0.03292	0.03374	10	8	4
12847	HCRbdpm	3	3.3292	3.6667	5	6	0.03292	0.03374	10	10	4
12848	HCRbdre	3	3.3292	3.6667	5	6	0.03292	0.03374	10	9	4
12849	HCQfJi{	3	3.3292	3.6667	5	6	0.03292	0.03374	10	8	4
12850	HCRbfI{	3	3.3292	3.6667	5	6	0.03292	0.03374	10	9	4
12851	HCR`rjk	3	3.3292	3.6667	5	6	0.03292	0.03374	10	8	4
12852	HCRbdqt	3	3.3292	3.6667	5	6	0.03292	0.03374	10	9	4
12853	HCRbdqn	3	3.3292	3.6667	5	7	0.03292	0.03374	10	7	4
12854	HCRbdrm	3	3.3292	3.6667	5	7	0.03292	0.03374	10	9	4
12855	HCRbdpn	3	3.3292	3.6667	5	7	0.03292	0.03374	10	9	4
12856	HCRbdrf	3	3.3292	3.6667	5	7	0.03292	0.03374	10	8	4
12857	HCRbdrl	3	3.3292	3.6667	5	7	0.03292	0.03374	10	9	4
12858	HCRbdru	3	3.3292	3.6667	5	7	0.03292	0.03374	10	9	4
12859	HCRbdq|	3	3.3292	3.6667	5	7	0.03292	0.03374	10	9	4
12860	HCRbdqv	3	3.3292	3.6667	5	7	0.03292	0.03374	10	9	4
12861	HCRbdrt	3	3.3292	3.6667	5	7	0.03292	0.03374	10	8	4
12862	HCRbdr}	3	3.3292	3.6667	5	8	0.03292	0.03374	10	8	4
12863	HCRbdrn	3	3.3292	3.6667	5	8	0.03292	0.03374	10	8	4
12864	HCRbdq~	3	3.3292	3.6667	5	8	0.03292	0.03374	10	8	4
12865	HCRbdr|	3	3.3292	3.6667	5	8	0.03292	0.03374	10	8	4
12866	HCRbdrv	3	3.3292	3.6667	5	8	0.03292	0.03374	10	8	4
12867	HCRbdr~	3	3.3292	3.6667	5	9	0.03292	0.03374	10	7	4
12868	HCRbcom	3	3.3310	3.6667	4	5	0.03310	0.03357	10	9	4
12869	HCRbcph	3	3.3310	3.6667	4	5	0.03310	0.03357	10	9	4
12870	HCRbcof	3	3.3310	3.6667	4	5	0.03310	0.03357	10	8	4
12871	HCRbcrH	3	3.3310	3.6667	4	5	0.03310	0.03357	10	9	4
12872	HCpbdie	3	3.3310	3.6667	4	5	0.03310	0.03357	10	8	4
12873	HCRbcp{	3	3.3310	3.6667	4	6	0.03310	0.03357	10	9	4
12874	HCRbcqm	3	3.3310	3.6667	4	6	0.03310	0.03357	10	8	4
12875	HCRbcp\	3	3.3310	3.6667	4	6	0.03310	0.03357	10	9	4
12876	HCRbcqf	3	3.3310	3.6667	4	6	0.03310	0.03357	10	8	4
12877	HCRbcr[	3	3.3310	3.6667	4	6	0.03310	0.03357	10	9	4
12878	HCRbcrd	3	3.3310	3.6667	4	6	0.03310	0.03357	10	9	4
12879	HCRbcrs	3	3.3310	3.6667	4	6	0.03310	0.03357	10	9	4
12880	HCRbcqx	3	3.3310	3.6667	4	6	0.03310	0.03357	10	9	4
12881	HCRbdqu	3	3.3310	3.6667	4	6	0.03310	0.03357	10	8	4
12882	HCRbcp|	3	3.3310	3.6667	4	7	0.03310	0.03357	10	8	4
12883	HCRbcq}	3	3.3310	3.6667	4	7	0.03310	0.03357	10	8	4
12884	HCRbcr{	3	3.3310	3.6667	4	7	0.03310	0.03357	10	8	4
12885	HCRbcrx	3	3.3310	3.6667	4	7	0.03310	0.03357	10	8	4
12886	HCY^B`i	3	3.3310	3.6667	5	5	0.03310	0.03357	10	9	4
12887	HCpb`xe	3	3.3310	3.6667	5	5	0.03310	0.03357	10	10	4
12888	HCRbcpf	3	3.3310	3.6667	5	6	0.03310	0.03357	10	9	4
12889	HCRbcrf	3	3.3310	3.6667	5	7	0.03310	0.03357	10	8	4
12890	HCRbcqd	3	3.3315	3.6667	4	5	0.03315	0.03351	10	8	4
12891	HCQ`frM	3	3.2989	3.5000	4	6	0.03321	0.02234	9	9	4
12892	HCQe^P{	3	3.2989	3.5000	4	6	0.03321	0.02234	9	8	4
12893	HCQbe^w	3	3.2989	3.5000	4	6	0.03321	0.02234	9	8	4
12894	HCQe^Py	3	3.2989	3.5000	4	6	0.03321	0.02234	9	8	4
12895	HCpVV_}	3	3.2989	3.5000	4	6	0.03321	0.02234	9	8	4
12896	HCpVdXf	3	3.2989	3.5000	4	6	0.03321	0.02234	9	8	4
12897	HCpVdXj	3	3.2989	3.5000	4	6	0.03321	0.02234	9	8	4
12898	HCpfdrT	3	3.2989	3.5000	4	6	0.03321	0.02234	9	8	4
12899	HCrbcyj	3	3.2989	3.5000	4	6	0.03321	0.02234	9	8	4
12900	HCpVdYZ	3	3.2989	3.5000	4	6	0.03321	0.02234	9	8	4
12901	HCpdVH{	3	3.2989	3.5000	5	6	0.03321	0.02234	9	9	4
12902	HCpUvG}	3	3.2989	3.5000	5	6	0.03321	0.02234	9	8	4
12903	HCpVbYl	3	3.2989	3.5000	5	6	0.03321	0.02234	9	9	4
12904	HCpVdXV	3	3.2989	3.5000	5	6	0.03321	0.02234	9	8	4
12905	HCpVdZU	3	3.2989	3.5000	5	6	0.03321	0.02234	9	8	4
12906	HCpVdZY	3	3.2989	3.5000	5	6	0.03321	0.02234	9	8	4
12907	HCpfcyj	3	3.2989	3.5000	5	6	0.03321	0.02234	9	8	4
12908	HCRc|rT	3	3.2989	3.5000	5	6	0.03321	0.02234	9	8	4
12909	HCpVdX}	3	3.2989	3.5000	5	7	0.03321	0.02234	9	8	4
12910	HCpVdX^	3	3.2989	3.5000	5	7	0.03321	0.02234	9	7	4
12911	HCpVdXv	3	3.2989	3.5000	5	7	0.03321	0.02234	9	8	4
12912	HCpVdZ]	3	3.2989	3.5000	5	7	0.03321	0.02234	9	8	4
12913	HCpVdZj	3	3.2989	3.5000	5	7	0.03321	0.02234	9	8	4
12914	HCpVdZr	3	3.2989	3.5000	5	7	0.03321	0.02234	9	7	4
12915	HCpVdZu	3	3.2989	3.5000	5	7	0.03321	0.02234	9	8	4
12916	HCpVdZV	3	3.2989	3.5000	5	7	0.03321	0.02234	9	7	4
12917	HCpVdZy	3	3.2989	3.5000	5	7	0.03321	0.02234	9	8	4
12918	HCpVdYz	3	3.2989	3.5000	5	7	0.03321	0.02234	9	8	4
12919	HCpVdZZ	3	3.2989	3.5000	5	7	0.03321	0.02234	9	7	4
12920	HCpVdX~	3	3.2989	3.5000	5	8	0.03321	0.02234	9	7	4
12921	HCpVdZ}	3	3.2989	3.5000	5	8	0.03321	0.02234	9	7	4
12922	HCpVdZv	3	3.2989	3.5000	5	8	0.03321	0.02234	9	7	4
12923	HCpVdZ^	3	3.2989	3.5000	5	8	0.03321	0.02234	9	7	4
12924	HCpVdZz	3	3.2989	3.5000	5	8	0.03321	0.02234	9	7	4
12925	HCpVdZ~	3	3.2989	3.5000	5	9	0.03321	0.02234	9	6	4
12926	HCZJfQe	3	3.3009	3.5000	4	5	0.03344	0.02212	9	7	4
12927	HCdebPM	3	3.3017	3.5000	4	5	0.03352	0.02203	9	10	4
12928	HCpbdgy	3	3.3017	3.5000	4	5	0.03352	0.02203	9	8	4
12929	HCpdRhw	3	3.3017	3.5000	4	5	0.03352	0.02203	9	9	4
12930	HCpbeie	3	3.3017	3.5000	4	5	0.03352	0.02203	9	8	4
12931	HCQbep{	3	3.3017	3.5000	4	6	0.03352	0.02203	9	9	4
12932	HCQbeZw	3	3.3017	3.5000	4	6	0.03352	0.02203	9	8	4
12933	HCpdbi[	3	3.3017	3.5000	4	5	0.03352	0.02203	9	11	4
12934	HCpbeoy	3	3.3017	3.5000	4	5	0.03352	0.02203	9	10	4
12935	HCRcrrS	3	3.3017	3.5000	4	5	0.03352	0.02203	9	9	4
12936	HCQbep]	3	3.3017	3.5000	4	6	0.03352	0.02203	9	8	4
12937	HCQberi	3	3.3017	3.5000	4	6	0.03352	0.02203	9	9	4
12938	HCQbeZi	3	3.3017	3.5000	4	6	0.03352	0.02203	9	9	4
12939	HCQbQzk	3	3.3017	3.5000	4	6	0.03352	0.02203	9	10	4
12940	HCQbRd{	3	3.3017	3.5000	4	6	0.03352	0.02203	9	8	4
12941	HCQbRfw	3	3.3017	3.5000	4	6	0.03352	0.02203	9	9	4
12942	HCQbRrq	3	3.3017	3.5000	4	6	0.03352	0.02203	9	8	4
12943	HCQbQxx	3	3.3017	3.5000	4	6	0.03352	0.02203	9	10	4
12944	HCpbay{	3	3.3017	3.5000	4	6	0.03352	0.02203	9	9	4
12945	HCpbeg}	3	3.3017	3.5000	4	6	0.03352	0.02203	9	8	4
12946	HCpbayy	3	3.3017	3.5000	4	6	0.03352	0.02203	9	11	4
12947	HCpbeiu	3	3.3017	3.5000	4	6	0.03352	0.02203	9	8	4
12948	HCpbdh\	3	3.3017	3.5000	4	6	0.03352	0.02203	9	9	4
12949	HCpbdij	3	3.3017	3.5000	4	6	0.03352	0.02203	9	8	4
12950	HCpbeif	3	3.3017	3.5000	4	6	0.03352	0.02203	9	8	4
12951	HCpdczs	3	3.3017	3.5000	4	6	0.03352	0.02203	9	10	4
12952	HCRberM	3	3.3017	3.5000	4	6	0.03352	0.02203	9	8	4
12953	HCRcujw	3	3.3017	3.5000	4	6	0.03352	0.02203	9	8	4
12954	HCpbehj	3	3.3017	3.5000	4	6	0.03352	0.02203	9	8	4
12955	HCpbazY	3	3.3017	3.5000	4	6	0.03352	0.02203	9	9	4
12956	HCpbegv	3	3.3017	3.5000	4	6	0.03352	0.02203	9	8	4
12957	HCpbdqj	3	3.3017	3.5000	4	6	0.03352	0.02203	9	8	4
12958	HCpbdrT	3	3.3017	3.5000	4	6	0.03352	0.02203	9	8	4
12959	HCpbeiV	3	3.3017	3.5000	4	6	0.03352	0.02203	9	8	4
12960	HCpdPy]	3	3.3017	3.5000	4	6	0.03352	0.02203	9	10	4
12961	HCRcujq	3	3.3017	3.5000	4	6	0.03352	0.02203	9	9	4
12962	HCpbaxt	3	3.3017	3.5000	4	6	0.03352	0.02203	9	9	4
12963	HCpbazT	3	3.3017	3.5000	4	6	0.03352	0.02203	9	8	4
12964	HCpbbjT	3	3.3017	3.5000	4	6	0.03352	0.02203	9	8	4
12965	HCpbfJT	3	3.3017	3.5000	4	6	0.03352	0.02203	9	8	4
12966	HCpbay}	3	3.3017	3.5000	4	7	0.03352	0.02203	9	10	4
12967	HCpbein	3	3.3017	3.5000	4	7	0.03352	0.02203	9	7	4
12968	HCpbej{	3	3.3017	3.5000	4	7	0.03352	0.02203	9	7	4
12969	HCpdPx}	3	3.3017	3.5000	4	7	0.03352	0.02203	9	8	4
12970	HCpdPz{	3	3.3017	3.5000	4	7	0.03352	0.02203	9	8	4
12971	HCpbazy	3	3.3017	3.5000	4	7	0.03352	0.02203	9	10	4
12972	HCpbej]	3	3.3017	3.5000	4	7	0.03352	0.02203	9	7	4
12973	HCpbazt	3	3.3017	3.5000	4	7	0.03352	0.02203	9	8	4
12974	HCpbeh|	3	3.3017	3.5000	4	7	0.03352	0.02203	9	7	4
12975	HCpbei^	3	3.3017	3.5000	4	7	0.03352	0.02203	9	7	4
12976	HCpdPy}	3	3.3017	3.5000	4	7	0.03352	0.02203	9	9	4
12977	HCdebRM	3	3.3017	3.5000	5	6	0.03352	0.02203	9	10	4
12978	HCQbRd\	3	3.3017	3.5000	5	6	0.03352	0.02203	9	8	4
12979	HCpdRh{	3	3.3017	3.5000	5	6	0.03352	0.02203	9	9	4
12980	HCpbeje	3	3.3017	3.5000	5	6	0.03352	0.02203	9	8	4
12981	HCpdegz	3	3.3017	3.5000	5	6	0.03352	0.02203	9	9	4
12982	HCpbbL{	3	3.3017	3.5000	5	6	0.03352	0.02203	9	9	4
12983	HCpbbNs	3	3.3017	3.5000	5	6	0.03352	0.02203	9	9	4
12984	HCpbeoz	3	3.3017	3.5000	5	6	0.03352	0.02203	9	10	4
12985	HCpdcwz	3	3.3017	3.5000	5	6	0.03352	0.02203	9	9	4
12986	HCpbazR	3	3.3017	3.5000	5	6	0.03352	0.02203	9	9	4
12987	HCpbehr	3	3.3017	3.5000	5	6	0.03352	0.02203	9	8	4
12988	HCpbehZ	3	3.3017	3.5000	5	6	0.03352	0.02203	9	8	4
12989	HCpbejJ	3	3.3017	3.5000	5	6	0.03352	0.02203	9	8	4
12990	HCQvEel	3	3.3017	3.5000	5	6	0.03352	0.02203	9	9	4
12991	HCRctVT	3	3.3017	3.5000	5	6	0.03352	0.02203	9	10	4
12992	HCpbaxZ	3	3.3017	3.5000	5	6	0.03352	0.02203	9	9	4
12993	HCpbazX	3	3.3017	3.5000	5	6	0.03352	0.02203	9	10	4
12994	HCpddq\	3	3.3017	3.5000	5	6	0.03352	0.02203	9	10	4
12995	HCQudq]	3	3.3017	3.5000	5	6	0.03352	0.02203	9	10	4
12996	HCpbazm	3	3.3017	3.5000	5	7	0.03352	0.02203	9	10	4
12997	HCpbazr	3	3.3017	3.5000	5	7	0.03352	0.02203	9	9	4
12998	HCpbazu	3	3.3017	3.5000	5	7	0.03352	0.02203	9	10	4
12999	HCpbehz	3	3.3017	3.5000	5	7	0.03352	0.02203	9	7	4
13000	HCpbejj	3	3.3017	3.5000	5	7	0.03352	0.02203	9	7	4
13001	HCpbeju	3	3.3017	3.5000	5	7	0.03352	0.02203	9	7	4
13002	HCpdPzx	3	3.3017	3.5000	5	7	0.03352	0.02203	9	8	4
13003	HCpbaxz	3	3.3017	3.5000	5	7	0.03352	0.02203	9	8	4
13004	HCpbazZ	3	3.3017	3.5000	5	7	0.03352	0.02203	9	10	4
13005	HCpbejf	3	3.3017	3.5000	5	7	0.03352	0.02203	9	7	4
13006	HCpbejx	3	3.3017	3.5000	5	7	0.03352	0.02203	9	7	4
13007	HCpdPzl	3	3.3017	3.5000	5	7	0.03352	0.02203	9	9	4
13008	HCpbax^	3	3.3017	3.5000	5	7	0.03352	0.02203	9	9	4
13009	HCpbax|	3	3.3017	3.5000	5	7	0.03352	0.02203	9	9	4
13010	HCpbaz\	3	3.3017	3.5000	5	7	0.03352	0.02203	9	10	4
13011	HCpbazl	3	3.3017	3.5000	5	7	0.03352	0.02203	9	10	4
13012	HCpbaz}	3	3.3017	3.5000	5	8	0.03352	0.02203	9	9	4
13013	HCpbazz	3	3.3017	3.5000	5	8	0.03352	0.02203	9	9	4
13014	HCpbaz^	3	3.3017	3.5000	5	8	0.03352	0.02203	9	9	4
13015	HCpbaz|	3	3.3017	3.5000	5	8	0.03352	0.02203	9	9	4
13016	HCpbaz~	3	3.3017	3.5000	5	9	0.03352	0.02203	9	8	4
13017	H?b@bEc	4	4.2361	4.5000	3	4	0.03372	0.03770	7	8	5
13018	H?bAPah	4	4.2361	4.5000	3	5	0.03372	0.03770	7	8	5
13019	H?bB@ad	4	4.2361	4.5000	3	5	0.03372	0.03770	7	7	5
13020	H?`D@R[	4	4.2361	4.5000	3	6	0.03372	0.03770	7	8	5
13021	HCOe`YW	3	3.2361	3.5000	4	4	0.03372	0.03770	7	10	4
13022	H?bBDHq	4	4.2361	4.5000	4	5	0.03372	0.03770	7	9	5
13023	HCOcbRK	3	3.2361	3.5000	4	5	0.03372	0.03770	7	10	4
13024	HCQR@Ra	3	3.2361	3.5000	4	5	0.03372	0.03770	7	9	4
13025	H?`ESXs	4	4.2361	4.5000	4	5	0.03372	0.03770	7	9	5
13026	H?b@bEe	4	4.2361	4.5000	4	5	0.03372	0.03770	7	8	5
13027	H?`DaZE	4	4.2361	4.5000	4	5	0.03372	0.03770	7	8	5
13028	H?bAPax	4	4.2361	4.5000	4	6	0.03372	0.03770	7	8	5
13029	H?bAPbd	4	4.2361	4.5000	4	6	0.03372	0.03770	7	8	5
13030	H?`D@Ru	4	4.2361	4.5000	4	7	0.03372	0.03770	7	8	5
13031	HCQR@RS	3	3.2361	3.5000	4	5	0.03372	0.03770	7	11	4
13032	H?b@dIT	4	4.2361	4.5000	4	5	0.03372	0.03770	7	8	5
13033	H?bBDJY	4	4.2361	4.5000	4	6	0.03372	0.03770	7	8	5
13034	HCQQT`k	3	3.2361	3.5000	4	5	0.03372	0.03770	7	10	4
13035	HCQRDPi	3	3.2361	3.5000	4	5	0.03372	0.03770	7	10	4
13036	HCOcfPY	3	3.2361	3.5000	4	5	0.03372	0.03770	7	10	4
13037	HCOedGu	3	3.2361	3.5000	4	5	0.03372	0.03770	7	10	4
13038	HCQRBRI	3	3.2361	3.5000	4	5	0.03372	0.03770	7	10	4
13039	HCQRDPb	3	3.2361	3.5000	4	5	0.03372	0.03770	7	10	4
13040	H?bEHpL	4	4.2361	4.5000	4	5	0.03372	0.03770	7	8	5
13041	HCQRDQh	3	3.2361	3.5000	4	5	0.03372	0.03770	7	8	4
13042	HCQRDRH	3	3.2361	3.5000	4	5	0.03372	0.03770	7	9	4
13043	H?`eKpL	4	4.2361	4.5000	4	5	0.03372	0.03770	7	10	5
13044	H?bEPqL	4	4.2361	4.5000	4	5	0.03372	0.03770	7	7	5
13045	H?bBDHt	4	4.2361	4.5000	4	6	0.03372	0.03770	7	7	5
13046	H?bBDHu	4	4.2361	4.5000	4	6	0.03372	0.03770	7	8	5
13047	H?bBDJ[	4	4.2361	4.5000	4	6	0.03372	0.03770	7	7	5
13048	HCOcbR[	3	3.2361	3.5000	4	6	0.03372	0.03770	7	10	4
13049	HCOcePy	3	3.2361	3.5000	4	6	0.03372	0.03770	7	10	4
13050	HCQR@Ri	3	3.2361	3.5000	4	6	0.03372	0.03770	7	9	4
13051	HCQR@Rq	3	3.2361	3.5000	4	6	0.03372	0.03770	7	10	4
13052	H?`ESXu	4	4.2361	4.5000	4	6	0.03372	0.03770	7	10	5
13053	H?bAPbl	4	4.2361	4.5000	4	7	0.03372	0.03770	7	7	5
13054	H?bAPbt	4	4.2361	4.5000	4	7	0.03372	0.03770	7	8	5
13055	H?`D@R}	4	4.2361	4.5000	4	8	0.03372	0.03770	7	7	5
13056	HCQRCiw	3	3.2361	3.5000	4	5	0.03372	0.03770	7	10	4
13057	H?bBDI\	4	4.2361	4.5000	4	6	0.03372	0.03770	7	8	5
13058	H?bBDJT	4	4.2361	4.5000	4	6	0.03372	0.03770	7	8	5
13059	H?`ESYy	4	4.2361	4.5000	4	6	0.03372	0.03770	7	8	5
13060	HCOebYw	3	3.2361	3.5000	4	5	0.03372	0.03770	7	10	4
13061	HCQdbRK	3	3.2361	3.5000	4	5	0.03372	0.03770	7	10	4
13062	HCQ`epe	3	3.2361	3.5000	4	5	0.03372	0.03770	7	10	4
13063	HCOedpe	3	3.2361	3.5000	4	5	0.03372	0.03770	7	10	4
13064	HCQebRK	3	3.2361	3.5000	4	5	0.03372	0.03770	7	9	4
13065	HCOecpf	3	3.2361	3.5000	4	6	0.03372	0.03770	7	9	4
13066	HCOecrk	3	3.2361	3.5000	4	6	0.03372	0.03770	7	9	4
13067	H?bATpf	4	4.2361	4.5000	4	6	0.03372	0.03770	7	8	5
13068	H?bATpt	4	4.2361	4.5000	4	6	0.03372	0.03770	7	8	5
13069	H?bBDJy	4	4.2361	4.5000	4	7	0.03372	0.03770	7	8	5
13070	HCQRBUw	3	3.2361	3.5000	4	5	0.03372	0.03770	7	10	4
13071	HCQTbHh	3	3.2361	3.5000	4	5	0.03372	0.03770	7	10	4
13072	HCQTaZW	3	3.2361	3.5000	4	5	0.03372	0.03770	7	10	4
13073	HCQTbHb	3	3.2361	3.5000	4	5	0.03372	0.03770	7	10	4
13074	HCQTbRI	3	3.2361	3.5000	4	5	0.03372	0.03770	7	10	4
13075	HCQdbOr	3	3.2361	3.5000	4	5	0.03372	0.03770	7	10	4
13076	HCQ`fIq	3	3.2361	3.5000	4	5	0.03372	0.03770	7	9	4
13077	HCQTbGf	3	3.2361	3.5000	4	5	0.03372	0.03770	7	9	4
13078	H?bAUXy	4	4.2361	4.5000	4	6	0.03372	0.03770	7	9	5
13079	H?bAVJY	4	4.2361	4.5000	4	6	0.03372	0.03770	7	9	5
13080	HCOceri	3	3.2361	3.5000	4	6	0.03372	0.03770	7	9	4
13081	HCOecpj	3	3.2361	3.5000	4	6	0.03372	0.03770	7	9	4
13082	HCOecre	3	3.2361	3.5000	4	6	0.03372	0.03770	7	9	4
13083	HCOedHu	3	3.2361	3.5000	4	6	0.03372	0.03770	7	10	4
13084	HCOe`Ze	3	3.2361	3.5000	4	6	0.03372	0.03770	7	10	4
13085	HCQQTbk	3	3.2361	3.5000	4	6	0.03372	0.03770	7	10	4
13086	HCQRBRY	3	3.2361	3.5000	4	6	0.03372	0.03770	7	10	4
13087	HCQRDRb	3	3.2361	3.5000	4	6	0.03372	0.03770	7	9	4
13088	HCQRDRh	3	3.2361	3.5000	4	6	0.03372	0.03770	7	9	4
13089	H?bATqt	4	4.2361	4.5000	4	6	0.03372	0.03770	7	7	5
13090	H?bATrd	4	4.2361	4.5000	4	6	0.03372	0.03770	7	8	5
13091	H?bBDJ]	4	4.2361	4.5000	4	7	0.03372	0.03770	7	8	5
13092	HCQR@Ry	3	3.2361	3.5000	4	7	0.03372	0.03770	7	9	4
13093	H?`ESXv	4	4.2361	4.5000	4	7	0.03372	0.03770	7	9	5
13094	H?bAPb|	4	4.2361	4.5000	4	8	0.03372	0.03770	7	7	5
13095	H?bATrM	4	4.2361	4.5000	4	6	0.03372	0.03770	7	8	5
13096	HCQRDPj	3	3.2361	3.5000	4	6	0.03372	0.03770	7	11	4
13097	H?bBDHv	4	4.2361	4.5000	4	7	0.03372	0.03770	7	8	5
13098	HCQR@Rj	3	3.2361	3.5000	4	7	0.03372	0.03770	7	11	4
13099	H?bAPbn	4	4.2361	4.5000	4	8	0.03372	0.03770	7	7	5
13100	H?`D@R~	4	4.2361	4.5000	4	9	0.03372	0.03770	7	6	5
13101	HCQTbIq	3	3.2361	3.5000	4	5	0.03372	0.03770	7	9	4
13102	HCQTbIT	3	3.2361	3.5000	4	5	0.03372	0.03770	7	9	4
13103	HCOecrq	3	3.2361	3.5000	4	6	0.03372	0.03770	7	9	4
13104	HCQRDQt	3	3.2361	3.5000	4	6	0.03372	0.03770	7	10	4
13105	HCQRDR[	3	3.2361	3.5000	4	6	0.03372	0.03770	7	10	4
13106	HCQRDRU	3	3.2361	3.5000	4	6	0.03372	0.03770	7	10	4
13107	H?bATql	4	4.2361	4.5000	4	6	0.03372	0.03770	7	8	5
13108	H?bATqN	4	4.2361	4.5000	4	6	0.03372	0.03770	7	7	5
13109	H?bATqx	4	4.2361	4.5000	4	6	0.03372	0.03770	7	8	5
13110	H?bATrL	4	4.2361	4.5000	4	6	0.03372	0.03770	7	7	5
13111	H?bAVI\	4	4.2361	4.5000	4	6	0.03372	0.03770	7	9	5
13112	H?bBDJ\	4	4.2361	4.5000	4	7	0.03372	0.03770	7	8	5
13113	H?bBDJt	4	4.2361	4.5000	4	7	0.03372	0.03770	7	7	5
13114	H?bBDJV	4	4.2361	4.5000	4	7	0.03372	0.03770	7	7	5
13115	HCQR@R{	3	3.2361	3.5000	4	7	0.03372	0.03770	7	10	4
13116	H?`ESZy	4	4.2361	4.5000	4	7	0.03372	0.03770	7	9	5
13117	HCQbeqe	3	3.2361	3.5000	4	5	0.03372	0.03770	7	10	4
13118	HCQbUiq	3	3.2361	3.5000	4	5	0.03372	0.03770	7	10	4
13119	HCQbUqq	3	3.2361	3.5000	4	5	0.03372	0.03770	7	11	4
13120	HCQubQb	3	3.2361	3.5000	4	5	0.03372	0.03770	7	10	4
13121	HCQuQpe	3	3.2361	3.5000	4	5	0.03372	0.03770	7	10	4
13122	HCQuQpk	3	3.2361	3.5000	4	5	0.03372	0.03770	7	10	4
13123	HCRcrOj	3	3.2361	3.5000	4	5	0.03372	0.03770	7	9	4
13124	HCQbepq	3	3.2361	3.5000	4	5	0.03372	0.03770	7	9	4
13125	HCQbUZQ	3	3.2361	3.5000	4	5	0.03372	0.03770	7	9	4
13126	HCRcrPM	3	3.2361	3.5000	4	5	0.03372	0.03770	7	9	4
13127	HCOebNs	3	3.2361	3.5000	4	6	0.03372	0.03770	7	10	4
13128	HCOedpm	3	3.2361	3.5000	4	6	0.03372	0.03770	7	10	4
13129	HCQ`dji	3	3.2361	3.5000	4	6	0.03372	0.03770	7	9	4
13130	HCQ`djM	3	3.2361	3.5000	4	6	0.03372	0.03770	7	9	4
13131	HCQ`epm	3	3.2361	3.5000	4	6	0.03372	0.03770	7	11	4
13132	HCQ`ere	3	3.2361	3.5000	4	6	0.03372	0.03770	7	9	4
13133	HCQ`erk	3	3.2361	3.5000	4	6	0.03372	0.03770	7	10	4
13134	HCQ`erU	3	3.2361	3.5000	4	6	0.03372	0.03770	7	8	4
13135	HCQ`fJY	3	3.2361	3.5000	4	6	0.03372	0.03770	7	10	4
13136	HCOebMm	3	3.2361	3.5000	4	6	0.03372	0.03770	7	9	4
13137	HCQ`epf	3	3.2361	3.5000	4	6	0.03372	0.03770	7	9	4
13138	H?bATpv	4	4.2361	4.5000	4	7	0.03372	0.03770	7	8	5
13139	HCOecr{	3	3.2361	3.5000	4	7	0.03372	0.03770	7	8	4
13140	HCdebJK	3	3.2361	3.5000	4	5	0.03372	0.03770	7	10	4
13141	HCQbdhq	3	3.2361	3.5000	4	5	0.03372	0.03770	7	10	4
13142	HCQbUXe	3	3.2361	3.5000	4	5	0.03372	0.03770	7	10	4
13143	HCQbUYe	3	3.2361	3.5000	4	5	0.03372	0.03770	7	11	4
13144	HCOedje	3	3.2361	3.5000	4	6	0.03372	0.03770	7	10	4
13145	HCQdarT	3	3.2361	3.5000	4	6	0.03372	0.03770	7	9	4
13146	HCQdbJT	3	3.2361	3.5000	4	6	0.03372	0.03770	7	9	4
13147	HCQ`djY	3	3.2361	3.5000	4	6	0.03372	0.03770	7	10	4
13148	HCQebRM	3	3.2361	3.5000	4	6	0.03372	0.03770	7	9	4
13149	HCQRErM	3	3.2361	3.5000	4	6	0.03372	0.03770	7	9	4
13150	HCQTbHf	3	3.2361	3.5000	4	6	0.03372	0.03770	7	9	4
13151	HCQTbHj	3	3.2361	3.5000	4	6	0.03372	0.03770	7	10	4
13152	HCQTbHl	3	3.2361	3.5000	4	6	0.03372	0.03770	7	10	4
13153	HCQTbRd	3	3.2361	3.5000	4	6	0.03372	0.03770	7	10	4
13154	HCOebYx	3	3.2361	3.5000	4	6	0.03372	0.03770	7	10	4
13155	HCOedLu	3	3.2361	3.5000	4	6	0.03372	0.03770	7	9	4
13156	HCQ`eqf	3	3.2361	3.5000	4	6	0.03372	0.03770	7	9	4
13157	HCQ`erd	3	3.2361	3.5000	4	6	0.03372	0.03770	7	9	4
13158	HCQ`fJR	3	3.2361	3.5000	4	6	0.03372	0.03770	7	9	4
13159	H?bATrf	4	4.2361	4.5000	4	7	0.03372	0.03770	7	7	5
13160	H?bATrt	4	4.2361	4.5000	4	7	0.03372	0.03770	7	8	5
13161	H?bAVIz	4	4.2361	4.5000	4	7	0.03372	0.03770	7	9	5
13162	HCOecrm	3	3.2361	3.5000	4	7	0.03372	0.03770	7	9	4
13163	H?bBDJ}	4	4.2361	4.5000	4	8	0.03372	0.03770	7	7	5
13164	HCQRBUx	3	3.2361	3.5000	4	6	0.03372	0.03770	7	10	4
13165	HCQRDRj	3	3.2361	3.5000	4	7	0.03372	0.03770	7	10	4
13166	HCQR@Rz	3	3.2361	3.5000	4	8	0.03372	0.03770	7	10	4
13167	H?bAPb~	4	4.2361	4.5000	4	9	0.03372	0.03770	7	6	5
13168	HCOedqu	3	3.2361	3.5000	4	6	0.03372	0.03770	7	8	4
13169	HCOedrY	3	3.2361	3.5000	4	6	0.03372	0.03770	7	9	4
13170	HCQRDr[	3	3.2361	3.5000	4	6	0.03372	0.03770	7	9	4
13171	HCQRDrU	3	3.2361	3.5000	4	6	0.03372	0.03770	7	9	4
13172	HCQTbIr	3	3.2361	3.5000	4	6	0.03372	0.03770	7	9	4
13173	HCQTbIt	3	3.2361	3.5000	4	6	0.03372	0.03770	7	9	4
13174	HCQTbJ[	3	3.2361	3.5000	4	6	0.03372	0.03770	7	9	4
13175	HCQTbJT	3	3.2361	3.5000	4	6	0.03372	0.03770	7	9	4
13176	HCQTbJY	3	3.2361	3.5000	4	6	0.03372	0.03770	7	9	4
13177	HCOedqt	3	3.2361	3.5000	4	6	0.03372	0.03770	7	9	4
13178	HCOedqx	3	3.2361	3.5000	4	6	0.03372	0.03770	7	9	4
13179	HCOedrX	3	3.2361	3.5000	4	6	0.03372	0.03770	7	9	4
13180	HCQ`erT	3	3.2361	3.5000	4	6	0.03372	0.03770	7	9	4
13181	HCQ`fIV	3	3.2361	3.5000	4	6	0.03372	0.03770	7	9	4
13182	HCQ`fJT	3	3.2361	3.5000	4	6	0.03372	0.03770	7	9	4
13183	HCQRDqx	3	3.2361	3.5000	4	6	0.03372	0.03770	7	9	4
13184	HCQRDrX	3	3.2361	3.5000	4	6	0.03372	0.03770	7	9	4
13185	H?bATq|	4	4.2361	4.5000	4	7	0.03372	0.03770	7	8	5
13186	H?bATqn	4	4.2361	4.5000	4	7	0.03372	0.03770	7	7	5
13187	H?bATrl	4	4.2361	4.5000	4	7	0.03372	0.03770	7	7	5
13188	H?bATrN	4	4.2361	4.5000	4	7	0.03372	0.03770	7	7	5
13189	H?bAUYz	4	4.2361	4.5000	4	7	0.03372	0.03770	7	8	5
13190	H?bAVI^	4	4.2361	4.5000	4	7	0.03372	0.03770	7	8	5
13191	H?bAVI|	4	4.2361	4.5000	4	7	0.03372	0.03770	7	9	5
13192	HCOecq}	3	3.2361	3.5000	4	7	0.03372	0.03770	7	8	4
13193	HCOecry	3	3.2361	3.5000	4	7	0.03372	0.03770	7	8	4
13194	HCQRDQ|	3	3.2361	3.5000	4	7	0.03372	0.03770	7	10	4
13195	HCQRDR\	3	3.2361	3.5000	4	7	0.03372	0.03770	7	10	4
13196	HCQRDRu	3	3.2361	3.5000	4	7	0.03372	0.03770	7	10	4
13197	HCQRDRV	3	3.2361	3.5000	4	7	0.03372	0.03770	7	9	4
13198	H?bBDJ^	4	4.2361	4.5000	4	8	0.03372	0.03770	7	7	5
13199	H?bBDJ|	4	4.2361	4.5000	4	8	0.03372	0.03770	7	7	5
13200	H?bBDJv	4	4.2361	4.5000	4	8	0.03372	0.03770	7	7	5
13201	H?`ESZ}	4	4.2361	4.5000	4	8	0.03372	0.03770	7	8	5
13202	HCpdehi	3	3.2361	3.5000	4	5	0.03372	0.03770	7	10	4
13203	HCpdbZS	3	3.2361	3.5000	4	5	0.03372	0.03770	7	10	4
13204	HCpdRhi	3	3.2361	3.5000	4	5	0.03372	0.03770	7	10	4
13205	HCpdUhe	3	3.2361	3.5000	4	5	0.03372	0.03770	7	11	4
13206	HCpdVHi	3	3.2361	3.5000	4	5	0.03372	0.03770	7	9	4
13207	HCQbbfk	3	3.2361	3.5000	4	6	0.03372	0.03770	7	10	4
13208	HCQbdfk	3	3.2361	3.5000	4	6	0.03372	0.03770	7	10	4
13209	HCQbdjM	3	3.2361	3.5000	4	6	0.03372	0.03770	7	9	4
13210	HCQbefk	3	3.2361	3.5000	4	6	0.03372	0.03770	7	10	4
13211	HCQbepu	3	3.2361	3.5000	4	6	0.03372	0.03770	7	9	4
13212	HCQbere	3	3.2361	3.5000	4	6	0.03372	0.03770	7	9	4
13213	HCQberU	3	3.2361	3.5000	4	6	0.03372	0.03770	7	8	4
13214	HCQbeZq	3	3.2361	3.5000	4	6	0.03372	0.03770	7	9	4
13215	HCQbUZq	3	3.2361	3.5000	4	6	0.03372	0.03770	7	10	4
13216	HCQbUZs	3	3.2361	3.5000	4	6	0.03372	0.03770	7	9	4
13217	HCQuQqf	3	3.2361	3.5000	4	6	0.03372	0.03770	7	9	4
13218	HCQuQqr	3	3.2361	3.5000	4	6	0.03372	0.03770	7	9	4
13219	HCQbTfL	3	3.2361	3.5000	4	6	0.03372	0.03770	7	10	4
13220	HCQbTfU	3	3.2361	3.5000	4	6	0.03372	0.03770	7	9	4
13221	HCQ`fZq	3	3.2361	3.5000	4	6	0.03372	0.03770	7	9	4
13222	HCQ`fZY	3	3.2361	3.5000	4	6	0.03372	0.03770	7	11	4
13223	HCQ`er]	3	3.2361	3.5000	4	7	0.03372	0.03770	7	8	4
13224	HCQ`erm	3	3.2361	3.5000	4	7	0.03372	0.03770	7	10	4
13225	HCQ`fJy	3	3.2361	3.5000	4	7	0.03372	0.03770	7	9	4
13226	HCQbdhy	3	3.2361	3.5000	4	6	0.03372	0.03770	7	10	4
13227	HCQbequ	3	3.2361	3.5000	4	6	0.03372	0.03770	7	10	4
13228	HCQbeYu	3	3.2361	3.5000	4	6	0.03372	0.03770	7	10	4
13229	HCQbRZe	3	3.2361	3.5000	4	6	0.03372	0.03770	7	9	4
13230	HCQubRb	3	3.2361	3.5000	4	6	0.03372	0.03770	7	10	4
13231	HCQuQre	3	3.2361	3.5000	4	6	0.03372	0.03770	7	10	4
13232	HCRcqrM	3	3.2361	3.5000	4	6	0.03372	0.03770	7	9	4
13233	HCRcrRM	3	3.2361	3.5000	4	6	0.03372	0.03770	7	9	4
13234	HCQbddm	3	3.2361	3.5000	4	6	0.03372	0.03770	7	10	4
13235	HCQbdfe	3	3.2361	3.5000	4	6	0.03372	0.03770	7	8	4
13236	HCQbdNY	3	3.2361	3.5000	4	6	0.03372	0.03770	7	10	4
13237	HCQbRfT	3	3.2361	3.5000	4	6	0.03372	0.03770	7	9	4
13238	HCQebY\	3	3.2361	3.5000	4	6	0.03372	0.03770	7	10	4
13239	HCQ`fqu	3	3.2361	3.5000	4	6	0.03372	0.03770	7	10	4
13240	HCOedpn	3	3.2361	3.5000	4	7	0.03372	0.03770	7	9	4
13241	HCQ`djy	3	3.2361	3.5000	4	7	0.03372	0.03770	7	9	4
13242	HCQ`erf	3	3.2361	3.5000	4	7	0.03372	0.03770	7	8	4
13243	HCQ`eru	3	3.2361	3.5000	4	7	0.03372	0.03770	7	10	4
13244	HCQ`fJZ	3	3.2361	3.5000	4	7	0.03372	0.03770	7	9	4
13245	HCQTbHn	3	3.2361	3.5000	4	7	0.03372	0.03770	7	9	4
13246	H?bAViz	4	4.2361	4.5000	4	7	0.03372	0.03770	7	9	5
13247	H?bATrv	4	4.2361	4.5000	4	8	0.03372	0.03770	7	7	5
13248	HCQbRet	3	3.2361	3.5000	4	6	0.03372	0.03770	7	10	4
13249	HCdebYq	3	3.2361	3.5000	4	5	0.03372	0.03770	7	12	4
13250	HCpdRjI	3	3.2361	3.5000	4	5	0.03372	0.03770	7	12	4
13251	HCQbUXy	3	3.2361	3.5000	4	6	0.03372	0.03770	7	11	4
13252	HCQbUZi	3	3.2361	3.5000	4	6	0.03372	0.03770	7	10	4
13253	HCQubQ\	3	3.2361	3.5000	4	6	0.03372	0.03770	7	11	4
13254	HCQubR[	3	3.2361	3.5000	4	6	0.03372	0.03770	7	11	4
13255	HCQuQri	3	3.2361	3.5000	4	6	0.03372	0.03770	7	11	4
13256	HCQuQrM	3	3.2361	3.5000	4	6	0.03372	0.03770	7	11	4
13257	HCQuQrs	3	3.2361	3.5000	4	6	0.03372	0.03770	7	11	4
13258	HCQuQrU	3	3.2361	3.5000	4	6	0.03372	0.03770	7	11	4
13259	HCQuQrY	3	3.2361	3.5000	4	6	0.03372	0.03770	7	11	4
13260	HCQUQzs	3	3.2361	3.5000	4	6	0.03372	0.03770	7	11	4
13261	HCQbeet	3	3.2361	3.5000	4	6	0.03372	0.03770	7	9	4
13262	HCQbepl	3	3.2361	3.5000	4	6	0.03372	0.03770	7	9	4
13263	HCQbeqr	3	3.2361	3.5000	4	6	0.03372	0.03770	7	8	4
13264	HCQbeqt	3	3.2361	3.5000	4	6	0.03372	0.03770	7	9	4
13265	HCQbeqV	3	3.2361	3.5000	4	6	0.03372	0.03770	7	9	4
13266	HCQbeYf	3	3.2361	3.5000	4	6	0.03372	0.03770	7	9	4
13267	HCQbeYt	3	3.2361	3.5000	4	6	0.03372	0.03770	7	9	4
13268	HCQbeZX	3	3.2361	3.5000	4	6	0.03372	0.03770	7	9	4
13269	HCQbRfM	3	3.2361	3.5000	4	6	0.03372	0.03770	7	9	4
13270	HCQbRfY	3	3.2361	3.5000	4	6	0.03372	0.03770	7	9	4
13271	HCQbSnL	3	3.2361	3.5000	4	6	0.03372	0.03770	7	10	4
13272	HCQbUjL	3	3.2361	3.5000	4	6	0.03372	0.03770	7	10	4
13273	HCQbVJL	3	3.2361	3.5000	4	6	0.03372	0.03770	7	10	4
13274	HCQRVbX	3	3.2361	3.5000	4	6	0.03372	0.03770	7	11	4
13275	HCQTa^Y	3	3.2361	3.5000	4	6	0.03372	0.03770	7	10	4
13276	HCQURp\	3	3.2361	3.5000	4	6	0.03372	0.03770	7	11	4
13277	HCQbbef	3	3.2361	3.5000	4	6	0.03372	0.03770	7	9	4
13278	HCQbecv	3	3.2361	3.5000	4	6	0.03372	0.03770	7	9	4
13279	HCQbedf	3	3.2361	3.5000	4	6	0.03372	0.03770	7	9	4
13280	HCQbRcv	3	3.2361	3.5000	4	6	0.03372	0.03770	7	9	4
13281	HCQbRef	3	3.2361	3.5000	4	6	0.03372	0.03770	7	9	4
13282	HCQbRer	3	3.2361	3.5000	4	6	0.03372	0.03770	7	9	4
13283	HCQbRfR	3	3.2361	3.5000	4	6	0.03372	0.03770	7	9	4
13284	HCOedq|	3	3.2361	3.5000	4	7	0.03372	0.03770	7	9	4
13285	HCOedru	3	3.2361	3.5000	4	7	0.03372	0.03770	7	9	4
13286	HCOedrx	3	3.2361	3.5000	4	7	0.03372	0.03770	7	8	4
13287	HCQ`djN	3	3.2361	3.5000	4	7	0.03372	0.03770	7	8	4
13288	HCQ`ep|	3	3.2361	3.5000	4	7	0.03372	0.03770	7	9	4
13289	HCQ`erN	3	3.2361	3.5000	4	7	0.03372	0.03770	7	9	4
13290	HCQ`ert	3	3.2361	3.5000	4	7	0.03372	0.03770	7	8	4
13291	HCQ`erV	3	3.2361	3.5000	4	7	0.03372	0.03770	7	8	4
13292	HCQ`fJ\	3	3.2361	3.5000	4	7	0.03372	0.03770	7	9	4
13293	HCQ`fJV	3	3.2361	3.5000	4	7	0.03372	0.03770	7	8	4
13294	HCQRDrr	3	3.2361	3.5000	4	7	0.03372	0.03770	7	8	4
13295	HCQRDru	3	3.2361	3.5000	4	7	0.03372	0.03770	7	9	4
13296	HCQRDrx	3	3.2361	3.5000	4	7	0.03372	0.03770	7	8	4
13297	HCQTbJ\	3	3.2361	3.5000	4	7	0.03372	0.03770	7	9	4
13298	HCQTbJr	3	3.2361	3.5000	4	7	0.03372	0.03770	7	8	4
13299	HCQTbJt	3	3.2361	3.5000	4	7	0.03372	0.03770	7	8	4
13300	HCQTbJy	3	3.2361	3.5000	4	7	0.03372	0.03770	7	9	4
13301	HCQTbJZ	3	3.2361	3.5000	4	7	0.03372	0.03770	7	8	4
13302	H?bAVi|	4	4.2361	4.5000	4	7	0.03372	0.03770	7	9	5
13303	H?bAVin	4	4.2361	4.5000	4	7	0.03372	0.03770	7	8	5
13304	H?bATq~	4	4.2361	4.5000	4	8	0.03372	0.03770	7	7	5
13305	H?bATr|	4	4.2361	4.5000	4	8	0.03372	0.03770	7	7	5
13306	H?bATrn	4	4.2361	4.5000	4	8	0.03372	0.03770	7	7	5
13307	H?bAVI~	4	4.2361	4.5000	4	8	0.03372	0.03770	7	8	5
13308	HCQRDR|	3	3.2361	3.5000	4	8	0.03372	0.03770	7	9	4
13309	HCQRDR}	3	3.2361	3.5000	4	8	0.03372	0.03770	7	9	4
13310	HCQRDRv	3	3.2361	3.5000	4	8	0.03372	0.03770	7	9	4
13311	H?bBDJ~	4	4.2361	4.5000	4	9	0.03372	0.03770	7	6	5
13312	HCQberX	3	3.2361	3.5000	4	6	0.03372	0.03770	7	9	4
13313	HCQbeZL	3	3.2361	3.5000	4	6	0.03372	0.03770	7	9	4
13314	HCQ`erx	3	3.2361	3.5000	4	7	0.03372	0.03770	7	9	4
13315	HCpdUh{	3	3.2361	3.5000	4	6	0.03372	0.03770	7	9	4
13316	HCpddT{	3	3.2361	3.5000	4	6	0.03372	0.03770	7	10	4
13317	HCpdehm	3	3.2361	3.5000	4	6	0.03372	0.03770	7	11	4
13318	HCpdRZq	3	3.2361	3.5000	4	6	0.03372	0.03770	7	9	4
13319	HCpdRZU	3	3.2361	3.5000	4	6	0.03372	0.03770	7	10	4
13320	HCQUuX{	3	3.2361	3.5000	4	6	0.03372	0.03770	7	10	4
13321	HCpbUY{	3	3.2361	3.5000	4	6	0.03372	0.03770	7	9	4
13322	HCpddVs	3	3.2361	3.5000	4	6	0.03372	0.03770	7	9	4
13323	HCpdeim	3	3.2361	3.5000	4	6	0.03372	0.03770	7	10	4
13324	HCpdUiu	3	3.2361	3.5000	4	6	0.03372	0.03770	7	10	4
13325	HCpdUjk	3	3.2361	3.5000	4	6	0.03372	0.03770	7	9	4
13326	HCQbfZq	3	3.2361	3.5000	4	6	0.03372	0.03770	7	9	4
13327	HCQbbf{	3	3.2361	3.5000	4	7	0.03372	0.03770	7	9	4
13328	HCQbUZ{	3	3.2361	3.5000	4	7	0.03372	0.03770	7	8	4
13329	HCQ`fZy	3	3.2361	3.5000	4	7	0.03372	0.03770	7	10	4
13330	HCpdRYu	3	3.2361	3.5000	4	6	0.03372	0.03770	7	11	4
13331	HCpbUYm	3	3.2361	3.5000	4	6	0.03372	0.03770	7	8	4
13332	HCpbUYy	3	3.2361	3.5000	4	6	0.03372	0.03770	7	10	4
13333	HCpddV[	3	3.2361	3.5000	4	6	0.03372	0.03770	7	10	4
13334	HCpddVk	3	3.2361	3.5000	4	6	0.03372	0.03770	7	9	4
13335	HCQvEdm	3	3.2361	3.5000	4	6	0.03372	0.03770	7	11	4
13336	HCRcuhm	3	3.2361	3.5000	4	6	0.03372	0.03770	7	11	4
13337	HCpdUif	3	3.2361	3.5000	4	6	0.03372	0.03770	7	10	4
13338	HCQdmXr	3	3.2361	3.5000	4	6	0.03372	0.03770	7	9	4
13339	HCQevHr	3	3.2361	3.5000	4	6	0.03372	0.03770	7	9	4
13340	HCQbdfm	3	3.2361	3.5000	4	7	0.03372	0.03770	7	9	4
13341	HCQbefm	3	3.2361	3.5000	4	7	0.03372	0.03770	7	9	4
13342	HCQberu	3	3.2361	3.5000	4	7	0.03372	0.03770	7	9	4
13343	HCQbeZu	3	3.2361	3.5000	4	7	0.03372	0.03770	7	9	4
13344	HCQbUZu	3	3.2361	3.5000	4	7	0.03372	0.03770	7	10	4
13345	HCQ`er}	3	3.2361	3.5000	4	8	0.03372	0.03770	7	9	4
13346	HCpdbYj	3	3.2361	3.5000	4	6	0.03372	0.03770	7	10	4
13347	HCpdRji	3	3.2361	3.5000	4	6	0.03372	0.03770	7	11	4
13348	HCpdRjY	3	3.2361	3.5000	4	6	0.03372	0.03770	7	12	4
13349	HCQuQzi	3	3.2361	3.5000	4	6	0.03372	0.03770	7	13	4
13350	HCQuQzY	3	3.2361	3.5000	4	6	0.03372	0.03770	7	12	4
13351	HCdebZL	3	3.2361	3.5000	4	6	0.03372	0.03770	7	11	4
13352	HCdeddm	3	3.2361	3.5000	4	6	0.03372	0.03770	7	11	4
13353	HCdedfk	3	3.2361	3.5000	4	6	0.03372	0.03770	7	11	4
13354	HCdefIu	3	3.2361	3.5000	4	6	0.03372	0.03770	7	10	4
13355	HCpdbZT	3	3.2361	3.5000	4	6	0.03372	0.03770	7	11	4
13356	HCpdehf	3	3.2361	3.5000	4	6	0.03372	0.03770	7	10	4
13357	HCpdeiu	3	3.2361	3.5000	4	6	0.03372	0.03770	7	10	4
13358	HCpdeiy	3	3.2361	3.5000	4	6	0.03372	0.03770	7	11	4
13359	HCpdUiy	3	3.2361	3.5000	4	6	0.03372	0.03770	7	11	4
13360	HCpdUjM	3	3.2361	3.5000	4	6	0.03372	0.03770	7	9	4
13361	HCpdUjY	3	3.2361	3.5000	4	6	0.03372	0.03770	7	10	4
13362	HCQe^Pl	3	3.2361	3.5000	4	6	0.03372	0.03770	7	9	4
13363	HCQe^Pm	3	3.2361	3.5000	4	6	0.03372	0.03770	7	9	4
13364	HCQrUX]	3	3.2361	3.5000	4	6	0.03372	0.03770	7	11	4
13365	HCQueV[	3	3.2361	3.5000	4	6	0.03372	0.03770	7	10	4
13366	HCQuQzs	3	3.2361	3.5000	4	6	0.03372	0.03770	7	11	4
13367	HCQuQzU	3	3.2361	3.5000	4	6	0.03372	0.03770	7	12	4
13368	HCQuUrU	3	3.2361	3.5000	4	6	0.03372	0.03770	7	10	4
13369	HCQUuZs	3	3.2361	3.5000	4	6	0.03372	0.03770	7	10	4
13370	HCQVQzY	3	3.2361	3.5000	4	6	0.03372	0.03770	7	12	4
13371	HCQVUp]	3	3.2361	3.5000	4	6	0.03372	0.03770	7	10	4
13372	HCRcujY	3	3.2361	3.5000	4	6	0.03372	0.03770	7	10	4
13373	HCRSuji	3	3.2361	3.5000	4	6	0.03372	0.03770	7	12	4
13374	HCdedfs	3	3.2361	3.5000	4	6	0.03372	0.03770	7	10	4
13375	HCpdeit	3	3.2361	3.5000	4	6	0.03372	0.03770	7	9	4
13376	HCpdRYZ	3	3.2361	3.5000	4	6	0.03372	0.03770	7	10	4
13377	HCpdUjd	3	3.2361	3.5000	4	6	0.03372	0.03770	7	10	4
13378	HCQdnRM	3	3.2361	3.5000	4	6	0.03372	0.03770	7	10	4
13379	HCQe^RX	3	3.2361	3.5000	4	6	0.03372	0.03770	7	9	4
13380	HCQe^RY	3	3.2361	3.5000	4	6	0.03372	0.03770	7	8	4
13381	HCQfJZM	3	3.2361	3.5000	4	6	0.03372	0.03770	7	9	4
13382	HCQrVJL	3	3.2361	3.5000	4	6	0.03372	0.03770	7	11	4
13383	HCQuRh\	3	3.2361	3.5000	4	6	0.03372	0.03770	7	11	4
13384	HCQUuZi	3	3.2361	3.5000	4	6	0.03372	0.03770	7	10	4
13385	HCQVeZY	3	3.2361	3.5000	4	6	0.03372	0.03770	7	10	4
13386	HCRSujw	3	3.2361	3.5000	4	6	0.03372	0.03770	7	9	4
13387	HCXedUf	3	3.2361	3.5000	4	6	0.03372	0.03770	7	9	4
13388	HCXeerT	3	3.2361	3.5000	4	6	0.03372	0.03770	7	8	4
13389	HCQe^QV	3	3.2361	3.5000	4	6	0.03372	0.03770	7	9	4
13390	HCQbbfN	3	3.2361	3.5000	4	7	0.03372	0.03770	7	8	4
13391	HCQbddn	3	3.2361	3.5000	4	7	0.03372	0.03770	7	9	4
13392	HCQbdf\	3	3.2361	3.5000	4	7	0.03372	0.03770	7	9	4
13393	HCQbdjN	3	3.2361	3.5000	4	7	0.03372	0.03770	7	8	4
13394	HCQbdjZ	3	3.2361	3.5000	4	7	0.03372	0.03770	7	9	4
13395	HCQbdLz	3	3.2361	3.5000	4	7	0.03372	0.03770	7	9	4
13396	HCQbdN\	3	3.2361	3.5000	4	7	0.03372	0.03770	7	9	4
13397	HCQbedn	3	3.2361	3.5000	4	7	0.03372	0.03770	7	9	4
13398	HCQbepn	3	3.2361	3.5000	4	7	0.03372	0.03770	7	9	4
13399	HCQbeqv	3	3.2361	3.5000	4	7	0.03372	0.03770	7	9	4
13400	HCQberl	3	3.2361	3.5000	4	7	0.03372	0.03770	7	9	4
13401	HCQberN	3	3.2361	3.5000	4	7	0.03372	0.03770	7	8	4
13402	HCQbeXz	3	3.2361	3.5000	4	7	0.03372	0.03770	7	9	4
13403	HCQbeYv	3	3.2361	3.5000	4	7	0.03372	0.03770	7	9	4
13404	HCQbeZf	3	3.2361	3.5000	4	7	0.03372	0.03770	7	8	4
13405	HCQbeZZ	3	3.2361	3.5000	4	7	0.03372	0.03770	7	9	4
13406	HCQbRev	3	3.2361	3.5000	4	7	0.03372	0.03770	7	9	4
13407	HCQbRf]	3	3.2361	3.5000	4	7	0.03372	0.03770	7	9	4
13408	HCQbRfV	3	3.2361	3.5000	4	7	0.03372	0.03770	7	8	4
13409	HCQbUX|	3	3.2361	3.5000	4	7	0.03372	0.03770	7	8	4
13410	HCQbUX}	3	3.2361	3.5000	4	7	0.03372	0.03770	7	10	4
13411	HCQbUZ]	3	3.2361	3.5000	4	7	0.03372	0.03770	7	9	4
13412	HCQbUZm	3	3.2361	3.5000	4	7	0.03372	0.03770	7	9	4
13413	HCQbUZt	3	3.2361	3.5000	4	7	0.03372	0.03770	7	10	4
13414	HCQbUZx	3	3.2361	3.5000	4	7	0.03372	0.03770	7	8	4
13415	HCQuQp}	3	3.2361	3.5000	4	7	0.03372	0.03770	7	10	4
13416	HCQuQr{	3	3.2361	3.5000	4	7	0.03372	0.03770	7	10	4
13417	HCQuQru	3	3.2361	3.5000	4	7	0.03372	0.03770	7	11	4
13418	HCQUQz{	3	3.2361	3.5000	4	7	0.03372	0.03770	7	10	4
13419	HCQUQzy	3	3.2361	3.5000	4	7	0.03372	0.03770	7	12	4
13420	HCQ`fX^	3	3.2361	3.5000	4	7	0.03372	0.03770	7	9	4
13421	HCQ`fZV	3	3.2361	3.5000	4	7	0.03372	0.03770	7	8	4
13422	H?bAVi~	4	4.2361	4.5000	4	8	0.03372	0.03770	7	8	5
13423	HCOedr|	3	3.2361	3.5000	4	8	0.03372	0.03770	7	8	4
13424	HCOedr}	3	3.2361	3.5000	4	8	0.03372	0.03770	7	8	4
13425	HCQ`erv	3	3.2361	3.5000	4	8	0.03372	0.03770	7	9	4
13426	HCQ`fJ^	3	3.2361	3.5000	4	8	0.03372	0.03770	7	8	4
13427	HCQRDr}	3	3.2361	3.5000	4	8	0.03372	0.03770	7	8	4
13428	HCQRDrz	3	3.2361	3.5000	4	8	0.03372	0.03770	7	8	4
13429	HCQTbJ|	3	3.2361	3.5000	4	8	0.03372	0.03770	7	8	4
13430	HCQTbJz	3	3.2361	3.5000	4	8	0.03372	0.03770	7	8	4
13431	H?bATr~	4	4.2361	4.5000	4	9	0.03372	0.03770	7	6	5
13432	HCQRDR~	3	3.2361	3.5000	4	9	0.03372	0.03770	7	8	4
13433	HCpdejT	3	3.2361	3.5000	4	6	0.03372	0.03770	7	10	4
13434	HCQe^RM	3	3.2361	3.5000	4	6	0.03372	0.03770	7	9	4
13435	HCQber\	3	3.2361	3.5000	4	7	0.03372	0.03770	7	9	4
13436	HCQbeZl	3	3.2361	3.5000	4	7	0.03372	0.03770	7	9	4
13437	HCQbeZN	3	3.2361	3.5000	4	7	0.03372	0.03770	7	8	4
13438	HCQ`fr\	3	3.2361	3.5000	4	7	0.03372	0.03770	7	9	4
13439	HCQ`frx	3	3.2361	3.5000	4	7	0.03372	0.03770	7	8	4
13440	HCpdRvs	3	3.2361	3.5000	4	6	0.03372	0.03770	7	9	4
13441	HCpVcxm	3	3.2361	3.5000	4	6	0.03372	0.03770	7	10	4
13442	HCpdUh}	3	3.2361	3.5000	4	7	0.03372	0.03770	7	10	4
13443	HCpdUj{	3	3.2361	3.5000	4	7	0.03372	0.03770	7	8	4
13444	HCpejYj	3	3.2361	3.5000	4	6	0.03372	0.03770	7	10	4
13445	HCpVThf	3	3.2361	3.5000	4	6	0.03372	0.03770	7	11	4
13446	HCpbUY}	3	3.2361	3.5000	4	7	0.03372	0.03770	7	9	4
13447	HCpddV{	3	3.2361	3.5000	4	7	0.03372	0.03770	7	9	4
13448	HCpdejm	3	3.2361	3.5000	4	7	0.03372	0.03770	7	10	4
13449	HCpVThm	3	3.2361	3.5000	4	6	0.03372	0.03770	7	13	4
13450	HCperij	3	3.2361	3.5000	4	6	0.03372	0.03770	7	11	4
13451	HCpUthj	3	3.2361	3.5000	4	6	0.03372	0.03770	7	10	4
13452	HCpUtht	3	3.2361	3.5000	4	6	0.03372	0.03770	7	12	4
13453	HCpVThj	3	3.2361	3.5000	4	6	0.03372	0.03770	7	11	4
13454	HCpVUhy	3	3.2361	3.5000	4	6	0.03372	0.03770	7	10	4
13455	HCdenau	3	3.2361	3.5000	4	6	0.03372	0.03770	7	9	4
13456	HCpdmi]	3	3.2361	3.5000	4	6	0.03372	0.03770	7	9	4
13457	HCpdnIm	3	3.2361	3.5000	4	6	0.03372	0.03770	7	8	4
13458	HCpelZe	3	3.2361	3.5000	4	6	0.03372	0.03770	7	9	4
13459	HCpevHV	3	3.2361	3.5000	4	6	0.03372	0.03770	7	10	4
13460	HCpevIj	3	3.2361	3.5000	4	6	0.03372	0.03770	7	10	4
13461	HCpUvJd	3	3.2361	3.5000	4	6	0.03372	0.03770	7	9	4
13462	HCdeddn	3	3.2361	3.5000	4	7	0.03372	0.03770	7	10	4
13463	HCpdehn	3	3.2361	3.5000	4	7	0.03372	0.03770	7	10	4
13464	HCpdei|	3	3.2361	3.5000	4	7	0.03372	0.03770	7	8	4
13465	HCpdei}	3	3.2361	3.5000	4	7	0.03372	0.03770	7	10	4
13466	HCpdejy	3	3.2361	3.5000	4	7	0.03372	0.03770	7	10	4
13467	HCpdRj\	3	3.2361	3.5000	4	7	0.03372	0.03770	7	11	4
13468	HCpdRjy	3	3.2361	3.5000	4	7	0.03372	0.03770	7	11	4
13469	HCpdRjZ	3	3.2361	3.5000	4	7	0.03372	0.03770	7	11	4
13470	HCpdRY}	3	3.2361	3.5000	4	7	0.03372	0.03770	7	10	4
13471	HCpdRZV	3	3.2361	3.5000	4	7	0.03372	0.03770	7	9	4
13472	HCpdRZy	3	3.2361	3.5000	4	7	0.03372	0.03770	7	10	4
13473	HCpdUi|	3	3.2361	3.5000	4	7	0.03372	0.03770	7	8	4
13474	HCpdUi}	3	3.2361	3.5000	4	7	0.03372	0.03770	7	10	4
13475	HCpdUjf	3	3.2361	3.5000	4	7	0.03372	0.03770	7	9	4
13476	HCpdUjy	3	3.2361	3.5000	4	7	0.03372	0.03770	7	10	4
13477	HCpdVJy	3	3.2361	3.5000	4	7	0.03372	0.03770	7	10	4
13478	HCQe^Rx	3	3.2361	3.5000	4	7	0.03372	0.03770	7	9	4
13479	HCQuQx}	3	3.2361	3.5000	4	7	0.03372	0.03770	7	10	4
13480	HCQuQz{	3	3.2361	3.5000	4	7	0.03372	0.03770	7	10	4
13481	HCQuQzu	3	3.2361	3.5000	4	7	0.03372	0.03770	7	12	4
13482	HCQUuZ{	3	3.2361	3.5000	4	7	0.03372	0.03770	7	9	4
13483	HCQvEdn	3	3.2361	3.5000	4	7	0.03372	0.03770	7	10	4
13484	HCQvEf{	3	3.2361	3.5000	4	7	0.03372	0.03770	7	10	4
13485	HCRcuhn	3	3.2361	3.5000	4	7	0.03372	0.03770	7	10	4
13486	HCQbevl	3	3.2361	3.5000	4	7	0.03372	0.03770	7	9	4
13487	HCQbfN\	3	3.2361	3.5000	4	7	0.03372	0.03770	7	8	4
13488	HCQbern	3	3.2361	3.5000	4	8	0.03372	0.03770	7	8	4
13489	HCQbeZv	3	3.2361	3.5000	4	8	0.03372	0.03770	7	8	4
13490	HCQbeZz	3	3.2361	3.5000	4	8	0.03372	0.03770	7	8	4
13491	HCpUvHN	3	3.2361	3.5000	4	6	0.03372	0.03770	7	9	4
13492	HCpVTiZ	3	3.2361	3.5000	4	6	0.03372	0.03770	7	12	4
13493	HCpdejt	3	3.2361	3.5000	4	7	0.03372	0.03770	7	9	4
13494	HCpdRjN	3	3.2361	3.5000	4	7	0.03372	0.03770	7	10	4
13495	HCpdUjV	3	3.2361	3.5000	4	7	0.03372	0.03770	7	9	4
13496	HCQe^R]	3	3.2361	3.5000	4	7	0.03372	0.03770	7	9	4
13497	HCQe^Rm	3	3.2361	3.5000	4	7	0.03372	0.03770	7	8	4
13498	HCQuczy	3	3.2361	3.5000	4	7	0.03372	0.03770	7	10	4
13499	HCQbe^l	3	3.2361	3.5000	4	7	0.03372	0.03770	7	8	4
13500	HCQbfZ\	3	3.2361	3.5000	4	7	0.03372	0.03770	7	9	4
13501	HCQber|	3	3.2361	3.5000	4	8	0.03372	0.03770	7	8	4
13502	HCQbeZ|	3	3.2361	3.5000	4	8	0.03372	0.03770	7	8	4
13503	HCQbeZn	3	3.2361	3.5000	4	8	0.03372	0.03770	7	8	4
13504	HCQ`fr^	3	3.2361	3.5000	4	8	0.03372	0.03770	7	8	4
13505	HCdeniu	3	3.2361	3.5000	4	6	0.03372	0.03770	7	9	4
13506	HCpdTzm	3	3.2361	3.5000	4	7	0.03372	0.03770	7	9	4
13507	HCpdU^u	3	3.2361	3.5000	4	7	0.03372	0.03770	7	9	4
13508	HCpdVjy	3	3.2361	3.5000	4	7	0.03372	0.03770	7	10	4
13509	HCpUthn	3	3.2361	3.5000	4	7	0.03372	0.03770	7	11	4
13510	HCpVThv	3	3.2361	3.5000	4	7	0.03372	0.03770	7	12	4
13511	HCpVUg~	3	3.2361	3.5000	4	7	0.03372	0.03770	7	9	4
13512	HCpVUp}	3	3.2361	3.5000	4	7	0.03372	0.03770	7	10	4
13513	HCpdUxv	3	3.2361	3.5000	4	7	0.03372	0.03770	7	10	4
13514	HCRSr^x	3	3.2361	3.5000	4	7	0.03372	0.03770	7	9	4
13515	HCpdej}	3	3.2361	3.5000	4	8	0.03372	0.03770	7	9	4
13516	HCpdUj}	3	3.2361	3.5000	4	8	0.03372	0.03770	7	9	4
13517	HCpUvHn	3	3.2361	3.5000	4	7	0.03372	0.03770	7	9	4
13518	HCpVTh^	3	3.2361	3.5000	4	7	0.03372	0.03770	7	11	4
13519	HCRSuzy	3	3.2361	3.5000	4	7	0.03372	0.03770	7	10	4
13520	HCRSvjy	3	3.2361	3.5000	4	7	0.03372	0.03770	7	11	4
13521	HCRU]rx	3	3.2361	3.5000	4	7	0.03372	0.03770	7	10	4
13522	HCpdS~t	3	3.2361	3.5000	4	7	0.03372	0.03770	7	9	4
13523	HCpdTzt	3	3.2361	3.5000	4	7	0.03372	0.03770	7	9	4
13524	HCRSvrx	3	3.2361	3.5000	4	7	0.03372	0.03770	7	8	4
13525	HCpdRj^	3	3.2361	3.5000	4	8	0.03372	0.03770	7	10	4
13526	HCQbe^|	3	3.2361	3.5000	4	8	0.03372	0.03770	7	7	4
13527	HCQbfZ^	3	3.2361	3.5000	4	8	0.03372	0.03770	7	8	4
13528	HCQe^R}	3	3.2361	3.5000	4	8	0.03372	0.03770	7	8	4
13529	HCQbeZ~	3	3.2361	3.5000	4	9	0.03372	0.03770	7	7	4
13530	HCpVS|}	3	3.2361	3.5000	4	7	0.03372	0.03770	7	10	4
13531	HCpVTh~	3	3.2361	3.5000	4	8	0.03372	0.03770	7	11	4
13532	HCQTbIU	3	3.2361	3.5000	5	5	0.03372	0.03770	7	9	4
13533	HCOceey	3	3.2361	3.5000	5	6	0.03372	0.03770	7	9	4
13534	HCOecqr	3	3.2361	3.5000	5	6	0.03372	0.03770	7	9	4
13535	HCQRCi{	3	3.2361	3.5000	5	6	0.03372	0.03770	7	9	4
13536	H?bAVJT	4	4.2361	4.5000	5	6	0.03372	0.03770	7	9	5
13537	H?`ESYz	4	4.2361	4.5000	5	7	0.03372	0.03770	7	9	5
13538	HCQdbie	3	3.2361	3.5000	5	5	0.03372	0.03770	7	8	4
13539	HCQdbIm	3	3.2361	3.5000	5	6	0.03372	0.03770	7	8	4
13540	HCQ`dje	3	3.2361	3.5000	5	6	0.03372	0.03770	7	8	4
13541	HCQd`je	3	3.2361	3.5000	5	6	0.03372	0.03770	7	8	4
13542	HCQ`djk	3	3.2361	3.5000	5	6	0.03372	0.03770	7	9	4
13543	H?bAVZU	4	4.2361	4.5000	5	6	0.03372	0.03770	7	8	5
13544	H?bAUZu	4	4.2361	4.5000	5	7	0.03372	0.03770	7	8	5
13545	HCOecrf	3	3.2361	3.5000	5	7	0.03372	0.03770	7	8	4
13546	HCQTbIu	3	3.2361	3.5000	5	6	0.03372	0.03770	7	9	4
13547	HCQTbIV	3	3.2361	3.5000	5	6	0.03372	0.03770	7	9	4
13548	HCOecvq	3	3.2361	3.5000	5	6	0.03372	0.03770	7	9	4
13549	HCOedqr	3	3.2361	3.5000	5	6	0.03372	0.03770	7	9	4
13550	HCOedrR	3	3.2361	3.5000	5	6	0.03372	0.03770	7	9	4
13551	HCQ`fIt	3	3.2361	3.5000	5	6	0.03372	0.03770	7	9	4
13552	HCQ`fJd	3	3.2361	3.5000	5	6	0.03372	0.03770	7	9	4
13553	HCQRDqt	3	3.2361	3.5000	5	6	0.03372	0.03770	7	9	4
13554	H?bAUZt	4	4.2361	4.5000	5	7	0.03372	0.03770	7	8	5
13555	H?bAVJ\	4	4.2361	4.5000	5	7	0.03372	0.03770	7	8	5
13556	H?bAVJt	4	4.2361	4.5000	5	7	0.03372	0.03770	7	9	5
13557	HCOecrr	3	3.2361	3.5000	5	7	0.03372	0.03770	7	8	4
13558	H?`ESZz	4	4.2361	4.5000	5	8	0.03372	0.03770	7	8	5
13559	HCQbdje	3	3.2361	3.5000	5	6	0.03372	0.03770	7	9	4
13560	HCQbTNk	3	3.2361	3.5000	5	6	0.03372	0.03770	7	11	4
13561	HCQbddu	3	3.2361	3.5000	5	6	0.03372	0.03770	7	8	4
13562	HCQbdfU	3	3.2361	3.5000	5	6	0.03372	0.03770	7	8	4
13563	HCQbdLm	3	3.2361	3.5000	5	6	0.03372	0.03770	7	9	4
13564	HCQbdLu	3	3.2361	3.5000	5	6	0.03372	0.03770	7	8	4
13565	HCQbRdt	3	3.2361	3.5000	5	6	0.03372	0.03770	7	8	4
13566	HCQbRfd	3	3.2361	3.5000	5	6	0.03372	0.03770	7	9	4
13567	HCQebpr	3	3.2361	3.5000	5	6	0.03372	0.03770	7	8	4
13568	HCQTeT]	3	3.2361	3.5000	5	6	0.03372	0.03770	7	10	4
13569	HCQ`djj	3	3.2361	3.5000	5	7	0.03372	0.03770	7	8	4
13570	HCQbdiu	3	3.2361	3.5000	5	6	0.03372	0.03770	7	8	4
13571	HCQuQrR	3	3.2361	3.5000	5	6	0.03372	0.03770	7	10	4
13572	HCQbdeu	3	3.2361	3.5000	5	6	0.03372	0.03770	7	8	4
13573	HCQbeeu	3	3.2361	3.5000	5	6	0.03372	0.03770	7	9	4
13574	HCQbRNL	3	3.2361	3.5000	5	6	0.03372	0.03770	7	10	4
13575	HCQddNs	3	3.2361	3.5000	5	6	0.03372	0.03770	7	8	4
13576	HCQ`fiu	3	3.2361	3.5000	5	6	0.03372	0.03770	7	8	4
13577	HCQ`fYu	3	3.2361	3.5000	5	6	0.03372	0.03770	7	11	4
13578	H?bAU^{	4	4.2361	4.5000	5	7	0.03372	0.03770	7	8	5
13579	H?bAVZ]	4	4.2361	4.5000	5	7	0.03372	0.03770	7	8	5
13580	HCQ`dhz	3	3.2361	3.5000	5	7	0.03372	0.03770	7	9	4
13581	HCQ`dju	3	3.2361	3.5000	5	7	0.03372	0.03770	7	7	4
13582	HCQ`fJr	3	3.2361	3.5000	5	7	0.03372	0.03770	7	8	4
13583	H?bAVjj	4	4.2361	4.5000	5	7	0.03372	0.03770	7	8	5
13584	H?bAUZ}	4	4.2361	4.5000	5	8	0.03372	0.03770	7	7	5
13585	H?bAVJz	4	4.2361	4.5000	5	8	0.03372	0.03770	7	8	5
13586	HCOecrn	3	3.2361	3.5000	5	8	0.03372	0.03770	7	8	4
13587	HCQbdet	3	3.2361	3.5000	5	6	0.03372	0.03770	7	9	4
13588	HCQbefX	3	3.2361	3.5000	5	6	0.03372	0.03770	7	8	4
13589	HCQbRdm	3	3.2361	3.5000	5	6	0.03372	0.03770	7	9	4
13590	HCQbdef	3	3.2361	3.5000	5	6	0.03372	0.03770	7	9	4
13591	HCQbdMV	3	3.2361	3.5000	5	6	0.03372	0.03770	7	9	4
13592	HCQ`djr	3	3.2361	3.5000	5	7	0.03372	0.03770	7	8	4
13593	HCQ`djx	3	3.2361	3.5000	5	7	0.03372	0.03770	7	8	4
13594	H?bAVZZ	4	4.2361	4.5000	5	7	0.03372	0.03770	7	7	5
13595	H?bAUZz	4	4.2361	4.5000	5	8	0.03372	0.03770	7	7	5
13596	HCQuQpj	3	3.2361	3.5000	5	6	0.03372	0.03770	7	12	4
13597	HCQuQpN	3	3.2361	3.5000	5	6	0.03372	0.03770	7	11	4
13598	HCQbdMt	3	3.2361	3.5000	5	6	0.03372	0.03770	7	9	4
13599	HCQbQ^L	3	3.2361	3.5000	5	6	0.03372	0.03770	7	10	4
13600	HCQbQvM	3	3.2361	3.5000	5	6	0.03372	0.03770	7	10	4
13601	HCQbUVL	3	3.2361	3.5000	5	6	0.03372	0.03770	7	10	4
13602	HCQRFjU	3	3.2361	3.5000	5	6	0.03372	0.03770	7	9	4
13603	HCQbber	3	3.2361	3.5000	5	6	0.03372	0.03770	7	9	4
13604	HCQbbfR	3	3.2361	3.5000	5	6	0.03372	0.03770	7	9	4
13605	HCQbdcv	3	3.2361	3.5000	5	6	0.03372	0.03770	7	9	4
13606	HCQbdeV	3	3.2361	3.5000	5	6	0.03372	0.03770	7	9	4
13607	HCQbeer	3	3.2361	3.5000	5	6	0.03372	0.03770	7	9	4
13608	HCQbeeV	3	3.2361	3.5000	5	6	0.03372	0.03770	7	9	4
13609	HCQbQtr	3	3.2361	3.5000	5	6	0.03372	0.03770	7	9	4
13610	HCQbRdf	3	3.2361	3.5000	5	6	0.03372	0.03770	7	9	4
13611	HCQbRdr	3	3.2361	3.5000	5	6	0.03372	0.03770	7	9	4
13612	HCOedqv	3	3.2361	3.5000	5	7	0.03372	0.03770	7	9	4
13613	HCOedqz	3	3.2361	3.5000	5	7	0.03372	0.03770	7	8	4
13614	HCOedrr	3	3.2361	3.5000	5	7	0.03372	0.03770	7	8	4
13615	HCOedrZ	3	3.2361	3.5000	5	7	0.03372	0.03770	7	9	4
13616	HCQ`djf	3	3.2361	3.5000	5	7	0.03372	0.03770	7	8	4
13617	HCQ`fIv	3	3.2361	3.5000	5	7	0.03372	0.03770	7	9	4
13618	HCQ`fJl	3	3.2361	3.5000	5	7	0.03372	0.03770	7	9	4
13619	HCQ`fJt	3	3.2361	3.5000	5	7	0.03372	0.03770	7	8	4
13620	HCQRDq|	3	3.2361	3.5000	5	7	0.03372	0.03770	7	9	4
13621	HCQRDr\	3	3.2361	3.5000	5	7	0.03372	0.03770	7	9	4
13622	HCQRDrV	3	3.2361	3.5000	5	7	0.03372	0.03770	7	8	4
13623	HCQTbIv	3	3.2361	3.5000	5	7	0.03372	0.03770	7	9	4
13624	HCQTbJ]	3	3.2361	3.5000	5	7	0.03372	0.03770	7	9	4
13625	HCQTbJV	3	3.2361	3.5000	5	7	0.03372	0.03770	7	8	4
13626	H?bAVjl	4	4.2361	4.5000	5	7	0.03372	0.03770	7	8	5
13627	H?bAVjN	4	4.2361	4.5000	5	7	0.03372	0.03770	7	8	5
13628	H?bAVjt	4	4.2361	4.5000	5	7	0.03372	0.03770	7	9	5
13629	H?bAVZV	4	4.2361	4.5000	5	7	0.03372	0.03770	7	7	5
13630	H?bAUZv	4	4.2361	4.5000	5	8	0.03372	0.03770	7	7	5
13631	H?bAVJ^	4	4.2361	4.5000	5	8	0.03372	0.03770	7	8	5
13632	H?bAVJ|	4	4.2361	4.5000	5	8	0.03372	0.03770	7	8	5
13633	HCOecrz	3	3.2361	3.5000	5	8	0.03372	0.03770	7	8	4
13634	H?`ESZ~	4	4.2361	4.5000	5	9	0.03372	0.03770	7	7	5
13635	HCQbdit	3	3.2361	3.5000	5	6	0.03372	0.03770	7	9	4
13636	HCQbbdr	3	3.2361	3.5000	5	6	0.03372	0.03770	7	9	4
13637	HCQbder	3	3.2361	3.5000	5	6	0.03372	0.03770	7	9	4
13638	HCQbdMf	3	3.2361	3.5000	5	6	0.03372	0.03770	7	9	4
13639	HCQbefR	3	3.2361	3.5000	5	6	0.03372	0.03770	7	9	4
13640	HCQbRTr	3	3.2361	3.5000	5	6	0.03372	0.03770	7	9	4
13641	HCQ`djt	3	3.2361	3.5000	5	7	0.03372	0.03770	7	8	4
13642	H?bAVZ\	4	4.2361	4.5000	5	7	0.03372	0.03770	7	7	5
13643	H?bAUZ|	4	4.2361	4.5000	5	8	0.03372	0.03770	7	7	5
13644	HCpbTZe	3	3.2361	3.5000	5	6	0.03372	0.03770	7	8	4
13645	HCpdRXu	3	3.2361	3.5000	5	6	0.03372	0.03770	7	9	4
13646	HCpdRZs	3	3.2361	3.5000	5	6	0.03372	0.03770	7	10	4
13647	HCQbdN{	3	3.2361	3.5000	5	7	0.03372	0.03770	7	9	4
13648	HCQ`fjm	3	3.2361	3.5000	5	7	0.03372	0.03770	7	8	4
13649	HCpdRZe	3	3.2361	3.5000	5	6	0.03372	0.03770	7	10	4
13650	HCpdeZi	3	3.2361	3.5000	5	6	0.03372	0.03770	7	10	4
13651	HCQVeX]	3	3.2361	3.5000	5	6	0.03372	0.03770	7	10	4
13652	HCRcuX]	3	3.2361	3.5000	5	6	0.03372	0.03770	7	10	4
13653	HCpddVd	3	3.2361	3.5000	5	6	0.03372	0.03770	7	9	4
13654	HCpddVe	3	3.2361	3.5000	5	6	0.03372	0.03770	7	9	4
13655	HCQbvHr	3	3.2361	3.5000	5	6	0.03372	0.03770	7	9	4
13656	HCQuQyf	3	3.2361	3.5000	5	6	0.03372	0.03770	7	10	4
13657	HCQbdd}	3	3.2361	3.5000	5	7	0.03372	0.03770	7	9	4
13658	HCQbdf]	3	3.2361	3.5000	5	7	0.03372	0.03770	7	9	4
13659	HCQbdjm	3	3.2361	3.5000	5	7	0.03372	0.03770	7	9	4
13660	HCQbdL}	3	3.2361	3.5000	5	7	0.03372	0.03770	7	9	4
13661	HCQbed}	3	3.2361	3.5000	5	7	0.03372	0.03770	7	9	4
13662	HCQbef]	3	3.2361	3.5000	5	7	0.03372	0.03770	7	7	4
13663	HCQbUZr	3	3.2361	3.5000	5	7	0.03372	0.03770	7	9	4
13664	HCQuQrf	3	3.2361	3.5000	5	7	0.03372	0.03770	7	9	4
13665	HCpbRNk	3	3.2361	3.5000	5	6	0.03372	0.03770	7	9	4
13666	HCRcuhZ	3	3.2361	3.5000	5	6	0.03372	0.03770	7	10	4
13667	HCpbUWn	3	3.2361	3.5000	5	6	0.03372	0.03770	7	8	4
13668	HCQdmpr	3	3.2361	3.5000	5	6	0.03372	0.03770	7	10	4
13669	HCQdnbd	3	3.2361	3.5000	5	6	0.03372	0.03770	7	9	4
13670	HCQdnHr	3	3.2361	3.5000	5	6	0.03372	0.03770	7	8	4
13671	HCQdn`r	3	3.2361	3.5000	5	6	0.03372	0.03770	7	8	4
13672	HCRcujM	3	3.2361	3.5000	5	6	0.03372	0.03770	7	10	4
13673	HCQbdfu	3	3.2361	3.5000	5	7	0.03372	0.03770	7	7	4
13674	HCQbdju	3	3.2361	3.5000	5	7	0.03372	0.03770	7	8	4
13675	HCQbdNu	3	3.2361	3.5000	5	7	0.03372	0.03770	7	7	4
13676	HCQbRft	3	3.2361	3.5000	5	7	0.03372	0.03770	7	9	4
13677	HCQ`fZr	3	3.2361	3.5000	5	7	0.03372	0.03770	7	8	4
13678	H?bAVjz	4	4.2361	4.5000	5	8	0.03372	0.03770	7	8	5
13679	HCQ`fJz	3	3.2361	3.5000	5	8	0.03372	0.03770	7	8	4
13680	HCQuQzX	3	3.2361	3.5000	5	6	0.03372	0.03770	7	11	4
13681	HCpbUqj	3	3.2361	3.5000	5	6	0.03372	0.03770	7	9	4
13682	HCpdejL	3	3.2361	3.5000	5	6	0.03372	0.03770	7	10	4
13683	HCpderT	3	3.2361	3.5000	5	6	0.03372	0.03770	7	9	4
13684	HCpdfQj	3	3.2361	3.5000	5	6	0.03372	0.03770	7	9	4
13685	HCpdRWn	3	3.2361	3.5000	5	6	0.03372	0.03770	7	10	4
13686	HCpdRYj	3	3.2361	3.5000	5	6	0.03372	0.03770	7	10	4
13687	HCpdUjL	3	3.2361	3.5000	5	6	0.03372	0.03770	7	9	4
13688	HCQuczM	3	3.2361	3.5000	5	6	0.03372	0.03770	7	10	4
13689	HCQvAvR	3	3.2361	3.5000	5	6	0.03372	0.03770	7	10	4
13690	HCQvBfR	3	3.2361	3.5000	5	6	0.03372	0.03770	7	9	4
13691	HCRcrjT	3	3.2361	3.5000	5	6	0.03372	0.03770	7	9	4
13692	HCRcui]	3	3.2361	3.5000	5	6	0.03372	0.03770	7	10	4
13693	HCRcujX	3	3.2361	3.5000	5	6	0.03372	0.03770	7	9	4
13694	HCRUTqZ	3	3.2361	3.5000	5	6	0.03372	0.03770	7	10	4
13695	HCQdnJT	3	3.2361	3.5000	5	6	0.03372	0.03770	7	10	4
13696	HCQe^Qf	3	3.2361	3.5000	5	6	0.03372	0.03770	7	9	4
13697	HCQbdff	3	3.2361	3.5000	5	7	0.03372	0.03770	7	8	4
13698	HCQbdjr	3	3.2361	3.5000	5	7	0.03372	0.03770	7	8	4
13699	HCQbdNN	3	3.2361	3.5000	5	7	0.03372	0.03770	7	8	4
13700	HCQbdNr	3	3.2361	3.5000	5	7	0.03372	0.03770	7	8	4
13701	HCQbdNV	3	3.2361	3.5000	5	7	0.03372	0.03770	7	8	4
13702	HCQbef\	3	3.2361	3.5000	5	7	0.03372	0.03770	7	9	4
13703	HCQbeff	3	3.2361	3.5000	5	7	0.03372	0.03770	7	8	4
13704	HCQbefN	3	3.2361	3.5000	5	7	0.03372	0.03770	7	8	4
13705	HCQbepz	3	3.2361	3.5000	5	7	0.03372	0.03770	7	9	4
13706	HCQberr	3	3.2361	3.5000	5	7	0.03372	0.03770	7	7	4
13707	HCQberV	3	3.2361	3.5000	5	7	0.03372	0.03770	7	8	4
13708	HCQbRfm	3	3.2361	3.5000	5	7	0.03372	0.03770	7	9	4
13709	HCQbUZf	3	3.2361	3.5000	5	7	0.03372	0.03770	7	9	4
13710	HCQbUZV	3	3.2361	3.5000	5	7	0.03372	0.03770	7	9	4
13711	HCQuQrV	3	3.2361	3.5000	5	7	0.03372	0.03770	7	10	4
13712	HCQUQzx	3	3.2361	3.5000	5	7	0.03372	0.03770	7	10	4
13713	HCQ`fjr	3	3.2361	3.5000	5	7	0.03372	0.03770	7	7	4
13714	HCQ`fqv	3	3.2361	3.5000	5	7	0.03372	0.03770	7	9	4
13715	HCQ`frl	3	3.2361	3.5000	5	7	0.03372	0.03770	7	9	4
13716	H?bAVZz	4	4.2361	4.5000	5	8	0.03372	0.03770	7	7	5
13717	HCpdRhl	3	3.2361	3.5000	5	6	0.03372	0.03770	7	11	4
13718	HCpdRht	3	3.2361	3.5000	5	6	0.03372	0.03770	7	12	4
13719	HCpdVHl	3	3.2361	3.5000	5	6	0.03372	0.03770	7	10	4
13720	HCQrUi]	3	3.2361	3.5000	5	6	0.03372	0.03770	7	13	4
13721	HCQuQvM	3	3.2361	3.5000	5	6	0.03372	0.03770	7	12	4
13722	HCdedr[	3	3.2361	3.5000	5	6	0.03372	0.03770	7	10	4
13723	HCpdeir	3	3.2361	3.5000	5	6	0.03372	0.03770	7	10	4
13724	HCpdVJd	3	3.2361	3.5000	5	6	0.03372	0.03770	7	10	4
13725	HCQe^Pj	3	3.2361	3.5000	5	6	0.03372	0.03770	7	9	4
13726	HCQuQxN	3	3.2361	3.5000	5	6	0.03372	0.03770	7	12	4
13727	HCQuUi]	3	3.2361	3.5000	5	6	0.03372	0.03770	7	12	4
13728	HCQvDjU	3	3.2361	3.5000	5	6	0.03372	0.03770	7	10	4
13729	HCRcsvU	3	3.2361	3.5000	5	6	0.03372	0.03770	7	10	4
13730	HCdedir	3	3.2361	3.5000	5	6	0.03372	0.03770	7	10	4
13731	HCpbUZX	3	3.2361	3.5000	5	6	0.03372	0.03770	7	9	4
13732	HCpdeUj	3	3.2361	3.5000	5	6	0.03372	0.03770	7	9	4
13733	HCQe^RJ	3	3.2361	3.5000	5	6	0.03372	0.03770	7	9	4
13734	HCQtfJT	3	3.2361	3.5000	5	6	0.03372	0.03770	7	9	4
13735	HCQvEfJ	3	3.2361	3.5000	5	6	0.03372	0.03770	7	10	4
13736	HCQvFFR	3	3.2361	3.5000	5	6	0.03372	0.03770	7	10	4
13737	HCRcuZT	3	3.2361	3.5000	5	6	0.03372	0.03770	7	10	4
13738	HCQbbev	3	3.2361	3.5000	5	7	0.03372	0.03770	7	9	4
13739	HCQbbff	3	3.2361	3.5000	5	7	0.03372	0.03770	7	8	4
13740	HCQbbfZ	3	3.2361	3.5000	5	7	0.03372	0.03770	7	9	4
13741	HCQbddv	3	3.2361	3.5000	5	7	0.03372	0.03770	7	8	4
13742	HCQbddz	3	3.2361	3.5000	5	7	0.03372	0.03770	7	9	4
13743	HCQbdfV	3	3.2361	3.5000	5	7	0.03372	0.03770	7	8	4
13744	HCQbdfZ	3	3.2361	3.5000	5	7	0.03372	0.03770	7	9	4
13745	HCQbdjf	3	3.2361	3.5000	5	7	0.03372	0.03770	7	8	4
13746	HCQbdjl	3	3.2361	3.5000	5	7	0.03372	0.03770	7	9	4
13747	HCQbdLn	3	3.2361	3.5000	5	7	0.03372	0.03770	7	9	4
13748	HCQbdLv	3	3.2361	3.5000	5	7	0.03372	0.03770	7	8	4
13749	HCQbdNl	3	3.2361	3.5000	5	7	0.03372	0.03770	7	9	4
13750	HCQbedv	3	3.2361	3.5000	5	7	0.03372	0.03770	7	8	4
13751	HCQbedz	3	3.2361	3.5000	5	7	0.03372	0.03770	7	9	4
13752	HCQbeev	3	3.2361	3.5000	5	7	0.03372	0.03770	7	9	4
13753	HCQberZ	3	3.2361	3.5000	5	7	0.03372	0.03770	7	9	4
13754	HCQbRdv	3	3.2361	3.5000	5	7	0.03372	0.03770	7	8	4
13755	HCQbRff	3	3.2361	3.5000	5	7	0.03372	0.03770	7	8	4
13756	HCQbRfN	3	3.2361	3.5000	5	7	0.03372	0.03770	7	8	4
13757	HCQbRfr	3	3.2361	3.5000	5	7	0.03372	0.03770	7	8	4
13758	HCQbRfZ	3	3.2361	3.5000	5	7	0.03372	0.03770	7	9	4
13759	HCQbUXz	3	3.2361	3.5000	5	7	0.03372	0.03770	7	10	4
13760	HCQbUZj	3	3.2361	3.5000	5	7	0.03372	0.03770	7	9	4
13761	HCQuQrj	3	3.2361	3.5000	5	7	0.03372	0.03770	7	11	4
13762	HCQuQrN	3	3.2361	3.5000	5	7	0.03372	0.03770	7	10	4
13763	HCQUQzt	3	3.2361	3.5000	5	7	0.03372	0.03770	7	12	4
13764	HCQ`fjf	3	3.2361	3.5000	5	7	0.03372	0.03770	7	7	4
13765	HCQ`fZt	3	3.2361	3.5000	5	7	0.03372	0.03770	7	8	4
13766	H?bAVj|	4	4.2361	4.5000	5	8	0.03372	0.03770	7	8	5
13767	H?bAVjn	4	4.2361	4.5000	5	8	0.03372	0.03770	7	8	5
13768	H?bAVZv	4	4.2361	4.5000	5	8	0.03372	0.03770	7	7	5
13769	HCOedq~	3	3.2361	3.5000	5	8	0.03372	0.03770	7	8	4
13770	HCOedrv	3	3.2361	3.5000	5	8	0.03372	0.03770	7	8	4
13771	HCOedrz	3	3.2361	3.5000	5	8	0.03372	0.03770	7	8	4
13772	HCQ`fJ|	3	3.2361	3.5000	5	8	0.03372	0.03770	7	8	4
13773	HCQ`fJv	3	3.2361	3.5000	5	8	0.03372	0.03770	7	8	4
13774	HCQRDr|	3	3.2361	3.5000	5	8	0.03372	0.03770	7	8	4
13775	HCQRDrv	3	3.2361	3.5000	5	8	0.03372	0.03770	7	8	4
13776	HCQTbJ^	3	3.2361	3.5000	5	8	0.03372	0.03770	7	8	4
13777	HCQTbJ}	3	3.2361	3.5000	5	8	0.03372	0.03770	7	8	4
13778	HCQTbJv	3	3.2361	3.5000	5	8	0.03372	0.03770	7	8	4
13779	H?bAVJ~	4	4.2361	4.5000	5	9	0.03372	0.03770	7	7	5
13780	HCQTmjp	3	3.2361	3.5000	5	6	0.03372	0.03770	7	10	4
13781	HCQUlq\	3	3.2361	3.5000	5	6	0.03372	0.03770	7	10	4
13782	HCQvEfR	3	3.2361	3.5000	5	6	0.03372	0.03770	7	10	4
13783	HCRcujT	3	3.2361	3.5000	5	6	0.03372	0.03770	7	10	4
13784	HCQbbdz	3	3.2361	3.5000	5	7	0.03372	0.03770	7	9	4
13785	HCQbbfr	3	3.2361	3.5000	5	7	0.03372	0.03770	7	8	4
13786	HCQbdev	3	3.2361	3.5000	5	7	0.03372	0.03770	7	9	4
13787	HCQbdfr	3	3.2361	3.5000	5	7	0.03372	0.03770	7	8	4
13788	HCQbdiv	3	3.2361	3.5000	5	7	0.03372	0.03770	7	9	4
13789	HCQbdMv	3	3.2361	3.5000	5	7	0.03372	0.03770	7	9	4
13790	HCQbdNf	3	3.2361	3.5000	5	7	0.03372	0.03770	7	8	4
13791	HCQbefr	3	3.2361	3.5000	5	7	0.03372	0.03770	7	8	4
13792	HCQbefV	3	3.2361	3.5000	5	7	0.03372	0.03770	7	8	4
13793	HCQbefZ	3	3.2361	3.5000	5	7	0.03372	0.03770	7	9	4
13794	HCQbRdn	3	3.2361	3.5000	5	7	0.03372	0.03770	7	9	4
13795	HCQbRdz	3	3.2361	3.5000	5	7	0.03372	0.03770	7	9	4
13796	HCQ`fiv	3	3.2361	3.5000	5	7	0.03372	0.03770	7	8	4
13797	HCQ`fjt	3	3.2361	3.5000	5	7	0.03372	0.03770	7	7	4
13798	H?bAU^|	4	4.2361	4.5000	5	8	0.03372	0.03770	7	7	5
13799	H?bAVZ^	4	4.2361	4.5000	5	8	0.03372	0.03770	7	7	5
13800	H?bAVZ|	4	4.2361	4.5000	5	8	0.03372	0.03770	7	7	5
13801	HCQ`djv	3	3.2361	3.5000	5	8	0.03372	0.03770	7	8	4
13802	H?bAUZ~	4	4.2361	4.5000	5	9	0.03372	0.03770	7	6	5
13803	HCQbfN{	3	3.2361	3.5000	5	7	0.03372	0.03770	7	8	4
13804	HCQ`fzm	3	3.2361	3.5000	5	7	0.03372	0.03770	7	9	4
13805	HCpdVhm	3	3.2361	3.5000	5	6	0.03372	0.03770	7	11	4
13806	HCpUvI\	3	3.2361	3.5000	5	6	0.03372	0.03770	7	9	4
13807	HCpUvIt	3	3.2361	3.5000	5	6	0.03372	0.03770	7	10	4
13808	HCpVUiu	3	3.2361	3.5000	5	6	0.03372	0.03770	7	11	4
13809	HCRc}p]	3	3.2361	3.5000	5	6	0.03372	0.03770	7	9	4
13810	HCpbUZ{	3	3.2361	3.5000	5	7	0.03372	0.03770	7	8	4
13811	HCpbUZu	3	3.2361	3.5000	5	7	0.03372	0.03770	7	9	4
13812	HCpdRhz	3	3.2361	3.5000	5	7	0.03372	0.03770	7	9	4
13813	HCpdRZr	3	3.2361	3.5000	5	7	0.03372	0.03770	7	8	4
13814	HCQbdn{	3	3.2361	3.5000	5	7	0.03372	0.03770	7	9	4
13815	HCQbfd}	3	3.2361	3.5000	5	7	0.03372	0.03770	7	8	4
13816	HCQbff]	3	3.2361	3.5000	5	7	0.03372	0.03770	7	8	4
13817	HCQbfL}	3	3.2361	3.5000	5	7	0.03372	0.03770	7	8	4
13818	HCQbfNy	3	3.2361	3.5000	5	7	0.03372	0.03770	7	8	4
13819	HCQvEd|	3	3.2361	3.5000	5	7	0.03372	0.03770	7	10	4
13820	HCRcug~	3	3.2361	3.5000	5	7	0.03372	0.03770	7	8	4
13821	HCQ`fzu	3	3.2361	3.5000	5	7	0.03372	0.03770	7	9	4
13822	HCQ`fj}	3	3.2361	3.5000	5	8	0.03372	0.03770	7	7	4
13823	HCpdmpV	3	3.2361	3.5000	5	6	0.03372	0.03770	7	11	4
13824	HCpUuXu	3	3.2361	3.5000	5	6	0.03372	0.03770	7	11	4
13825	HCRU\p\	3	3.2361	3.5000	5	6	0.03372	0.03770	7	11	4
13826	HCpddVm	3	3.2361	3.5000	5	7	0.03372	0.03770	7	8	4
13827	HCQbbvu	3	3.2361	3.5000	5	7	0.03372	0.03770	7	9	4
13828	HCQbdnm	3	3.2361	3.5000	5	7	0.03372	0.03770	7	9	4
13829	HCQbdny	3	3.2361	3.5000	5	7	0.03372	0.03770	7	9	4
13830	HCQuQzf	3	3.2361	3.5000	5	7	0.03372	0.03770	7	10	4
13831	HCQvEfm	3	3.2361	3.5000	5	7	0.03372	0.03770	7	10	4
13832	HCRcujm	3	3.2361	3.5000	5	7	0.03372	0.03770	7	10	4
13833	HCRUQyz	3	3.2361	3.5000	5	7	0.03372	0.03770	7	11	4
13834	HCQbdf}	3	3.2361	3.5000	5	8	0.03372	0.03770	7	8	4
13835	HCQbdj}	3	3.2361	3.5000	5	8	0.03372	0.03770	7	8	4
13836	HCQbdN}	3	3.2361	3.5000	5	8	0.03372	0.03770	7	8	4
13837	HCQbef}	3	3.2361	3.5000	5	8	0.03372	0.03770	7	8	4
13838	HCQbdnu	3	3.2361	3.5000	5	7	0.03372	0.03770	7	7	4
13839	HCQ`dn}	3	3.2361	3.5000	5	8	0.03372	0.03770	7	9	4
13840	HCpelpV	3	3.2361	3.5000	5	6	0.03372	0.03770	7	10	4
13841	HCpUth]	3	3.2361	3.5000	5	6	0.03372	0.03770	7	11	4
13842	HCpUvH]	3	3.2361	3.5000	5	6	0.03372	0.03770	7	9	4
13843	HCpdmhV	3	3.2361	3.5000	5	6	0.03372	0.03770	7	9	4
13844	HCpdmqj	3	3.2361	3.5000	5	6	0.03372	0.03770	7	11	4
13845	HCpdnQj	3	3.2361	3.5000	5	6	0.03372	0.03770	7	10	4
13846	HCpeizM	3	3.2361	3.5000	5	6	0.03372	0.03770	7	9	4
13847	HCpejpV	3	3.2361	3.5000	5	6	0.03372	0.03770	7	8	4
13848	HCperhV	3	3.2361	3.5000	5	6	0.03372	0.03770	7	11	4
13849	HCpfdYj	3	3.2361	3.5000	5	6	0.03372	0.03770	7	8	4
13850	HCpfLqj	3	3.2361	3.5000	5	6	0.03372	0.03770	7	10	4
13851	HCpfRYj	3	3.2361	3.5000	5	6	0.03372	0.03770	7	9	4
13852	HCpfVIj	3	3.2361	3.5000	5	6	0.03372	0.03770	7	9	4
13853	HCpUtjU	3	3.2361	3.5000	5	6	0.03372	0.03770	7	10	4
13854	HCpUvJL	3	3.2361	3.5000	5	6	0.03372	0.03770	7	9	4
13855	HCpUvJT	3	3.2361	3.5000	5	6	0.03372	0.03770	7	9	4
13856	HCpVUrT	3	3.2361	3.5000	5	6	0.03372	0.03770	7	10	4
13857	HCRc}rM	3	3.2361	3.5000	5	6	0.03372	0.03770	7	9	4
13858	HCRc}rT	3	3.2361	3.5000	5	6	0.03372	0.03770	7	9	4
13859	HCRemq\	3	3.2361	3.5000	5	6	0.03372	0.03770	7	9	4
13860	HCrRRdV	3	3.2361	3.5000	5	6	0.03372	0.03770	7	11	4
13861	HCRU\qZ	3	3.2361	3.5000	5	6	0.03372	0.03770	7	11	4
13862	HCdedfm	3	3.2361	3.5000	5	7	0.03372	0.03770	7	10	4
13863	HCpbUX}	3	3.2361	3.5000	5	7	0.03372	0.03770	7	9	4
13864	HCpbUZ]	3	3.2361	3.5000	5	7	0.03372	0.03770	7	7	4
13865	HCpbUZm	3	3.2361	3.5000	5	7	0.03372	0.03770	7	8	4
13866	HCpddU|	3	3.2361	3.5000	5	7	0.03372	0.03770	7	7	4
13867	HCpddV\	3	3.2361	3.5000	5	7	0.03372	0.03770	7	9	4
13868	HCpddVy	3	3.2361	3.5000	5	7	0.03372	0.03770	7	8	4
13869	HCpdejl	3	3.2361	3.5000	5	7	0.03372	0.03770	7	10	4
13870	HCpdRXz	3	3.2361	3.5000	5	7	0.03372	0.03770	7	8	4
13871	HCpdRY^	3	3.2361	3.5000	5	7	0.03372	0.03770	7	9	4
13872	HCpdRY|	3	3.2361	3.5000	5	7	0.03372	0.03770	7	9	4
13873	HCpdRYz	3	3.2361	3.5000	5	7	0.03372	0.03770	7	10	4
13874	HCpdRZx	3	3.2361	3.5000	5	7	0.03372	0.03770	7	8	4
13875	HCpdUjl	3	3.2361	3.5000	5	7	0.03372	0.03770	7	9	4
13876	HCpdUjx	3	3.2361	3.5000	5	7	0.03372	0.03770	7	8	4
13877	HCpdVJ\	3	3.2361	3.5000	5	7	0.03372	0.03770	7	10	4
13878	HCpdVJj	3	3.2361	3.5000	5	7	0.03372	0.03770	7	9	4
13879	HCpdVJZ	3	3.2361	3.5000	5	7	0.03372	0.03770	7	10	4
13880	HCQe^Qv	3	3.2361	3.5000	5	7	0.03372	0.03770	7	9	4
13881	HCQe^Rl	3	3.2361	3.5000	5	7	0.03372	0.03770	7	8	4
13882	HCQuczm	3	3.2361	3.5000	5	7	0.03372	0.03770	7	10	4
13883	HCQuQxv	3	3.2361	3.5000	5	7	0.03372	0.03770	7	10	4
13884	HCQuQzl	3	3.2361	3.5000	5	7	0.03372	0.03770	7	10	4
13885	HCQUuZm	3	3.2361	3.5000	5	7	0.03372	0.03770	7	9	4
13886	HCQUuZr	3	3.2361	3.5000	5	7	0.03372	0.03770	7	9	4
13887	HCQvEdv	3	3.2361	3.5000	5	7	0.03372	0.03770	7	8	4
13888	HCQvEdz	3	3.2361	3.5000	5	7	0.03372	0.03770	7	10	4
13889	HCQvEf]	3	3.2361	3.5000	5	7	0.03372	0.03770	7	8	4
13890	HCRcuh^	3	3.2361	3.5000	5	7	0.03372	0.03770	7	9	4
13891	HCRcuh|	3	3.2361	3.5000	5	7	0.03372	0.03770	7	10	4
13892	HCRcui}	3	3.2361	3.5000	5	7	0.03372	0.03770	7	10	4
13893	HCRcuin	3	3.2361	3.5000	5	7	0.03372	0.03770	7	9	4
13894	HCRcuj]	3	3.2361	3.5000	5	7	0.03372	0.03770	7	9	4
13895	HCRSujm	3	3.2361	3.5000	5	7	0.03372	0.03770	7	11	4
13896	HCRUQzf	3	3.2361	3.5000	5	7	0.03372	0.03770	7	9	4
13897	HCRUQzu	3	3.2361	3.5000	5	7	0.03372	0.03770	7	11	4
13898	HCQbbvl	3	3.2361	3.5000	5	7	0.03372	0.03770	7	9	4
13899	HCQbe^r	3	3.2361	3.5000	5	7	0.03372	0.03770	7	7	4
13900	HCQbe]v	3	3.2361	3.5000	5	7	0.03372	0.03770	7	8	4
13901	HCQbevf	3	3.2361	3.5000	5	7	0.03372	0.03770	7	8	4
13902	HCQbfXv	3	3.2361	3.5000	5	7	0.03372	0.03770	7	8	4
13903	HCQbdf|	3	3.2361	3.5000	5	8	0.03372	0.03770	7	8	4
13904	HCQbdfn	3	3.2361	3.5000	5	8	0.03372	0.03770	7	8	4
13905	HCQbdjz	3	3.2361	3.5000	5	8	0.03372	0.03770	7	8	4
13906	HCQbdN^	3	3.2361	3.5000	5	8	0.03372	0.03770	7	8	4
13907	HCQbdNz	3	3.2361	3.5000	5	8	0.03372	0.03770	7	8	4
13908	HCQbef|	3	3.2361	3.5000	5	8	0.03372	0.03770	7	8	4
13909	HCQbefn	3	3.2361	3.5000	5	8	0.03372	0.03770	7	8	4
13910	HCQbep~	3	3.2361	3.5000	5	8	0.03372	0.03770	7	8	4
13911	HCQberv	3	3.2361	3.5000	5	8	0.03372	0.03770	7	8	4
13912	HCQbRf}	3	3.2361	3.5000	5	8	0.03372	0.03770	7	8	4
13913	HCQbUZv	3	3.2361	3.5000	5	8	0.03372	0.03770	7	9	4
13914	HCQ`fjz	3	3.2361	3.5000	5	8	0.03372	0.03770	7	7	4
13915	HCQ`frn	3	3.2361	3.5000	5	8	0.03372	0.03770	7	8	4
13916	HCQuQrv	3	3.2361	3.5000	5	8	0.03372	0.03770	7	10	4
13917	H?bAVzz	4	4.2361	4.5000	5	8	0.03372	0.03770	7	7	5
13918	HCpUvI]	3	3.2361	3.5000	5	6	0.03372	0.03770	7	9	4
13919	HCpVTji	3	3.2361	3.5000	5	6	0.03372	0.03770	7	13	4
13920	HCpVUi\	3	3.2361	3.5000	5	6	0.03372	0.03770	7	11	4
13921	HCpVUit	3	3.2361	3.5000	5	6	0.03372	0.03770	7	12	4
13922	HCpUvIZ	3	3.2361	3.5000	5	6	0.03372	0.03770	7	9	4
13923	HCpVUjY	3	3.2361	3.5000	5	6	0.03372	0.03770	7	11	4
13924	HCQrUm]	3	3.2361	3.5000	5	6	0.03372	0.03770	7	12	4
13925	HCQumrM	3	3.2361	3.5000	5	6	0.03372	0.03770	7	11	4
13926	HCrRQvM	3	3.2361	3.5000	5	6	0.03372	0.03770	7	11	4
13927	HCRS~RT	3	3.2361	3.5000	5	6	0.03372	0.03770	7	11	4
13928	HCRSr^U	3	3.2361	3.5000	5	6	0.03372	0.03770	7	11	4
13929	HCRUnQ\	3	3.2361	3.5000	5	6	0.03372	0.03770	7	11	4
13930	HCXmeX]	3	3.2361	3.5000	5	6	0.03372	0.03770	7	12	4
13931	HCdenbR	3	3.2361	3.5000	5	6	0.03372	0.03770	7	10	4
13932	HCpeixV	3	3.2361	3.5000	5	6	0.03372	0.03770	7	9	4
13933	HCpejhV	3	3.2361	3.5000	5	6	0.03372	0.03770	7	9	4
13934	HCpejXV	3	3.2361	3.5000	5	6	0.03372	0.03770	7	10	4
13935	HCpUvJJ	3	3.2361	3.5000	5	6	0.03372	0.03770	7	9	4
13936	HCpVUjJ	3	3.2361	3.5000	5	6	0.03372	0.03770	7	11	4
13937	HCRemrM	3	3.2361	3.5000	5	6	0.03372	0.03770	7	9	4
13938	HCRUtqZ	3	3.2361	3.5000	5	6	0.03372	0.03770	7	10	4
13939	HCdedff	3	3.2361	3.5000	5	7	0.03372	0.03770	7	10	4
13940	HCdedfj	3	3.2361	3.5000	5	7	0.03372	0.03770	7	8	4
13941	HCdedfu	3	3.2361	3.5000	5	7	0.03372	0.03770	7	9	4
13942	HCpddVf	3	3.2361	3.5000	5	7	0.03372	0.03770	7	8	4
13943	HCpddVV	3	3.2361	3.5000	5	7	0.03372	0.03770	7	8	4
13944	HCpdeiv	3	3.2361	3.5000	5	7	0.03372	0.03770	7	10	4
13945	HCpdeiz	3	3.2361	3.5000	5	7	0.03372	0.03770	7	10	4
13946	HCpdej\	3	3.2361	3.5000	5	7	0.03372	0.03770	7	10	4
13947	HCpdejZ	3	3.2361	3.5000	5	7	0.03372	0.03770	7	10	4
13948	HCpdRh|	3	3.2361	3.5000	5	7	0.03372	0.03770	7	11	4
13949	HCpdRhn	3	3.2361	3.5000	5	7	0.03372	0.03770	7	11	4
13950	HCpdRjt	3	3.2361	3.5000	5	7	0.03372	0.03770	7	11	4
13951	HCpdRXv	3	3.2361	3.5000	5	7	0.03372	0.03770	7	10	4
13952	HCpdRZf	3	3.2361	3.5000	5	7	0.03372	0.03770	7	9	4
13953	HCpdVHn	3	3.2361	3.5000	5	7	0.03372	0.03770	7	10	4
13954	HCpdVJl	3	3.2361	3.5000	5	7	0.03372	0.03770	7	9	4
13955	HCpdVJN	3	3.2361	3.5000	5	7	0.03372	0.03770	7	9	4
13956	HCpdVJt	3	3.2361	3.5000	5	7	0.03372	0.03770	7	10	4
13957	HCQe^Pn	3	3.2361	3.5000	5	7	0.03372	0.03770	7	9	4
13958	HCQe^Rj	3	3.2361	3.5000	5	7	0.03372	0.03770	7	8	4
13959	HCQe^RZ	3	3.2361	3.5000	5	7	0.03372	0.03770	7	9	4
13960	HCQucyn	3	3.2361	3.5000	5	7	0.03372	0.03770	7	8	4
13961	HCQucz{	3	3.2361	3.5000	5	7	0.03372	0.03770	7	9	4
13962	HCQuczf	3	3.2361	3.5000	5	7	0.03372	0.03770	7	8	4
13963	HCQuczl	3	3.2361	3.5000	5	7	0.03372	0.03770	7	10	4
13964	HCQuczN	3	3.2361	3.5000	5	7	0.03372	0.03770	7	9	4
13965	HCQUkzj	3	3.2361	3.5000	5	7	0.03372	0.03770	7	11	4
13966	HCQuQzj	3	3.2361	3.5000	5	7	0.03372	0.03770	7	12	4
13967	HCQuQzN	3	3.2361	3.5000	5	7	0.03372	0.03770	7	11	4
13968	HCQuQzt	3	3.2361	3.5000	5	7	0.03372	0.03770	7	12	4
13969	HCQuQzV	3	3.2361	3.5000	5	7	0.03372	0.03770	7	11	4
13970	HCQuQzZ	3	3.2361	3.5000	5	7	0.03372	0.03770	7	12	4
13971	HCQUuXz	3	3.2361	3.5000	5	7	0.03372	0.03770	7	11	4
13972	HCQUuZj	3	3.2361	3.5000	5	7	0.03372	0.03770	7	11	4
13973	HCQUuZu	3	3.2361	3.5000	5	7	0.03372	0.03770	7	11	4
13974	HCQvEf\	3	3.2361	3.5000	5	7	0.03372	0.03770	7	10	4
13975	HCQvEff	3	3.2361	3.5000	5	7	0.03372	0.03770	7	9	4
13976	HCQvEfj	3	3.2361	3.5000	5	7	0.03372	0.03770	7	10	4
13977	HCRcujl	3	3.2361	3.5000	5	7	0.03372	0.03770	7	10	4
13978	HCRcujN	3	3.2361	3.5000	5	7	0.03372	0.03770	7	9	4
13979	HCRcujZ	3	3.2361	3.5000	5	7	0.03372	0.03770	7	10	4
13980	HCRSuj{	3	3.2361	3.5000	5	7	0.03372	0.03770	7	9	4
13981	HCRUQy|	3	3.2361	3.5000	5	7	0.03372	0.03770	7	11	4
13982	HCRUQzj	3	3.2361	3.5000	5	7	0.03372	0.03770	7	11	4
13983	HCQbbuv	3	3.2361	3.5000	5	7	0.03372	0.03770	7	9	4
13984	HCQbbvf	3	3.2361	3.5000	5	7	0.03372	0.03770	7	8	4
13985	HCQbe^f	3	3.2361	3.5000	5	7	0.03372	0.03770	7	7	4
13986	HCQbetn	3	3.2361	3.5000	5	7	0.03372	0.03770	7	9	4
13987	HCQbetv	3	3.2361	3.5000	5	7	0.03372	0.03770	7	8	4
13988	HCQbeuv	3	3.2361	3.5000	5	7	0.03372	0.03770	7	9	4
13989	HCQbev\	3	3.2361	3.5000	5	7	0.03372	0.03770	7	9	4
13990	HCQbe\z	3	3.2361	3.5000	5	7	0.03372	0.03770	7	8	4
13991	HCQbe^Z	3	3.2361	3.5000	5	7	0.03372	0.03770	7	8	4
13992	HCQbfNl	3	3.2361	3.5000	5	7	0.03372	0.03770	7	8	4
13993	HCQbfNr	3	3.2361	3.5000	5	7	0.03372	0.03770	7	7	4
13994	HCQbfNV	3	3.2361	3.5000	5	7	0.03372	0.03770	7	7	4
13995	HCQbfYv	3	3.2361	3.5000	5	7	0.03372	0.03770	7	9	4
13996	HCQbbfn	3	3.2361	3.5000	5	8	0.03372	0.03770	7	8	4
13997	HCQbdd~	3	3.2361	3.5000	5	8	0.03372	0.03770	7	8	4
13998	HCQbdf^	3	3.2361	3.5000	5	8	0.03372	0.03770	7	8	4
13999	HCQbdjn	3	3.2361	3.5000	5	8	0.03372	0.03770	7	8	4
14000	HCQbdL~	3	3.2361	3.5000	5	8	0.03372	0.03770	7	8	4
14001	HCQbdN|	3	3.2361	3.5000	5	8	0.03372	0.03770	7	8	4
14002	HCQbed~	3	3.2361	3.5000	5	8	0.03372	0.03770	7	8	4
14003	HCQber^	3	3.2361	3.5000	5	8	0.03372	0.03770	7	8	4
14004	HCQberz	3	3.2361	3.5000	5	8	0.03372	0.03770	7	8	4
14005	HCQbRf^	3	3.2361	3.5000	5	8	0.03372	0.03770	7	8	4
14006	HCQbRfv	3	3.2361	3.5000	5	8	0.03372	0.03770	7	8	4
14007	HCQbUX~	3	3.2361	3.5000	5	8	0.03372	0.03770	7	9	4
14008	HCQ`fjn	3	3.2361	3.5000	5	8	0.03372	0.03770	7	7	4
14009	HCQ`fr|	3	3.2361	3.5000	5	8	0.03372	0.03770	7	8	4
14010	HCQ`fZv	3	3.2361	3.5000	5	8	0.03372	0.03770	7	9	4
14011	HCQuQrz	3	3.2361	3.5000	5	8	0.03372	0.03770	7	10	4
14012	HCQUQzz	3	3.2361	3.5000	5	8	0.03372	0.03770	7	11	4
14013	H?bAVzv	4	4.2361	4.5000	5	8	0.03372	0.03770	7	7	5
14014	H?bAVj~	4	4.2361	4.5000	5	9	0.03372	0.03770	7	7	5
14015	HCOedr~	3	3.2361	3.5000	5	9	0.03372	0.03770	7	7	4
14016	HCQ`fJ~	3	3.2361	3.5000	5	9	0.03372	0.03770	7	7	4
14017	HCQRDr~	3	3.2361	3.5000	5	9	0.03372	0.03770	7	7	4
14018	HCQTbJ~	3	3.2361	3.5000	5	9	0.03372	0.03770	7	7	4
14019	HCdc}rU	3	3.2361	3.5000	5	6	0.03372	0.03770	7	11	4
14020	HCpUvJY	3	3.2361	3.5000	5	6	0.03372	0.03770	7	9	4
14021	HCpVcy\	3	3.2361	3.5000	5	6	0.03372	0.03770	7	9	4
14022	HCpUtiZ	3	3.2361	3.5000	5	6	0.03372	0.03770	7	11	4
14023	HCpVUrX	3	3.2361	3.5000	5	6	0.03372	0.03770	7	10	4
14024	HCQumq\	3	3.2361	3.5000	5	6	0.03372	0.03770	7	11	4
14025	HCRS~aZ	3	3.2361	3.5000	5	6	0.03372	0.03770	7	9	4
14026	HCRS~bT	3	3.2361	3.5000	5	6	0.03372	0.03770	7	10	4
14027	HCdede}	3	3.2361	3.5000	5	7	0.03372	0.03770	7	9	4
14028	HCdedfy	3	3.2361	3.5000	5	7	0.03372	0.03770	7	8	4
14029	HCpbUX^	3	3.2361	3.5000	5	7	0.03372	0.03770	7	8	4
14030	HCpddVr	3	3.2361	3.5000	5	7	0.03372	0.03770	7	8	4
14031	HCpdejV	3	3.2361	3.5000	5	7	0.03372	0.03770	7	9	4
14032	HCpdRX|	3	3.2361	3.5000	5	7	0.03372	0.03770	7	10	4
14033	HCpdRZl	3	3.2361	3.5000	5	7	0.03372	0.03770	7	9	4
14034	HCQe^RN	3	3.2361	3.5000	5	7	0.03372	0.03770	7	8	4
14035	HCQucy}	3	3.2361	3.5000	5	7	0.03372	0.03770	7	8	4
14036	HCQucyz	3	3.2361	3.5000	5	7	0.03372	0.03770	7	8	4
14037	HCQucz]	3	3.2361	3.5000	5	7	0.03372	0.03770	7	9	4
14038	HCQUkz{	3	3.2361	3.5000	5	7	0.03372	0.03770	7	9	4
14039	HCQUkzy	3	3.2361	3.5000	5	7	0.03372	0.03770	7	11	4
14040	HCQvEev	3	3.2361	3.5000	5	7	0.03372	0.03770	7	10	4
14041	HCQvEfr	3	3.2361	3.5000	5	7	0.03372	0.03770	7	9	4
14042	HCQvEfZ	3	3.2361	3.5000	5	7	0.03372	0.03770	7	10	4
14043	HCRcui^	3	3.2361	3.5000	5	7	0.03372	0.03770	7	9	4
14044	HCRcuiv	3	3.2361	3.5000	5	7	0.03372	0.03770	7	10	4
14045	HCRcuj\	3	3.2361	3.5000	5	7	0.03372	0.03770	7	9	4
14046	HCRcujt	3	3.2361	3.5000	5	7	0.03372	0.03770	7	10	4
14047	HCRSui}	3	3.2361	3.5000	5	7	0.03372	0.03770	7	11	4
14048	HCRSuju	3	3.2361	3.5000	5	7	0.03372	0.03770	7	9	4
14049	HCRUQx|	3	3.2361	3.5000	5	7	0.03372	0.03770	7	11	4
14050	HCRUQzt	3	3.2361	3.5000	5	7	0.03372	0.03770	7	11	4
14051	HCQbbvr	3	3.2361	3.5000	5	7	0.03372	0.03770	7	8	4
14052	HCQbe^N	3	3.2361	3.5000	5	7	0.03372	0.03770	7	7	4
14053	HCQbetz	3	3.2361	3.5000	5	7	0.03372	0.03770	7	9	4
14054	HCQbevr	3	3.2361	3.5000	5	7	0.03372	0.03770	7	8	4
14055	HCQbevV	3	3.2361	3.5000	5	7	0.03372	0.03770	7	8	4
14056	HCQbfdv	3	3.2361	3.5000	5	7	0.03372	0.03770	7	7	4
14057	HCQbfev	3	3.2361	3.5000	5	7	0.03372	0.03770	7	8	4
14058	HCQbfLv	3	3.2361	3.5000	5	7	0.03372	0.03770	7	7	4
14059	HCQbfMv	3	3.2361	3.5000	5	7	0.03372	0.03770	7	8	4
14060	HCQbfZl	3	3.2361	3.5000	5	7	0.03372	0.03770	7	9	4
14061	HCQbbfv	3	3.2361	3.5000	5	8	0.03372	0.03770	7	8	4
14062	HCQbbfz	3	3.2361	3.5000	5	8	0.03372	0.03770	7	8	4
14063	HCQbdfv	3	3.2361	3.5000	5	8	0.03372	0.03770	7	8	4
14064	HCQbdfz	3	3.2361	3.5000	5	8	0.03372	0.03770	7	8	4
14065	HCQbdj|	3	3.2361	3.5000	5	8	0.03372	0.03770	7	8	4
14066	HCQbdjv	3	3.2361	3.5000	5	8	0.03372	0.03770	7	8	4
14067	HCQbdNn	3	3.2361	3.5000	5	8	0.03372	0.03770	7	8	4
14068	HCQbdNv	3	3.2361	3.5000	5	8	0.03372	0.03770	7	8	4
14069	HCQbef^	3	3.2361	3.5000	5	8	0.03372	0.03770	7	8	4
14070	HCQbefv	3	3.2361	3.5000	5	8	0.03372	0.03770	7	8	4
14071	HCQbefz	3	3.2361	3.5000	5	8	0.03372	0.03770	7	8	4
14072	HCQbRd~	3	3.2361	3.5000	5	8	0.03372	0.03770	7	8	4
14073	HCQbRfn	3	3.2361	3.5000	5	8	0.03372	0.03770	7	8	4
14074	HCQbRfz	3	3.2361	3.5000	5	8	0.03372	0.03770	7	8	4
14075	HCQ`fj|	3	3.2361	3.5000	5	8	0.03372	0.03770	7	7	4
14076	HCQ`fjv	3	3.2361	3.5000	5	8	0.03372	0.03770	7	7	4
14077	H?bAVz|	4	4.2361	4.5000	5	8	0.03372	0.03770	7	7	5
14078	H?bAVzn	4	4.2361	4.5000	5	8	0.03372	0.03770	7	7	5
14079	H?bAVZ~	4	4.2361	4.5000	5	9	0.03372	0.03770	7	6	5
14080	HCQvEfV	3	3.2361	3.5000	5	7	0.03372	0.03770	7	9	4
14081	HCRcujV	3	3.2361	3.5000	5	7	0.03372	0.03770	7	9	4
14082	HCQbbtz	3	3.2361	3.5000	5	7	0.03372	0.03770	7	9	4
14083	HCQbevZ	3	3.2361	3.5000	5	7	0.03372	0.03770	7	9	4
14084	HCQbffr	3	3.2361	3.5000	5	7	0.03372	0.03770	7	7	4
14085	HCQbfNf	3	3.2361	3.5000	5	7	0.03372	0.03770	7	7	4
14086	HCQbdmv	3	3.2361	3.5000	5	7	0.03372	0.03770	7	9	4
14087	HCQ`dnv	3	3.2361	3.5000	5	8	0.03372	0.03770	7	9	4
14088	H?bAV^^	4	4.2361	4.5000	5	8	0.03372	0.03770	7	7	5
14089	H?bAU^~	4	4.2361	4.5000	5	9	0.03372	0.03770	7	6	5
14090	HCdede^	3	3.2361	3.5000	5	7	0.03372	0.03770	7	9	4
14091	HCQuczt	3	3.2361	3.5000	5	7	0.03372	0.03770	7	9	4
14092	HCQUky}	3	3.2361	3.5000	5	7	0.03372	0.03770	7	9	4
14093	HCRSui|	3	3.2361	3.5000	5	7	0.03372	0.03770	7	9	4
14094	HCpdRzu	3	3.2361	3.5000	5	7	0.03372	0.03770	7	10	4
14095	HCpdVZu	3	3.2361	3.5000	5	7	0.03372	0.03770	7	9	4
14096	HCpUvI|	3	3.2361	3.5000	5	7	0.03372	0.03770	7	9	4
14097	HCpdRvt	3	3.2361	3.5000	5	7	0.03372	0.03770	7	8	4
14098	HCQbfn{	3	3.2361	3.5000	5	7	0.03372	0.03770	7	8	4
14099	HCQ`fz}	3	3.2361	3.5000	5	8	0.03372	0.03770	7	8	4
14100	HCZLuhZ	3	3.2361	3.5000	5	6	0.03372	0.03770	7	12	4
14101	HCpdR^{	3	3.2361	3.5000	5	7	0.03372	0.03770	7	10	4
14102	HCpUtjl	3	3.2361	3.5000	5	7	0.03372	0.03770	7	11	4
14103	HCQbf^u	3	3.2361	3.5000	5	7	0.03372	0.03770	7	8	4
14104	HCQbfvu	3	3.2361	3.5000	5	7	0.03372	0.03770	7	8	4
14105	HCRSvLz	3	3.2361	3.5000	5	7	0.03372	0.03770	7	9	4
14106	HCQbff}	3	3.2361	3.5000	5	8	0.03372	0.03770	7	7	4
14107	HCQbfN}	3	3.2361	3.5000	5	8	0.03372	0.03770	7	7	4
14108	HCQbdn}	3	3.2361	3.5000	5	8	0.03372	0.03770	7	8	4
14109	HCZMthZ	3	3.2361	3.5000	5	6	0.03372	0.03770	7	11	4
14110	HCpUvZU	3	3.2361	3.5000	5	6	0.03372	0.03770	7	10	4
14111	HCrUrjL	3	3.2361	3.5000	5	6	0.03372	0.03770	7	10	4
14112	HCZJuhZ	3	3.2361	3.5000	5	6	0.03372	0.03770	7	12	4
14113	HCpVezY	3	3.2361	3.5000	5	6	0.03372	0.03770	7	8	4
14114	HCpdR^m	3	3.2361	3.5000	5	7	0.03372	0.03770	7	8	4
14115	HCpdRv]	3	3.2361	3.5000	5	7	0.03372	0.03770	7	8	4
14116	HCpdRvm	3	3.2361	3.5000	5	7	0.03372	0.03770	7	8	4
14117	HCpdR^y	3	3.2361	3.5000	5	7	0.03372	0.03770	7	10	4
14118	HCpdRz]	3	3.2361	3.5000	5	7	0.03372	0.03770	7	10	4
14119	HCpdRzm	3	3.2361	3.5000	5	7	0.03372	0.03770	7	10	4
14120	HCpdU\}	3	3.2361	3.5000	5	7	0.03372	0.03770	7	9	4
14121	HCpdUvu	3	3.2361	3.5000	5	7	0.03372	0.03770	7	10	4
14122	HCpdUy}	3	3.2361	3.5000	5	7	0.03372	0.03770	7	10	4
14123	HCpdUzm	3	3.2361	3.5000	5	7	0.03372	0.03770	7	10	4
14124	HCpdVjm	3	3.2361	3.5000	5	7	0.03372	0.03770	7	10	4
14125	HCpdVrm	3	3.2361	3.5000	5	7	0.03372	0.03770	7	8	4
14126	HCpdVV{	3	3.2361	3.5000	5	7	0.03372	0.03770	7	9	4
14127	HCpdVZ]	3	3.2361	3.5000	5	7	0.03372	0.03770	7	9	4
14128	HCpdVZm	3	3.2361	3.5000	5	7	0.03372	0.03770	7	8	4
14129	HCpdVZy	3	3.2361	3.5000	5	7	0.03372	0.03770	7	9	4
14130	HCpUthv	3	3.2361	3.5000	5	7	0.03372	0.03770	7	11	4
14131	HCpUthz	3	3.2361	3.5000	5	7	0.03372	0.03770	7	9	4
14132	HCpUuZu	3	3.2361	3.5000	5	7	0.03372	0.03770	7	10	4
14133	HCpUvIv	3	3.2361	3.5000	5	7	0.03372	0.03770	7	9	4
14134	HCpUvJ\	3	3.2361	3.5000	5	7	0.03372	0.03770	7	8	4
14135	HCpUvJl	3	3.2361	3.5000	5	7	0.03372	0.03770	7	9	4
14136	HCpUvJt	3	3.2361	3.5000	5	7	0.03372	0.03770	7	9	4
14137	HCpVcz]	3	3.2361	3.5000	5	7	0.03372	0.03770	7	8	4
14138	HCpVczj	3	3.2361	3.5000	5	7	0.03372	0.03770	7	9	4
14139	HCpVczN	3	3.2361	3.5000	5	7	0.03372	0.03770	7	8	4
14140	HCpVczy	3	3.2361	3.5000	5	7	0.03372	0.03770	7	9	4
14141	HCpVUhz	3	3.2361	3.5000	5	7	0.03372	0.03770	7	9	4
14142	HCpVUjr	3	3.2361	3.5000	5	7	0.03372	0.03770	7	9	4
14143	HCpVUq}	3	3.2361	3.5000	5	7	0.03372	0.03770	7	10	4
14144	HCpVUqv	3	3.2361	3.5000	5	7	0.03372	0.03770	7	10	4
14145	HCRSr^{	3	3.2361	3.5000	5	7	0.03372	0.03770	7	11	4
14146	HCRSu^{	3	3.2361	3.5000	5	7	0.03372	0.03770	7	10	4
14147	HCRSuzm	3	3.2361	3.5000	5	7	0.03372	0.03770	7	10	4
14148	HCRU]p|	3	3.2361	3.5000	5	7	0.03372	0.03770	7	10	4
14149	HCpdRt|	3	3.2361	3.5000	5	7	0.03372	0.03770	7	8	4
14150	HCpdTxn	3	3.2361	3.5000	5	7	0.03372	0.03770	7	9	4
14151	HCpdUtv	3	3.2361	3.5000	5	7	0.03372	0.03770	7	10	4
14152	HCpdUxz	3	3.2361	3.5000	5	7	0.03372	0.03770	7	8	4
14153	HCpdUzf	3	3.2361	3.5000	5	7	0.03372	0.03770	7	9	4
14154	HCpdUzr	3	3.2361	3.5000	5	7	0.03372	0.03770	7	8	4
14155	HCpdVpn	3	3.2361	3.5000	5	7	0.03372	0.03770	7	8	4
14156	HCpdVrt	3	3.2361	3.5000	5	7	0.03372	0.03770	7	8	4
14157	HCpdVVt	3	3.2361	3.5000	5	7	0.03372	0.03770	7	9	4
14158	HCRStxn	3	3.2361	3.5000	5	7	0.03372	0.03770	7	9	4
14159	HCRSvjj	3	3.2361	3.5000	5	7	0.03372	0.03770	7	11	4
14160	HCRSvLn	3	3.2361	3.5000	5	7	0.03372	0.03770	7	9	4
14161	HCRSvNj	3	3.2361	3.5000	5	7	0.03372	0.03770	7	9	4
14162	HCRSvZj	3	3.2361	3.5000	5	7	0.03372	0.03770	7	11	4
14163	HCpddV|	3	3.2361	3.5000	5	8	0.03372	0.03770	7	8	4
14164	HCpdejn	3	3.2361	3.5000	5	8	0.03372	0.03770	7	9	4
14165	HCpdRjz	3	3.2361	3.5000	5	8	0.03372	0.03770	7	10	4
14166	HCpdVJz	3	3.2361	3.5000	5	8	0.03372	0.03770	7	9	4
14167	HCQbbv|	3	3.2361	3.5000	5	8	0.03372	0.03770	7	8	4
14168	HCQbff|	3	3.2361	3.5000	5	8	0.03372	0.03770	7	7	4
14169	HCQbfZz	3	3.2361	3.5000	5	8	0.03372	0.03770	7	8	4
14170	HCQe^R|	3	3.2361	3.5000	5	8	0.03372	0.03770	7	8	4
14171	HCQvEd~	3	3.2361	3.5000	5	8	0.03372	0.03770	7	9	4
14172	HCQvEf}	3	3.2361	3.5000	5	8	0.03372	0.03770	7	9	4
14173	HCRcuh~	3	3.2361	3.5000	5	8	0.03372	0.03770	7	9	4
14174	HCRcuj}	3	3.2361	3.5000	5	8	0.03372	0.03770	7	9	4
14175	HCrUriZ	3	3.2361	3.5000	5	6	0.03372	0.03770	7	10	4
14176	HCXmd[}	3	3.2361	3.5000	5	6	0.03372	0.03770	7	12	4
14177	HCprmpV	3	3.2361	3.5000	5	6	0.03372	0.03770	7	12	4
14178	HCrUrhV	3	3.2361	3.5000	5	6	0.03372	0.03770	7	10	4
14179	HCpdU]}	3	3.2361	3.5000	5	7	0.03372	0.03770	7	9	4
14180	HCpdU^m	3	3.2361	3.5000	5	7	0.03372	0.03770	7	8	4
14181	HCpdUvm	3	3.2361	3.5000	5	7	0.03372	0.03770	7	10	4
14182	HCpdVV]	3	3.2361	3.5000	5	7	0.03372	0.03770	7	9	4
14183	HCpdVVm	3	3.2361	3.5000	5	7	0.03372	0.03770	7	8	4
14184	HCpUth^	3	3.2361	3.5000	5	7	0.03372	0.03770	7	10	4
14185	HCpUti|	3	3.2361	3.5000	5	7	0.03372	0.03770	7	11	4
14186	HCpUtj\	3	3.2361	3.5000	5	7	0.03372	0.03770	7	10	4
14187	HCpUtjj	3	3.2361	3.5000	5	7	0.03372	0.03770	7	11	4
14188	HCpUtjN	3	3.2361	3.5000	5	7	0.03372	0.03770	7	10	4
14189	HCpUtjt	3	3.2361	3.5000	5	7	0.03372	0.03770	7	11	4
14190	HCpUuY}	3	3.2361	3.5000	5	7	0.03372	0.03770	7	10	4
14191	HCpUvH^	3	3.2361	3.5000	5	7	0.03372	0.03770	7	8	4
14192	HCpUvI^	3	3.2361	3.5000	5	7	0.03372	0.03770	7	8	4
14193	HCpUvIz	3	3.2361	3.5000	5	7	0.03372	0.03770	7	9	4
14194	HCpUvJj	3	3.2361	3.5000	5	7	0.03372	0.03770	7	9	4
14195	HCpUvJV	3	3.2361	3.5000	5	7	0.03372	0.03770	7	8	4
14196	HCpVTiz	3	3.2361	3.5000	5	7	0.03372	0.03770	7	12	4
14197	HCpVTjj	3	3.2361	3.5000	5	7	0.03372	0.03770	7	12	4
14198	HCpVTjm	3	3.2361	3.5000	5	7	0.03372	0.03770	7	12	4
14199	HCpVUjj	3	3.2361	3.5000	5	7	0.03372	0.03770	7	11	4
14200	HCpVUjy	3	3.2361	3.5000	5	7	0.03372	0.03770	7	11	4
14201	HCpVUp^	3	3.2361	3.5000	5	7	0.03372	0.03770	7	9	4
14202	HCpVUpn	3	3.2361	3.5000	5	7	0.03372	0.03770	7	10	4
14203	HCpVUr]	3	3.2361	3.5000	5	7	0.03372	0.03770	7	8	4
14204	HCpVUrm	3	3.2361	3.5000	5	7	0.03372	0.03770	7	10	4
14205	HCRSunm	3	3.2361	3.5000	5	7	0.03372	0.03770	7	10	4
14206	HCRSu^u	3	3.2361	3.5000	5	7	0.03372	0.03770	7	10	4
14207	HCRSvN]	3	3.2361	3.5000	5	7	0.03372	0.03770	7	9	4
14208	HCRSvr]	3	3.2361	3.5000	5	7	0.03372	0.03770	7	9	4
14209	HCRSvZ]	3	3.2361	3.5000	5	7	0.03372	0.03770	7	11	4
14210	HCRU]q}	3	3.2361	3.5000	5	7	0.03372	0.03770	7	10	4
14211	HCRU]rt	3	3.2361	3.5000	5	7	0.03372	0.03770	7	10	4
14212	HCpdRxv	3	3.2361	3.5000	5	7	0.03372	0.03770	7	10	4
14213	HCpdS|n	3	3.2361	3.5000	5	7	0.03372	0.03770	7	9	4
14214	HCpdTyv	3	3.2361	3.5000	5	7	0.03372	0.03770	7	9	4
14215	HCpdTz\	3	3.2361	3.5000	5	7	0.03372	0.03770	7	9	4
14216	HCpdTzj	3	3.2361	3.5000	5	7	0.03372	0.03770	7	8	4
14217	HCpdTzl	3	3.2361	3.5000	5	7	0.03372	0.03770	7	8	4
14218	HCpdTzN	3	3.2361	3.5000	5	7	0.03372	0.03770	7	8	4
14219	HCpdU^r	3	3.2361	3.5000	5	7	0.03372	0.03770	7	7	4
14220	HCpdUt|	3	3.2361	3.5000	5	7	0.03372	0.03770	7	10	4
14221	HCpdU\v	3	3.2361	3.5000	5	7	0.03372	0.03770	7	9	4
14222	HCpdUvf	3	3.2361	3.5000	5	7	0.03372	0.03770	7	9	4
14223	HCpdUx|	3	3.2361	3.5000	5	7	0.03372	0.03770	7	10	4
14224	HCpdUyn	3	3.2361	3.5000	5	7	0.03372	0.03770	7	9	4
14225	HCpdVh|	3	3.2361	3.5000	5	7	0.03372	0.03770	7	10	4
14226	HCpdVjl	3	3.2361	3.5000	5	7	0.03372	0.03770	7	9	4
14227	HCpdVT|	3	3.2361	3.5000	5	7	0.03372	0.03770	7	9	4
14228	HCpdVZf	3	3.2361	3.5000	5	7	0.03372	0.03770	7	8	4
14229	HCRSr^l	3	3.2361	3.5000	5	7	0.03372	0.03770	7	11	4
14230	HCRSvjx	3	3.2361	3.5000	5	7	0.03372	0.03770	7	9	4
14231	HCRSvMz	3	3.2361	3.5000	5	7	0.03372	0.03770	7	9	4
14232	HCRSvNZ	3	3.2361	3.5000	5	7	0.03372	0.03770	7	8	4
14233	HCRSvX^	3	3.2361	3.5000	5	7	0.03372	0.03770	7	10	4
14234	HCRSvX|	3	3.2361	3.5000	5	7	0.03372	0.03770	7	11	4
14235	HCRSvZZ	3	3.2361	3.5000	5	7	0.03372	0.03770	7	10	4
14236	HCdedfn	3	3.2361	3.5000	5	8	0.03372	0.03770	7	9	4
14237	HCpdei~	3	3.2361	3.5000	5	8	0.03372	0.03770	7	9	4
14238	HCpdej|	3	3.2361	3.5000	5	8	0.03372	0.03770	7	9	4
14239	HCpdejz	3	3.2361	3.5000	5	8	0.03372	0.03770	7	9	4
14240	HCpdRh~	3	3.2361	3.5000	5	8	0.03372	0.03770	7	10	4
14241	HCpdRj|	3	3.2361	3.5000	5	8	0.03372	0.03770	7	10	4
14242	HCpdVJ^	3	3.2361	3.5000	5	8	0.03372	0.03770	7	9	4
14243	HCpdVJ|	3	3.2361	3.5000	5	8	0.03372	0.03770	7	9	4
14244	HCQbe^v	3	3.2361	3.5000	5	8	0.03372	0.03770	7	7	4
14245	HCQbev|	3	3.2361	3.5000	5	8	0.03372	0.03770	7	8	4
14246	HCQbevn	3	3.2361	3.5000	5	8	0.03372	0.03770	7	8	4
14247	HCQbe^z	3	3.2361	3.5000	5	8	0.03372	0.03770	7	7	4
14248	HCQbffn	3	3.2361	3.5000	5	8	0.03372	0.03770	7	7	4
14249	HCQbfN^	3	3.2361	3.5000	5	8	0.03372	0.03770	7	7	4
14250	HCQbfN|	3	3.2361	3.5000	5	8	0.03372	0.03770	7	7	4
14251	HCQbfNz	3	3.2361	3.5000	5	8	0.03372	0.03770	7	7	4
14252	HCQbfX~	3	3.2361	3.5000	5	8	0.03372	0.03770	7	8	4
14253	HCQbfZv	3	3.2361	3.5000	5	8	0.03372	0.03770	7	8	4
14254	HCQe^Rz	3	3.2361	3.5000	5	8	0.03372	0.03770	7	8	4
14255	HCQuczn	3	3.2361	3.5000	5	8	0.03372	0.03770	7	9	4
14256	HCQuQzv	3	3.2361	3.5000	5	8	0.03372	0.03770	7	11	4
14257	HCQvEf|	3	3.2361	3.5000	5	8	0.03372	0.03770	7	9	4
14258	HCQvEfn	3	3.2361	3.5000	5	8	0.03372	0.03770	7	9	4
14259	HCRcujn	3	3.2361	3.5000	5	8	0.03372	0.03770	7	9	4
14260	HCRUQz}	3	3.2361	3.5000	5	8	0.03372	0.03770	7	10	4
14261	HCRUQzz	3	3.2361	3.5000	5	8	0.03372	0.03770	7	10	4
14262	HCQber~	3	3.2361	3.5000	5	9	0.03372	0.03770	7	7	4
14263	HCQ`fr~	3	3.2361	3.5000	5	9	0.03372	0.03770	7	7	4
14264	HCdemy]	3	3.2361	3.5000	5	6	0.03372	0.03770	7	10	4
14265	HCpUtiv	3	3.2361	3.5000	5	7	0.03372	0.03770	7	11	4
14266	HCpUtiz	3	3.2361	3.5000	5	7	0.03372	0.03770	7	11	4
14267	HCpUtj]	3	3.2361	3.5000	5	7	0.03372	0.03770	7	11	4
14268	HCpUtjV	3	3.2361	3.5000	5	7	0.03372	0.03770	7	10	4
14269	HCpUvJ]	3	3.2361	3.5000	5	7	0.03372	0.03770	7	9	4
14270	HCpUvJN	3	3.2361	3.5000	5	7	0.03372	0.03770	7	8	4
14271	HCpUvJZ	3	3.2361	3.5000	5	7	0.03372	0.03770	7	8	4
14272	HCpVcyz	3	3.2361	3.5000	5	7	0.03372	0.03770	7	9	4
14273	HCpVcz\	3	3.2361	3.5000	5	7	0.03372	0.03770	7	9	4
14274	HCpVczZ	3	3.2361	3.5000	5	7	0.03372	0.03770	7	8	4
14275	HCpVTjZ	3	3.2361	3.5000	5	7	0.03372	0.03770	7	11	4
14276	HCpVUj\	3	3.2361	3.5000	5	7	0.03372	0.03770	7	11	4
14277	HCpVUjt	3	3.2361	3.5000	5	7	0.03372	0.03770	7	11	4
14278	HCpVUjV	3	3.2361	3.5000	5	7	0.03372	0.03770	7	10	4
14279	HCpVUq^	3	3.2361	3.5000	5	7	0.03372	0.03770	7	9	4
14280	HCpVUqz	3	3.2361	3.5000	5	7	0.03372	0.03770	7	10	4
14281	HCpVUr\	3	3.2361	3.5000	5	7	0.03372	0.03770	7	10	4
14282	HCRStz]	3	3.2361	3.5000	5	7	0.03372	0.03770	7	9	4
14283	HCRSuny	3	3.2361	3.5000	5	7	0.03372	0.03770	7	10	4
14284	HCRSuy}	3	3.2361	3.5000	5	7	0.03372	0.03770	7	10	4
14285	HCRSvj]	3	3.2361	3.5000	5	7	0.03372	0.03770	7	11	4
14286	HCRU]qv	3	3.2361	3.5000	5	7	0.03372	0.03770	7	10	4
14287	HCRU]ru	3	3.2361	3.5000	5	7	0.03372	0.03770	7	10	4
14288	HCpdRtn	3	3.2361	3.5000	5	7	0.03372	0.03770	7	8	4
14289	HCpdRtz	3	3.2361	3.5000	5	7	0.03372	0.03770	7	7	4
14290	HCpdRx|	3	3.2361	3.5000	5	7	0.03372	0.03770	7	10	4
14291	HCpdRxn	3	3.2361	3.5000	5	7	0.03372	0.03770	7	10	4
14292	HCpdS~\	3	3.2361	3.5000	5	7	0.03372	0.03770	7	9	4
14293	HCpdTy|	3	3.2361	3.5000	5	7	0.03372	0.03770	7	8	4
14294	HCpdTyn	3	3.2361	3.5000	5	7	0.03372	0.03770	7	7	4
14295	HCpdU\|	3	3.2361	3.5000	5	7	0.03372	0.03770	7	9	4
14296	HCpdU^f	3	3.2361	3.5000	5	7	0.03372	0.03770	7	8	4
14297	HCpdUtz	3	3.2361	3.5000	5	7	0.03372	0.03770	7	8	4
14298	HCpdUu|	3	3.2361	3.5000	5	7	0.03372	0.03770	7	9	4
14299	HCpdUvl	3	3.2361	3.5000	5	7	0.03372	0.03770	7	9	4
14300	HCpdUvr	3	3.2361	3.5000	5	7	0.03372	0.03770	7	8	4
14301	HCpdUvV	3	3.2361	3.5000	5	7	0.03372	0.03770	7	9	4
14302	HCpdU^x	3	3.2361	3.5000	5	7	0.03372	0.03770	7	7	4
14303	HCpdU\z	3	3.2361	3.5000	5	7	0.03372	0.03770	7	7	4
14304	HCpdUzl	3	3.2361	3.5000	5	7	0.03372	0.03770	7	9	4
14305	HCpdUzx	3	3.2361	3.5000	5	7	0.03372	0.03770	7	8	4
14306	HCpdVrj	3	3.2361	3.5000	5	7	0.03372	0.03770	7	7	4
14307	HCpdVrx	3	3.2361	3.5000	5	7	0.03372	0.03770	7	7	4
14308	HCpdVVl	3	3.2361	3.5000	5	7	0.03372	0.03770	7	8	4
14309	HCpdVXn	3	3.2361	3.5000	5	7	0.03372	0.03770	7	9	4
14310	HCRSr^N	3	3.2361	3.5000	5	7	0.03372	0.03770	7	10	4
14311	HCRStnl	3	3.2361	3.5000	5	7	0.03372	0.03770	7	11	4
14312	HCRStnx	3	3.2361	3.5000	5	7	0.03372	0.03770	7	9	4
14313	HCRStyz	3	3.2361	3.5000	5	7	0.03372	0.03770	7	9	4
14314	HCRStzZ	3	3.2361	3.5000	5	7	0.03372	0.03770	7	8	4
14315	HCRSunj	3	3.2361	3.5000	5	7	0.03372	0.03770	7	10	4
14316	HCRSunx	3	3.2361	3.5000	5	7	0.03372	0.03770	7	8	4
14317	HCRSvjl	3	3.2361	3.5000	5	7	0.03372	0.03770	7	11	4
14318	HCRSvjN	3	3.2361	3.5000	5	7	0.03372	0.03770	7	10	4
14319	HCRSvjZ	3	3.2361	3.5000	5	7	0.03372	0.03770	7	10	4
14320	HCRSvN\	3	3.2361	3.5000	5	7	0.03372	0.03770	7	8	4
14321	HCRSvNf	3	3.2361	3.5000	5	7	0.03372	0.03770	7	8	4
14322	HCRSvNN	3	3.2361	3.5000	5	7	0.03372	0.03770	7	8	4
14323	HCRSvNt	3	3.2361	3.5000	5	7	0.03372	0.03770	7	9	4
14324	HCRSvr\	3	3.2361	3.5000	5	7	0.03372	0.03770	7	8	4
14325	HCRSvZl	3	3.2361	3.5000	5	7	0.03372	0.03770	7	11	4
14326	HCRSvZN	3	3.2361	3.5000	5	7	0.03372	0.03770	7	10	4
14327	HCpbUX~	3	3.2361	3.5000	5	8	0.03372	0.03770	7	8	4
14328	HCpdej^	3	3.2361	3.5000	5	8	0.03372	0.03770	7	9	4
14329	HCpdejv	3	3.2361	3.5000	5	8	0.03372	0.03770	7	9	4
14330	HCpdRjn	3	3.2361	3.5000	5	8	0.03372	0.03770	7	10	4
14331	HCpdRX~	3	3.2361	3.5000	5	8	0.03372	0.03770	7	9	4
14332	HCpdVJn	3	3.2361	3.5000	5	8	0.03372	0.03770	7	9	4
14333	HCQbbvn	3	3.2361	3.5000	5	8	0.03372	0.03770	7	8	4
14334	HCQbbvv	3	3.2361	3.5000	5	8	0.03372	0.03770	7	8	4
14335	HCQbdn|	3	3.2361	3.5000	5	8	0.03372	0.03770	7	8	4
14336	HCQbdnn	3	3.2361	3.5000	5	8	0.03372	0.03770	7	8	4
14337	HCQbdnz	3	3.2361	3.5000	5	8	0.03372	0.03770	7	8	4
14338	HCQbe^n	3	3.2361	3.5000	5	8	0.03372	0.03770	7	7	4
14339	HCQbet~	3	3.2361	3.5000	5	8	0.03372	0.03770	7	8	4
14340	HCQbevv	3	3.2361	3.5000	5	8	0.03372	0.03770	7	8	4
14341	HCQbfd~	3	3.2361	3.5000	5	8	0.03372	0.03770	7	7	4
14342	HCQbff^	3	3.2361	3.5000	5	8	0.03372	0.03770	7	7	4
14343	HCQbfL~	3	3.2361	3.5000	5	8	0.03372	0.03770	7	7	4
14344	HCQbfZ|	3	3.2361	3.5000	5	8	0.03372	0.03770	7	8	4
14345	HCQbfZn	3	3.2361	3.5000	5	8	0.03372	0.03770	7	8	4
14346	HCQe^R^	3	3.2361	3.5000	5	8	0.03372	0.03770	7	8	4
14347	HCQe^Rn	3	3.2361	3.5000	5	8	0.03372	0.03770	7	8	4
14348	HCQuczz	3	3.2361	3.5000	5	8	0.03372	0.03770	7	9	4
14349	HCQUuZv	3	3.2361	3.5000	5	8	0.03372	0.03770	7	10	4
14350	HCQvEfz	3	3.2361	3.5000	5	8	0.03372	0.03770	7	9	4
14351	HCRcui~	3	3.2361	3.5000	5	8	0.03372	0.03770	7	9	4
14352	HCRcuj|	3	3.2361	3.5000	5	8	0.03372	0.03770	7	9	4
14353	HCRSuj}	3	3.2361	3.5000	5	8	0.03372	0.03770	7	10	4
14354	HCRUQzv	3	3.2361	3.5000	5	8	0.03372	0.03770	7	10	4
14355	HCQ`fzv	3	3.2361	3.5000	5	8	0.03372	0.03770	7	8	4
14356	H?bAVz~	4	4.2361	4.5000	5	9	0.03372	0.03770	7	6	5
14357	HCQbbf~	3	3.2361	3.5000	5	9	0.03372	0.03770	7	7	4
14358	HCQbdf~	3	3.2361	3.5000	5	9	0.03372	0.03770	7	7	4
14359	HCQbdj~	3	3.2361	3.5000	5	9	0.03372	0.03770	7	7	4
14360	HCQbdN~	3	3.2361	3.5000	5	9	0.03372	0.03770	7	7	4
14361	HCQbef~	3	3.2361	3.5000	5	9	0.03372	0.03770	7	7	4
14362	HCQbRf~	3	3.2361	3.5000	5	9	0.03372	0.03770	7	7	4
14363	HCQ`fj~	3	3.2361	3.5000	5	9	0.03372	0.03770	7	6	4
14364	HCpUti^	3	3.2361	3.5000	5	7	0.03372	0.03770	7	10	4
14365	HCpUtjZ	3	3.2361	3.5000	5	7	0.03372	0.03770	7	10	4
14366	HCpVcy^	3	3.2361	3.5000	5	7	0.03372	0.03770	7	8	4
14367	HCpdU^l	3	3.2361	3.5000	5	7	0.03372	0.03770	7	8	4
14368	HCpdUvx	3	3.2361	3.5000	5	7	0.03372	0.03770	7	8	4
14369	HCpdVTz	3	3.2361	3.5000	5	7	0.03372	0.03770	7	7	4
14370	HCpdVZl	3	3.2361	3.5000	5	7	0.03372	0.03770	7	8	4
14371	HCRSunl	3	3.2361	3.5000	5	7	0.03372	0.03770	7	10	4
14372	HCRSvZ\	3	3.2361	3.5000	5	7	0.03372	0.03770	7	10	4
14373	HCQbbvz	3	3.2361	3.5000	5	8	0.03372	0.03770	7	8	4
14374	HCQbev^	3	3.2361	3.5000	5	8	0.03372	0.03770	7	8	4
14375	HCQbevz	3	3.2361	3.5000	5	8	0.03372	0.03770	7	8	4
14376	HCQbffv	3	3.2361	3.5000	5	8	0.03372	0.03770	7	7	4
14377	HCQbffz	3	3.2361	3.5000	5	8	0.03372	0.03770	7	7	4
14378	HCQbfNn	3	3.2361	3.5000	5	8	0.03372	0.03770	7	7	4
14379	HCQbfNv	3	3.2361	3.5000	5	8	0.03372	0.03770	7	7	4
14380	HCQvEf^	3	3.2361	3.5000	5	8	0.03372	0.03770	7	9	4
14381	HCQvEfv	3	3.2361	3.5000	5	8	0.03372	0.03770	7	9	4
14382	HCRcuj^	3	3.2361	3.5000	5	8	0.03372	0.03770	7	9	4
14383	HCRcujv	3	3.2361	3.5000	5	8	0.03372	0.03770	7	9	4
14384	HCQbdnv	3	3.2361	3.5000	5	8	0.03372	0.03770	7	8	4
14385	HCQ`fnv	3	3.2361	3.5000	5	8	0.03372	0.03770	7	8	4
14386	H?bAV^~	4	4.2361	4.5000	5	9	0.03372	0.03770	7	6	5
14387	HCpdS}^	3	3.2361	3.5000	5	7	0.03372	0.03770	7	8	4
14388	HCpdS~j	3	3.2361	3.5000	5	7	0.03372	0.03770	7	8	4
14389	HCpdS~N	3	3.2361	3.5000	5	7	0.03372	0.03770	7	8	4
14390	HCpdS~Z	3	3.2361	3.5000	5	7	0.03372	0.03770	7	9	4
14391	HCRStm|	3	3.2361	3.5000	5	7	0.03372	0.03770	7	9	4
14392	HCRSty^	3	3.2361	3.5000	5	7	0.03372	0.03770	7	8	4
14393	HCRSty|	3	3.2361	3.5000	5	7	0.03372	0.03770	7	8	4
14394	HCRStz\	3	3.2361	3.5000	5	7	0.03372	0.03770	7	8	4
14395	HCRStzt	3	3.2361	3.5000	5	7	0.03372	0.03770	7	9	4
14396	HCRStzV	3	3.2361	3.5000	5	7	0.03372	0.03770	7	8	4
14397	HCpdVzu	3	3.2361	3.5000	5	7	0.03372	0.03770	7	9	4
14398	HCpVe\}	3	3.2361	3.5000	5	7	0.03372	0.03770	7	8	4
14399	HCQbfn}	3	3.2361	3.5000	5	8	0.03372	0.03770	7	7	4
14400	HCpUun{	3	3.2361	3.5000	5	7	0.03372	0.03770	7	9	4
14401	HCpUuzu	3	3.2361	3.5000	5	7	0.03372	0.03770	7	9	4
14402	HCpUvX}	3	3.2361	3.5000	5	7	0.03372	0.03770	7	10	4
14403	HCpVezy	3	3.2361	3.5000	5	7	0.03372	0.03770	7	9	4
14404	HCpVUy}	3	3.2361	3.5000	5	7	0.03372	0.03770	7	11	4
14405	HCpVVi}	3	3.2361	3.5000	5	7	0.03372	0.03770	7	11	4
14406	HCpdU~{	3	3.2361	3.5000	5	7	0.03372	0.03770	7	9	4
14407	HCpdU|}	3	3.2361	3.5000	5	7	0.03372	0.03770	7	9	4
14408	HCpUvhz	3	3.2361	3.5000	5	7	0.03372	0.03770	7	8	4
14409	HCpUvXv	3	3.2361	3.5000	5	7	0.03372	0.03770	7	10	4
14410	HCpUvZt	3	3.2361	3.5000	5	7	0.03372	0.03770	7	10	4
14411	HCpVP~\	3	3.2361	3.5000	5	7	0.03372	0.03770	7	9	4
14412	HCpdR^}	3	3.2361	3.5000	5	8	0.03372	0.03770	7	9	4
14413	HCpdRv|	3	3.2361	3.5000	5	8	0.03372	0.03770	7	7	4
14414	HCpdRv}	3	3.2361	3.5000	5	8	0.03372	0.03770	7	7	4
14415	HCpdRz}	3	3.2361	3.5000	5	8	0.03372	0.03770	7	9	4
14416	HCpdVrv	3	3.2361	3.5000	5	8	0.03372	0.03770	7	7	4
14417	HCpdVZ}	3	3.2361	3.5000	5	8	0.03372	0.03770	7	8	4
14418	HCpUvJ|	3	3.2361	3.5000	5	8	0.03372	0.03770	7	8	4
14419	HCpVcz}	3	3.2361	3.5000	5	8	0.03372	0.03770	7	8	4
14420	HCpVczn	3	3.2361	3.5000	5	8	0.03372	0.03770	7	8	4
14421	HCpVUz]	3	3.2361	3.5000	5	7	0.03372	0.03770	7	9	4
14422	HCpVUzy	3	3.2361	3.5000	5	7	0.03372	0.03770	7	11	4
14423	HCpVVj]	3	3.2361	3.5000	5	7	0.03372	0.03770	7	11	4
14424	HCpdU~m	3	3.2361	3.5000	5	7	0.03372	0.03770	7	9	4
14425	HCpdU~y	3	3.2361	3.5000	5	7	0.03372	0.03770	7	9	4
14426	HCpdV^m	3	3.2361	3.5000	5	8	0.03372	0.03770	7	7	4
14427	HCpUvjj	3	3.2361	3.5000	5	7	0.03372	0.03770	7	10	4
14428	HCpUvX|	3	3.2361	3.5000	5	7	0.03372	0.03770	7	10	4
14429	HCpUvXz	3	3.2361	3.5000	5	7	0.03372	0.03770	7	8	4
14430	HCpVfV\	3	3.2361	3.5000	5	7	0.03372	0.03770	7	9	4
14431	HCpVP~]	3	3.2361	3.5000	5	7	0.03372	0.03770	7	9	4
14432	HCpVTnm	3	3.2361	3.5000	5	7	0.03372	0.03770	7	11	4
14433	HCpVTt}	3	3.2361	3.5000	5	7	0.03372	0.03770	7	11	4
14434	HCpVUn]	3	3.2361	3.5000	5	7	0.03372	0.03770	7	9	4
14435	HCpVUny	3	3.2361	3.5000	5	7	0.03372	0.03770	7	10	4
14436	HCpVUyv	3	3.2361	3.5000	5	7	0.03372	0.03770	7	11	4
14437	HCpVVVu	3	3.2361	3.5000	5	7	0.03372	0.03770	7	11	4
14438	HCRSv^]	3	3.2361	3.5000	5	7	0.03372	0.03770	7	10	4
14439	HCpVfT^	3	3.2361	3.5000	5	7	0.03372	0.03770	7	8	4
14440	HCpVP}v	3	3.2361	3.5000	5	7	0.03372	0.03770	7	9	4
14441	HCpVTnf	3	3.2361	3.5000	5	7	0.03372	0.03770	7	9	4
14442	HCpdRy~	3	3.2361	3.5000	5	8	0.03372	0.03770	7	9	4
14443	HCpdRzv	3	3.2361	3.5000	5	8	0.03372	0.03770	7	9	4
14444	HCpdRzz	3	3.2361	3.5000	5	8	0.03372	0.03770	7	9	4
14445	HCpdTzv	3	3.2361	3.5000	5	8	0.03372	0.03770	7	8	4
14446	HCpdUx~	3	3.2361	3.5000	5	8	0.03372	0.03770	7	9	4
14447	HCpdVh~	3	3.2361	3.5000	5	8	0.03372	0.03770	7	9	4
14448	HCpdVV}	3	3.2361	3.5000	5	8	0.03372	0.03770	7	8	4
14449	HCpdVZv	3	3.2361	3.5000	5	8	0.03372	0.03770	7	8	4
14450	HCpUth~	3	3.2361	3.5000	5	8	0.03372	0.03770	7	10	4
14451	HCpUtj|	3	3.2361	3.5000	5	8	0.03372	0.03770	7	10	4
14452	HCpUtjn	3	3.2361	3.5000	5	8	0.03372	0.03770	7	10	4
14453	HCpUvH~	3	3.2361	3.5000	5	8	0.03372	0.03770	7	8	4
14454	HCpUvI~	3	3.2361	3.5000	5	8	0.03372	0.03770	7	8	4
14455	HCpUvJv	3	3.2361	3.5000	5	8	0.03372	0.03770	7	8	4
14456	HCpVTjv	3	3.2361	3.5000	5	8	0.03372	0.03770	7	11	4
14457	HCpVUp~	3	3.2361	3.5000	5	8	0.03372	0.03770	7	9	4
14458	HCpVUr}	3	3.2361	3.5000	5	8	0.03372	0.03770	7	9	4
14459	HCRSr^}	3	3.2361	3.5000	5	8	0.03372	0.03770	7	10	4
14460	HCRSu^}	3	3.2361	3.5000	5	8	0.03372	0.03770	7	9	4
14461	HCRSvNz	3	3.2361	3.5000	5	8	0.03372	0.03770	7	8	4
14462	HCRSvX~	3	3.2361	3.5000	5	8	0.03372	0.03770	7	10	4
14463	HCRSvZz	3	3.2361	3.5000	5	8	0.03372	0.03770	7	10	4
14464	HCQbfv|	3	3.2361	3.5000	5	8	0.03372	0.03770	7	7	4
14465	HCpUvj]	3	3.2361	3.5000	5	7	0.03372	0.03770	7	10	4
14466	HCpUvZy	3	3.2361	3.5000	5	7	0.03372	0.03770	7	10	4
14467	HCpUunm	3	3.2361	3.5000	5	7	0.03372	0.03770	7	9	4
14468	HCpUu^u	3	3.2361	3.5000	5	7	0.03372	0.03770	7	9	4
14469	HCpUviz	3	3.2361	3.5000	5	7	0.03372	0.03770	7	10	4
14470	HCpUvj\	3	3.2361	3.5000	5	7	0.03372	0.03770	7	9	4
14471	HCpUvjt	3	3.2361	3.5000	5	7	0.03372	0.03770	7	10	4
14472	HCpVdv\	3	3.2361	3.5000	5	7	0.03372	0.03770	7	9	4
14473	HCpVe^\	3	3.2361	3.5000	5	7	0.03372	0.03770	7	8	4
14474	HCpVS~m	3	3.2361	3.5000	5	7	0.03372	0.03770	7	10	4
14475	HCpVS~t	3	3.2361	3.5000	5	7	0.03372	0.03770	7	10	4
14476	HCpVTv]	3	3.2361	3.5000	5	7	0.03372	0.03770	7	11	4
14477	HCpVUvt	3	3.2361	3.5000	5	7	0.03372	0.03770	7	10	4
14478	HCpVVjt	3	3.2361	3.5000	5	7	0.03372	0.03770	7	11	4
14479	HCRSvn{	3	3.2361	3.5000	5	7	0.03372	0.03770	7	10	4
14480	HCpVdvN	3	3.2361	3.5000	5	7	0.03372	0.03770	7	8	4
14481	HCpVe]^	3	3.2361	3.5000	5	7	0.03372	0.03770	7	7	4
14482	HCpVe\^	3	3.2361	3.5000	5	7	0.03372	0.03770	7	7	4
14483	HCpVffN	3	3.2361	3.5000	5	7	0.03372	0.03770	7	7	4
14484	HCpVfU^	3	3.2361	3.5000	5	7	0.03372	0.03770	7	8	4
14485	HCpVfVV	3	3.2361	3.5000	5	7	0.03372	0.03770	7	8	4
14486	HCpVP{~	3	3.2361	3.5000	5	7	0.03372	0.03770	7	8	4
14487	HCpVP}^	3	3.2361	3.5000	5	7	0.03372	0.03770	7	8	4
14488	HCpVP}z	3	3.2361	3.5000	5	7	0.03372	0.03770	7	9	4
14489	HCpVP~Z	3	3.2361	3.5000	5	7	0.03372	0.03770	7	8	4
14490	HCpVTnr	3	3.2361	3.5000	5	7	0.03372	0.03770	7	9	4
14491	HCpVTnV	3	3.2361	3.5000	5	7	0.03372	0.03770	7	10	4
14492	HCpVTvV	3	3.2361	3.5000	5	7	0.03372	0.03770	7	10	4
14493	HCpdRt~	3	3.2361	3.5000	5	8	0.03372	0.03770	7	7	4
14494	HCpdRv^	3	3.2361	3.5000	5	8	0.03372	0.03770	7	7	4
14495	HCpdRx~	3	3.2361	3.5000	5	8	0.03372	0.03770	7	9	4
14496	HCpdRz^	3	3.2361	3.5000	5	8	0.03372	0.03770	7	9	4
14497	HCpdRz|	3	3.2361	3.5000	5	8	0.03372	0.03770	7	9	4
14498	HCpdS~|	3	3.2361	3.5000	5	8	0.03372	0.03770	7	8	4
14499	HCpdTz^	3	3.2361	3.5000	5	8	0.03372	0.03770	7	8	4
14500	HCpdTz|	3	3.2361	3.5000	5	8	0.03372	0.03770	7	8	4
14501	HCpdTzn	3	3.2361	3.5000	5	8	0.03372	0.03770	7	8	4
14502	HCpdTzz	3	3.2361	3.5000	5	8	0.03372	0.03770	7	8	4
14503	HCpdUt~	3	3.2361	3.5000	5	8	0.03372	0.03770	7	9	4
14504	HCpdVq~	3	3.2361	3.5000	5	8	0.03372	0.03770	7	7	4
14505	HCpdVr|	3	3.2361	3.5000	5	8	0.03372	0.03770	7	7	4
14506	HCpdVrn	3	3.2361	3.5000	5	8	0.03372	0.03770	7	7	4
14507	HCpdVY~	3	3.2361	3.5000	5	8	0.03372	0.03770	7	8	4
14508	HCpdVZz	3	3.2361	3.5000	5	8	0.03372	0.03770	7	8	4
14509	HCpUtjv	3	3.2361	3.5000	5	8	0.03372	0.03770	7	10	4
14510	HCpUvJn	3	3.2361	3.5000	5	8	0.03372	0.03770	7	8	4
14511	HCpUvJz	3	3.2361	3.5000	5	8	0.03372	0.03770	7	8	4
14512	HCpVczz	3	3.2361	3.5000	5	8	0.03372	0.03770	7	8	4
14513	HCpVTjz	3	3.2361	3.5000	5	8	0.03372	0.03770	7	11	4
14514	HCpVUq~	3	3.2361	3.5000	5	8	0.03372	0.03770	7	9	4
14515	HCRSr^n	3	3.2361	3.5000	5	8	0.03372	0.03770	7	10	4
14516	HCRStzz	3	3.2361	3.5000	5	8	0.03372	0.03770	7	8	4
14517	HCRSvjn	3	3.2361	3.5000	5	8	0.03372	0.03770	7	10	4
14518	HCRSvN|	3	3.2361	3.5000	5	8	0.03372	0.03770	7	8	4
14519	HCRSvNn	3	3.2361	3.5000	5	8	0.03372	0.03770	7	8	4
14520	HCRSvr|	3	3.2361	3.5000	5	8	0.03372	0.03770	7	8	4
14521	HCRSvrv	3	3.2361	3.5000	5	8	0.03372	0.03770	7	8	4
14522	HCRSvY~	3	3.2361	3.5000	5	8	0.03372	0.03770	7	10	4
14523	HCRSvZn	3	3.2361	3.5000	5	8	0.03372	0.03770	7	10	4
14524	HCRU]q~	3	3.2361	3.5000	5	8	0.03372	0.03770	7	9	4
14525	HCRU]r|	3	3.2361	3.5000	5	8	0.03372	0.03770	7	9	4
14526	HCQbf^^	3	3.2361	3.5000	5	8	0.03372	0.03770	7	7	4
14527	HCQbf^|	3	3.2361	3.5000	5	8	0.03372	0.03770	7	7	4
14528	HCQbfn|	3	3.2361	3.5000	5	8	0.03372	0.03770	7	7	4
14529	HCQbf^z	3	3.2361	3.5000	5	8	0.03372	0.03770	7	7	4
14530	HCpdej~	3	3.2361	3.5000	5	9	0.03372	0.03770	7	8	4
14531	HCpdRj~	3	3.2361	3.5000	5	9	0.03372	0.03770	7	9	4
14532	HCpdVJ~	3	3.2361	3.5000	5	9	0.03372	0.03770	7	8	4
14533	HCQbe^~	3	3.2361	3.5000	5	9	0.03372	0.03770	7	6	4
14534	HCQbfZ~	3	3.2361	3.5000	5	9	0.03372	0.03770	7	7	4
14535	HCQe^R~	3	3.2361	3.5000	5	9	0.03372	0.03770	7	7	4
14536	HCpUu]}	3	3.2361	3.5000	5	7	0.03372	0.03770	7	9	4
14537	HCpUuny	3	3.2361	3.5000	5	7	0.03372	0.03770	7	9	4
14538	HCpUvjZ	3	3.2361	3.5000	5	7	0.03372	0.03770	7	9	4
14539	HCpVev\	3	3.2361	3.5000	5	7	0.03372	0.03770	7	8	4
14540	HCpVey^	3	3.2361	3.5000	5	7	0.03372	0.03770	7	8	4
14541	HCpVS~\	3	3.2361	3.5000	5	7	0.03372	0.03770	7	10	4
14542	HCpVdvj	3	3.2361	3.5000	5	7	0.03372	0.03770	7	9	4
14543	HCpVet^	3	3.2361	3.5000	5	7	0.03372	0.03770	7	7	4
14544	HCpVfVr	3	3.2361	3.5000	5	7	0.03372	0.03770	7	8	4
14545	HCpVP~j	3	3.2361	3.5000	5	7	0.03372	0.03770	7	9	4
14546	HCpVS~V	3	3.2361	3.5000	5	7	0.03372	0.03770	7	9	4
14547	HCpdRvn	3	3.2361	3.5000	5	8	0.03372	0.03770	7	7	4
14548	HCpdRvz	3	3.2361	3.5000	5	8	0.03372	0.03770	7	7	4
14549	HCpdRzn	3	3.2361	3.5000	5	8	0.03372	0.03770	7	9	4
14550	HCpdTy~	3	3.2361	3.5000	5	8	0.03372	0.03770	7	8	4
14551	HCpdU\~	3	3.2361	3.5000	5	8	0.03372	0.03770	7	8	4
14552	HCpdVr^	3	3.2361	3.5000	5	8	0.03372	0.03770	7	7	4
14553	HCpdVrz	3	3.2361	3.5000	5	8	0.03372	0.03770	7	7	4
14554	HCpdVT~	3	3.2361	3.5000	5	8	0.03372	0.03770	7	8	4
14555	HCpdVZ^	3	3.2361	3.5000	5	8	0.03372	0.03770	7	8	4
14556	HCpdVZ|	3	3.2361	3.5000	5	8	0.03372	0.03770	7	8	4
14557	HCpUti~	3	3.2361	3.5000	5	8	0.03372	0.03770	7	10	4
14558	HCpUtjz	3	3.2361	3.5000	5	8	0.03372	0.03770	7	10	4
14559	HCpUvJ^	3	3.2361	3.5000	5	8	0.03372	0.03770	7	8	4
14560	HCpVcy~	3	3.2361	3.5000	5	8	0.03372	0.03770	7	8	4
14561	HCpVcz^	3	3.2361	3.5000	5	8	0.03372	0.03770	7	8	4
14562	HCpVTj^	3	3.2361	3.5000	5	8	0.03372	0.03770	7	11	4
14563	HCRSu^|	3	3.2361	3.5000	5	8	0.03372	0.03770	7	9	4
14564	HCRSuzn	3	3.2361	3.5000	5	8	0.03372	0.03770	7	9	4
14565	HCRSvr^	3	3.2361	3.5000	5	8	0.03372	0.03770	7	8	4
14566	HCRSvZ|	3	3.2361	3.5000	5	8	0.03372	0.03770	7	10	4
14567	HCRSvZv	3	3.2361	3.5000	5	8	0.03372	0.03770	7	10	4
14568	HCRU]r}	3	3.2361	3.5000	5	8	0.03372	0.03770	7	9	4
14569	HCRU]rv	3	3.2361	3.5000	5	8	0.03372	0.03770	7	9	4
14570	HCQbf\~	3	3.2361	3.5000	5	8	0.03372	0.03770	7	7	4
14571	HCQbft~	3	3.2361	3.5000	5	8	0.03372	0.03770	7	7	4
14572	HCQbf^v	3	3.2361	3.5000	5	8	0.03372	0.03770	7	7	4
14573	HCQbfvv	3	3.2361	3.5000	5	8	0.03372	0.03770	7	7	4
14574	HCQbfz|	3	3.2361	3.5000	5	8	0.03372	0.03770	7	7	4
14575	HCQbbv~	3	3.2361	3.5000	5	9	0.03372	0.03770	7	7	4
14576	HCQbev~	3	3.2361	3.5000	5	9	0.03372	0.03770	7	7	4
14577	HCQbff~	3	3.2361	3.5000	5	9	0.03372	0.03770	7	6	4
14578	HCQbfN~	3	3.2361	3.5000	5	9	0.03372	0.03770	7	6	4
14579	HCQvEf~	3	3.2361	3.5000	5	9	0.03372	0.03770	7	8	4
14580	HCRcuj~	3	3.2361	3.5000	5	9	0.03372	0.03770	7	8	4
14581	HCpVez\	3	3.2361	3.5000	5	7	0.03372	0.03770	7	9	4
14582	HCpVUz\	3	3.2361	3.5000	5	7	0.03372	0.03770	7	11	4
14583	HCpVUnV	3	3.2361	3.5000	5	7	0.03372	0.03770	7	9	4
14584	HCpdR\~	3	3.2361	3.5000	5	8	0.03372	0.03770	7	9	4
14585	HCpdVZn	3	3.2361	3.5000	5	8	0.03372	0.03770	7	8	4
14586	HCpUtj^	3	3.2361	3.5000	5	8	0.03372	0.03770	7	10	4
14587	HCRSu^n	3	3.2361	3.5000	5	8	0.03372	0.03770	7	9	4
14588	HCRSvZ^	3	3.2361	3.5000	5	8	0.03372	0.03770	7	10	4
14589	HCQbf^n	3	3.2361	3.5000	5	8	0.03372	0.03770	7	7	4
14590	HCQbfvz	3	3.2361	3.5000	5	8	0.03372	0.03770	7	7	4
14591	HCQbdn~	3	3.2361	3.5000	5	9	0.03372	0.03770	7	7	4
14592	HCQ`fn~	3	3.2361	3.5000	5	9	0.03372	0.03770	7	7	4
14593	HCRUQz~	3	3.2361	3.5000	5	9	0.03372	0.03770	7	9	4
14594	H?bAV~~	4	4.2361	4.5000	5	9	0.03372	0.03770	7	5	5
14595	HCQbfnv	3	3.2361	3.5000	5	8	0.03372	0.03770	7	7	4
14596	HCpVc}^	3	3.2361	3.5000	5	7	0.03372	0.03770	7	7	4
14597	HCpVdu^	3	3.2361	3.5000	5	7	0.03372	0.03770	7	8	4
14598	HCpVduv	3	3.2361	3.5000	5	7	0.03372	0.03770	7	9	4
14599	HCpVduz	3	3.2361	3.5000	5	7	0.03372	0.03770	7	9	4
14600	HCpVdvr	3	3.2361	3.5000	5	7	0.03372	0.03770	7	8	4
14601	HCpVdvV	3	3.2361	3.5000	5	7	0.03372	0.03770	7	8	4
14602	HCpVdvZ	3	3.2361	3.5000	5	7	0.03372	0.03770	7	8	4
14603	HCpVeu^	3	3.2361	3.5000	5	7	0.03372	0.03770	7	7	4
14604	HCpVevV	3	3.2361	3.5000	5	7	0.03372	0.03770	7	7	4
14605	HCpVfe^	3	3.2361	3.5000	5	7	0.03372	0.03770	7	7	4
14606	HCpVffr	3	3.2361	3.5000	5	7	0.03372	0.03770	7	7	4
14607	HCpVffZ	3	3.2361	3.5000	5	7	0.03372	0.03770	7	7	4
14608	HCpdS~^	3	3.2361	3.5000	5	8	0.03372	0.03770	7	8	4
14609	HCpdS~n	3	3.2361	3.5000	5	8	0.03372	0.03770	7	8	4
14610	HCpdS~z	3	3.2361	3.5000	5	8	0.03372	0.03770	7	8	4
14611	HCRSty~	3	3.2361	3.5000	5	8	0.03372	0.03770	7	8	4
14612	HCRStz^	3	3.2361	3.5000	5	8	0.03372	0.03770	7	8	4
14613	HCRStz|	3	3.2361	3.5000	5	8	0.03372	0.03770	7	8	4
14614	HCRStzv	3	3.2361	3.5000	5	8	0.03372	0.03770	7	8	4
14615	HCpVuzu	3	3.2361	3.5000	5	7	0.03372	0.03770	7	10	4
14616	HCpVvX}	3	3.2361	3.5000	5	7	0.03372	0.03770	7	10	4
14617	HCpVvYv	3	3.2361	3.5000	5	7	0.03372	0.03770	7	10	4
14618	HCpdVz}	3	3.2361	3.5000	5	8	0.03372	0.03770	7	8	4
14619	HCpVuyn	3	3.2361	3.5000	5	7	0.03372	0.03770	7	8	4
14620	HCpdU~}	3	3.2361	3.5000	5	8	0.03372	0.03770	7	8	4
14621	HCpdV^}	3	3.2361	3.5000	5	8	0.03372	0.03770	7	8	4
14622	HCpdVv}	3	3.2361	3.5000	5	8	0.03372	0.03770	7	8	4
14623	HCpVP~v	3	3.2361	3.5000	5	8	0.03372	0.03770	7	8	4
14624	HCpVUn}	3	3.2361	3.5000	5	8	0.03372	0.03770	7	9	4
14625	HCpVUz}	3	3.2361	3.5000	5	8	0.03372	0.03770	7	10	4
14626	HCpVVj}	3	3.2361	3.5000	5	8	0.03372	0.03770	7	10	4
14627	HQjRvji	2	2.2361	2.5000	5	6	0.03372	0.03770	7	15	3
14628	HCpUu~{	3	3.2361	3.5000	5	7	0.03372	0.03770	7	9	4
14629	HCpUvzy	3	3.2361	3.5000	5	7	0.03372	0.03770	7	9	4
14630	HCpVuz]	3	3.2361	3.5000	5	7	0.03372	0.03770	7	8	4
14631	HCpVvZ]	3	3.2361	3.5000	5	7	0.03372	0.03770	7	10	4
14632	HCpVvZy	3	3.2361	3.5000	5	7	0.03372	0.03770	7	10	4
14633	HCpVvY^	3	3.2361	3.5000	5	7	0.03372	0.03770	7	9	4
14634	HCpVvYz	3	3.2361	3.5000	5	7	0.03372	0.03770	7	10	4
14635	HCpUuz}	3	3.2361	3.5000	5	8	0.03372	0.03770	7	8	4
14636	HCpUvh~	3	3.2361	3.5000	5	8	0.03372	0.03770	7	9	4
14637	HCpUvj|	3	3.2361	3.5000	5	8	0.03372	0.03770	7	9	4
14638	HCpUvjn	3	3.2361	3.5000	5	8	0.03372	0.03770	7	9	4
14639	HCpUvZ}	3	3.2361	3.5000	5	8	0.03372	0.03770	7	9	4
14640	HCpVc~n	3	3.2361	3.5000	5	8	0.03372	0.03770	7	7	4
14641	HCpVdt~	3	3.2361	3.5000	5	8	0.03372	0.03770	7	8	4
14642	HCpVe]~	3	3.2361	3.5000	5	8	0.03372	0.03770	7	7	4
14643	HCpVe\~	3	3.2361	3.5000	5	8	0.03372	0.03770	7	7	4
14644	HCpVezn	3	3.2361	3.5000	5	8	0.03372	0.03770	7	8	4
14645	HCpVfT~	3	3.2361	3.5000	5	8	0.03372	0.03770	7	8	4
14646	HCpVVi~	3	3.2361	3.5000	5	8	0.03372	0.03770	7	10	4
14647	HCpVVjv	3	3.2361	3.5000	5	8	0.03372	0.03770	7	10	4
14648	HCpVVjz	3	3.2361	3.5000	5	8	0.03372	0.03770	7	10	4
14649	HCRSvz}	3	3.2361	3.5000	5	8	0.03372	0.03770	7	9	4
14650	HCpdVx~	3	3.2361	3.5000	5	8	0.03372	0.03770	7	8	4
14651	HQjVRj]	2	2.2361	2.5000	5	7	0.03372	0.03770	7	15	3
14652	HCpUvi~	3	3.2361	3.5000	5	8	0.03372	0.03770	7	9	4
14653	HCpUvjv	3	3.2361	3.5000	5	8	0.03372	0.03770	7	9	4
14654	HCpUvjz	3	3.2361	3.5000	5	8	0.03372	0.03770	7	9	4
14655	HCpVdvn	3	3.2361	3.5000	5	8	0.03372	0.03770	7	8	4
14656	HCpVet~	3	3.2361	3.5000	5	8	0.03372	0.03770	7	7	4
14657	HCpVe^v	3	3.2361	3.5000	5	8	0.03372	0.03770	7	7	4
14658	HCpVey~	3	3.2361	3.5000	5	8	0.03372	0.03770	7	8	4
14659	HCpVezz	3	3.2361	3.5000	5	8	0.03372	0.03770	7	8	4
14660	HCpVffn	3	3.2361	3.5000	5	8	0.03372	0.03770	7	7	4
14661	HCpVfU~	3	3.2361	3.5000	5	8	0.03372	0.03770	7	8	4
14662	HCpVfVv	3	3.2361	3.5000	5	8	0.03372	0.03770	7	8	4
14663	HCpVP~^	3	3.2361	3.5000	5	8	0.03372	0.03770	7	8	4
14664	HCpVP}~	3	3.2361	3.5000	5	8	0.03372	0.03770	7	8	4
14665	HCpVP~z	3	3.2361	3.5000	5	8	0.03372	0.03770	7	8	4
14666	HCpVUm~	3	3.2361	3.5000	5	8	0.03372	0.03770	7	9	4
14667	HCpVUy~	3	3.2361	3.5000	5	8	0.03372	0.03770	7	10	4
14668	HCpdU|~	3	3.2361	3.5000	5	8	0.03372	0.03770	7	8	4
14669	HCpdVt~	3	3.2361	3.5000	5	8	0.03372	0.03770	7	8	4
14670	HCRSv^|	3	3.2361	3.5000	5	8	0.03372	0.03770	7	9	4
14671	HCpdRv~	3	3.2361	3.5000	5	9	0.03372	0.03770	7	6	4
14672	HCpdRz~	3	3.2361	3.5000	5	9	0.03372	0.03770	7	8	4
14673	HCpdTz~	3	3.2361	3.5000	5	9	0.03372	0.03770	7	7	4
14674	HCpdVr~	3	3.2361	3.5000	5	9	0.03372	0.03770	7	6	4
14675	HCpUvJ~	3	3.2361	3.5000	5	9	0.03372	0.03770	7	7	4
14676	HCpVcz~	3	3.2361	3.5000	5	9	0.03372	0.03770	7	7	4
14677	HCpVTj~	3	3.2361	3.5000	5	9	0.03372	0.03770	7	10	4
14678	HCQbfz~	3	3.2361	3.5000	5	9	0.03372	0.03770	7	6	4
14679	HCRSvr~	3	3.2361	3.5000	5	9	0.03372	0.03770	7	7	4
14680	HCpVUnv	3	3.2361	3.5000	5	8	0.03372	0.03770	7	9	4
14681	HCpVVj^	3	3.2361	3.5000	5	8	0.03372	0.03770	7	10	4
14682	HCpdR|~	3	3.2361	3.5000	5	8	0.03372	0.03770	7	8	4
14683	HCRSv^n	3	3.2361	3.5000	5	8	0.03372	0.03770	7	9	4
14684	HCpdVZ~	3	3.2361	3.5000	5	9	0.03372	0.03770	7	7	4
14685	HCpUtj~	3	3.2361	3.5000	5	9	0.03372	0.03770	7	9	4
14686	HCQbf^~	3	3.2361	3.5000	5	9	0.03372	0.03770	7	6	4
14687	HCQbfv~	3	3.2361	3.5000	5	9	0.03372	0.03770	7	6	4
14688	HCRSvZ~	3	3.2361	3.5000	5	9	0.03372	0.03770	7	9	4
14689	HCpUvj^	3	3.2361	3.5000	5	8	0.03372	0.03770	7	9	4
14690	HCpVez^	3	3.2361	3.5000	5	8	0.03372	0.03770	7	8	4
14691	HCpdV\~	3	3.2361	3.5000	5	8	0.03372	0.03770	7	8	4
14692	HCQbfn~	3	3.2361	3.5000	5	9	0.03372	0.03770	7	6	4
14693	HCRU]r~	3	3.2361	3.5000	5	9	0.03372	0.03770	7	8	4
14694	HCpVc~^	3	3.2361	3.5000	5	8	0.03372	0.03770	7	7	4
14695	HCpVc}~	3	3.2361	3.5000	5	8	0.03372	0.03770	7	7	4
14696	HCpVc~z	3	3.2361	3.5000	5	8	0.03372	0.03770	7	7	4
14697	HCpVdu~	3	3.2361	3.5000	5	8	0.03372	0.03770	7	8	4
14698	HCpVdv^	3	3.2361	3.5000	5	8	0.03372	0.03770	7	8	4
14699	HCpVdvv	3	3.2361	3.5000	5	8	0.03372	0.03770	7	8	4
14700	HCpVdvz	3	3.2361	3.5000	5	8	0.03372	0.03770	7	8	4
14701	HCpVeu~	3	3.2361	3.5000	5	8	0.03372	0.03770	7	7	4
14702	HCpVevv	3	3.2361	3.5000	5	8	0.03372	0.03770	7	7	4
14703	HCpVfe~	3	3.2361	3.5000	5	8	0.03372	0.03770	7	7	4
14704	HCpVff^	3	3.2361	3.5000	5	8	0.03372	0.03770	7	7	4
14705	HCpVffz	3	3.2361	3.5000	5	8	0.03372	0.03770	7	7	4
14706	HCpdS~~	3	3.2361	3.5000	5	9	0.03372	0.03770	7	7	4
14707	HCRStz~	3	3.2361	3.5000	5	9	0.03372	0.03770	7	7	4
14708	HCpVVn}	3	3.2361	3.5000	5	8	0.03372	0.03770	7	9	4
14709	HQzTvhy	2	2.2361	2.5000	5	6	0.03372	0.03770	7	14	3
14710	HQjRvjm	2	2.2361	2.5000	5	7	0.03372	0.03770	7	14	3
14711	HCpVvzy	3	3.2361	3.5000	5	7	0.03372	0.03770	7	9	4
14712	HCpVT~}	3	3.2361	3.5000	5	8	0.03372	0.03770	7	9	4
14713	HCpVuz}	3	3.2361	3.5000	5	8	0.03372	0.03770	7	9	4
14714	HCpVvY~	3	3.2361	3.5000	5	8	0.03372	0.03770	7	9	4
14715	HCpVvZ}	3	3.2361	3.5000	5	8	0.03372	0.03770	7	9	4
14716	HQjRvh}	2	2.2361	2.5000	5	7	0.03372	0.03770	7	14	3
14717	HQjRvV{	2	2.2361	2.5000	5	7	0.03372	0.03770	7	14	3
14718	HQjVRzu	2	2.2361	2.5000	5	7	0.03372	0.03770	7	14	3
14719	HQjVVh}	2	2.2361	2.5000	5	7	0.03372	0.03770	7	14	3
14720	HQjRvVt	2	2.2361	2.5000	5	7	0.03372	0.03770	7	14	3
14721	HQjVVj]	2	2.2361	2.5000	5	7	0.03372	0.03770	7	14	3
14722	HCpVf]~	3	3.2361	3.5000	5	8	0.03372	0.03770	7	7	4
14723	HCpVf\~	3	3.2361	3.5000	5	8	0.03372	0.03770	7	7	4
14724	HQjRvjl	2	2.2361	2.5000	5	7	0.03372	0.03770	7	14	3
14725	HCpU~z]	3	3.2361	3.5000	5	7	0.03372	0.03770	7	9	4
14726	HCpU}z}	3	3.2361	3.5000	5	8	0.03372	0.03770	7	7	4
14727	HCpVuz|	3	3.2361	3.5000	5	8	0.03372	0.03770	7	9	4
14728	HCpVft~	3	3.2361	3.5000	5	8	0.03372	0.03770	7	7	4
14729	HCpVP~~	3	3.2361	3.5000	5	9	0.03372	0.03770	7	7	4
14730	HCpVVj~	3	3.2361	3.5000	5	9	0.03372	0.03770	7	9	4
14731	HQjRvTv	2	2.2361	2.5000	5	7	0.03372	0.03770	7	14	3
14732	HCpdR~~	3	3.2361	3.5000	5	9	0.03372	0.03770	7	7	4
14733	HCpUvj~	3	3.2361	3.5000	5	9	0.03372	0.03770	7	8	4
14734	HCpVez~	3	3.2361	3.5000	5	9	0.03372	0.03770	7	7	4
14735	HCQbf~~	3	3.2361	3.5000	5	9	0.03372	0.03770	7	5	4
14736	HQjRvU|	2	2.2361	2.5000	5	7	0.03372	0.03770	7	14	3
14737	HCpVd}~	3	3.2361	3.5000	5	8	0.03372	0.03770	7	7	4
14738	HCpVe}~	3	3.2361	3.5000	5	8	0.03372	0.03770	7	7	4
14739	HCpVfu~	3	3.2361	3.5000	5	8	0.03372	0.03770	7	7	4
14740	HCpVfvv	3	3.2361	3.5000	5	8	0.03372	0.03770	7	7	4
14741	HCpVc~~	3	3.2361	3.5000	5	9	0.03372	0.03770	7	6	4
14742	HCpVdv~	3	3.2361	3.5000	5	9	0.03372	0.03770	7	7	4
14743	HCpVff~	3	3.2361	3.5000	5	9	0.03372	0.03770	7	6	4
14744	HQyuvh}	2	2.2361	2.5000	5	7	0.03372	0.03770	7	13	3
14745	HQyuun{	2	2.2361	2.5000	5	7	0.03372	0.03770	7	13	3
14746	HQjnexz	2	2.2361	2.5000	5	7	0.03372	0.03770	7	13	3
14747	HQyuvj]	2	2.2361	2.5000	5	7	0.03372	0.03770	7	13	3
14748	HQjVnXz	2	2.2361	2.5000	5	7	0.03372	0.03770	7	13	3
14749	HQjVvh}	2	2.2361	2.5000	5	7	0.03372	0.03770	7	13	3
14750	HQjVVx}	2	2.2361	2.5000	5	7	0.03372	0.03770	7	13	3
14751	HQyuvjy	2	2.2361	2.5000	5	7	0.03372	0.03770	7	13	3
14752	HQjVjzj	2	2.2361	2.5000	5	7	0.03372	0.03770	7	13	3
14753	HQjVjzl	2	2.2361	2.5000	5	7	0.03372	0.03770	7	13	3
14754	HQyuvjj	2	2.2361	2.5000	5	7	0.03372	0.03770	7	13	3
14755	HQyuvjZ	2	2.2361	2.5000	5	7	0.03372	0.03770	7	13	3
14756	HCpU~z|	3	3.2361	3.5000	5	8	0.03372	0.03770	7	8	4
14757	HCpVvz|	3	3.2361	3.5000	5	8	0.03372	0.03770	7	8	4
14758	HQjVjzm	2	2.2361	2.5000	5	7	0.03372	0.03770	7	13	3
14759	HQjVnY}	2	2.2361	2.5000	5	7	0.03372	0.03770	7	13	3
14760	HQjRvjn	2	2.2361	2.5000	5	8	0.03372	0.03770	7	13	3
14761	HQjlvjy	2	2.2361	2.5000	5	7	0.03372	0.03770	7	13	3
14762	HQjney}	2	2.2361	2.5000	5	7	0.03372	0.03770	7	13	3
14763	HQzTvZy	2	2.2361	2.5000	5	7	0.03372	0.03770	7	13	3
14764	HCpVd~~	3	3.2361	3.5000	5	9	0.03372	0.03770	7	6	4
14765	HQzVryv	2	2.2361	2.5000	5	7	0.03372	0.03770	7	12	3
14766	HQju~p|	2	2.2361	2.5000	5	7	0.03372	0.03770	7	12	3
14767	HQyvvj]	2	2.2361	2.5000	5	7	0.03372	0.03770	7	12	3
14768	HQzVtzu	2	2.2361	2.5000	5	7	0.03372	0.03770	7	12	3
14769	HQyvuyv	2	2.2361	2.5000	5	7	0.03372	0.03770	7	12	3
14770	HQzVuzu	2	2.2361	2.5000	5	7	0.03372	0.03770	7	12	3
14771	HQyv^j\	2	2.2361	2.5000	5	7	0.03372	0.03770	7	12	3
14772	HQyvvjZ	2	2.2361	2.5000	5	7	0.03372	0.03770	7	12	3
14773	HQzVtzV	2	2.2361	2.5000	5	7	0.03372	0.03770	7	12	3
14774	HQyuvj}	2	2.2361	2.5000	5	8	0.03372	0.03770	7	12	3
14775	HQjv^rV	2	2.2361	2.5000	5	7	0.03372	0.03770	7	12	3
14776	HQyuvjz	2	2.2361	2.5000	5	8	0.03372	0.03770	7	12	3
14777	HQy~ezm	2	2.2361	2.5000	5	7	0.03372	0.03770	7	12	3
14778	HQyv^jy	2	2.2361	2.5000	5	7	0.03372	0.03770	7	12	3
14779	HQyvuy}	2	2.2361	2.5000	5	7	0.03372	0.03770	7	12	3
14780	HQyuul~	2	2.2361	2.5000	5	8	0.03372	0.03770	7	12	3
14781	HQyuvj|	2	2.2361	2.5000	5	8	0.03372	0.03770	7	12	3
14782	HQyuvjv	2	2.2361	2.5000	5	8	0.03372	0.03770	7	12	3
14783	HUZu~qn	2	2.2361	2.5000	5	7	0.03372	0.03770	7	11	3
14784	HQy~vjr	2	2.2361	2.5000	5	7	0.03372	0.03770	7	11	3
14785	HQyvvj^	2	2.2361	2.5000	5	8	0.03372	0.03770	7	11	3
14786	HUZu~q}	2	2.2361	2.5000	5	7	0.03372	0.03770	7	11	3
14787	HQzVtz}	2	2.2361	2.5000	5	8	0.03372	0.03770	7	11	3
14788	HQyuvj~	2	2.2361	2.5000	5	9	0.03372	0.03770	7	11	3
14789	HCpVUrJ	3	3.2361	3.5000	6	6	0.03372	0.03770	7	10	4
14790	HCQUkzr	3	3.2361	3.5000	6	7	0.03372	0.03770	7	9	4
14791	HCpUuZr	3	3.2361	3.5000	6	7	0.03372	0.03770	7	8	4
14792	HCpVUrr	3	3.2361	3.5000	6	7	0.03372	0.03770	7	8	4
14793	HCpVUrV	3	3.2361	3.5000	6	7	0.03372	0.03770	7	9	4
14794	HCRSvL^	3	3.2361	3.5000	6	7	0.03372	0.03770	7	8	4
14795	HCRSvLv	3	3.2361	3.5000	6	7	0.03372	0.03770	7	7	4
14796	HCpVUrj	3	3.2361	3.5000	6	7	0.03372	0.03770	7	10	4
14797	HCpVUrN	3	3.2361	3.5000	6	7	0.03372	0.03770	7	9	4
14798	HCRStn]	3	3.2361	3.5000	6	7	0.03372	0.03770	7	11	4
14799	HCRStnf	3	3.2361	3.5000	6	7	0.03372	0.03770	7	9	4
14800	HCRStnN	3	3.2361	3.5000	6	7	0.03372	0.03770	7	10	4
14801	HCRSvM^	3	3.2361	3.5000	6	7	0.03372	0.03770	7	8	4
14802	HCQUkzz	3	3.2361	3.5000	6	8	0.03372	0.03770	7	10	4
14803	HCpVUrZ	3	3.2361	3.5000	6	7	0.03372	0.03770	7	9	4
14804	HCRSvNV	3	3.2361	3.5000	6	7	0.03372	0.03770	7	8	4
14805	HCpUvZr	3	3.2361	3.5000	6	7	0.03372	0.03770	7	8	4
14806	HCpVe^]	3	3.2361	3.5000	6	7	0.03372	0.03770	7	7	4
14807	HCpVe^y	3	3.2361	3.5000	6	7	0.03372	0.03770	7	8	4
14808	HCpVfV]	3	3.2361	3.5000	6	7	0.03372	0.03770	7	9	4
14809	HCpVUrv	3	3.2361	3.5000	6	8	0.03372	0.03770	7	9	4
14810	HCRSvL~	3	3.2361	3.5000	6	8	0.03372	0.03770	7	8	4
14811	HCpUuzr	3	3.2361	3.5000	6	7	0.03372	0.03770	7	7	4
14812	HCpVUzV	3	3.2361	3.5000	6	7	0.03372	0.03770	7	10	4
14813	HCRSu\~	3	3.2361	3.5000	6	8	0.03372	0.03770	7	9	4
14814	HCpVVV]	3	3.2361	3.5000	6	7	0.03372	0.03770	7	11	4
14815	HCRSvm}	3	3.2361	3.5000	6	7	0.03372	0.03770	7	10	4
14816	HCpVfVN	3	3.2361	3.5000	6	7	0.03372	0.03770	7	8	4
14817	HCpVVVV	3	3.2361	3.5000	6	7	0.03372	0.03770	7	10	4
14818	HCpVUrn	3	3.2361	3.5000	6	8	0.03372	0.03770	7	9	4
14819	HCRStnn	3	3.2361	3.5000	6	8	0.03372	0.03770	7	10	4
14820	HCRSvM~	3	3.2361	3.5000	6	8	0.03372	0.03770	7	8	4
14821	HCpVUv\	3	3.2361	3.5000	6	7	0.03372	0.03770	7	10	4
14822	HCpVe^N	3	3.2361	3.5000	6	7	0.03372	0.03770	7	7	4
14823	HCpVevN	3	3.2361	3.5000	6	7	0.03372	0.03770	7	7	4
14824	HCpVfVj	3	3.2361	3.5000	6	7	0.03372	0.03770	7	9	4
14825	HCpVfVZ	3	3.2361	3.5000	6	7	0.03372	0.03770	7	8	4
14826	HCpVUvV	3	3.2361	3.5000	6	7	0.03372	0.03770	7	9	4
14827	HCpVUr^	3	3.2361	3.5000	6	8	0.03372	0.03770	7	9	4
14828	HCpVUrz	3	3.2361	3.5000	6	8	0.03372	0.03770	7	9	4
14829	HCRSunn	3	3.2361	3.5000	6	8	0.03372	0.03770	7	9	4
14830	HCRSu^v	3	3.2361	3.5000	6	8	0.03372	0.03770	7	9	4
14831	HCRSvN^	3	3.2361	3.5000	6	8	0.03372	0.03770	7	8	4
14832	HCRSvNv	3	3.2361	3.5000	6	8	0.03372	0.03770	7	8	4
14833	HCpVevZ	3	3.2361	3.5000	6	7	0.03372	0.03770	7	7	4
14834	HCpVuzf	3	3.2361	3.5000	6	7	0.03372	0.03770	7	8	4
14835	HCpVe^}	3	3.2361	3.5000	6	8	0.03372	0.03770	7	7	4
14836	HCpU}zr	3	3.2361	3.5000	6	7	0.03372	0.03770	7	6	4
14837	HCpVuzr	3	3.2361	3.5000	6	7	0.03372	0.03770	7	8	4
14838	HCpVvZV	3	3.2361	3.5000	6	7	0.03372	0.03770	7	9	4
14839	HCpVev}	3	3.2361	3.5000	6	8	0.03372	0.03770	7	7	4
14840	HCpVUzv	3	3.2361	3.5000	6	8	0.03372	0.03770	7	10	4
14841	HCRSv\~	3	3.2361	3.5000	6	8	0.03372	0.03770	7	9	4
14842	HCpU}zj	3	3.2361	3.5000	6	7	0.03372	0.03770	7	8	4
14843	HCpVvZj	3	3.2361	3.5000	6	7	0.03372	0.03770	7	10	4
14844	HCRSu~}	3	3.2361	3.5000	6	8	0.03372	0.03770	7	9	4
14845	HCRSvn}	3	3.2361	3.5000	6	8	0.03372	0.03770	7	9	4
14846	HCpVvZZ	3	3.2361	3.5000	6	7	0.03372	0.03770	7	9	4
14847	HCpVe^n	3	3.2361	3.5000	6	8	0.03372	0.03770	7	7	4
14848	HCpVevn	3	3.2361	3.5000	6	8	0.03372	0.03770	7	7	4
14849	HCpVe^z	3	3.2361	3.5000	6	8	0.03372	0.03770	7	7	4
14850	HCpVfV^	3	3.2361	3.5000	6	8	0.03372	0.03770	7	8	4
14851	HCpVfVn	3	3.2361	3.5000	6	8	0.03372	0.03770	7	8	4
14852	HCpVUnz	3	3.2361	3.5000	6	8	0.03372	0.03770	7	9	4
14853	HCpVUzz	3	3.2361	3.5000	6	8	0.03372	0.03770	7	10	4
14854	HCRSvnn	3	3.2361	3.5000	6	8	0.03372	0.03770	7	9	4
14855	HCpVUr~	3	3.2361	3.5000	6	9	0.03372	0.03770	7	8	4
14856	HCRSvN~	3	3.2361	3.5000	6	9	0.03372	0.03770	7	7	4
14857	HCpVe^^	3	3.2361	3.5000	6	8	0.03372	0.03770	7	7	4
14858	HCpVfVz	3	3.2361	3.5000	6	8	0.03372	0.03770	7	8	4
14859	HCpVUn^	3	3.2361	3.5000	6	8	0.03372	0.03770	7	9	4
14860	HCpVUz^	3	3.2361	3.5000	6	8	0.03372	0.03770	7	10	4
14861	HCRSv^^	3	3.2361	3.5000	6	8	0.03372	0.03770	7	9	4
14862	HCRSu^~	3	3.2361	3.5000	6	9	0.03372	0.03770	7	8	4
14863	HCpVev^	3	3.2361	3.5000	6	8	0.03372	0.03770	7	7	4
14864	HCpVevz	3	3.2361	3.5000	6	8	0.03372	0.03770	7	7	4
14865	HCpVe~}	3	3.2361	3.5000	6	8	0.03372	0.03770	7	7	4
14866	HCpVvZv	3	3.2361	3.5000	6	8	0.03372	0.03770	7	9	4
14867	HCpUvn}	3	3.2361	3.5000	6	8	0.03372	0.03770	7	8	4
14868	HCpVU~}	3	3.2361	3.5000	6	8	0.03372	0.03770	7	9	4
14869	HCpVVv}	3	3.2361	3.5000	6	8	0.03372	0.03770	7	9	4
14870	HCpUv^}	3	3.2361	3.5000	6	8	0.03372	0.03770	7	8	4
14871	HCpVvZz	3	3.2361	3.5000	6	8	0.03372	0.03770	7	9	4
14872	HCpUu~}	3	3.2361	3.5000	6	8	0.03372	0.03770	7	8	4
14873	HCpUvv}	3	3.2361	3.5000	6	8	0.03372	0.03770	7	8	4
14874	HCpU}zz	3	3.2361	3.5000	6	8	0.03372	0.03770	7	7	4
14875	HCpVvZ^	3	3.2361	3.5000	6	8	0.03372	0.03770	7	9	4
14876	HCpVf^^	3	3.2361	3.5000	6	8	0.03372	0.03770	7	7	4
14877	HCpVf^n	3	3.2361	3.5000	6	8	0.03372	0.03770	7	7	4
14878	HCpVfvn	3	3.2361	3.5000	6	8	0.03372	0.03770	7	7	4
14879	HCpVe^~	3	3.2361	3.5000	6	9	0.03372	0.03770	7	6	4
14880	HCpVfV~	3	3.2361	3.5000	6	9	0.03372	0.03770	7	7	4
14881	HCpVUn~	3	3.2361	3.5000	6	9	0.03372	0.03770	7	8	4
14882	HCpVUz~	3	3.2361	3.5000	6	9	0.03372	0.03770	7	9	4
14883	HCRSv^~	3	3.2361	3.5000	6	9	0.03372	0.03770	7	8	4
14884	HCpVe~^	3	3.2361	3.5000	6	8	0.03372	0.03770	7	7	4
14885	HCpVfv^	3	3.2361	3.5000	6	8	0.03372	0.03770	7	7	4
14886	HCpVfvz	3	3.2361	3.5000	6	8	0.03372	0.03770	7	7	4
14887	HCpVev~	3	3.2361	3.5000	6	9	0.03372	0.03770	7	6	4
14888	HQzTvZ]	2	2.2361	2.5000	6	7	0.03372	0.03770	7	13	3
14889	HCpVvn}	3	3.2361	3.5000	6	8	0.03372	0.03770	7	8	4
14890	HQjVmzj	2	2.2361	2.5000	6	7	0.03372	0.03770	7	13	3
14891	HCpVv^}	3	3.2361	3.5000	6	8	0.03372	0.03770	7	8	4
14892	HCpVu~}	3	3.2361	3.5000	6	8	0.03372	0.03770	7	8	4
14893	HCpVvzz	3	3.2361	3.5000	6	8	0.03372	0.03770	7	8	4
14894	HCpVvZ~	3	3.2361	3.5000	6	9	0.03372	0.03770	7	8	4
14895	HQjRvVv	2	2.2361	2.5000	6	8	0.03372	0.03770	7	13	3
14896	HCpVf^~	3	3.2361	3.5000	6	9	0.03372	0.03770	7	6	4
14897	HCpVu~|	3	3.2361	3.5000	6	8	0.03372	0.03770	7	8	4
14898	HCpU}~}	3	3.2361	3.5000	6	8	0.03372	0.03770	7	8	4
14899	HCpU}z~	3	3.2361	3.5000	6	9	0.03372	0.03770	7	6	4
14900	HCpVe~~	3	3.2361	3.5000	6	9	0.03372	0.03770	7	6	4
14901	HCpVfv~	3	3.2361	3.5000	6	9	0.03372	0.03770	7	6	4
14902	HQjVjx^	2	2.2361	2.5000	6	7	0.03372	0.03770	7	13	3
14903	HQzVtxz	2	2.2361	2.5000	6	7	0.03372	0.03770	7	12	3
14904	HQyv]zV	2	2.2361	2.5000	6	7	0.03372	0.03770	7	12	3
14905	HQyuun}	2	2.2361	2.5000	6	8	0.03372	0.03770	7	12	3
14906	HQjVjzn	2	2.2361	2.5000	6	8	0.03372	0.03770	7	12	3
14907	HCpVvz~	3	3.2361	3.5000	6	9	0.03372	0.03770	7	7	4
14908	HQjVmzn	2	2.2361	2.5000	6	8	0.03372	0.03770	7	12	3
14909	HQjRvnn	2	2.2361	2.5000	6	8	0.03372	0.03770	7	12	3
14910	HCpU~z~	3	3.2361	3.5000	6	9	0.03372	0.03770	7	7	4
14911	HCpVf~~	3	3.2361	3.5000	6	9	0.03372	0.03770	7	5	4
14912	HQjv^qz	2	2.2361	2.5000	6	7	0.03372	0.03770	7	12	3
14913	HQyv]y}	2	2.2361	2.5000	6	7	0.03372	0.03770	7	12	3
14914	HQyu~x}	2	2.2361	2.5000	6	7	0.03372	0.03770	7	11	3
14915	HUZu~p|	2	2.2361	2.5000	6	7	0.03372	0.03770	7	11	3
14916	HUZu~rl	2	2.2361	2.5000	6	7	0.03372	0.03770	7	11	3
14917	HQy~vj]	2	2.2361	2.5000	6	7	0.03372	0.03770	7	11	3
14918	HQz^fv]	2	2.2361	2.5000	6	7	0.03372	0.03770	7	11	3
14919	HUZv^rt	2	2.2361	2.5000	6	7	0.03372	0.03770	7	11	3
14920	HUZu~rt	2	2.2361	2.5000	6	7	0.03372	0.03770	7	11	3
14921	HQzVtzv	2	2.2361	2.5000	6	8	0.03372	0.03770	7	11	3
14922	HQzVtz^	2	2.2361	2.5000	6	8	0.03372	0.03770	7	11	3
14923	HQy~vjj	2	2.2361	2.5000	6	7	0.03372	0.03770	7	11	3
14924	HUZvvj\	2	2.2361	2.5000	6	7	0.03372	0.03770	7	11	3
14925	HUZu~rV	2	2.2361	2.5000	6	7	0.03372	0.03770	7	11	3
14926	HQyv]z}	2	2.2361	2.5000	6	8	0.03372	0.03770	7	11	3
14927	HQzVtzn	2	2.2361	2.5000	6	8	0.03372	0.03770	7	11	3
14928	HQzVtzz	2	2.2361	2.5000	6	8	0.03372	0.03770	7	11	3
14929	HUxvvzu	2	2.2361	2.5000	6	7	0.03372	0.03770	7	10	3
14930	HUzvrzu	2	2.2361	2.5000	6	7	0.03372	0.03770	7	10	3
14931	HUZvvzu	2	2.2361	2.5000	6	7	0.03372	0.03770	7	10	3
14932	HQyu~z}	2	2.2361	2.5000	6	8	0.03372	0.03770	7	10	3
14933	HUZu~rn	2	2.2361	2.5000	6	8	0.03372	0.03770	7	10	3
14934	HUZu~r|	2	2.2361	2.5000	6	8	0.03372	0.03770	7	10	3
14935	HUZu~q~	2	2.2361	2.5000	6	8	0.03372	0.03770	7	10	3
14936	HUZu~r}	2	2.2361	2.5000	6	8	0.03372	0.03770	7	10	3
14937	HUZu~rv	2	2.2361	2.5000	6	8	0.03372	0.03770	7	10	3
14938	HQzVtz~	2	2.2361	2.5000	6	9	0.03372	0.03770	7	10	3
14939	HUZvvz}	2	2.2361	2.5000	6	8	0.03372	0.03770	7	9	3
14940	HUZu~r~	2	2.2361	2.5000	6	9	0.03372	0.03770	7	9	3
14941	HUZ~vz}	2	2.2361	2.5000	6	8	0.03372	0.03770	7	8	3
14942	HCRUQz|	3	3.2362	3.5000	5	8	0.03374	0.03769	7	10	4
14943	HCRbdp[	3	3.3723	3.6667	4	5	0.03384	0.02676	11	9	4
14944	HCR`vak	3	3.3723	3.6667	4	5	0.03384	0.02676	11	8	4
14945	HCQbfP{	3	3.3723	3.6667	4	6	0.03384	0.02676	11	8	4
14946	HCR`vbS	3	3.3723	3.6667	4	5	0.03384	0.02676	11	8	4
14947	HCQbbri	3	3.3723	3.6667	4	6	0.03384	0.02676	11	8	4
14948	HCQbdq{	3	3.3723	3.6667	4	6	0.03384	0.02676	11	8	4
14949	HCQbdrs	3	3.3723	3.6667	4	6	0.03384	0.02676	11	8	4
14950	HCRbcq{	3	3.3723	3.6667	4	6	0.03384	0.02676	11	9	4
14951	HCRV@rk	3	3.3723	3.6667	4	6	0.03384	0.02676	11	8	4
14952	HCQbfO|	3	3.3723	3.6667	4	6	0.03384	0.02676	11	9	4
14953	HCRb`zw	3	3.3723	3.6667	4	6	0.03384	0.02676	11	7	4
14954	HCpb`zs	3	3.3723	3.6667	4	6	0.03384	0.02676	11	8	4
14955	HCRb`zi	3	3.3723	3.6667	4	6	0.03384	0.02676	11	8	4
14956	HCRVDZw	3	3.3723	3.6667	4	6	0.03384	0.02676	11	8	4
14957	HCRbfRM	3	3.3723	3.6667	4	6	0.03384	0.02676	11	8	4
14958	HCRb`zk	3	3.3723	3.6667	4	6	0.03384	0.02676	11	8	4
14959	HCR`vbh	3	3.3723	3.6667	4	6	0.03384	0.02676	11	8	4
14960	HCrbbri	3	3.3723	3.6667	4	6	0.03384	0.02676	11	7	4
14961	HCRb`y}	3	3.3723	3.6667	4	7	0.03384	0.02676	11	7	4
14962	HCRb`z{	3	3.3723	3.6667	4	7	0.03384	0.02676	11	7	4
14963	HCpbfH{	3	3.3723	3.6667	5	6	0.03384	0.02676	11	9	4
14964	HCR`val	3	3.3723	3.6667	5	6	0.03384	0.02676	11	8	4
14965	HCpbbje	3	3.3723	3.6667	5	6	0.03384	0.02676	11	9	4
14966	HCQbdy{	3	3.3723	3.6667	5	7	0.03384	0.02676	11	7	4
14967	HCrbbpt	3	3.3723	3.6667	5	6	0.03384	0.02676	11	8	4
14968	HCrbrqj	3	3.3723	3.6667	5	6	0.03384	0.02676	11	7	4
14969	HCpbei{	3	3.3049	3.5000	4	6	0.03388	0.02168	9	8	4
14970	HCpdehV	3	3.2726	3.5000	5	6	0.03407	0.02843	8	10	4
14971	HCpbeij	3	3.3085	3.5000	4	6	0.03428	0.02128	9	8	4
14972	HCpdPxy	3	3.3085	3.5000	4	6	0.03428	0.02128	9	8	4
14973	HCpdPzw	3	3.3085	3.5000	4	6	0.03428	0.02128	9	8	4
14974	HCpbeh]	3	3.3085	3.5000	4	6	0.03428	0.02128	9	8	4
14975	HCZLb`i	3	3.3095	3.5000	4	5	0.03439	0.02116	9	10	4
14976	HCrb`qs	3	3.4142	4.0000	4	5	0.03452	0.04882	12	8	4
14977	HCrb`rc	3	3.4142	4.0000	4	5	0.03452	0.04882	12	10	4
14978	HCrb`rs	3	3.4142	4.0000	4	6	0.03452	0.04882	12	9	4
14979	HCrb`rY	3	3.4142	4.0000	4	6	0.03452	0.04882	12	9	4
14980	HCrb`ry	3	3.4142	4.0000	4	7	0.03452	0.04882	12	8	4
14981	HCrb`rK	3	3.4142	4.0000	5	5	0.03452	0.04882	12	10	4
14982	HCrb`rk	3	3.4142	4.0000	5	6	0.03452	0.04882	12	10	4
14983	HCrb`r{	3	3.4142	4.0000	5	7	0.03452	0.04882	12	9	4
14984	HCrb`rm	3	3.4142	4.0000	5	7	0.03452	0.04882	12	10	4
14985	HCrb`ru	3	3.4142	4.0000	5	7	0.03452	0.04882	12	10	4
14986	HCrb`r}	3	3.4142	4.0000	5	8	0.03452	0.04882	12	9	4
14987	HCrb`r~	3	3.4142	4.0000	5	9	0.03452	0.04882	12	8	4
14988	HCpbei]	3	3.3124	3.5000	4	6	0.03471	0.02085	9	8	4
14989	HCRbczQ	3	3.3474	3.6667	4	5	0.03474	0.03192	10	10	4
14990	HCRbem]	3	3.3146	3.6667	5	6	0.03496	0.03912	9	8	4
14991	HCRbdq]	3	3.3865	3.7500	4	6	0.03514	0.03304	11	8	4
14992	HCpbdh[	3	3.3162	3.5000	4	5	0.03514	0.02042	9	9	4
14993	H?`D@`W	4	4.3177	4.5000	3	4	0.03530	0.02026	9	7	5
14994	H?bB@Qs	4	4.3177	4.5000	3	5	0.03530	0.02026	9	7	5
14995	H?bB@RW	4	4.3177	4.5000	4	5	0.03530	0.02026	9	7	5
14996	H?bB@Rs	4	4.3177	4.5000	4	6	0.03530	0.02026	9	8	5
14997	H?bB@R{	4	4.3177	4.5000	4	7	0.03530	0.02026	9	8	5
14998	HCQvBP[	3	3.3177	3.5000	4	5	0.03530	0.02026	9	11	4
14999	HCp`fOm	3	3.3177	3.5000	4	5	0.03530	0.02026	9	10	4
15000	HCp`fPq	3	3.3177	3.5000	4	5	0.03530	0.02026	9	10	4
15001	HCp`fQe	3	3.3177	3.5000	4	5	0.03530	0.02026	9	10	4
15002	HCp`fRQ	3	3.3177	3.5000	4	5	0.03530	0.02026	9	10	4
15003	HCp`fRc	3	3.3177	3.5000	4	5	0.03530	0.02026	9	9	4
15004	HCdebRE	3	3.3177	3.5000	4	5	0.03530	0.02026	9	10	4
15005	HCQbRpe	3	3.3177	3.5000	4	5	0.03530	0.02026	9	10	4
15006	HCQbQpu	3	3.3177	3.5000	4	6	0.03530	0.02026	9	10	4
15007	HCp`ejq	3	3.3177	3.5000	4	6	0.03530	0.02026	9	9	4
15008	HCp`ejw	3	3.3177	3.5000	4	6	0.03530	0.02026	9	9	4
15009	HCp`fO}	3	3.3177	3.5000	4	6	0.03530	0.02026	9	10	4
15010	HCp`fP]	3	3.3177	3.5000	4	6	0.03530	0.02026	9	9	4
15011	HCp`fPy	3	3.3177	3.5000	4	6	0.03530	0.02026	9	9	4
15012	HCp`fQ{	3	3.3177	3.5000	4	6	0.03530	0.02026	9	8	4
15013	HCp`fQm	3	3.3177	3.5000	4	6	0.03530	0.02026	9	9	4
15014	HCp`fRe	3	3.3177	3.5000	4	6	0.03530	0.02026	9	10	4
15015	HCp`fRq	3	3.3177	3.5000	4	6	0.03530	0.02026	9	10	4
15016	HCp`fPV	3	3.3177	3.5000	4	6	0.03530	0.02026	9	9	4
15017	HCp`ej[	3	3.3177	3.5000	4	6	0.03530	0.02026	9	9	4
15018	HCp`ep{	3	3.3177	3.5000	4	6	0.03530	0.02026	9	11	4
15019	HCp`fPm	3	3.3177	3.5000	4	6	0.03530	0.02026	9	10	4
15020	HCp`fQy	3	3.3177	3.5000	4	6	0.03530	0.02026	9	10	4
15021	HCp`fOn	3	3.3177	3.5000	4	6	0.03530	0.02026	9	9	4
15022	HCp`fPr	3	3.3177	3.5000	4	6	0.03530	0.02026	9	9	4
15023	HCp`fQf	3	3.3177	3.5000	4	6	0.03530	0.02026	9	9	4
15024	HCp`fP\	3	3.3177	3.5000	4	6	0.03530	0.02026	9	9	4
15025	HCp`fPN	3	3.3177	3.5000	4	6	0.03530	0.02026	9	9	4
15026	HCp`fi{	3	3.3177	3.5000	4	6	0.03530	0.02026	9	8	4
15027	HCp`fjw	3	3.3177	3.5000	4	6	0.03530	0.02026	9	9	4
15028	HCp`fre	3	3.3177	3.5000	4	6	0.03530	0.02026	9	10	4
15029	HCp`frU	3	3.3177	3.5000	4	6	0.03530	0.02026	9	9	4
15030	HCp`fj[	3	3.3177	3.5000	4	6	0.03530	0.02026	9	9	4
15031	HCp`fY]	3	3.3177	3.5000	4	6	0.03530	0.02026	9	11	4
15032	HCp`eg~	3	3.3177	3.5000	4	7	0.03530	0.02026	9	8	4
15033	HCp`eju	3	3.3177	3.5000	4	7	0.03530	0.02026	9	8	4
15034	HCp`fO~	3	3.3177	3.5000	4	7	0.03530	0.02026	9	9	4
15035	HCp`fP}	3	3.3177	3.5000	4	7	0.03530	0.02026	9	10	4
15036	HCp`fQ}	3	3.3177	3.5000	4	7	0.03530	0.02026	9	10	4
15037	HCp`fQ^	3	3.3177	3.5000	4	7	0.03530	0.02026	9	9	4
15038	HCp`fru	3	3.3177	3.5000	4	7	0.03530	0.02026	9	10	4
15039	HCp`fY}	3	3.3177	3.5000	4	7	0.03530	0.02026	9	11	4
15040	HCp`fR[	3	3.3177	3.5000	5	6	0.03530	0.02026	9	9	4
15041	HCp`fRk	3	3.3177	3.5000	5	6	0.03530	0.02026	9	9	4
15042	HCp`fRY	3	3.3177	3.5000	5	6	0.03530	0.02026	9	10	4
15043	HCp`ejh	3	3.3177	3.5000	5	6	0.03530	0.02026	9	9	4
15044	HCp`fPt	3	3.3177	3.5000	5	6	0.03530	0.02026	9	10	4
15045	HCp`fRd	3	3.3177	3.5000	5	6	0.03530	0.02026	9	10	4
15046	HCp`fRJ	3	3.3177	3.5000	5	6	0.03530	0.02026	9	10	4
15047	HCp`fq{	3	3.3177	3.5000	5	6	0.03530	0.02026	9	9	4
15048	HCp`frM	3	3.3177	3.5000	5	6	0.03530	0.02026	9	10	4
15049	HCp`fr[	3	3.3177	3.5000	5	6	0.03530	0.02026	9	10	4
15050	HCp`fR]	3	3.3177	3.5000	5	7	0.03530	0.02026	9	10	4
15051	HCp`fR{	3	3.3177	3.5000	5	7	0.03530	0.02026	9	8	4
15052	HCp`fRm	3	3.3177	3.5000	5	7	0.03530	0.02026	9	9	4
15053	HCp`fRV	3	3.3177	3.5000	5	7	0.03530	0.02026	9	9	4
15054	HCp`fRy	3	3.3177	3.5000	5	7	0.03530	0.02026	9	9	4
15055	HCp`fZk	3	3.3177	3.5000	5	7	0.03530	0.02026	9	9	4
15056	HCp`fRf	3	3.3177	3.5000	5	7	0.03530	0.02026	9	9	4
15057	HCp`fRr	3	3.3177	3.5000	5	7	0.03530	0.02026	9	9	4
15058	HCp`fP|	3	3.3177	3.5000	5	7	0.03530	0.02026	9	9	4
15059	HCp`fRN	3	3.3177	3.5000	5	7	0.03530	0.02026	9	9	4
15060	HCp`fj{	3	3.3177	3.5000	5	7	0.03530	0.02026	9	8	4
15061	HCp`fr{	3	3.3177	3.5000	5	7	0.03530	0.02026	9	9	4
15062	HCp`frf	3	3.3177	3.5000	5	7	0.03530	0.02026	9	9	4
15063	HCp`fR}	3	3.3177	3.5000	5	8	0.03530	0.02026	9	9	4
15064	HCp`fp|	3	3.3177	3.5000	5	7	0.03530	0.02026	9	9	4
15065	HCp`frN	3	3.3177	3.5000	5	7	0.03530	0.02026	9	9	4
15066	HCp`fz{	3	3.3177	3.5000	5	8	0.03530	0.02026	9	8	4
15067	HCRbdo{	3	3.4239	3.7500	4	5	0.03533	0.02717	12	8	4
15068	HCRV@pt	3	3.3182	3.6667	4	6	0.03536	0.03871	9	8	4
15069	HCpdPze	3	3.3233	3.5000	4	6	0.03592	0.01963	9	10	4
15070	HCQ`fi{	3	3.3604	3.7500	5	6	0.03604	0.03896	10	8	4
15071	HCQfLXr	3	3.3251	3.6667	5	6	0.03613	0.03795	9	8	4
15072	HCQbdZe	3	3.3253	3.6667	5	6	0.03614	0.03793	9	9	4
15073	HCpdPzs	3	3.3287	3.5000	4	6	0.03653	0.01903	9	9	4
15074	HCRbdQY	3	3.4384	4.0000	4	5	0.03654	0.04680	12	8	4
15075	HCrb`rS	3	3.4384	4.0000	4	5	0.03654	0.04680	12	9	4
15076	HCRbdQy	3	3.4384	4.0000	4	6	0.03654	0.04680	12	8	4
15077	HCrb`ri	3	3.4384	4.0000	4	6	0.03654	0.04680	12	8	4
15078	HCRbdQ}	3	3.4384	4.0000	4	7	0.03654	0.04680	12	7	4
15079	HCOedW{	3	3.3310	3.6667	4	5	0.03677	0.03730	9	9	4
15080	HCQ`fPY	3	3.3310	3.6667	4	5	0.03677	0.03730	9	10	4
15081	HCRbcpL	3	3.3310	3.6667	4	5	0.03677	0.03730	9	9	4
15082	HCRbcpM	3	3.3310	3.6667	4	5	0.03677	0.03730	9	10	4
15083	HCRbcqe	3	3.3310	3.6667	4	5	0.03677	0.03730	9	9	4
15084	HCRbcrc	3	3.3310	3.6667	4	5	0.03677	0.03730	9	9	4
15085	HCRbcrK	3	3.3310	3.6667	4	5	0.03677	0.03730	9	9	4
15086	HCdebQ[	3	3.3310	3.6667	4	5	0.03677	0.03730	9	9	4
15087	HCRbcqT	3	3.3310	3.6667	4	5	0.03677	0.03730	9	9	4
15088	HCRbcon	3	3.3310	3.6667	4	6	0.03677	0.03730	9	8	4
15089	HCRbcpl	3	3.3310	3.6667	4	6	0.03677	0.03730	9	9	4
15090	HCRbcpN	3	3.3310	3.6667	4	6	0.03677	0.03730	9	9	4
15091	HCRbcql	3	3.3310	3.6667	4	6	0.03677	0.03730	9	8	4
15092	HCRbcrk	3	3.3310	3.6667	4	6	0.03677	0.03730	9	9	4
15093	HCRbcrM	3	3.3310	3.6667	4	6	0.03677	0.03730	9	9	4
15094	HCRbcqu	3	3.3310	3.6667	4	6	0.03677	0.03730	9	9	4
15095	HCRbcrL	3	3.3310	3.6667	4	6	0.03677	0.03730	9	9	4
15096	HCRbcrU	3	3.3310	3.6667	4	6	0.03677	0.03730	9	8	4
15097	HCRbcq\	3	3.3310	3.6667	4	6	0.03677	0.03730	9	9	4
15098	HCRbcqt	3	3.3310	3.6667	4	6	0.03677	0.03730	9	9	4
15099	HCRbcqV	3	3.3310	3.6667	4	6	0.03677	0.03730	9	8	4
15100	HCRbcrT	3	3.3310	3.6667	4	6	0.03677	0.03730	9	8	4
15101	HCRbcrX	3	3.3310	3.6667	4	6	0.03677	0.03730	9	9	4
15102	HCRbcqn	3	3.3310	3.6667	4	7	0.03677	0.03730	9	7	4
15103	HCRbcr]	3	3.3310	3.6667	4	7	0.03677	0.03730	9	8	4
15104	HCRbcrl	3	3.3310	3.6667	4	7	0.03677	0.03730	9	9	4
15105	HCRbcrN	3	3.3310	3.6667	4	7	0.03677	0.03730	9	8	4
15106	HCRbcq^	3	3.3310	3.6667	4	7	0.03677	0.03730	9	8	4
15107	HCRbcq|	3	3.3310	3.6667	4	7	0.03677	0.03730	9	9	4
15108	HCRbcqv	3	3.3310	3.6667	4	7	0.03677	0.03730	9	9	4
15109	HCRbcr\	3	3.3310	3.6667	4	7	0.03677	0.03730	9	9	4
15110	HCRbcrt	3	3.3310	3.6667	4	7	0.03677	0.03730	9	8	4
15111	HCRbcrV	3	3.3310	3.6667	4	7	0.03677	0.03730	9	7	4
15112	HCRbcq~	3	3.3310	3.6667	4	8	0.03677	0.03730	9	8	4
15113	HCRbcr^	3	3.3310	3.6667	4	8	0.03677	0.03730	9	8	4
15114	HCRbcr|	3	3.3310	3.6667	4	8	0.03677	0.03730	9	8	4
15115	HCRbcpe	3	3.3310	3.6667	5	5	0.03677	0.03730	9	10	4
15116	HCRbcpm	3	3.3310	3.6667	5	6	0.03677	0.03730	9	10	4
15117	HCRbcre	3	3.3310	3.6667	5	6	0.03677	0.03730	9	9	4
15118	HCRbcpn	3	3.3310	3.6667	5	7	0.03677	0.03730	9	9	4
15119	HCRbcrm	3	3.3310	3.6667	5	7	0.03677	0.03730	9	9	4
15120	HCRbcru	3	3.3310	3.6667	5	7	0.03677	0.03730	9	9	4
15121	HCRbcr}	3	3.3310	3.6667	5	8	0.03677	0.03730	9	8	4
15122	HCRbcrn	3	3.3310	3.6667	5	8	0.03677	0.03730	9	8	4
15123	HCRbcrv	3	3.3310	3.6667	5	8	0.03677	0.03730	9	8	4
15124	HCRbcr~	3	3.3310	3.6667	5	9	0.03677	0.03730	9	7	4
15125	HCpdRg{	3	3.3716	3.6667	4	5	0.03716	0.02951	10	10	4
15126	HCQbdpM	3	3.3723	3.6667	4	5	0.03723	0.02944	10	10	4
15127	HCQv@rK	3	3.3723	3.6667	4	5	0.03723	0.02944	10	8	4
15128	HCQbdrI	3	3.3723	3.6667	4	5	0.03723	0.02944	10	9	4
15129	HCQbdYw	3	3.3723	3.6667	4	5	0.03723	0.02944	10	8	4
15130	HCQbfIw	3	3.3723	3.6667	4	5	0.03723	0.02944	10	8	4
15131	HCRbcp[	3	3.3723	3.6667	4	5	0.03723	0.02944	10	9	4
15132	HCQeR`{	3	3.3723	3.6667	4	6	0.03723	0.02944	10	9	4
15133	HCQ`fP{	3	3.3723	3.6667	4	6	0.03723	0.02944	10	9	4
15134	HCRbcqs	3	3.3723	3.6667	4	5	0.03723	0.02944	10	9	4
15135	HCRV@rK	3	3.3723	3.6667	4	5	0.03723	0.02944	10	8	4
15136	HCQbRpq	3	3.3723	3.6667	4	5	0.03723	0.02944	10	8	4
15137	HCQbR_}	3	3.3723	3.6667	4	6	0.03723	0.02944	10	9	4
15138	HCQe`q{	3	3.3723	3.6667	4	6	0.03723	0.02944	10	9	4
15139	HCQeRay	3	3.3723	3.6667	4	6	0.03723	0.02944	10	9	4
15140	HCQe`ri	3	3.3723	3.6667	4	6	0.03723	0.02944	10	9	4
15141	HCQe`rs	3	3.3723	3.6667	4	6	0.03723	0.02944	10	9	4
15142	HCQbdp{	3	3.3723	3.6667	4	6	0.03723	0.02944	10	8	4
15143	HCpbdqi	3	3.3723	3.6667	4	5	0.03723	0.02944	10	8	4
15144	HCpdPzc	3	3.3723	3.6667	4	5	0.03723	0.02944	10	9	4
15145	HCQfQzK	3	3.3723	3.6667	4	5	0.03723	0.02944	10	8	4
15146	HCQbdo}	3	3.3723	3.6667	4	6	0.03723	0.02944	10	8	4
15147	HCQbdp]	3	3.3723	3.6667	4	6	0.03723	0.02944	10	9	4
15148	HCQbdqm	3	3.3723	3.6667	4	6	0.03723	0.02944	10	8	4
15149	HCQbdr[	3	3.3723	3.6667	4	6	0.03723	0.02944	10	8	4
15150	HCQbdri	3	3.3723	3.6667	4	6	0.03723	0.02944	10	9	4
15151	HCQbeVw	3	3.3723	3.6667	4	6	0.03723	0.02944	10	8	4
15152	HCQbfRM	3	3.3723	3.6667	4	6	0.03723	0.02944	10	8	4
15153	HCQeQzw	3	3.3723	3.6667	4	6	0.03723	0.02944	10	8	4
15154	HCQv@rk	3	3.3723	3.6667	4	6	0.03723	0.02944	10	8	4
15155	HCRbco|	3	3.3723	3.6667	4	6	0.03723	0.02944	10	8	4
15156	HCQbeS|	3	3.3723	3.6667	4	6	0.03723	0.02944	10	9	4
15157	HCQbdrq	3	3.3723	3.6667	4	6	0.03723	0.02944	10	8	4
15158	HCQbdrY	3	3.3723	3.6667	4	6	0.03723	0.02944	10	9	4
15159	HCQbbqx	3	3.3723	3.6667	4	6	0.03723	0.02944	10	9	4
15160	HCQbdo|	3	3.3723	3.6667	4	6	0.03723	0.02944	10	8	4
15161	HCQbeUx	3	3.3723	3.6667	4	6	0.03723	0.02944	10	9	4
15162	HCQbfQx	3	3.3723	3.6667	4	6	0.03723	0.02944	10	9	4
15163	HCOfdq]	3	3.3723	3.6667	4	6	0.03723	0.02944	10	8	4
15164	HCQbdrT	3	3.3723	3.6667	4	6	0.03723	0.02944	10	8	4
15165	HCRb`zq	3	3.3723	3.6667	4	6	0.03723	0.02944	10	8	4
15166	HCRb`zY	3	3.3723	3.6667	4	6	0.03723	0.02944	10	9	4
15167	HCR`vbU	3	3.3723	3.6667	4	6	0.03723	0.02944	10	7	4
15168	HCpb`zT	3	3.3723	3.6667	4	6	0.03723	0.02944	10	8	4
15169	HCRb`x]	3	3.3723	3.6667	4	6	0.03723	0.02944	10	8	4
15170	HCRb`z[	3	3.3723	3.6667	4	6	0.03723	0.02944	10	8	4
15171	HCRb`zM	3	3.3723	3.6667	4	6	0.03723	0.02944	10	8	4
15172	HCQbdr{	3	3.3723	3.6667	4	7	0.03723	0.02944	10	7	4
15173	HCQvDW}	3	3.3723	3.6667	4	6	0.03723	0.02944	10	8	4
15174	HCRctS}	3	3.3723	3.6667	4	6	0.03723	0.02944	10	8	4
15175	HCQbdp^	3	3.3723	3.6667	4	7	0.03723	0.02944	10	8	4
15176	HCQbdp|	3	3.3723	3.6667	4	7	0.03723	0.02944	10	8	4
15177	HCQbdq}	3	3.3723	3.6667	4	7	0.03723	0.02944	10	7	4
15178	HCQbdry	3	3.3723	3.6667	4	7	0.03723	0.02944	10	8	4
15179	HCQbdrj	3	3.3723	3.6667	4	7	0.03723	0.02944	10	8	4
15180	HCQfdq]	3	3.3723	3.6667	4	6	0.03723	0.02944	10	8	4
15181	HCRbfG|	3	3.3723	3.6667	4	6	0.03723	0.02944	10	8	4
15182	HCR`ril	3	3.3723	3.6667	4	6	0.03723	0.02944	10	8	4
15183	HCRb`zy	3	3.3723	3.6667	4	7	0.03723	0.02944	10	8	4
15184	HCRb`z]	3	3.3723	3.6667	4	7	0.03723	0.02944	10	8	4
15185	HCRb`yn	3	3.3723	3.6667	4	7	0.03723	0.02944	10	7	4
15186	HCp`fRM	3	3.3723	3.6667	5	6	0.03723	0.02944	10	10	4
15187	HCQbdY{	3	3.3723	3.6667	5	6	0.03723	0.02944	10	8	4
15188	HCQv@qm	3	3.3723	3.6667	5	6	0.03723	0.02944	10	9	4
15189	HCQbdrd	3	3.3723	3.6667	5	6	0.03723	0.02944	10	9	4
15190	HCQbeT]	3	3.3723	3.6667	5	6	0.03723	0.02944	10	8	4
15191	HCQbdi{	3	3.3723	3.6667	5	6	0.03723	0.02944	10	8	4
15192	HCpb`x\	3	3.3723	3.6667	5	6	0.03723	0.02944	10	9	4
15193	HCRbfIm	3	3.3723	3.6667	5	6	0.03723	0.02944	10	8	4
15194	HCRb`xm	3	3.3723	3.6667	5	6	0.03723	0.02944	10	8	4
15195	HCRb`ze	3	3.3723	3.6667	5	6	0.03723	0.02944	10	8	4
15196	HCQVdqm	3	3.3723	3.6667	5	6	0.03723	0.02944	10	8	4
15197	HCRb`zL	3	3.3723	3.6667	5	6	0.03723	0.02944	10	8	4
15198	HCRb`zT	3	3.3723	3.6667	5	6	0.03723	0.02944	10	8	4
15199	HCQfJil	3	3.3723	3.6667	5	6	0.03723	0.02944	10	8	4
15200	HCRbdg|	3	3.3723	3.6667	5	6	0.03723	0.02944	10	8	4
15201	HCQbdrt	3	3.3723	3.6667	5	7	0.03723	0.02944	10	8	4
15202	HCZbaw|	3	3.3723	3.6667	5	6	0.03723	0.02944	10	8	4
15203	HCRb`x}	3	3.3723	3.6667	5	7	0.03723	0.02944	10	7	4
15204	HCRb`zm	3	3.3723	3.6667	5	7	0.03723	0.02944	10	8	4
15205	HCRb`zN	3	3.3723	3.6667	5	7	0.03723	0.02944	10	7	4
15206	HCRb`z\	3	3.3723	3.6667	5	7	0.03723	0.02944	10	8	4
15207	HCRb`zu	3	3.3723	3.6667	5	7	0.03723	0.02944	10	8	4
15208	HCRb`zV	3	3.3723	3.6667	5	7	0.03723	0.02944	10	7	4
15209	HCRb`xv	3	3.3723	3.6667	5	7	0.03723	0.02944	10	7	4
15210	HCRb`yv	3	3.3723	3.6667	5	7	0.03723	0.02944	10	8	4
15211	HCRb`zf	3	3.3723	3.6667	5	7	0.03723	0.02944	10	7	4
15212	HCRb`zl	3	3.3723	3.6667	5	7	0.03723	0.02944	10	8	4
15213	HCRb`zt	3	3.3723	3.6667	5	7	0.03723	0.02944	10	7	4
15214	HCRb`z}	3	3.3723	3.6667	5	8	0.03723	0.02944	10	7	4
15215	HCRb`z^	3	3.3723	3.6667	5	8	0.03723	0.02944	10	7	4
15216	HCRb`z|	3	3.3723	3.6667	5	8	0.03723	0.02944	10	7	4
15217	HCRb`zn	3	3.3723	3.6667	5	8	0.03723	0.02944	10	7	4
15218	HCRb`zv	3	3.3723	3.6667	5	8	0.03723	0.02944	10	7	4
15219	HCRb`z~	3	3.3723	3.6667	5	9	0.03723	0.02944	10	6	4
15220	HCQbcvq	3	3.3380	3.6667	5	6	0.03756	0.03651	9	8	4
15221	HCQbcvU	3	3.3380	3.6667	5	6	0.03756	0.03651	9	8	4
15222	HCRVBiZ	3	3.3380	3.6667	5	6	0.03756	0.03651	9	9	4
15223	HCpdQhu	3	3.3380	3.5000	4	6	0.03756	0.01800	9	10	4
15224	HCpdQif	3	3.3380	3.5000	4	6	0.03756	0.01800	9	11	4
15225	HCpdQje	3	3.3380	3.5000	4	6	0.03756	0.01800	9	10	4
15226	HCrbbqi	3	3.4142	3.6667	4	5	0.03766	0.02295	11	7	4
15227	HCQuQqb	3	3.3017	3.5000	4	5	0.03771	0.02479	8	9	4
15228	HCQ`ep{	3	3.3017	3.5000	4	6	0.03771	0.02479	8	10	4
15229	HCQ`erM	3	3.3017	3.5000	4	6	0.03771	0.02479	8	9	4
15230	HCpdRXq	3	3.3017	3.5000	4	5	0.03771	0.02479	8	8	4
15231	HCQberM	3	3.3017	3.5000	4	6	0.03771	0.02479	8	8	4
15232	HCQbUX{	3	3.3017	3.5000	4	6	0.03771	0.02479	8	8	4
15233	HCdebR[	3	3.3017	3.5000	4	6	0.03771	0.02479	8	8	4
15234	HCQbQzM	3	3.3017	3.5000	4	6	0.03771	0.02479	8	8	4
15235	HCQbUX]	3	3.3017	3.5000	4	6	0.03771	0.02479	8	10	4
15236	HCQuQpy	3	3.3017	3.5000	4	6	0.03771	0.02479	8	11	4
15237	HCQbRrL	3	3.3017	3.5000	4	6	0.03771	0.02479	8	8	4
15238	HCpbeim	3	3.3017	3.5000	4	6	0.03771	0.02479	8	8	4
15239	HCpbeiy	3	3.3017	3.5000	4	6	0.03771	0.02479	8	9	4
15240	HCpdei{	3	3.3017	3.5000	4	6	0.03771	0.02479	8	8	4
15241	HCpdUi{	3	3.3017	3.5000	4	6	0.03771	0.02479	8	8	4
15242	HCpdUjq	3	3.3017	3.5000	4	6	0.03771	0.02479	8	9	4
15243	HCpdUjw	3	3.3017	3.5000	4	6	0.03771	0.02479	8	8	4
15244	HCpddU{	3	3.3017	3.5000	4	6	0.03771	0.02479	8	8	4
15245	HCpddVw	3	3.3017	3.5000	4	6	0.03771	0.02479	8	9	4
15246	HCpbdjT	3	3.3017	3.5000	4	6	0.03771	0.02479	8	8	4
15247	HCpbeir	3	3.3017	3.5000	4	6	0.03771	0.02479	8	8	4
15248	HCpbeqj	3	3.3017	3.5000	4	6	0.03771	0.02479	8	8	4
15249	HCpdPyy	3	3.3017	3.5000	4	6	0.03771	0.02479	8	10	4
15250	HCpdPzi	3	3.3017	3.5000	4	6	0.03771	0.02479	8	10	4
15251	HCpdPzY	3	3.3017	3.5000	4	6	0.03771	0.02479	8	11	4
15252	HCpdUi]	3	3.3017	3.5000	4	6	0.03771	0.02479	8	10	4
15253	HCpddrT	3	3.3017	3.5000	4	6	0.03771	0.02479	8	8	4
15254	HCQuczw	3	3.3017	3.5000	4	6	0.03771	0.02479	8	10	4
15255	HCQudr[	3	3.3017	3.5000	4	6	0.03771	0.02479	8	8	4
15256	HCpbejT	3	3.3017	3.5000	4	6	0.03771	0.02479	8	8	4
15257	HCpbei}	3	3.3017	3.5000	4	7	0.03771	0.02479	8	8	4
15258	HCpbejy	3	3.3017	3.5000	4	7	0.03771	0.02479	8	8	4
15259	HCpbei|	3	3.3017	3.5000	4	7	0.03771	0.02479	8	8	4
15260	HCpbeiv	3	3.3017	3.5000	4	7	0.03771	0.02479	8	8	4
15261	HCpbeiz	3	3.3017	3.5000	4	7	0.03771	0.02479	8	8	4
15262	HCpdPz]	3	3.3017	3.5000	4	7	0.03771	0.02479	8	10	4
15263	HCpdPzm	3	3.3017	3.5000	4	7	0.03771	0.02479	8	10	4
15264	HCpdPzy	3	3.3017	3.5000	4	7	0.03771	0.02479	8	10	4
15265	HCpbejt	3	3.3017	3.5000	4	7	0.03771	0.02479	8	7	4
15266	HCpbei~	3	3.3017	3.5000	4	8	0.03771	0.02479	8	7	4
15267	HCpdPz}	3	3.3017	3.5000	4	8	0.03771	0.02479	8	9	4
15268	HCpbdhe	3	3.3017	3.5000	5	5	0.03771	0.02479	8	10	4
15269	HCQuQrb	3	3.3017	3.5000	5	6	0.03771	0.02479	8	9	4
15270	HCQbRfL	3	3.3017	3.5000	5	6	0.03771	0.02479	8	9	4
15271	HCpbehm	3	3.3017	3.5000	5	6	0.03771	0.02479	8	9	4
15272	HCpbehu	3	3.3017	3.5000	5	6	0.03771	0.02479	8	8	4
15273	HCpdeij	3	3.3017	3.5000	5	6	0.03771	0.02479	8	9	4
15274	HCpdPxj	3	3.3017	3.5000	5	6	0.03771	0.02479	8	9	4
15275	HCpbehf	3	3.3017	3.5000	5	6	0.03771	0.02479	8	8	4
15276	HCpbehV	3	3.3017	3.5000	5	6	0.03771	0.02479	8	8	4
15277	HCpbejR	3	3.3017	3.5000	5	6	0.03771	0.02479	8	8	4
15278	HCpberT	3	3.3017	3.5000	5	6	0.03771	0.02479	8	8	4
15279	HCpdcyj	3	3.3017	3.5000	5	6	0.03771	0.02479	8	8	4
15280	HCpdPyj	3	3.3017	3.5000	5	6	0.03771	0.02479	8	9	4
15281	HCpdRW|	3	3.3017	3.5000	5	6	0.03771	0.02479	8	10	4
15282	HCpbeh}	3	3.3017	3.5000	5	7	0.03771	0.02479	8	8	4
15283	HCpbejm	3	3.3017	3.5000	5	7	0.03771	0.02479	8	8	4
15284	HCpdPxz	3	3.3017	3.5000	5	7	0.03771	0.02479	8	8	4
15285	HCpdPz\	3	3.3017	3.5000	5	7	0.03771	0.02479	8	10	4
15286	HCpbeh^	3	3.3017	3.5000	5	7	0.03771	0.02479	8	7	4
15287	HCpbehn	3	3.3017	3.5000	5	7	0.03771	0.02479	8	8	4
15288	HCpbehv	3	3.3017	3.5000	5	7	0.03771	0.02479	8	8	4
15289	HCpbejl	3	3.3017	3.5000	5	7	0.03771	0.02479	8	8	4
15290	HCpbejN	3	3.3017	3.5000	5	7	0.03771	0.02479	8	7	4
15291	HCpbejr	3	3.3017	3.5000	5	7	0.03771	0.02479	8	7	4
15292	HCpbejZ	3	3.3017	3.5000	5	7	0.03771	0.02479	8	8	4
15293	HCpdPx|	3	3.3017	3.5000	5	7	0.03771	0.02479	8	10	4
15294	HCpdPy|	3	3.3017	3.5000	5	7	0.03771	0.02479	8	9	4
15295	HCpdPyz	3	3.3017	3.5000	5	7	0.03771	0.02479	8	10	4
15296	HCpdPzj	3	3.3017	3.5000	5	7	0.03771	0.02479	8	9	4
15297	HCpbej\	3	3.3017	3.5000	5	7	0.03771	0.02479	8	8	4
15298	HCpbejV	3	3.3017	3.5000	5	7	0.03771	0.02479	8	7	4
15299	HCpdPyn	3	3.3017	3.5000	5	7	0.03771	0.02479	8	8	4
15300	HCpbej}	3	3.3017	3.5000	5	8	0.03771	0.02479	8	7	4
15301	HCpbeh~	3	3.3017	3.5000	5	8	0.03771	0.02479	8	7	4
15302	HCpbejn	3	3.3017	3.5000	5	8	0.03771	0.02479	8	7	4
15303	HCpbejz	3	3.3017	3.5000	5	8	0.03771	0.02479	8	7	4
15304	HCpdPz|	3	3.3017	3.5000	5	8	0.03771	0.02479	8	9	4
15305	HCpdPzz	3	3.3017	3.5000	5	8	0.03771	0.02479	8	9	4
15306	HCpbej^	3	3.3017	3.5000	5	8	0.03771	0.02479	8	7	4
15307	HCpbej|	3	3.3017	3.5000	5	8	0.03771	0.02479	8	7	4
15308	HCpbejv	3	3.3017	3.5000	5	8	0.03771	0.02479	8	7	4
15309	HCpdPzn	3	3.3017	3.5000	5	8	0.03771	0.02479	8	9	4
15310	HCpbej~	3	3.3017	3.5000	5	9	0.03771	0.02479	8	6	4
15311	HCpdPz~	3	3.3017	3.5000	5	9	0.03771	0.02479	8	8	4
15312	HCQbfIm	3	3.3800	3.7500	5	6	0.03800	0.03700	10	8	4
15313	HCRbcrS	3	3.3804	3.7500	4	5	0.03804	0.03696	10	8	4
15314	HCpbdii	3	3.3054	3.5000	4	5	0.03817	0.02433	8	8	4
15315	HCRbdQ{	3	3.4594	4.0000	4	6	0.03828	0.04505	12	8	4
15316	HCpdQjK	3	3.3486	3.6667	4	5	0.03873	0.03534	9	9	4
15317	HCQbdo{	3	3.4262	3.7500	4	5	0.03875	0.02943	11	8	4
15318	HCRV@qk	3	3.4678	4.0000	4	5	0.03899	0.04435	12	8	4
15319	HCOecpk	3	3.2361	3.5000	4	5	0.03934	0.04399	6	10	4
15320	HCOe`Xe	3	3.2361	3.5000	4	5	0.03934	0.04399	6	10	4
15321	HCQR@R[	3	3.2361	3.5000	4	6	0.03934	0.04399	6	11	4
15322	HCOedhe	3	3.2361	3.5000	4	5	0.03934	0.04399	6	11	4
15323	HCQTbQd	3	3.2361	3.5000	4	5	0.03934	0.04399	6	10	4
15324	HCQdaqT	3	3.2361	3.5000	4	5	0.03934	0.04399	6	9	4
15325	HCOecpm	3	3.2361	3.5000	4	6	0.03934	0.04399	6	10	4
15326	HCOecqu	3	3.2361	3.5000	4	6	0.03934	0.04399	6	9	4
15327	HCQR@Ru	3	3.2361	3.5000	4	7	0.03934	0.04399	6	11	4
15328	HCQbUYq	3	3.2361	3.5000	4	5	0.03934	0.04399	6	11	4
15329	HCQuQqe	3	3.2361	3.5000	4	5	0.03934	0.04399	6	10	4
15330	HCQuQqR	3	3.2361	3.5000	4	5	0.03934	0.04399	6	10	4
15331	HCQ`dhy	3	3.2361	3.5000	4	6	0.03934	0.04399	6	10	4
15332	HCOecpn	3	3.2361	3.5000	4	7	0.03934	0.04399	6	9	4
15333	HCQ`equ	3	3.2361	3.5000	4	6	0.03934	0.04399	6	11	4
15334	HCdebIq	3	3.2361	3.5000	4	5	0.03934	0.04399	6	12	4
15335	HCQuQqU	3	3.2361	3.5000	4	5	0.03934	0.04399	6	12	4
15336	HCQuQrI	3	3.2361	3.5000	4	5	0.03934	0.04399	6	11	4
15337	HCQTaZY	3	3.2361	3.5000	4	6	0.03934	0.04399	6	11	4
15338	HCQTbRY	3	3.2361	3.5000	4	6	0.03934	0.04399	6	11	4
15339	HCQ`epl	3	3.2361	3.5000	4	6	0.03934	0.04399	6	10	4
15340	HCQ`eqt	3	3.2361	3.5000	4	6	0.03934	0.04399	6	9	4
15341	HCQ`eqV	3	3.2361	3.5000	4	6	0.03934	0.04399	6	9	4
15342	HCQ`erL	3	3.2361	3.5000	4	6	0.03934	0.04399	6	10	4
15343	HCOecru	3	3.2361	3.5000	4	7	0.03934	0.04399	6	9	4
15344	HCQR@R}	3	3.2361	3.5000	4	8	0.03934	0.04399	6	10	4
15345	HCQ`erX	3	3.2361	3.5000	4	6	0.03934	0.04399	6	10	4
15346	HCpbTjK	3	3.2361	3.5000	4	5	0.03934	0.04399	6	10	4
15347	HCpdbYi	3	3.2361	3.5000	4	5	0.03934	0.04399	6	10	4
15348	HCQbUYu	3	3.2361	3.5000	4	6	0.03934	0.04399	6	11	4
15349	HCQuQzI	3	3.2361	3.5000	4	5	0.03934	0.04399	6	13	4
15350	HCdebIu	3	3.2361	3.5000	4	6	0.03934	0.04399	6	11	4
15351	HCQbUXm	3	3.2361	3.5000	4	6	0.03934	0.04399	6	10	4
15352	HCQbUZY	3	3.2361	3.5000	4	6	0.03934	0.04399	6	10	4
15353	HCQRUrM	3	3.2361	3.5000	4	6	0.03934	0.04399	6	11	4
15354	HCQuQpm	3	3.2361	3.5000	4	6	0.03934	0.04399	6	11	4
15355	HCQuQqu	3	3.2361	3.5000	4	6	0.03934	0.04399	6	12	4
15356	HCQuQqV	3	3.2361	3.5000	4	6	0.03934	0.04399	6	11	4
15357	HCQUQzi	3	3.2361	3.5000	4	6	0.03934	0.04399	6	13	4
15358	HCdbEit	3	3.2361	3.5000	4	6	0.03934	0.04399	6	9	4
15359	HCQbTjL	3	3.2361	3.5000	4	6	0.03934	0.04399	6	11	4
15360	HCQbTNL	3	3.2361	3.5000	4	6	0.03934	0.04399	6	10	4
15361	HCQbUrL	3	3.2361	3.5000	4	6	0.03934	0.04399	6	9	4
15362	HCQbUXl	3	3.2361	3.5000	4	6	0.03934	0.04399	6	9	4
15363	HCQ`djZ	3	3.2361	3.5000	4	7	0.03934	0.04399	6	9	4
15364	HCQ`epn	3	3.2361	3.5000	4	7	0.03934	0.04399	6	10	4
15365	HCQ`eqv	3	3.2361	3.5000	4	7	0.03934	0.04399	6	10	4
15366	HCQ`erl	3	3.2361	3.5000	4	7	0.03934	0.04399	6	10	4
15367	HCOecr}	3	3.2361	3.5000	4	8	0.03934	0.04399	6	8	4
15368	HCQR@R~	3	3.2361	3.5000	4	9	0.03934	0.04399	6	9	4
15369	HCQbUZL	3	3.2361	3.5000	4	6	0.03934	0.04399	6	10	4
15370	HCQ`er\	3	3.2361	3.5000	4	7	0.03934	0.04399	6	10	4
15371	HCpbUYu	3	3.2361	3.5000	4	6	0.03934	0.04399	6	10	4
15372	HCpdUhm	3	3.2361	3.5000	4	6	0.03934	0.04399	6	11	4
15373	HCdbMjM	3	3.2361	3.5000	4	6	0.03934	0.04399	6	11	4
15374	HCpdUim	3	3.2361	3.5000	4	6	0.03934	0.04399	6	10	4
15375	HCpdUji	3	3.2361	3.5000	4	6	0.03934	0.04399	6	10	4
15376	HCQucxm	3	3.2361	3.5000	4	6	0.03934	0.04399	6	11	4
15377	HCQuQyu	3	3.2361	3.5000	4	6	0.03934	0.04399	6	13	4
15378	HCdbMit	3	3.2361	3.5000	4	6	0.03934	0.04399	6	11	4
15379	HCpddVU	3	3.2361	3.5000	4	6	0.03934	0.04399	6	9	4
15380	HCpdeYj	3	3.2361	3.5000	4	6	0.03934	0.04399	6	9	4
15381	HCQuQxl	3	3.2361	3.5000	4	6	0.03934	0.04399	6	11	4
15382	HCQbUYv	3	3.2361	3.5000	4	7	0.03934	0.04399	6	10	4
15383	HCQbUZy	3	3.2361	3.5000	4	7	0.03934	0.04399	6	10	4
15384	HCQuQqv	3	3.2361	3.5000	4	7	0.03934	0.04399	6	11	4
15385	HCQuQrm	3	3.2361	3.5000	4	7	0.03934	0.04399	6	11	4
15386	HCQ`fZZ	3	3.2361	3.5000	4	7	0.03934	0.04399	6	10	4
15387	HCQ`ern	3	3.2361	3.5000	4	8	0.03934	0.04399	6	9	4
15388	HCdedf[	3	3.2361	3.5000	4	6	0.03934	0.04399	6	10	4
15389	HCQuczY	3	3.2361	3.5000	4	6	0.03934	0.04399	6	10	4
15390	HCQUkxj	3	3.2361	3.5000	4	6	0.03934	0.04399	6	12	4
15391	HCQuQx\	3	3.2361	3.5000	4	6	0.03934	0.04399	6	12	4
15392	HCQbUZ\	3	3.2361	3.5000	4	7	0.03934	0.04399	6	10	4
15393	HCQbUZl	3	3.2361	3.5000	4	7	0.03934	0.04399	6	9	4
15394	HCQuQr]	3	3.2361	3.5000	4	7	0.03934	0.04399	6	10	4
15395	HCQUQx|	3	3.2361	3.5000	4	7	0.03934	0.04399	6	12	4
15396	HCQ`fZ\	3	3.2361	3.5000	4	7	0.03934	0.04399	6	10	4
15397	HCQ`er^	3	3.2361	3.5000	4	8	0.03934	0.04399	6	9	4
15398	HCQ`er|	3	3.2361	3.5000	4	8	0.03934	0.04399	6	9	4
15399	HCpVUgv	3	3.2361	3.5000	4	6	0.03934	0.04399	6	10	4
15400	HCpdmYj	3	3.2361	3.5000	4	6	0.03934	0.04399	6	10	4
15401	HCpdRYv	3	3.2361	3.5000	4	7	0.03934	0.04399	6	10	4
15402	HCpdUiv	3	3.2361	3.5000	4	7	0.03934	0.04399	6	10	4
15403	HCpdUjm	3	3.2361	3.5000	4	7	0.03934	0.04399	6	10	4
15404	HCQucxn	3	3.2361	3.5000	4	7	0.03934	0.04399	6	10	4
15405	HCQuQzm	3	3.2361	3.5000	4	7	0.03934	0.04399	6	12	4
15406	HCQbUZ}	3	3.2361	3.5000	4	8	0.03934	0.04399	6	9	4
15407	HCpVUiZ	3	3.2361	3.5000	4	6	0.03934	0.04399	6	11	4
15408	HCdedf{	3	3.2361	3.5000	4	7	0.03934	0.04399	6	10	4
15409	HCpdRZZ	3	3.2361	3.5000	4	7	0.03934	0.04399	6	10	4
15410	HCpdUjt	3	3.2361	3.5000	4	7	0.03934	0.04399	6	10	4
15411	HCQuQx|	3	3.2361	3.5000	4	7	0.03934	0.04399	6	12	4
15412	HCQuQz]	3	3.2361	3.5000	4	7	0.03934	0.04399	6	11	4
15413	HCQUuZy	3	3.2361	3.5000	4	7	0.03934	0.04399	6	11	4
15414	HCRSujy	3	3.2361	3.5000	4	7	0.03934	0.04399	6	11	4
15415	HCQbUZ|	3	3.2361	3.5000	4	8	0.03934	0.04399	6	9	4
15416	HCQ`fZ^	3	3.2361	3.5000	4	8	0.03934	0.04399	6	9	4
15417	HCQuQr}	3	3.2361	3.5000	4	8	0.03934	0.04399	6	10	4
15418	HCQUQz}	3	3.2361	3.5000	4	8	0.03934	0.04399	6	11	4
15419	HCQ`er~	3	3.2361	3.5000	4	9	0.03934	0.04399	6	8	4
15420	HCpVUiz	3	3.2361	3.5000	4	7	0.03934	0.04399	6	11	4
15421	HCRSvhn	3	3.2361	3.5000	4	7	0.03934	0.04399	6	11	4
15422	HCpdUjv	3	3.2361	3.5000	4	8	0.03934	0.04399	6	9	4
15423	HCQuQz}	3	3.2361	3.5000	4	8	0.03934	0.04399	6	11	4
15424	HQjRvhy	2	2.2361	2.5000	4	6	0.03934	0.04399	6	15	3
15425	HCQuQpJ	3	3.2361	3.5000	5	5	0.03934	0.04399	6	12	4
15426	HCQRDjU	3	3.2361	3.5000	5	6	0.03934	0.04399	6	10	4
15427	HCOecqv	3	3.2361	3.5000	5	7	0.03934	0.04399	6	9	4
15428	HCpdRXe	3	3.2361	3.5000	5	5	0.03934	0.04399	6	9	4
15429	HCQ`djm	3	3.2361	3.5000	5	7	0.03934	0.04399	6	9	4
15430	HCQRUi]	3	3.2361	3.5000	5	6	0.03934	0.04399	6	13	4
15431	HCQuQrJ	3	3.2361	3.5000	5	6	0.03934	0.04399	6	11	4
15432	HCQbRVM	3	3.2361	3.5000	5	6	0.03934	0.04399	6	10	4
15433	HCQRUT]	3	3.2361	3.5000	5	6	0.03934	0.04399	6	13	4
15434	HCQ`djl	3	3.2361	3.5000	5	7	0.03934	0.04399	6	9	4
15435	HCOecrv	3	3.2361	3.5000	5	8	0.03934	0.04399	6	8	4
15436	HCQ`dn{	3	3.2361	3.5000	5	7	0.03934	0.04399	6	10	4
15437	HCQ`dj}	3	3.2361	3.5000	5	8	0.03934	0.04399	6	8	4
15438	HCpdRZM	3	3.2361	3.5000	5	6	0.03934	0.04399	6	10	4
15439	HCpbTZL	3	3.2361	3.5000	5	6	0.03934	0.04399	6	8	4
15440	HCpddUl	3	3.2361	3.5000	5	6	0.03934	0.04399	6	8	4
15441	HCpddVY	3	3.2361	3.5000	5	6	0.03934	0.04399	6	9	4
15442	HCpdRXj	3	3.2361	3.5000	5	6	0.03934	0.04399	6	9	4
15443	HCQ`djz	3	3.2361	3.5000	5	8	0.03934	0.04399	6	8	4
15444	HCpdRXf	3	3.2361	3.5000	5	6	0.03934	0.04399	6	10	4
15445	HCQuUT]	3	3.2361	3.5000	5	6	0.03934	0.04399	6	12	4
15446	HCdbML]	3	3.2361	3.5000	5	6	0.03934	0.04399	6	13	4
15447	HCQTmrM	3	3.2361	3.5000	5	6	0.03934	0.04399	6	12	4
15448	HCQUuXj	3	3.2361	3.5000	5	6	0.03934	0.04399	6	12	4
15449	HCQbUXn	3	3.2361	3.5000	5	7	0.03934	0.04399	6	10	4
15450	HCQbUZZ	3	3.2361	3.5000	5	7	0.03934	0.04399	6	10	4
15451	HCQuQpn	3	3.2361	3.5000	5	7	0.03934	0.04399	6	11	4
15452	HCQuQrZ	3	3.2361	3.5000	5	7	0.03934	0.04399	6	11	4
15453	HCQUQzj	3	3.2361	3.5000	5	7	0.03934	0.04399	6	12	4
15454	HCQ`fYv	3	3.2361	3.5000	5	7	0.03934	0.04399	6	10	4
15455	HCQ`djn	3	3.2361	3.5000	5	8	0.03934	0.04399	6	8	4
15456	HCOecr~	3	3.2361	3.5000	5	9	0.03934	0.04399	6	7	4
15457	HCdcurU	3	3.2361	3.5000	5	6	0.03934	0.04399	6	10	4
15458	HCdedqr	3	3.2361	3.5000	5	6	0.03934	0.04399	6	9	4
15459	HCpddUj	3	3.2361	3.5000	5	6	0.03934	0.04399	6	9	4
15460	HCQucvU	3	3.2361	3.5000	5	6	0.03934	0.04399	6	9	4
15461	HCQudfU	3	3.2361	3.5000	5	6	0.03934	0.04399	6	9	4
15462	HCQbUZN	3	3.2361	3.5000	5	7	0.03934	0.04399	6	9	4
15463	HCQ`fZl	3	3.2361	3.5000	5	7	0.03934	0.04399	6	10	4
15464	HCQ`dj|	3	3.2361	3.5000	5	8	0.03934	0.04399	6	8	4
15465	HCdcuqx	3	3.2361	3.5000	5	6	0.03934	0.04399	6	10	4
15466	HCdeeer	3	3.2361	3.5000	5	6	0.03934	0.04399	6	10	4
15467	HCQTmi]	3	3.2361	3.5000	5	6	0.03934	0.04399	6	10	4
15468	HCQucy\	3	3.2361	3.5000	5	6	0.03934	0.04399	6	10	4
15469	HCpdRZu	3	3.2361	3.5000	5	7	0.03934	0.04399	6	10	4
15470	HCQu]p\	3	3.2361	3.5000	5	6	0.03934	0.04399	6	11	4
15471	HCpeujL	3	3.2361	3.5000	5	6	0.03934	0.04399	6	9	4
15472	HCpbUY|	3	3.2361	3.5000	5	7	0.03934	0.04399	6	9	4
15473	HCpbUYn	3	3.2361	3.5000	5	7	0.03934	0.04399	6	7	4
15474	HCpbUZy	3	3.2361	3.5000	5	7	0.03934	0.04399	6	9	4
15475	HCpddVl	3	3.2361	3.5000	5	7	0.03934	0.04399	6	9	4
15476	HCpddVu	3	3.2361	3.5000	5	7	0.03934	0.04399	6	9	4
15477	HCpdRZ]	3	3.2361	3.5000	5	7	0.03934	0.04399	6	10	4
15478	HCpdRZm	3	3.2361	3.5000	5	7	0.03934	0.04399	6	9	4
15479	HCQUuX}	3	3.2361	3.5000	5	7	0.03934	0.04399	6	11	4
15480	HCQ`fZz	3	3.2361	3.5000	5	8	0.03934	0.04399	6	9	4
15481	HCpVUji	3	3.2361	3.5000	5	6	0.03934	0.04399	6	12	4
15482	HCpdRYn	3	3.2361	3.5000	5	7	0.03934	0.04399	6	9	4
15483	HCpdRZ\	3	3.2361	3.5000	5	7	0.03934	0.04399	6	10	4
15484	HCpdRZj	3	3.2361	3.5000	5	7	0.03934	0.04399	6	9	4
15485	HCpdRZt	3	3.2361	3.5000	5	7	0.03934	0.04399	6	10	4
15486	HCpdUj\	3	3.2361	3.5000	5	7	0.03934	0.04399	6	10	4
15487	HCpdUjN	3	3.2361	3.5000	5	7	0.03934	0.04399	6	8	4
15488	HCQuQxn	3	3.2361	3.5000	5	7	0.03934	0.04399	6	12	4
15489	HCQuQyv	3	3.2361	3.5000	5	7	0.03934	0.04399	6	12	4
15490	HCQbUZz	3	3.2361	3.5000	5	8	0.03934	0.04399	6	9	4
15491	HCQuQrn	3	3.2361	3.5000	5	8	0.03934	0.04399	6	10	4
15492	HCpVUjT	3	3.2361	3.5000	5	6	0.03934	0.04399	6	11	4
15493	HCdedf]	3	3.2361	3.5000	5	7	0.03934	0.04399	6	10	4
15494	HCpbUXn	3	3.2361	3.5000	5	7	0.03934	0.04399	6	9	4
15495	HCpbUZ\	3	3.2361	3.5000	5	7	0.03934	0.04399	6	9	4
15496	HCpbUZl	3	3.2361	3.5000	5	7	0.03934	0.04399	6	8	4
15497	HCpddVj	3	3.2361	3.5000	5	7	0.03934	0.04399	6	8	4
15498	HCpddVZ	3	3.2361	3.5000	5	7	0.03934	0.04399	6	9	4
15499	HCpdRXn	3	3.2361	3.5000	5	7	0.03934	0.04399	6	10	4
15500	HCpdRZN	3	3.2361	3.5000	5	7	0.03934	0.04399	6	9	4
15501	HCQuczu	3	3.2361	3.5000	5	7	0.03934	0.04399	6	10	4
15502	HCQuczZ	3	3.2361	3.5000	5	7	0.03934	0.04399	6	10	4
15503	HCQuQx^	3	3.2361	3.5000	5	7	0.03934	0.04399	6	11	4
15504	HCQuQz\	3	3.2361	3.5000	5	7	0.03934	0.04399	6	11	4
15505	HCQUuYv	3	3.2361	3.5000	5	7	0.03934	0.04399	6	11	4
15506	HCQbUZ^	3	3.2361	3.5000	5	8	0.03934	0.04399	6	9	4
15507	HCQbUZn	3	3.2361	3.5000	5	8	0.03934	0.04399	6	9	4
15508	HCQ`dn|	3	3.2361	3.5000	5	8	0.03934	0.04399	6	9	4
15509	HCQ`fZ|	3	3.2361	3.5000	5	8	0.03934	0.04399	6	9	4
15510	HCQuQr^	3	3.2361	3.5000	5	8	0.03934	0.04399	6	10	4
15511	HCQUQz|	3	3.2361	3.5000	5	8	0.03934	0.04399	6	11	4
15512	HCQ`dj~	3	3.2361	3.5000	5	9	0.03934	0.04399	6	7	4
15513	HCpbUZN	3	3.2361	3.5000	5	7	0.03934	0.04399	6	8	4
15514	HCpddUz	3	3.2361	3.5000	5	7	0.03934	0.04399	6	9	4
15515	HCdedfr	3	3.2361	3.5000	5	7	0.03934	0.04399	6	9	4
15516	HCdedfV	3	3.2361	3.5000	5	7	0.03934	0.04399	6	9	4
15517	HCdedfZ	3	3.2361	3.5000	5	7	0.03934	0.04399	6	10	4
15518	HCQucy^	3	3.2361	3.5000	5	7	0.03934	0.04399	6	9	4
15519	HCQucy|	3	3.2361	3.5000	5	7	0.03934	0.04399	6	10	4
15520	HCQucyv	3	3.2361	3.5000	5	7	0.03934	0.04399	6	10	4
15521	HCQucz\	3	3.2361	3.5000	5	7	0.03934	0.04399	6	9	4
15522	HCQuczV	3	3.2361	3.5000	5	7	0.03934	0.04399	6	9	4
15523	HCQUkzu	3	3.2361	3.5000	5	7	0.03934	0.04399	6	11	4
15524	HCRSujt	3	3.2361	3.5000	5	7	0.03934	0.04399	6	11	4
15525	HCrUZqZ	3	3.2361	3.5000	5	6	0.03934	0.04399	6	10	4
15526	HCpdR^]	3	3.2361	3.5000	5	7	0.03934	0.04399	6	10	4
15527	HCpdU^{	3	3.2361	3.5000	5	7	0.03934	0.04399	6	9	4
15528	HCpUuX}	3	3.2361	3.5000	5	7	0.03934	0.04399	6	10	4
15529	HCpVUi}	3	3.2361	3.5000	5	7	0.03934	0.04399	6	11	4
15530	HCpdUyv	3	3.2361	3.5000	5	7	0.03934	0.04399	6	10	4
15531	HCpbUY~	3	3.2361	3.5000	5	8	0.03934	0.04399	6	8	4
15532	HCpbUZ}	3	3.2361	3.5000	5	8	0.03934	0.04399	6	8	4
15533	HCpddV}	3	3.2361	3.5000	5	8	0.03934	0.04399	6	8	4
15534	HCpdRZ}	3	3.2361	3.5000	5	8	0.03934	0.04399	6	9	4
15535	HCpdU^y	3	3.2361	3.5000	5	7	0.03934	0.04399	6	9	4
15536	HCpVUiv	3	3.2361	3.5000	5	7	0.03934	0.04399	6	11	4
15537	HCpVUj]	3	3.2361	3.5000	5	7	0.03934	0.04399	6	10	4
15538	HCRSr^]	3	3.2361	3.5000	5	7	0.03934	0.04399	6	11	4
15539	HCpdU^t	3	3.2361	3.5000	5	7	0.03934	0.04399	6	9	4
15540	HCpdUvt	3	3.2361	3.5000	5	7	0.03934	0.04399	6	10	4
15541	HCpdUxn	3	3.2361	3.5000	5	7	0.03934	0.04399	6	10	4
15542	HCpdUzt	3	3.2361	3.5000	5	7	0.03934	0.04399	6	10	4
15543	HCpdVhn	3	3.2361	3.5000	5	7	0.03934	0.04399	6	10	4
15544	HCRStln	3	3.2361	3.5000	5	7	0.03934	0.04399	6	11	4
15545	HCpdRY~	3	3.2361	3.5000	5	8	0.03934	0.04399	6	9	4
15546	HCpdRZv	3	3.2361	3.5000	5	8	0.03934	0.04399	6	9	4
15547	HCpdRZz	3	3.2361	3.5000	5	8	0.03934	0.04399	6	9	4
15548	HCpdUj|	3	3.2361	3.5000	5	8	0.03934	0.04399	6	9	4
15549	HCpdUjn	3	3.2361	3.5000	5	8	0.03934	0.04399	6	9	4
15550	HCQuQzn	3	3.2361	3.5000	5	8	0.03934	0.04399	6	11	4
15551	HCQUuX~	3	3.2361	3.5000	5	8	0.03934	0.04399	6	10	4
15552	HCQ`fzz	3	3.2361	3.5000	5	8	0.03934	0.04399	6	8	4
15553	HCrI~bL	3	3.2361	3.5000	5	6	0.03934	0.04399	6	10	4
15554	HCpUuZy	3	3.2361	3.5000	5	7	0.03934	0.04399	6	10	4
15555	HCpVUi^	3	3.2361	3.5000	5	7	0.03934	0.04399	6	10	4
15556	HCpVUjZ	3	3.2361	3.5000	5	7	0.03934	0.04399	6	10	4
15557	HCRSun{	3	3.2361	3.5000	5	7	0.03934	0.04399	6	10	4
15558	HCRSuzu	3	3.2361	3.5000	5	7	0.03934	0.04399	6	10	4
15559	HCpdUtn	3	3.2361	3.5000	5	7	0.03934	0.04399	6	10	4
15560	HCpdUuv	3	3.2361	3.5000	5	7	0.03934	0.04399	6	10	4
15561	HCpdUzj	3	3.2361	3.5000	5	7	0.03934	0.04399	6	9	4
15562	HCpdVjt	3	3.2361	3.5000	5	7	0.03934	0.04399	6	10	4
15563	HCRSr^\	3	3.2361	3.5000	5	7	0.03934	0.04399	6	10	4
15564	HCRSr\n	3	3.2361	3.5000	5	7	0.03934	0.04399	6	11	4
15565	HCRSuln	3	3.2361	3.5000	5	7	0.03934	0.04399	6	10	4
15566	HCRSviz	3	3.2361	3.5000	5	7	0.03934	0.04399	6	11	4
15567	HCdedf}	3	3.2361	3.5000	5	8	0.03934	0.04399	6	9	4
15568	HCpbUZ|	3	3.2361	3.5000	5	8	0.03934	0.04399	6	8	4
15569	HCpddVn	3	3.2361	3.5000	5	8	0.03934	0.04399	6	8	4
15570	HCpddVv	3	3.2361	3.5000	5	8	0.03934	0.04399	6	8	4
15571	HCpdRZ^	3	3.2361	3.5000	5	8	0.03934	0.04399	6	9	4
15572	HCpdRZ|	3	3.2361	3.5000	5	8	0.03934	0.04399	6	9	4
15573	HCpdUj^	3	3.2361	3.5000	5	8	0.03934	0.04399	6	9	4
15574	HCQucz}	3	3.2361	3.5000	5	8	0.03934	0.04399	6	9	4
15575	HCQuQx~	3	3.2361	3.5000	5	8	0.03934	0.04399	6	11	4
15576	HCQuQz|	3	3.2361	3.5000	5	8	0.03934	0.04399	6	11	4
15577	HCQUuZ}	3	3.2361	3.5000	5	8	0.03934	0.04399	6	10	4
15578	HCQUuZz	3	3.2361	3.5000	5	8	0.03934	0.04399	6	10	4
15579	HCQ`fzn	3	3.2361	3.5000	5	8	0.03934	0.04399	6	8	4
15580	HCQbUZ~	3	3.2361	3.5000	5	9	0.03934	0.04399	6	8	4
15581	HCQ`fZ~	3	3.2361	3.5000	5	9	0.03934	0.04399	6	8	4
15582	HCQuQr~	3	3.2361	3.5000	5	9	0.03934	0.04399	6	9	4
15583	HCpdU\n	3	3.2361	3.5000	5	7	0.03934	0.04399	6	9	4
15584	HCpdUv\	3	3.2361	3.5000	5	7	0.03934	0.04399	6	10	4
15585	HCpdUz\	3	3.2361	3.5000	5	7	0.03934	0.04399	6	10	4
15586	HCpdUzN	3	3.2361	3.5000	5	7	0.03934	0.04399	6	9	4
15587	HCpdVTn	3	3.2361	3.5000	5	7	0.03934	0.04399	6	9	4
15588	HCpbUZ^	3	3.2361	3.5000	5	8	0.03934	0.04399	6	8	4
15589	HCpbUZn	3	3.2361	3.5000	5	8	0.03934	0.04399	6	8	4
15590	HCpddVz	3	3.2361	3.5000	5	8	0.03934	0.04399	6	8	4
15591	HCpdRZn	3	3.2361	3.5000	5	8	0.03934	0.04399	6	9	4
15592	HCQuQz^	3	3.2361	3.5000	5	8	0.03934	0.04399	6	11	4
15593	HCQ`fz|	3	3.2361	3.5000	5	8	0.03934	0.04399	6	8	4
15594	HCQUQz~	3	3.2361	3.5000	5	9	0.03934	0.04399	6	10	4
15595	HCpdR\n	3	3.2361	3.5000	5	7	0.03934	0.04399	6	10	4
15596	HCQ`dn~	3	3.2361	3.5000	5	9	0.03934	0.04399	6	8	4
15597	HCpdU^j	3	3.2361	3.5000	5	7	0.03934	0.04399	6	8	4
15598	HCpdU]n	3	3.2361	3.5000	5	7	0.03934	0.04399	6	8	4
15599	HCpdU^N	3	3.2361	3.5000	5	7	0.03934	0.04399	6	8	4
15600	HCpdUun	3	3.2361	3.5000	5	7	0.03934	0.04399	6	9	4
15601	HCpdUuz	3	3.2361	3.5000	5	7	0.03934	0.04399	6	10	4
15602	HCpdUvj	3	3.2361	3.5000	5	7	0.03934	0.04399	6	9	4
15603	HCpdUvN	3	3.2361	3.5000	5	7	0.03934	0.04399	6	9	4
15604	HCpdUvZ	3	3.2361	3.5000	5	7	0.03934	0.04399	6	10	4
15605	HCpdVVj	3	3.2361	3.5000	5	7	0.03934	0.04399	6	8	4
15606	HCRStn\	3	3.2361	3.5000	5	7	0.03934	0.04399	6	10	4
15607	HCRStnt	3	3.2361	3.5000	5	7	0.03934	0.04399	6	11	4
15608	HCRSvi^	3	3.2361	3.5000	5	7	0.03934	0.04399	6	10	4
15609	HCRSvj\	3	3.2361	3.5000	5	7	0.03934	0.04399	6	10	4
15610	HCRSvjt	3	3.2361	3.5000	5	7	0.03934	0.04399	6	11	4
15611	HCRSvjV	3	3.2361	3.5000	5	7	0.03934	0.04399	6	10	4
15612	HCdedf^	3	3.2361	3.5000	5	8	0.03934	0.04399	6	9	4
15613	HCdedfv	3	3.2361	3.5000	5	8	0.03934	0.04399	6	9	4
15614	HCdedfz	3	3.2361	3.5000	5	8	0.03934	0.04399	6	9	4
15615	HCQucy~	3	3.2361	3.5000	5	8	0.03934	0.04399	6	9	4
15616	HCQucz^	3	3.2361	3.5000	5	8	0.03934	0.04399	6	9	4
15617	HCQucz|	3	3.2361	3.5000	5	8	0.03934	0.04399	6	9	4
15618	HCQuczv	3	3.2361	3.5000	5	8	0.03934	0.04399	6	9	4
15619	HCQUkz}	3	3.2361	3.5000	5	8	0.03934	0.04399	6	10	4
15620	HCRSuj|	3	3.2361	3.5000	5	8	0.03934	0.04399	6	10	4
15621	HCRSujv	3	3.2361	3.5000	5	8	0.03934	0.04399	6	10	4
15622	HCpdVzm	3	3.2361	3.5000	5	7	0.03934	0.04399	6	9	4
15623	HCpUvY|	3	3.2361	3.5000	5	7	0.03934	0.04399	6	10	4
15624	HCpVS~u	3	3.2361	3.5000	5	7	0.03934	0.04399	6	10	4
15625	HCpdVvm	3	3.2361	3.5000	5	7	0.03934	0.04399	6	9	4
15626	HCpVTl^	3	3.2361	3.5000	5	7	0.03934	0.04399	6	10	4
15627	HCpVTlv	3	3.2361	3.5000	5	7	0.03934	0.04399	6	11	4
15628	HCpdU^}	3	3.2361	3.5000	5	8	0.03934	0.04399	6	8	4
15629	HCpdUzv	3	3.2361	3.5000	5	8	0.03934	0.04399	6	9	4
15630	HCpdVjz	3	3.2361	3.5000	5	8	0.03934	0.04399	6	9	4
15631	HCpVUj}	3	3.2361	3.5000	5	8	0.03934	0.04399	6	10	4
15632	HQjUjrh	2	2.2361	2.5000	5	6	0.03934	0.04399	6	16	3
15633	HCpUuv{	3	3.2361	3.5000	5	7	0.03934	0.04399	6	9	4
15634	HCpUuzy	3	3.2361	3.5000	5	7	0.03934	0.04399	6	9	4
15635	HCpUvZ]	3	3.2361	3.5000	5	7	0.03934	0.04399	6	10	4
15636	HCpUu\}	3	3.2361	3.5000	5	7	0.03934	0.04399	6	9	4
15637	HCpUvX^	3	3.2361	3.5000	5	7	0.03934	0.04399	6	9	4
15638	HCpUvYz	3	3.2361	3.5000	5	7	0.03934	0.04399	6	10	4
15639	HCpUvZ\	3	3.2361	3.5000	5	7	0.03934	0.04399	6	9	4
15640	HCpUvZl	3	3.2361	3.5000	5	7	0.03934	0.04399	6	10	4
15641	HCpVS~]	3	3.2361	3.5000	5	7	0.03934	0.04399	6	9	4
15642	HCpVS~y	3	3.2361	3.5000	5	7	0.03934	0.04399	6	10	4
15643	HCRSvz]	3	3.2361	3.5000	5	7	0.03934	0.04399	6	10	4
15644	HCpdR^|	3	3.2361	3.5000	5	8	0.03934	0.04399	6	9	4
15645	HCpdU^v	3	3.2361	3.5000	5	8	0.03934	0.04399	6	8	4
15646	HCpdUvv	3	3.2361	3.5000	5	8	0.03934	0.04399	6	9	4
15647	HCpdUy~	3	3.2361	3.5000	5	8	0.03934	0.04399	6	9	4
15648	HCpdVj^	3	3.2361	3.5000	5	8	0.03934	0.04399	6	9	4
15649	HCpdVj|	3	3.2361	3.5000	5	8	0.03934	0.04399	6	9	4
15650	HCpdVjn	3	3.2361	3.5000	5	8	0.03934	0.04399	6	9	4
15651	HCpdVV|	3	3.2361	3.5000	5	8	0.03934	0.04399	6	8	4
15652	HCpUuZ}	3	3.2361	3.5000	5	8	0.03934	0.04399	6	9	4
15653	HCpVUi~	3	3.2361	3.5000	5	8	0.03934	0.04399	6	10	4
15654	HCpVUjv	3	3.2361	3.5000	5	8	0.03934	0.04399	6	10	4
15655	HCpVUjz	3	3.2361	3.5000	5	8	0.03934	0.04399	6	10	4
15656	HCRSr^|	3	3.2361	3.5000	5	8	0.03934	0.04399	6	10	4
15657	HCRSr^v	3	3.2361	3.5000	5	8	0.03934	0.04399	6	10	4
15658	HCRSuz}	3	3.2361	3.5000	5	8	0.03934	0.04399	6	9	4
15659	HCRSvjz	3	3.2361	3.5000	5	8	0.03934	0.04399	6	10	4
15660	HCpdUj~	3	3.2361	3.5000	5	9	0.03934	0.04399	6	8	4
15661	HQhVUh}	2	2.2361	2.5000	5	7	0.03934	0.04399	6	16	3
15662	HCpVS|^	3	3.2361	3.5000	5	7	0.03934	0.04399	6	9	4
15663	HCpVTmz	3	3.2361	3.5000	5	7	0.03934	0.04399	6	11	4
15664	HCpVTnj	3	3.2361	3.5000	5	7	0.03934	0.04399	6	11	4
15665	HCpVTnZ	3	3.2361	3.5000	5	7	0.03934	0.04399	6	10	4
15666	HCpdR^^	3	3.2361	3.5000	5	8	0.03934	0.04399	6	9	4
15667	HCpdR^z	3	3.2361	3.5000	5	8	0.03934	0.04399	6	9	4
15668	HCpdU^|	3	3.2361	3.5000	5	8	0.03934	0.04399	6	8	4
15669	HCpdUv|	3	3.2361	3.5000	5	8	0.03934	0.04399	6	9	4
15670	HCpdUz|	3	3.2361	3.5000	5	8	0.03934	0.04399	6	9	4
15671	HCpdUzn	3	3.2361	3.5000	5	8	0.03934	0.04399	6	9	4
15672	HCpdUzz	3	3.2361	3.5000	5	8	0.03934	0.04399	6	9	4
15673	HCRSuzz	3	3.2361	3.5000	5	8	0.03934	0.04399	6	9	4
15674	HCpbUZ~	3	3.2361	3.5000	5	9	0.03934	0.04399	6	7	4
15675	HCpddV~	3	3.2361	3.5000	5	9	0.03934	0.04399	6	7	4
15676	HCpdRZ~	3	3.2361	3.5000	5	9	0.03934	0.04399	6	8	4
15677	HCQ`fz~	3	3.2361	3.5000	5	9	0.03934	0.04399	6	7	4
15678	HCQuQz~	3	3.2361	3.5000	5	9	0.03934	0.04399	6	10	4
15679	HCpdUz^	3	3.2361	3.5000	5	8	0.03934	0.04399	6	9	4
15680	HCpVUj^	3	3.2361	3.5000	5	8	0.03934	0.04399	6	10	4
15681	HCRSr^^	3	3.2361	3.5000	5	8	0.03934	0.04399	6	10	4
15682	HCQUuZ~	3	3.2361	3.5000	5	9	0.03934	0.04399	6	9	4
15683	HCpdR^n	3	3.2361	3.5000	5	8	0.03934	0.04399	6	9	4
15684	HCpVS}^	3	3.2361	3.5000	5	7	0.03934	0.04399	6	9	4
15685	HCpVTvj	3	3.2361	3.5000	5	7	0.03934	0.04399	6	11	4
15686	HCpVTvN	3	3.2361	3.5000	5	7	0.03934	0.04399	6	10	4
15687	HCpVTvZ	3	3.2361	3.5000	5	7	0.03934	0.04399	6	10	4
15688	HCpVUt^	3	3.2361	3.5000	5	7	0.03934	0.04399	6	9	4
15689	HCpVUu^	3	3.2361	3.5000	5	7	0.03934	0.04399	6	9	4
15690	HCpVVU^	3	3.2361	3.5000	5	7	0.03934	0.04399	6	10	4
15691	HCpdU^^	3	3.2361	3.5000	5	8	0.03934	0.04399	6	8	4
15692	HCpdU]~	3	3.2361	3.5000	5	8	0.03934	0.04399	6	8	4
15693	HCpdU^n	3	3.2361	3.5000	5	8	0.03934	0.04399	6	8	4
15694	HCpdUu~	3	3.2361	3.5000	5	8	0.03934	0.04399	6	9	4
15695	HCpdUv^	3	3.2361	3.5000	5	8	0.03934	0.04399	6	9	4
15696	HCpdUvn	3	3.2361	3.5000	5	8	0.03934	0.04399	6	9	4
15697	HCpdUvz	3	3.2361	3.5000	5	8	0.03934	0.04399	6	9	4
15698	HCpdU^z	3	3.2361	3.5000	5	8	0.03934	0.04399	6	8	4
15699	HCpdVV^	3	3.2361	3.5000	5	8	0.03934	0.04399	6	8	4
15700	HCpdVVn	3	3.2361	3.5000	5	8	0.03934	0.04399	6	8	4
15701	HCpdVVz	3	3.2361	3.5000	5	8	0.03934	0.04399	6	8	4
15702	HCRStn|	3	3.2361	3.5000	5	8	0.03934	0.04399	6	10	4
15703	HCRSun|	3	3.2361	3.5000	5	8	0.03934	0.04399	6	9	4
15704	HCRSunz	3	3.2361	3.5000	5	8	0.03934	0.04399	6	9	4
15705	HCRSuy~	3	3.2361	3.5000	5	8	0.03934	0.04399	6	9	4
15706	HCRSuz|	3	3.2361	3.5000	5	8	0.03934	0.04399	6	9	4
15707	HCRSuzv	3	3.2361	3.5000	5	8	0.03934	0.04399	6	9	4
15708	HCRSvi~	3	3.2361	3.5000	5	8	0.03934	0.04399	6	10	4
15709	HCRSvj^	3	3.2361	3.5000	5	8	0.03934	0.04399	6	10	4
15710	HCRSvj|	3	3.2361	3.5000	5	8	0.03934	0.04399	6	10	4
15711	HCRSvjv	3	3.2361	3.5000	5	8	0.03934	0.04399	6	10	4
15712	HCdedf~	3	3.2361	3.5000	5	9	0.03934	0.04399	6	8	4
15713	HCQucz~	3	3.2361	3.5000	5	9	0.03934	0.04399	6	8	4
15714	HCRSuj~	3	3.2361	3.5000	5	9	0.03934	0.04399	6	9	4
15715	HCpVuxv	3	3.2361	3.5000	5	7	0.03934	0.04399	6	10	4
15716	HQjVRzU	2	2.2361	2.5000	5	6	0.03934	0.04399	6	15	3
15717	HQjUjrl	2	2.2361	2.5000	5	7	0.03934	0.04399	6	15	3
15718	HCpVuzy	3	3.2361	3.5000	5	7	0.03934	0.04399	6	10	4
15719	HCpVuyv	3	3.2361	3.5000	5	7	0.03934	0.04399	6	10	4
15720	HCpUvX~	3	3.2361	3.5000	5	8	0.03934	0.04399	6	9	4
15721	HCpUvY~	3	3.2361	3.5000	5	8	0.03934	0.04399	6	9	4
15722	HCpUvZ|	3	3.2361	3.5000	5	8	0.03934	0.04399	6	9	4
15723	HCpVS~}	3	3.2361	3.5000	5	8	0.03934	0.04399	6	9	4
15724	HCpVTl~	3	3.2361	3.5000	5	8	0.03934	0.04399	6	10	4
15725	HCpdVzv	3	3.2361	3.5000	5	8	0.03934	0.04399	6	8	4
15726	HQhVTzu	2	2.2361	2.5000	5	7	0.03934	0.04399	6	15	3
15727	HQhVUn{	2	2.2361	2.5000	5	7	0.03934	0.04399	6	15	3
15728	HQhVVj]	2	2.2361	2.5000	5	7	0.03934	0.04399	6	15	3
15729	HQjUjrm	2	2.2361	2.5000	5	7	0.03934	0.04399	6	15	3
15730	HQhVUl}	2	2.2361	2.5000	5	7	0.03934	0.04399	6	15	3
15731	HCpVS|~	3	3.2361	3.5000	5	8	0.03934	0.04399	6	9	4
15732	HCpVS~v	3	3.2361	3.5000	5	8	0.03934	0.04399	6	9	4
15733	HCpVTnv	3	3.2361	3.5000	5	8	0.03934	0.04399	6	10	4
15734	HCpVTvv	3	3.2361	3.5000	5	8	0.03934	0.04399	6	10	4
15735	HCpdU~v	3	3.2361	3.5000	5	8	0.03934	0.04399	6	8	4
15736	HCpdVv|	3	3.2361	3.5000	5	8	0.03934	0.04399	6	8	4
15737	HCRSvzz	3	3.2361	3.5000	5	8	0.03934	0.04399	6	9	4
15738	HCpdVj~	3	3.2361	3.5000	5	9	0.03934	0.04399	6	8	4
15739	HCpVuz\	3	3.2361	3.5000	5	7	0.03934	0.04399	6	10	4
15740	HQhVVi|	2	2.2361	2.5000	5	7	0.03934	0.04399	6	15	3
15741	HCpUuz|	3	3.2361	3.5000	5	8	0.03934	0.04399	6	8	4
15742	HCpVTn^	3	3.2361	3.5000	5	8	0.03934	0.04399	6	10	4
15743	HCpVTnz	3	3.2361	3.5000	5	8	0.03934	0.04399	6	10	4
15744	HCpdU~|	3	3.2361	3.5000	5	8	0.03934	0.04399	6	8	4
15745	HCpdVz|	3	3.2361	3.5000	5	8	0.03934	0.04399	6	8	4
15746	HCpdVzn	3	3.2361	3.5000	5	8	0.03934	0.04399	6	8	4
15747	HCpdUz~	3	3.2361	3.5000	5	9	0.03934	0.04399	6	8	4
15748	HCpVUj~	3	3.2361	3.5000	5	9	0.03934	0.04399	6	9	4
15749	HCRSr^~	3	3.2361	3.5000	5	9	0.03934	0.04399	6	9	4
15750	HCpdR^~	3	3.2361	3.5000	5	9	0.03934	0.04399	6	8	4
15751	HCQ`f~~	3	3.2361	3.5000	5	9	0.03934	0.04399	6	6	4
15752	HQhVTzy	2	2.2361	2.5000	5	7	0.03934	0.04399	6	15	3
15753	HQjUjru	2	2.2361	2.5000	5	7	0.03934	0.04399	6	15	3
15754	HCpUu]~	3	3.2361	3.5000	5	8	0.03934	0.04399	6	8	4
15755	HCpUum~	3	3.2361	3.5000	5	8	0.03934	0.04399	6	8	4
15756	HCpVS~^	3	3.2361	3.5000	5	8	0.03934	0.04399	6	9	4
15757	HCpVS}~	3	3.2361	3.5000	5	8	0.03934	0.04399	6	9	4
15758	HCpVS~n	3	3.2361	3.5000	5	8	0.03934	0.04399	6	9	4
15759	HCpVS~z	3	3.2361	3.5000	5	8	0.03934	0.04399	6	9	4
15760	HCpVTv^	3	3.2361	3.5000	5	8	0.03934	0.04399	6	10	4
15761	HCpVTvn	3	3.2361	3.5000	5	8	0.03934	0.04399	6	10	4
15762	HCpVTvz	3	3.2361	3.5000	5	8	0.03934	0.04399	6	10	4
15763	HCpVUt~	3	3.2361	3.5000	5	8	0.03934	0.04399	6	9	4
15764	HCpVUu~	3	3.2361	3.5000	5	8	0.03934	0.04399	6	9	4
15765	HCpVVU~	3	3.2361	3.5000	5	8	0.03934	0.04399	6	10	4
15766	HCpdU~^	3	3.2361	3.5000	5	8	0.03934	0.04399	6	8	4
15767	HCpdU}~	3	3.2361	3.5000	5	8	0.03934	0.04399	6	8	4
15768	HCpdU~n	3	3.2361	3.5000	5	8	0.03934	0.04399	6	8	4
15769	HCpdU~z	3	3.2361	3.5000	5	8	0.03934	0.04399	6	8	4
15770	HCpdV^n	3	3.2361	3.5000	5	8	0.03934	0.04399	6	8	4
15771	HCpdVvn	3	3.2361	3.5000	5	8	0.03934	0.04399	6	8	4
15772	HCpdVvz	3	3.2361	3.5000	5	8	0.03934	0.04399	6	8	4
15773	HCRSvn|	3	3.2361	3.5000	5	8	0.03934	0.04399	6	9	4
15774	HCRSvnz	3	3.2361	3.5000	5	8	0.03934	0.04399	6	9	4
15775	HCRSvz^	3	3.2361	3.5000	5	8	0.03934	0.04399	6	9	4
15776	HCRSvz|	3	3.2361	3.5000	5	8	0.03934	0.04399	6	9	4
15777	HCpdU^~	3	3.2361	3.5000	5	9	0.03934	0.04399	6	7	4
15778	HCpdUv~	3	3.2361	3.5000	5	9	0.03934	0.04399	6	8	4
15779	HCpdVV~	3	3.2361	3.5000	5	9	0.03934	0.04399	6	7	4
15780	HCRSuz~	3	3.2361	3.5000	5	9	0.03934	0.04399	6	8	4
15781	HCRSvj~	3	3.2361	3.5000	5	9	0.03934	0.04399	6	9	4
15782	HQjRvjy	2	2.2361	2.5000	5	7	0.03934	0.04399	6	14	3
15783	HQzTrj]	2	2.2361	2.5000	5	7	0.03934	0.04399	6	14	3
15784	HQjRrvu	2	2.2361	2.5000	5	7	0.03934	0.04399	6	14	3
15785	HQjVUn{	2	2.2361	2.5000	5	7	0.03934	0.04399	6	14	3
15786	HQhVvj]	2	2.2361	2.5000	5	7	0.03934	0.04399	6	14	3
15787	HQhVVn{	2	2.2361	2.5000	5	7	0.03934	0.04399	6	14	3
15788	HQjRunl	2	2.2361	2.5000	5	7	0.03934	0.04399	6	14	3
15789	HQjRvT}	2	2.2361	2.5000	5	7	0.03934	0.04399	6	14	3
15790	HQjUnrm	2	2.2361	2.5000	5	7	0.03934	0.04399	6	14	3
15791	HQhVvZV	2	2.2361	2.5000	5	7	0.03934	0.04399	6	14	3
15792	HQjRvVV	2	2.2361	2.5000	5	7	0.03934	0.04399	6	14	3
15793	HQjUjr|	2	2.2361	2.5000	5	8	0.03934	0.04399	6	14	3
15794	HCpUvz|	3	3.2361	3.5000	5	8	0.03934	0.04399	6	8	4
15795	HCpVT|~	3	3.2361	3.5000	5	8	0.03934	0.04399	6	9	4
15796	HCpVT~v	3	3.2361	3.5000	5	8	0.03934	0.04399	6	9	4
15797	HCpVVnv	3	3.2361	3.5000	5	8	0.03934	0.04399	6	9	4
15798	HCpdVz~	3	3.2361	3.5000	5	9	0.03934	0.04399	6	7	4
15799	HCpVTn~	3	3.2361	3.5000	5	9	0.03934	0.04399	6	9	4
15800	HQjRunt	2	2.2361	2.5000	5	7	0.03934	0.04399	6	14	3
15801	HQjRvj\	2	2.2361	2.5000	5	7	0.03934	0.04399	6	14	3
15802	HQjRvjt	2	2.2361	2.5000	5	7	0.03934	0.04399	6	14	3
15803	HQjRvVl	2	2.2361	2.5000	5	7	0.03934	0.04399	6	14	3
15804	HQjRrvj	2	2.2361	2.5000	5	7	0.03934	0.04399	6	14	3
15805	HQjUjrv	2	2.2361	2.5000	5	8	0.03934	0.04399	6	14	3
15806	HCpUv]~	3	3.2361	3.5000	5	8	0.03934	0.04399	6	8	4
15807	HCpUv\~	3	3.2361	3.5000	5	8	0.03934	0.04399	6	8	4
15808	HCpVT~^	3	3.2361	3.5000	5	8	0.03934	0.04399	6	9	4
15809	HCpVT}~	3	3.2361	3.5000	5	8	0.03934	0.04399	6	9	4
15810	HCpVVt~	3	3.2361	3.5000	5	8	0.03934	0.04399	6	9	4
15811	HCpVVu~	3	3.2361	3.5000	5	8	0.03934	0.04399	6	9	4
15812	HCpdU~~	3	3.2361	3.5000	5	9	0.03934	0.04399	6	7	4
15813	HCpdV^~	3	3.2361	3.5000	5	9	0.03934	0.04399	6	7	4
15814	HCpdVv~	3	3.2361	3.5000	5	9	0.03934	0.04399	6	7	4
15815	HCpVS~~	3	3.2361	3.5000	5	9	0.03934	0.04399	6	8	4
15816	HCpVTv~	3	3.2361	3.5000	5	9	0.03934	0.04399	6	9	4
15817	HCRSvz~	3	3.2361	3.5000	5	9	0.03934	0.04399	6	8	4
15818	HQjurzy	2	2.2361	2.5000	5	7	0.03934	0.04399	6	13	3
15819	HQjRvn{	2	2.2361	2.5000	5	7	0.03934	0.04399	6	13	3
15820	HQjurz]	2	2.2361	2.5000	5	7	0.03934	0.04399	6	13	3
15821	HQjurzm	2	2.2361	2.5000	5	7	0.03934	0.04399	6	13	3
15822	HQzTvj]	2	2.2361	2.5000	5	7	0.03934	0.04399	6	13	3
15823	HQjRvv{	2	2.2361	2.5000	5	7	0.03934	0.04399	6	13	3
15824	HQjVjzy	2	2.2361	2.5000	5	7	0.03934	0.04399	6	13	3
15825	HQjnezr	2	2.2361	2.5000	5	7	0.03934	0.04399	6	13	3
15826	HQjnezu	2	2.2361	2.5000	5	7	0.03934	0.04399	6	13	3
15827	HQjuvj]	2	2.2361	2.5000	5	7	0.03934	0.04399	6	13	3
15828	HQjVvhz	2	2.2361	2.5000	5	7	0.03934	0.04399	6	13	3
15829	HQjVvj]	2	2.2361	2.5000	5	7	0.03934	0.04399	6	13	3
15830	HQzTvZV	2	2.2361	2.5000	5	7	0.03934	0.04399	6	13	3
15831	HQhVvzu	2	2.2361	2.5000	5	7	0.03934	0.04399	6	13	3
15832	HQzTvjl	2	2.2361	2.5000	5	7	0.03934	0.04399	6	13	3
15833	HQjVjyn	2	2.2361	2.5000	5	7	0.03934	0.04399	6	13	3
15834	HQyuumn	2	2.2361	2.5000	5	7	0.03934	0.04399	6	13	3
15835	HQjRrv}	2	2.2361	2.5000	5	8	0.03934	0.04399	6	13	3
15836	HQjRvjz	2	2.2361	2.5000	5	8	0.03934	0.04399	6	13	3
15837	HQinvjr	2	2.2361	2.5000	5	7	0.03934	0.04399	6	13	3
15838	HQjnezm	2	2.2361	2.5000	5	7	0.03934	0.04399	6	13	3
15839	HQjurzV	2	2.2361	2.5000	5	7	0.03934	0.04399	6	13	3
15840	HQjuvh^	2	2.2361	2.5000	5	7	0.03934	0.04399	6	13	3
15841	HQjVjz]	2	2.2361	2.5000	5	7	0.03934	0.04399	6	13	3
15842	HQjVjzu	2	2.2361	2.5000	5	7	0.03934	0.04399	6	13	3
15843	HQjnez\	2	2.2361	2.5000	5	7	0.03934	0.04399	6	13	3
15844	HQjVmzu	2	2.2361	2.5000	5	7	0.03934	0.04399	6	13	3
15845	HQjlvjt	2	2.2361	2.5000	5	7	0.03934	0.04399	6	13	3
15846	HQjRrvv	2	2.2361	2.5000	5	8	0.03934	0.04399	6	13	3
15847	HQjRvh~	2	2.2361	2.5000	5	8	0.03934	0.04399	6	13	3
15848	HQjRvj^	2	2.2361	2.5000	5	8	0.03934	0.04399	6	13	3
15849	HQjRvj|	2	2.2361	2.5000	5	8	0.03934	0.04399	6	13	3
15850	HQjRvjv	2	2.2361	2.5000	5	8	0.03934	0.04399	6	13	3
15851	HQjRvT~	2	2.2361	2.5000	5	8	0.03934	0.04399	6	13	3
15852	HQjRvV|	2	2.2361	2.5000	5	8	0.03934	0.04399	6	13	3
15853	HCpVvm~	3	3.2361	3.5000	5	8	0.03934	0.04399	6	8	4
15854	HCpVT~~	3	3.2361	3.5000	5	9	0.03934	0.04399	6	8	4
15855	HCpdV~~	3	3.2361	3.5000	5	9	0.03934	0.04399	6	6	4
15856	HQyvuxv	2	2.2361	2.5000	5	7	0.03934	0.04399	6	12	3
15857	HQy~ezr	2	2.2361	2.5000	5	7	0.03934	0.04399	6	12	3
15858	HQjur~m	2	2.2361	2.5000	5	7	0.03934	0.04399	6	12	3
15859	HQyvvh^	2	2.2361	2.5000	5	7	0.03934	0.04399	6	12	3
15860	HQjvnr\	2	2.2361	2.5000	5	7	0.03934	0.04399	6	12	3
15861	HQjv^p^	2	2.2361	2.5000	5	7	0.03934	0.04399	6	12	3
15862	HQy~ezZ	2	2.2361	2.5000	5	7	0.03934	0.04399	6	12	3
15863	HQyvvZu	2	2.2361	2.5000	5	7	0.03934	0.04399	6	12	3
15864	HQzVvj]	2	2.2361	2.5000	5	7	0.03934	0.04399	6	12	3
15865	HQjv^rt	2	2.2361	2.5000	5	7	0.03934	0.04399	6	12	3
15866	HQjuvj}	2	2.2361	2.5000	5	8	0.03934	0.04399	6	12	3
15867	HQyvvjy	2	2.2361	2.5000	5	7	0.03934	0.04399	6	12	3
15868	HQyvvZt	2	2.2361	2.5000	5	7	0.03934	0.04399	6	12	3
15869	HQjv^ru	2	2.2361	2.5000	5	7	0.03934	0.04399	6	12	3
15870	HQyvvjj	2	2.2361	2.5000	5	7	0.03934	0.04399	6	12	3
15871	HQjnez^	2	2.2361	2.5000	5	8	0.03934	0.04399	6	12	3
15872	HQjnez}	2	2.2361	2.5000	5	8	0.03934	0.04399	6	12	3
15873	HQjuvjn	2	2.2361	2.5000	5	8	0.03934	0.04399	6	12	3
15874	HQjVjz|	2	2.2361	2.5000	5	8	0.03934	0.04399	6	12	3
15875	HQjVjz}	2	2.2361	2.5000	5	8	0.03934	0.04399	6	12	3
15876	HQjVmz}	2	2.2361	2.5000	5	8	0.03934	0.04399	6	12	3
15877	HQjRvn|	2	2.2361	2.5000	5	8	0.03934	0.04399	6	12	3
15878	HQjRvj~	2	2.2361	2.5000	5	9	0.03934	0.04399	6	12	3
15879	HQyvvin	2	2.2361	2.5000	5	7	0.03934	0.04399	6	12	3
15880	HQz^vjr	2	2.2361	2.5000	5	7	0.03934	0.04399	6	11	3
15881	HQzVvzu	2	2.2361	2.5000	5	7	0.03934	0.04399	6	11	3
15882	HUZv^rx	2	2.2361	2.5000	5	7	0.03934	0.04399	6	11	3
15883	HQzvnr\	2	2.2361	2.5000	5	7	0.03934	0.04399	6	11	3
15884	HUZvvhn	2	2.2361	2.5000	5	6	0.03934	0.04399	6	11	3
15885	HQyvuz}	2	2.2361	2.5000	5	8	0.03934	0.04399	6	11	3
15886	HQyvvj}	2	2.2361	2.5000	5	8	0.03934	0.04399	6	11	3
15887	HQyvvjz	2	2.2361	2.5000	5	8	0.03934	0.04399	6	11	3
15888	HQyvvjn	2	2.2361	2.5000	5	8	0.03934	0.04399	6	11	3
15889	HUZvvzy	2	2.2361	2.5000	5	7	0.03934	0.04399	6	10	3
15890	HQyvvj~	2	2.2361	2.5000	5	9	0.03934	0.04399	6	10	3
15891	HUZ~vzy	2	2.2361	2.5000	5	7	0.03934	0.04399	6	9	3
15892	HCQUkyv	3	3.2361	3.5000	6	7	0.03934	0.04399	6	11	4
15893	HCpUuZj	3	3.2361	3.5000	6	7	0.03934	0.04399	6	10	4
15894	HCRSum}	3	3.2361	3.5000	6	7	0.03934	0.04399	6	10	4
15895	HCRStmv	3	3.2361	3.5000	6	7	0.03934	0.04399	6	11	4
15896	HCRStnV	3	3.2361	3.5000	6	7	0.03934	0.04399	6	10	4
15897	HCQUkzv	3	3.2361	3.5000	6	8	0.03934	0.04399	6	10	4
15898	HCpUvZV	3	3.2361	3.5000	6	7	0.03934	0.04399	6	9	4
15899	HCpUuZv	3	3.2361	3.5000	6	8	0.03934	0.04399	6	9	4
15900	HCpUuzj	3	3.2361	3.5000	6	7	0.03934	0.04399	6	9	4
15901	HCpUvZj	3	3.2361	3.5000	6	7	0.03934	0.04399	6	10	4
15902	HCRSvn]	3	3.2361	3.5000	6	7	0.03934	0.04399	6	10	4
15903	HCRSun}	3	3.2361	3.5000	6	8	0.03934	0.04399	6	9	4
15904	HCpUu^y	3	3.2361	3.5000	6	7	0.03934	0.04399	6	9	4
15905	HCpUvZZ	3	3.2361	3.5000	6	7	0.03934	0.04399	6	9	4
15906	HCpUuZz	3	3.2361	3.5000	6	8	0.03934	0.04399	6	9	4
15907	HCpVUvN	3	3.2361	3.5000	6	7	0.03934	0.04399	6	9	4
15908	HCpVUvZ	3	3.2361	3.5000	6	7	0.03934	0.04399	6	9	4
15909	HCpVVVj	3	3.2361	3.5000	6	7	0.03934	0.04399	6	11	4
15910	HCpVVVZ	3	3.2361	3.5000	6	7	0.03934	0.04399	6	10	4
15911	HCRStn^	3	3.2361	3.5000	6	8	0.03934	0.04399	6	10	4
15912	HCRStnv	3	3.2361	3.5000	6	8	0.03934	0.04399	6	10	4
15913	HCRSum~	3	3.2361	3.5000	6	8	0.03934	0.04399	6	9	4
15914	HCRSunv	3	3.2361	3.5000	6	8	0.03934	0.04399	6	9	4
15915	HCQUkz~	3	3.2361	3.5000	6	9	0.03934	0.04399	6	9	4
15916	HCpUvZv	3	3.2361	3.5000	6	8	0.03934	0.04399	6	9	4
15917	HCpVuzj	3	3.2361	3.5000	6	7	0.03934	0.04399	6	10	4
15918	HCpVuzV	3	3.2361	3.5000	6	7	0.03934	0.04399	6	9	4
15919	HCpUun}	3	3.2361	3.5000	6	8	0.03934	0.04399	6	8	4
15920	HCpUuzv	3	3.2361	3.5000	6	8	0.03934	0.04399	6	8	4
15921	HCpVUv}	3	3.2361	3.5000	6	8	0.03934	0.04399	6	9	4
15922	HCpVuzN	3	3.2361	3.5000	6	7	0.03934	0.04399	6	9	4
15923	HCpUu^}	3	3.2361	3.5000	6	8	0.03934	0.04399	6	8	4
15924	HCpUuzn	3	3.2361	3.5000	6	8	0.03934	0.04399	6	8	4
15925	HCpUvZn	3	3.2361	3.5000	6	8	0.03934	0.04399	6	9	4
15926	HCpUvZz	3	3.2361	3.5000	6	8	0.03934	0.04399	6	9	4
15927	HCpVUvv	3	3.2361	3.5000	6	8	0.03934	0.04399	6	9	4
15928	HCpVVVv	3	3.2361	3.5000	6	8	0.03934	0.04399	6	10	4
15929	HCpVuzZ	3	3.2361	3.5000	6	7	0.03934	0.04399	6	9	4
15930	HCpUunn	3	3.2361	3.5000	6	8	0.03934	0.04399	6	8	4
15931	HCpUu^v	3	3.2361	3.5000	6	8	0.03934	0.04399	6	8	4
15932	HCpUuv}	3	3.2361	3.5000	6	8	0.03934	0.04399	6	8	4
15933	HCpUuzz	3	3.2361	3.5000	6	8	0.03934	0.04399	6	8	4
15934	HCpUvZ^	3	3.2361	3.5000	6	8	0.03934	0.04399	6	9	4
15935	HCpUuZ~	3	3.2361	3.5000	6	9	0.03934	0.04399	6	8	4
15936	HCpUunz	3	3.2361	3.5000	6	8	0.03934	0.04399	6	8	4
15937	HCpUuvv	3	3.2361	3.5000	6	8	0.03934	0.04399	6	8	4
15938	HQhVTvm	2	2.2361	2.5000	6	7	0.03934	0.04399	6	15	3
15939	HCpUuvn	3	3.2361	3.5000	6	8	0.03934	0.04399	6	8	4
15940	HCpUu^z	3	3.2361	3.5000	6	8	0.03934	0.04399	6	8	4
15941	HCpVUv^	3	3.2361	3.5000	6	8	0.03934	0.04399	6	9	4
15942	HCpVUvn	3	3.2361	3.5000	6	8	0.03934	0.04399	6	9	4
15943	HCpVUvz	3	3.2361	3.5000	6	8	0.03934	0.04399	6	9	4
15944	HCpVVV^	3	3.2361	3.5000	6	8	0.03934	0.04399	6	10	4
15945	HCpVVVz	3	3.2361	3.5000	6	8	0.03934	0.04399	6	10	4
15946	HCRSvm~	3	3.2361	3.5000	6	8	0.03934	0.04399	6	9	4
15947	HCRSvn^	3	3.2361	3.5000	6	8	0.03934	0.04399	6	9	4
15948	HCRSvnv	3	3.2361	3.5000	6	8	0.03934	0.04399	6	9	4
15949	HCRStn~	3	3.2361	3.5000	6	9	0.03934	0.04399	6	9	4
15950	HCRSun~	3	3.2361	3.5000	6	9	0.03934	0.04399	6	8	4
15951	HCpUuvz	3	3.2361	3.5000	6	8	0.03934	0.04399	6	8	4
15952	HCpVuzv	3	3.2361	3.5000	6	8	0.03934	0.04399	6	9	4
15953	HCpUvn|	3	3.2361	3.5000	6	8	0.03934	0.04399	6	8	4
15954	HCpVuzn	3	3.2361	3.5000	6	8	0.03934	0.04399	6	9	4
15955	HCpUv^|	3	3.2361	3.5000	6	8	0.03934	0.04399	6	8	4
15956	HCpVuzz	3	3.2361	3.5000	6	8	0.03934	0.04399	6	9	4
15957	HQhVTzv	2	2.2361	2.5000	6	8	0.03934	0.04399	6	14	3
15958	HCpUvl~	3	3.2361	3.5000	6	8	0.03934	0.04399	6	8	4
15959	HCpUv^v	3	3.2361	3.5000	6	8	0.03934	0.04399	6	8	4
15960	HCpUvzz	3	3.2361	3.5000	6	8	0.03934	0.04399	6	8	4
15961	HCpVVvv	3	3.2361	3.5000	6	8	0.03934	0.04399	6	9	4
15962	HCpUvZ~	3	3.2361	3.5000	6	9	0.03934	0.04399	6	8	4
15963	HCpVU~v	3	3.2361	3.5000	6	8	0.03934	0.04399	6	9	4
15964	HCpVuz^	3	3.2361	3.5000	6	8	0.03934	0.04399	6	9	4
15965	HCpUu~|	3	3.2361	3.5000	6	8	0.03934	0.04399	6	8	4
15966	HCpUuz~	3	3.2361	3.5000	6	9	0.03934	0.04399	6	7	4
15967	HCpUvn^	3	3.2361	3.5000	6	8	0.03934	0.04399	6	8	4
15968	HCpUvnv	3	3.2361	3.5000	6	8	0.03934	0.04399	6	8	4
15969	HCpUvnz	3	3.2361	3.5000	6	8	0.03934	0.04399	6	8	4
15970	HCpUun~	3	3.2361	3.5000	6	9	0.03934	0.04399	6	7	4
15971	HQhVvYz	2	2.2361	2.5000	6	7	0.03934	0.04399	6	14	3
15972	HQhVvZj	2	2.2361	2.5000	6	7	0.03934	0.04399	6	14	3
15973	HQjRvUn	2	2.2361	2.5000	6	7	0.03934	0.04399	6	14	3
15974	HQjRvUz	2	2.2361	2.5000	6	7	0.03934	0.04399	6	14	3
15975	HQjRvVj	2	2.2361	2.5000	6	7	0.03934	0.04399	6	14	3
15976	HQhVTzz	2	2.2361	2.5000	6	8	0.03934	0.04399	6	14	3
15977	HCpUv^^	3	3.2361	3.5000	6	8	0.03934	0.04399	6	8	4
15978	HCpUv^n	3	3.2361	3.5000	6	8	0.03934	0.04399	6	8	4
15979	HCpUv^z	3	3.2361	3.5000	6	8	0.03934	0.04399	6	8	4
15980	HCpVU~^	3	3.2361	3.5000	6	8	0.03934	0.04399	6	9	4
15981	HCpVVv^	3	3.2361	3.5000	6	8	0.03934	0.04399	6	9	4
15982	HCpVVvn	3	3.2361	3.5000	6	8	0.03934	0.04399	6	9	4
15983	HCpVVvz	3	3.2361	3.5000	6	8	0.03934	0.04399	6	9	4
15984	HCpUu^~	3	3.2361	3.5000	6	9	0.03934	0.04399	6	7	4
15985	HCpVUv~	3	3.2361	3.5000	6	9	0.03934	0.04399	6	8	4
15986	HCpVVV~	3	3.2361	3.5000	6	9	0.03934	0.04399	6	9	4
15987	HCRSu~~	3	3.2361	3.5000	6	9	0.03934	0.04399	6	8	4
15988	HCRSvn~	3	3.2361	3.5000	6	9	0.03934	0.04399	6	8	4
15989	HCpUu~z	3	3.2361	3.5000	6	8	0.03934	0.04399	6	8	4
15990	HCpUvvz	3	3.2361	3.5000	6	8	0.03934	0.04399	6	8	4
15991	HCpUuv~	3	3.2361	3.5000	6	9	0.03934	0.04399	6	7	4
15992	HQjVjxz	2	2.2361	2.5000	6	7	0.03934	0.04399	6	13	3
15993	HQjurzl	2	2.2361	2.5000	6	7	0.03934	0.04399	6	13	3
15994	HQyuunj	2	2.2361	2.5000	6	7	0.03934	0.04399	6	13	3
15995	HQjRvV}	2	2.2361	2.5000	6	8	0.03934	0.04399	6	13	3
15996	HQzTuzl	2	2.2361	2.5000	6	7	0.03934	0.04399	6	13	3
15997	HQhVvZv	2	2.2361	2.5000	6	8	0.03934	0.04399	6	13	3
15998	HQjRunn	2	2.2361	2.5000	6	8	0.03934	0.04399	6	13	3
15999	HCpVv^v	3	3.2361	3.5000	6	8	0.03934	0.04399	6	8	4
16000	HCpUvz~	3	3.2361	3.5000	6	9	0.03934	0.04399	6	7	4
16001	HCpVuz~	3	3.2361	3.5000	6	9	0.03934	0.04399	6	8	4
16002	HCpVVn~	3	3.2361	3.5000	6	9	0.03934	0.04399	6	8	4
16003	HQyuunZ	2	2.2361	2.5000	6	7	0.03934	0.04399	6	13	3
16004	HQzTvZl	2	2.2361	2.5000	6	7	0.03934	0.04399	6	13	3
16005	HCpVvn^	3	3.2361	3.5000	6	8	0.03934	0.04399	6	8	4
16006	HCpVvvv	3	3.2361	3.5000	6	8	0.03934	0.04399	6	8	4
16007	HCpUvn~	3	3.2361	3.5000	6	9	0.03934	0.04399	6	7	4
16008	HQin^ru	2	2.2361	2.5000	6	7	0.03934	0.04399	6	13	3
16009	HQjndz\	2	2.2361	2.5000	6	7	0.03934	0.04399	6	13	3
16010	HQjndzm	2	2.2361	2.5000	6	7	0.03934	0.04399	6	13	3
16011	HQjnfY}	2	2.2361	2.5000	6	7	0.03934	0.04399	6	13	3
16012	HQjVjzV	2	2.2361	2.5000	6	7	0.03934	0.04399	6	13	3
16013	HQjVmxv	2	2.2361	2.5000	6	7	0.03934	0.04399	6	13	3
16014	HQjlvZt	2	2.2361	2.5000	6	7	0.03934	0.04399	6	13	3
16015	HQjVmzV	2	2.2361	2.5000	6	7	0.03934	0.04399	6	13	3
16016	HQjRunv	2	2.2361	2.5000	6	8	0.03934	0.04399	6	13	3
16017	HQjRvU~	2	2.2361	2.5000	6	8	0.03934	0.04399	6	13	3
16018	HQjRvVn	2	2.2361	2.5000	6	8	0.03934	0.04399	6	13	3
16019	HQjRvVz	2	2.2361	2.5000	6	8	0.03934	0.04399	6	13	3
16020	HCpVv^^	3	3.2361	3.5000	6	8	0.03934	0.04399	6	8	4
16021	HCpVvvn	3	3.2361	3.5000	6	8	0.03934	0.04399	6	8	4
16022	HCpUv^~	3	3.2361	3.5000	6	9	0.03934	0.04399	6	7	4
16023	HCpVU~~	3	3.2361	3.5000	6	9	0.03934	0.04399	6	8	4
16024	HCpVVv~	3	3.2361	3.5000	6	9	0.03934	0.04399	6	8	4
16025	HCRSv~~	3	3.2361	3.5000	6	9	0.03934	0.04399	6	7	4
16026	HQin\zy	2	2.2361	2.5000	6	7	0.03934	0.04399	6	13	3
16027	HQjlvY}	2	2.2361	2.5000	6	7	0.03934	0.04399	6	13	3
16028	HCpVu~^	3	3.2361	3.5000	6	8	0.03934	0.04399	6	8	4
16029	HCpVvv^	3	3.2361	3.5000	6	8	0.03934	0.04399	6	8	4
16030	HCpVvvz	3	3.2361	3.5000	6	8	0.03934	0.04399	6	8	4
16031	HCpUu~~	3	3.2361	3.5000	6	9	0.03934	0.04399	6	7	4
16032	HCpUvv~	3	3.2361	3.5000	6	9	0.03934	0.04399	6	7	4
16033	HQyvux|	2	2.2361	2.5000	6	7	0.03934	0.04399	6	12	3
16034	HQjur~u	2	2.2361	2.5000	6	7	0.03934	0.04399	6	12	3
16035	HQyvuzV	2	2.2361	2.5000	6	7	0.03934	0.04399	6	12	3
16036	HQyv]x|	2	2.2361	2.5000	6	7	0.03934	0.04399	6	12	3
16037	HQjv^rZ	2	2.2361	2.5000	6	7	0.03934	0.04399	6	12	3
16038	HQyvuy|	2	2.2361	2.5000	6	7	0.03934	0.04399	6	12	3
16039	HQyv]x^	2	2.2361	2.5000	6	7	0.03934	0.04399	6	12	3
16040	HQjRvn}	2	2.2361	2.5000	6	8	0.03934	0.04399	6	12	3
16041	HQjv^r]	2	2.2361	2.5000	6	7	0.03934	0.04399	6	12	3
16042	HQy~ex|	2	2.2361	2.5000	6	7	0.03934	0.04399	6	12	3
16043	HQyv^jV	2	2.2361	2.5000	6	7	0.03934	0.04399	6	12	3
16044	HQyvuzZ	2	2.2361	2.5000	6	7	0.03934	0.04399	6	12	3
16045	HQjnex~	2	2.2361	2.5000	6	8	0.03934	0.04399	6	12	3
16046	HQjnezz	2	2.2361	2.5000	6	8	0.03934	0.04399	6	12	3
16047	HQjurzn	2	2.2361	2.5000	6	8	0.03934	0.04399	6	12	3
16048	HQjVjzz	2	2.2361	2.5000	6	8	0.03934	0.04399	6	12	3
16049	HQjVmzz	2	2.2361	2.5000	6	8	0.03934	0.04399	6	12	3
16050	HQzTvZv	2	2.2361	2.5000	6	8	0.03934	0.04399	6	12	3
16051	HQyvvZZ	2	2.2361	2.5000	6	7	0.03934	0.04399	6	12	3
16052	HQjlvj^	2	2.2361	2.5000	6	8	0.03934	0.04399	6	12	3
16053	HQjnezv	2	2.2361	2.5000	6	8	0.03934	0.04399	6	12	3
16054	HQyuunn	2	2.2361	2.5000	6	8	0.03934	0.04399	6	12	3
16055	HQyvTz^	2	2.2361	2.5000	6	8	0.03934	0.04399	6	12	3
16056	HQzTvZ^	2	2.2361	2.5000	6	8	0.03934	0.04399	6	12	3
16057	HQy~ez\	2	2.2361	2.5000	6	7	0.03934	0.04399	6	12	3
16058	HQyv^jj	2	2.2361	2.5000	6	7	0.03934	0.04399	6	12	3
16059	HQyvuyn	2	2.2361	2.5000	6	7	0.03934	0.04399	6	12	3
16060	HQyvvYv	2	2.2361	2.5000	6	7	0.03934	0.04399	6	12	3
16061	HQjlvjv	2	2.2361	2.5000	6	8	0.03934	0.04399	6	12	3
16062	HQjlvjz	2	2.2361	2.5000	6	8	0.03934	0.04399	6	12	3
16063	HQyuun^	2	2.2361	2.5000	6	8	0.03934	0.04399	6	12	3
16064	HQyuunz	2	2.2361	2.5000	6	8	0.03934	0.04399	6	12	3
16065	HQyvTz}	2	2.2361	2.5000	6	8	0.03934	0.04399	6	12	3
16066	HQzTvZ|	2	2.2361	2.5000	6	8	0.03934	0.04399	6	12	3
16067	HQzTvZ}	2	2.2361	2.5000	6	8	0.03934	0.04399	6	12	3
16068	HQjRvvv	2	2.2361	2.5000	6	8	0.03934	0.04399	6	12	3
16069	HCpVvn~	3	3.2361	3.5000	6	9	0.03934	0.04399	6	7	4
16070	HQjl~ru	2	2.2361	2.5000	6	7	0.03934	0.04399	6	12	3
16071	HQjn^ru	2	2.2361	2.5000	6	7	0.03934	0.04399	6	12	3
16072	HQy~fY}	2	2.2361	2.5000	6	7	0.03934	0.04399	6	12	3
16073	HQyv]zm	2	2.2361	2.5000	6	7	0.03934	0.04399	6	12	3
16074	HQyv^iv	2	2.2361	2.5000	6	7	0.03934	0.04399	6	12	3
16075	HQyv]yn	2	2.2361	2.5000	6	7	0.03934	0.04399	6	12	3
16076	HQjlvj|	2	2.2361	2.5000	6	8	0.03934	0.04399	6	12	3
16077	HQjlvj}	2	2.2361	2.5000	6	8	0.03934	0.04399	6	12	3
16078	HQjlvZv	2	2.2361	2.5000	6	8	0.03934	0.04399	6	12	3
16079	HQjney~	2	2.2361	2.5000	6	8	0.03934	0.04399	6	12	3
16080	HQjnez|	2	2.2361	2.5000	6	8	0.03934	0.04399	6	12	3
16081	HQjnezn	2	2.2361	2.5000	6	8	0.03934	0.04399	6	12	3
16082	HQjVjx~	2	2.2361	2.5000	6	8	0.03934	0.04399	6	12	3
16083	HQjVjz^	2	2.2361	2.5000	6	8	0.03934	0.04399	6	12	3
16084	HQjVjzv	2	2.2361	2.5000	6	8	0.03934	0.04399	6	12	3
16085	HQjVmx~	2	2.2361	2.5000	6	8	0.03934	0.04399	6	12	3
16086	HQjVmzv	2	2.2361	2.5000	6	8	0.03934	0.04399	6	12	3
16087	HQyvTz|	2	2.2361	2.5000	6	8	0.03934	0.04399	6	12	3
16088	HQzTvZn	2	2.2361	2.5000	6	8	0.03934	0.04399	6	12	3
16089	HQzTvZz	2	2.2361	2.5000	6	8	0.03934	0.04399	6	12	3
16090	HQjRvn^	2	2.2361	2.5000	6	8	0.03934	0.04399	6	12	3
16091	HQjRvnv	2	2.2361	2.5000	6	8	0.03934	0.04399	6	12	3
16092	HQjRvvn	2	2.2361	2.5000	6	8	0.03934	0.04399	6	12	3
16093	HCpVv^~	3	3.2361	3.5000	6	9	0.03934	0.04399	6	7	4
16094	HQjRvV~	2	2.2361	2.5000	6	9	0.03934	0.04399	6	12	3
16095	HCpVV~~	3	3.2361	3.5000	6	9	0.03934	0.04399	6	7	4
16096	HQjn^q|	2	2.2361	2.5000	6	7	0.03934	0.04399	6	12	3
16097	HQjv^qn	2	2.2361	2.5000	6	7	0.03934	0.04399	6	12	3
16098	HQinvjn	2	2.2361	2.5000	6	8	0.03934	0.04399	6	12	3
16099	HQjlvi~	2	2.2361	2.5000	6	8	0.03934	0.04399	6	12	3
16100	HQjlvjn	2	2.2361	2.5000	6	8	0.03934	0.04399	6	12	3
16101	HQjlvZ}	2	2.2361	2.5000	6	8	0.03934	0.04399	6	12	3
16102	HQyvTzn	2	2.2361	2.5000	6	8	0.03934	0.04399	6	12	3
16103	HCpVu~~	3	3.2361	3.5000	6	9	0.03934	0.04399	6	7	4
16104	HCpVvv~	3	3.2361	3.5000	6	9	0.03934	0.04399	6	7	4
16105	HCpUv~~	3	3.2361	3.5000	6	9	0.03934	0.04399	6	6	4
16106	HCpU}~~	3	3.2361	3.5000	6	9	0.03934	0.04399	6	7	4
16107	HUZv^p|	2	2.2361	2.5000	6	7	0.03934	0.04399	6	11	3
16108	HUZv^r\	2	2.2361	2.5000	6	7	0.03934	0.04399	6	11	3
16109	HUZuvnm	2	2.2361	2.5000	6	7	0.03934	0.04399	6	11	3
16110	HUZvvjm	2	2.2361	2.5000	6	7	0.03934	0.04399	6	11	3
16111	HQjur~}	2	2.2361	2.5000	6	8	0.03934	0.04399	6	11	3
16112	HQyuvn}	2	2.2361	2.5000	6	8	0.03934	0.04399	6	11	3
16113	HQyuvz}	2	2.2361	2.5000	6	8	0.03934	0.04399	6	11	3
16114	HQyvux~	2	2.2361	2.5000	6	8	0.03934	0.04399	6	11	3
16115	HQyvuzv	2	2.2361	2.5000	6	8	0.03934	0.04399	6	11	3
16116	HUZvvj]	2	2.2361	2.5000	6	7	0.03934	0.04399	6	11	3
16117	HQzV^z]	2	2.2361	2.5000	6	7	0.03934	0.04399	6	11	3
16118	HQjuv^}	2	2.2361	2.5000	6	8	0.03934	0.04399	6	11	3
16119	HQy~ex~	2	2.2361	2.5000	6	8	0.03934	0.04399	6	11	3
16120	HQy~ezz	2	2.2361	2.5000	6	8	0.03934	0.04399	6	11	3
16121	HQyuu~}	2	2.2361	2.5000	6	8	0.03934	0.04399	6	11	3
16122	HQyvuz|	2	2.2361	2.5000	6	8	0.03934	0.04399	6	11	3
16123	HQyv]x~	2	2.2361	2.5000	6	8	0.03934	0.04399	6	11	3
16124	HQjRv~}	2	2.2361	2.5000	6	9	0.03934	0.04399	6	11	3
16125	HQjv^r^	2	2.2361	2.5000	6	8	0.03934	0.04399	6	11	3
16126	HQyuvv}	2	2.2361	2.5000	6	8	0.03934	0.04399	6	11	3
16127	HQyv^j^	2	2.2361	2.5000	6	8	0.03934	0.04399	6	11	3
16128	HQyvuz^	2	2.2361	2.5000	6	8	0.03934	0.04399	6	11	3
16129	HQyvvZ^	2	2.2361	2.5000	6	8	0.03934	0.04399	6	11	3
16130	HQyv]z|	2	2.2361	2.5000	6	8	0.03934	0.04399	6	11	3
16131	HQyuvx~	2	2.2361	2.5000	6	8	0.03934	0.04399	6	11	3
16132	HQyv]z^	2	2.2361	2.5000	6	8	0.03934	0.04399	6	11	3
16133	HQjur~n	2	2.2361	2.5000	6	8	0.03934	0.04399	6	11	3
16134	HQyuvz^	2	2.2361	2.5000	6	8	0.03934	0.04399	6	11	3
16135	HQyvVz^	2	2.2361	2.5000	6	8	0.03934	0.04399	6	11	3
16136	HUZvvjl	2	2.2361	2.5000	6	7	0.03934	0.04399	6	11	3
16137	HQjv^r|	2	2.2361	2.5000	6	8	0.03934	0.04399	6	11	3
16138	HQjv^rv	2	2.2361	2.5000	6	8	0.03934	0.04399	6	11	3
16139	HQy~ez^	2	2.2361	2.5000	6	8	0.03934	0.04399	6	11	3
16140	HQy~ez}	2	2.2361	2.5000	6	8	0.03934	0.04399	6	11	3
16141	HQyv^j|	2	2.2361	2.5000	6	8	0.03934	0.04399	6	11	3
16142	HQyv^jz	2	2.2361	2.5000	6	8	0.03934	0.04399	6	11	3
16143	HQyvuy~	2	2.2361	2.5000	6	8	0.03934	0.04399	6	11	3
16144	HQyvuzn	2	2.2361	2.5000	6	8	0.03934	0.04399	6	11	3
16145	HQyvuzz	2	2.2361	2.5000	6	8	0.03934	0.04399	6	11	3
16146	HQyvVz}	2	2.2361	2.5000	6	8	0.03934	0.04399	6	11	3
16147	HQyv]zv	2	2.2361	2.5000	6	8	0.03934	0.04399	6	11	3
16148	HQyv]zz	2	2.2361	2.5000	6	8	0.03934	0.04399	6	11	3
16149	HQjuv^v	2	2.2361	2.5000	6	8	0.03934	0.04399	6	11	3
16150	HQyuu}~	2	2.2361	2.5000	6	8	0.03934	0.04399	6	11	3
16151	HQyuvn^	2	2.2361	2.5000	6	8	0.03934	0.04399	6	11	3
16152	HQyuvnz	2	2.2361	2.5000	6	8	0.03934	0.04399	6	11	3
16153	HQyuvzv	2	2.2361	2.5000	6	8	0.03934	0.04399	6	11	3
16154	HQyuvzz	2	2.2361	2.5000	6	8	0.03934	0.04399	6	11	3
16155	HQyvVzv	2	2.2361	2.5000	6	8	0.03934	0.04399	6	11	3
16156	HQyuun~	2	2.2361	2.5000	6	9	0.03934	0.04399	6	11	3
16157	HQjlvn}	2	2.2361	2.5000	6	8	0.03934	0.04399	6	11	3
16158	HQjv^r}	2	2.2361	2.5000	6	8	0.03934	0.04399	6	11	3
16159	HQjv^rz	2	2.2361	2.5000	6	8	0.03934	0.04399	6	11	3
16160	HQy~ez|	2	2.2361	2.5000	6	8	0.03934	0.04399	6	11	3
16161	HQy~ezn	2	2.2361	2.5000	6	8	0.03934	0.04399	6	11	3
16162	HQyv^j}	2	2.2361	2.5000	6	8	0.03934	0.04399	6	11	3
16163	HQyv^jv	2	2.2361	2.5000	6	8	0.03934	0.04399	6	11	3
16164	HQyv]y~	2	2.2361	2.5000	6	8	0.03934	0.04399	6	11	3
16165	HQyv]zn	2	2.2361	2.5000	6	8	0.03934	0.04399	6	11	3
16166	HQjlvn|	2	2.2361	2.5000	6	8	0.03934	0.04399	6	11	3
16167	HQjlvnv	2	2.2361	2.5000	6	8	0.03934	0.04399	6	11	3
16168	HQjuvzn	2	2.2361	2.5000	6	8	0.03934	0.04399	6	11	3
16169	HQyuu~n	2	2.2361	2.5000	6	8	0.03934	0.04399	6	11	3
16170	HQyuvnv	2	2.2361	2.5000	6	8	0.03934	0.04399	6	11	3
16171	HQyuvy~	2	2.2361	2.5000	6	8	0.03934	0.04399	6	11	3
16172	HQyuvz|	2	2.2361	2.5000	6	8	0.03934	0.04399	6	11	3
16173	HQyuvzn	2	2.2361	2.5000	6	8	0.03934	0.04399	6	11	3
16174	HQyvVv|	2	2.2361	2.5000	6	8	0.03934	0.04399	6	11	3
16175	HQyvVz|	2	2.2361	2.5000	6	8	0.03934	0.04399	6	11	3
16176	HQjnez~	2	2.2361	2.5000	6	9	0.03934	0.04399	6	11	3
16177	HQjRvn~	2	2.2361	2.5000	6	9	0.03934	0.04399	6	11	3
16178	HQjVjz~	2	2.2361	2.5000	6	9	0.03934	0.04399	6	11	3
16179	HQjVmz~	2	2.2361	2.5000	6	9	0.03934	0.04399	6	11	3
16180	HQzTvZ~	2	2.2361	2.5000	6	9	0.03934	0.04399	6	11	3
16181	HQjv^q~	2	2.2361	2.5000	6	8	0.03934	0.04399	6	11	3
16182	HQjv^rn	2	2.2361	2.5000	6	8	0.03934	0.04399	6	11	3
16183	HQyv^i~	2	2.2361	2.5000	6	8	0.03934	0.04399	6	11	3
16184	HQyv^jn	2	2.2361	2.5000	6	8	0.03934	0.04399	6	11	3
16185	HQjuv]~	2	2.2361	2.5000	6	8	0.03934	0.04399	6	11	3
16186	HQjuv^n	2	2.2361	2.5000	6	8	0.03934	0.04399	6	11	3
16187	HQyuu~^	2	2.2361	2.5000	6	8	0.03934	0.04399	6	11	3
16188	HQyuu~z	2	2.2361	2.5000	6	8	0.03934	0.04399	6	11	3
16189	HQyuvvn	2	2.2361	2.5000	6	8	0.03934	0.04399	6	11	3
16190	HQyvVv^	2	2.2361	2.5000	6	8	0.03934	0.04399	6	11	3
16191	HQyvVzn	2	2.2361	2.5000	6	8	0.03934	0.04399	6	11	3
16192	HQjlvj~	2	2.2361	2.5000	6	9	0.03934	0.04399	6	11	3
16193	HQyvTz~	2	2.2361	2.5000	6	9	0.03934	0.04399	6	11	3
16194	HCpVv~~	3	3.2361	3.5000	6	9	0.03934	0.04399	6	6	4
16195	HQyuvvz	2	2.2361	2.5000	6	8	0.03934	0.04399	6	11	3
16196	HCpU~~~	3	3.2361	3.5000	6	9	0.03934	0.04399	6	6	4
16197	HQz^d~}	2	2.2361	2.5000	6	8	0.03934	0.04399	6	10	3
16198	HQz^fv}	2	2.2361	2.5000	6	8	0.03934	0.04399	6	10	3
16199	HUZuvz}	2	2.2361	2.5000	6	8	0.03934	0.04399	6	10	3
16200	HUZv^r|	2	2.2361	2.5000	6	8	0.03934	0.04399	6	10	3
16201	HQz^f^}	2	2.2361	2.5000	6	8	0.03934	0.04399	6	10	3
16202	HQz^fz}	2	2.2361	2.5000	6	8	0.03934	0.04399	6	10	3
16203	HQjuv~}	2	2.2361	2.5000	6	9	0.03934	0.04399	6	10	3
16204	HQyuv~}	2	2.2361	2.5000	6	9	0.03934	0.04399	6	10	3
16205	HQyuz~}	2	2.2361	2.5000	6	8	0.03934	0.04399	6	10	3
16206	HUZvvj}	2	2.2361	2.5000	6	8	0.03934	0.04399	6	10	3
16207	HQyu~v}	2	2.2361	2.5000	6	8	0.03934	0.04399	6	10	3
16208	HQz^d|~	2	2.2361	2.5000	6	8	0.03934	0.04399	6	10	3
16209	HQyu~z^	2	2.2361	2.5000	6	8	0.03934	0.04399	6	10	3
16210	HQyvvz}	2	2.2361	2.5000	6	8	0.03934	0.04399	6	10	3
16211	HUZv^r}	2	2.2361	2.5000	6	8	0.03934	0.04399	6	10	3
16212	HUZv^rv	2	2.2361	2.5000	6	8	0.03934	0.04399	6	10	3
16213	HQyu~v|	2	2.2361	2.5000	6	8	0.03934	0.04399	6	10	3
16214	HQz^d~^	2	2.2361	2.5000	6	8	0.03934	0.04399	6	10	3
16215	HQz^ft~	2	2.2361	2.5000	6	8	0.03934	0.04399	6	10	3
16216	HQz^fv^	2	2.2361	2.5000	6	8	0.03934	0.04399	6	10	3
16217	HQz^fv|	2	2.2361	2.5000	6	8	0.03934	0.04399	6	10	3
16218	HQyu~vv	2	2.2361	2.5000	6	8	0.03934	0.04399	6	10	3
16219	HQyvuz~	2	2.2361	2.5000	6	9	0.03934	0.04399	6	10	3
16220	HQyu~^|	2	2.2361	2.5000	6	8	0.03934	0.04399	6	10	3
16221	HQyu~z|	2	2.2361	2.5000	6	8	0.03934	0.04399	6	10	3
16222	HQyvV~}	2	2.2361	2.5000	6	9	0.03934	0.04399	6	10	3
16223	HQz^d~|	2	2.2361	2.5000	6	8	0.03934	0.04399	6	10	3
16224	HQz^f^^	2	2.2361	2.5000	6	8	0.03934	0.04399	6	10	3
16225	HQz^fu~	2	2.2361	2.5000	6	8	0.03934	0.04399	6	10	3
16226	HQz^fvn	2	2.2361	2.5000	6	8	0.03934	0.04399	6	10	3
16227	HQz^fvv	2	2.2361	2.5000	6	8	0.03934	0.04399	6	10	3
16228	HQyu~u~	2	2.2361	2.5000	6	8	0.03934	0.04399	6	10	3
16229	HQyuz~z	2	2.2361	2.5000	6	8	0.03934	0.04399	6	10	3
16230	HQy~ez~	2	2.2361	2.5000	6	9	0.03934	0.04399	6	10	3
16231	HQyuvn~	2	2.2361	2.5000	6	9	0.03934	0.04399	6	10	3
16232	HQyuvz~	2	2.2361	2.5000	6	9	0.03934	0.04399	6	10	3
16233	HQyv]z~	2	2.2361	2.5000	6	9	0.03934	0.04399	6	10	3
16234	HUZvvj|	2	2.2361	2.5000	6	8	0.03934	0.04399	6	10	3
16235	HQz^d}~	2	2.2361	2.5000	6	8	0.03934	0.04399	6	10	3
16236	HQz^d~n	2	2.2361	2.5000	6	8	0.03934	0.04399	6	10	3
16237	HQz^fvz	2	2.2361	2.5000	6	8	0.03934	0.04399	6	10	3
16238	HQz^fzn	2	2.2361	2.5000	6	8	0.03934	0.04399	6	10	3
16239	HQyu}|~	2	2.2361	2.5000	6	8	0.03934	0.04399	6	10	3
16240	HQyu}~n	2	2.2361	2.5000	6	8	0.03934	0.04399	6	10	3
16241	HQyu~vn	2	2.2361	2.5000	6	8	0.03934	0.04399	6	10	3
16242	HQyu}~z	2	2.2361	2.5000	6	8	0.03934	0.04399	6	10	3
16243	HQjuv^~	2	2.2361	2.5000	6	9	0.03934	0.04399	6	10	3
16244	HQjv^r~	2	2.2361	2.5000	6	9	0.03934	0.04399	6	10	3
16245	HQyuu~~	2	2.2361	2.5000	6	9	0.03934	0.04399	6	10	3
16246	HQyv^j~	2	2.2361	2.5000	6	9	0.03934	0.04399	6	10	3
16247	HQyvVz~	2	2.2361	2.5000	6	9	0.03934	0.04399	6	10	3
16248	HQz^f^n	2	2.2361	2.5000	6	8	0.03934	0.04399	6	10	3
16249	HQz^fz|	2	2.2361	2.5000	6	8	0.03934	0.04399	6	10	3
16250	HQyu~vz	2	2.2361	2.5000	6	8	0.03934	0.04399	6	10	3
16251	HQyuvv~	2	2.2361	2.5000	6	9	0.03934	0.04399	6	10	3
16252	HQyu}~^	2	2.2361	2.5000	6	8	0.03934	0.04399	6	10	3
16253	HCpV~~~	3	3.2361	3.5000	6	9	0.03934	0.04399	6	5	4
16254	HQz^f~}	2	2.2361	2.5000	6	9	0.03934	0.04399	6	9	3
16255	HUZvvv}	2	2.2361	2.5000	6	8	0.03934	0.04399	6	9	3
16256	HUZv^z}	2	2.2361	2.5000	6	8	0.03934	0.04399	6	9	3
16257	HUZv^r~	2	2.2361	2.5000	6	9	0.03934	0.04399	6	9	3
16258	HQyv~z}	2	2.2361	2.5000	6	8	0.03934	0.04399	6	9	3
16259	HUZu~z}	2	2.2361	2.5000	6	8	0.03934	0.04399	6	9	3
16260	HQyv~zz	2	2.2361	2.5000	6	8	0.03934	0.04399	6	9	3
16261	HQyu~z~	2	2.2361	2.5000	6	9	0.03934	0.04399	6	9	3
16262	HUZvnz}	2	2.2361	2.5000	6	8	0.03934	0.04399	6	9	3
16263	HUZvvz|	2	2.2361	2.5000	6	8	0.03934	0.04399	6	9	3
16264	HQz^d~~	2	2.2361	2.5000	6	9	0.03934	0.04399	6	9	3
16265	HQz^fv~	2	2.2361	2.5000	6	9	0.03934	0.04399	6	9	3
16266	HQyu~v~	2	2.2361	2.5000	6	9	0.03934	0.04399	6	9	3
16267	HQz^f^~	2	2.2361	2.5000	6	9	0.03934	0.04399	6	9	3
16268	HQz^fz~	2	2.2361	2.5000	6	9	0.03934	0.04399	6	9	3
16269	HQyu}~~	2	2.2361	2.5000	6	9	0.03934	0.04399	6	9	3
16270	HQyuv~~	2	2.2361	2.5000	6	9	0.03934	0.04399	6	9	3
16271	HUZv~z}	2	2.2361	2.5000	6	8	0.03934	0.04399	6	8	3
16272	HUZvvz~	2	2.2361	2.5000	6	9	0.03934	0.04399	6	8	3
16273	HUZ~vz|	2	2.2361	2.5000	6	8	0.03934	0.04399	6	8	3
16274	HQz^f~~	2	2.2361	2.5000	6	9	0.03934	0.04399	6	8	3
16275	HUZ~vz~	2	2.2361	2.5000	6	9	0.03934	0.04399	6	7	3
16276	HQin\zz	2	2.2361	2.5000	7	8	0.03934	0.04399	6	12	3
16277	HUxvuzZ	2	2.2361	2.5000	7	7	0.03934	0.04399	6	11	3
16278	HQyv\z^	2	2.2361	2.5000	7	8	0.03934	0.04399	6	11	3
16279	HQjlvn^	2	2.2361	2.5000	7	8	0.03934	0.04399	6	11	3
16280	HQjlvnn	2	2.2361	2.5000	7	8	0.03934	0.04399	6	11	3
16281	HUZuvn}	2	2.2361	2.5000	7	8	0.03934	0.04399	6	10	3
16282	HQyu~^}	2	2.2361	2.5000	7	8	0.03934	0.04399	6	10	3
16283	HQyuz~n	2	2.2361	2.5000	7	8	0.03934	0.04399	6	10	3
16284	HQjlv~}	2	2.2361	2.5000	7	9	0.03934	0.04399	6	10	3
16285	HQyu~]~	2	2.2361	2.5000	7	8	0.03934	0.04399	6	10	3
16286	HQjlvn~	2	2.2361	2.5000	7	9	0.03934	0.04399	6	10	3
16287	HQyu~^n	2	2.2361	2.5000	7	8	0.03934	0.04399	6	10	3
16288	HUZuv~}	2	2.2361	2.5000	7	9	0.03934	0.04399	6	9	3
16289	HUZu~zz	2	2.2361	2.5000	7	8	0.03934	0.04399	6	9	3
16290	HUZvnzz	2	2.2361	2.5000	7	8	0.03934	0.04399	6	9	3
16291	HQyv~z^	2	2.2361	2.5000	7	8	0.03934	0.04399	6	9	3
16292	HQyuz~~	2	2.2361	2.5000	7	9	0.03934	0.04399	6	9	3
16293	HQyv~zn	2	2.2361	2.5000	7	8	0.03934	0.04399	6	9	3
16294	HQyu~^~	2	2.2361	2.5000	7	9	0.03934	0.04399	6	9	3
16295	HUZv~zz	2	2.2361	2.5000	7	8	0.03934	0.04399	6	8	3
16296	HUZv~zn	2	2.2361	2.5000	7	8	0.03934	0.04399	6	8	3
16297	HUZv~z^	2	2.2361	2.5000	7	8	0.03934	0.04399	6	8	3
16298	HQyv~z~	2	2.2361	2.5000	7	9	0.03934	0.04399	6	8	3
16299	HUZv~zv	2	2.2361	2.5000	7	8	0.03934	0.04399	6	8	3
16300	HQyu~~~	2	2.2361	2.5000	7	9	0.03934	0.04399	6	8	3
16301	HUZ~v~}	2	2.2361	2.5000	7	9	0.03934	0.04399	6	7	3
16302	HUZv~z~	2	2.2361	2.5000	7	9	0.03934	0.04399	6	7	3
16303	HUZ~v~~	2	2.2361	2.5000	7	9	0.03934	0.04399	6	6	3
16304	HCpUuYu	3	3.2361	3.5000	4	6	0.03935	0.04399	6	11	4
16305	HQyv^z}	2	2.2361	2.5000	6	8	0.03935	0.04399	6	10	3
16306	HQjRvj}	2	2.2361	2.5000	5	8	0.03935	0.04398	6	13	3
16307	HCpdPzu	3	3.3148	3.5000	4	7	0.03935	0.02315	8	10	4
16308	H?bB@aS	4	4.3177	4.5000	3	4	0.03971	0.02279	8	7	5
16309	H?bB@RS	4	4.3177	4.5000	4	5	0.03971	0.02279	8	9	5
16310	H?bB@RY	4	4.3177	4.5000	4	6	0.03971	0.02279	8	7	5
16311	H?bB@R[	4	4.3177	4.5000	4	6	0.03971	0.02279	8	9	5
16312	H?bB@Ry	4	4.3177	4.5000	4	7	0.03971	0.02279	8	7	5
16313	H?bB@Ru	4	4.3177	4.5000	4	7	0.03971	0.02279	8	9	5
16314	HCQbQqU	3	3.3177	3.5000	4	5	0.03971	0.02279	8	11	4
16315	HCQbQrc	3	3.3177	3.5000	4	5	0.03971	0.02279	8	11	4
16316	HCQdbPY	3	3.3177	3.5000	4	5	0.03971	0.02279	8	11	4
16317	HCQbQqR	3	3.3177	3.5000	4	5	0.03971	0.02279	8	10	4
16318	HCQbQpe	3	3.3177	3.5000	4	5	0.03971	0.02279	8	11	4
16319	H?bB@R}	4	4.3177	4.5000	4	8	0.03971	0.02279	8	8	5
16320	HCRcrQp	3	3.3177	3.5000	4	5	0.03971	0.02279	8	10	4
16321	HCp`fQs	3	3.3177	3.5000	4	5	0.03971	0.02279	8	9	4
16322	HCp`fRS	3	3.3177	3.5000	4	5	0.03971	0.02279	8	9	4
16323	HCQubQh	3	3.3177	3.5000	4	5	0.03971	0.02279	8	11	4
16324	HCp`erc	3	3.3177	3.5000	4	5	0.03971	0.02279	8	11	4
16325	HCp`fQq	3	3.3177	3.5000	4	5	0.03971	0.02279	8	11	4
16326	HCRcrRS	3	3.3177	3.5000	4	5	0.03971	0.02279	8	10	4
16327	HCQbRXq	3	3.3177	3.5000	4	5	0.03971	0.02279	8	9	4
16328	HCQbQqf	3	3.3177	3.5000	4	6	0.03971	0.02279	8	11	4
16329	HCQbQrk	3	3.3177	3.5000	4	6	0.03971	0.02279	8	10	4
16330	HCQbQrq	3	3.3177	3.5000	4	6	0.03971	0.02279	8	9	4
16331	HCQbQrs	3	3.3177	3.5000	4	6	0.03971	0.02279	8	11	4
16332	HCQbQrU	3	3.3177	3.5000	4	6	0.03971	0.02279	8	10	4
16333	HCQubRI	3	3.3177	3.5000	4	5	0.03971	0.02279	8	12	4
16334	HCQbQre	3	3.3177	3.5000	4	6	0.03971	0.02279	8	11	4
16335	H?bB@R~	4	4.3177	4.5000	4	9	0.03971	0.02279	8	7	5
16336	HCQbQpy	3	3.3177	3.5000	4	6	0.03971	0.02279	8	10	4
16337	HCQbQri	3	3.3177	3.5000	4	6	0.03971	0.02279	8	10	4
16338	HCp`eg}	3	3.3177	3.5000	4	6	0.03971	0.02279	8	9	4
16339	HCp`eh{	3	3.3177	3.5000	4	6	0.03971	0.02279	8	9	4
16340	HCp`ei{	3	3.3177	3.5000	4	6	0.03971	0.02279	8	8	4
16341	HCp`fRs	3	3.3177	3.5000	4	6	0.03971	0.02279	8	9	4
16342	HCp`fRU	3	3.3177	3.5000	4	6	0.03971	0.02279	8	10	4
16343	HCp`eij	3	3.3177	3.5000	4	6	0.03971	0.02279	8	9	4
16344	HCp`eiu	3	3.3177	3.5000	4	6	0.03971	0.02279	8	9	4
16345	HCp`ere	3	3.3177	3.5000	4	6	0.03971	0.02279	8	11	4
16346	HCp`ers	3	3.3177	3.5000	4	6	0.03971	0.02279	8	10	4
16347	HCp`erU	3	3.3177	3.5000	4	6	0.03971	0.02279	8	9	4
16348	HCp`fPu	3	3.3177	3.5000	4	6	0.03971	0.02279	8	11	4
16349	HCp`fQu	3	3.3177	3.5000	4	6	0.03971	0.02279	8	11	4
16350	HCp`eil	3	3.3177	3.5000	4	6	0.03971	0.02279	8	8	4
16351	HCp`eqf	3	3.3177	3.5000	4	6	0.03971	0.02279	8	10	4
16352	HCp`fQt	3	3.3177	3.5000	4	6	0.03971	0.02279	8	9	4
16353	HCQbQr{	3	3.3177	3.5000	4	7	0.03971	0.02279	8	10	4
16354	HCp`equ	3	3.3177	3.5000	4	6	0.03971	0.02279	8	12	4
16355	HCp`egv	3	3.3177	3.5000	4	6	0.03971	0.02279	8	9	4
16356	HCp`epf	3	3.3177	3.5000	4	6	0.03971	0.02279	8	11	4
16357	HCp`ept	3	3.3177	3.5000	4	6	0.03971	0.02279	8	10	4
16358	HCQbQru	3	3.3177	3.5000	4	7	0.03971	0.02279	8	11	4
16359	HCp`eht	3	3.3177	3.5000	4	6	0.03971	0.02279	8	9	4
16360	HCp`ei\	3	3.3177	3.5000	4	6	0.03971	0.02279	8	8	4
16361	HCp`ejd	3	3.3177	3.5000	4	6	0.03971	0.02279	8	9	4
16362	HCp`eqV	3	3.3177	3.5000	4	6	0.03971	0.02279	8	10	4
16363	HCp`fPZ	3	3.3177	3.5000	4	6	0.03971	0.02279	8	8	4
16364	HCp`fQx	3	3.3177	3.5000	4	6	0.03971	0.02279	8	9	4
16365	HCQbQp}	3	3.3177	3.5000	4	7	0.03971	0.02279	8	10	4
16366	HCp`fi]	3	3.3177	3.5000	4	6	0.03971	0.02279	8	9	4
16367	HCp`fim	3	3.3177	3.5000	4	6	0.03971	0.02279	8	8	4
16368	HCp`fpu	3	3.3177	3.5000	4	6	0.03971	0.02279	8	11	4
16369	HCp`ehz	3	3.3177	3.5000	4	7	0.03971	0.02279	8	8	4
16370	HCp`ej{	3	3.3177	3.5000	4	7	0.03971	0.02279	8	8	4
16371	HCp`fRu	3	3.3177	3.5000	4	7	0.03971	0.02279	8	10	4
16372	HCp`fYy	3	3.3177	3.5000	4	6	0.03971	0.02279	8	12	4
16373	HCp`eru	3	3.3177	3.5000	4	7	0.03971	0.02279	8	11	4
16374	HCp`fQv	3	3.3177	3.5000	4	7	0.03971	0.02279	8	10	4
16375	HCp`epv	3	3.3177	3.5000	4	7	0.03971	0.02279	8	11	4
16376	HCp`eh|	3	3.3177	3.5000	4	7	0.03971	0.02279	8	8	4
16377	HCp`ejr	3	3.3177	3.5000	4	7	0.03971	0.02279	8	8	4
16378	HCp`fP^	3	3.3177	3.5000	4	7	0.03971	0.02279	8	8	4
16379	HCp`fPz	3	3.3177	3.5000	4	7	0.03971	0.02279	8	8	4
16380	HCp`fQ|	3	3.3177	3.5000	4	7	0.03971	0.02279	8	8	4
16381	HCp`fQn	3	3.3177	3.5000	4	7	0.03971	0.02279	8	8	4
16382	HCp`fQz	3	3.3177	3.5000	4	7	0.03971	0.02279	8	10	4
16383	HCp`fj]	3	3.3177	3.5000	4	7	0.03971	0.02279	8	9	4
16384	HCp`fi^	3	3.3177	3.5000	4	7	0.03971	0.02279	8	8	4
16385	HCp`fQ~	3	3.3177	3.5000	4	8	0.03971	0.02279	8	9	4
16386	HCQbQpr	3	3.3177	3.5000	5	6	0.03971	0.02279	8	9	4
16387	HCQbQrR	3	3.3177	3.5000	5	6	0.03971	0.02279	8	10	4
16388	HCQbQrJ	3	3.3177	3.5000	5	6	0.03971	0.02279	8	10	4
16389	HCp`eq{	3	3.3177	3.5000	5	6	0.03971	0.02279	8	10	4
16390	HCp`erM	3	3.3177	3.5000	5	6	0.03971	0.02279	8	10	4
16391	HCp`er[	3	3.3177	3.5000	5	6	0.03971	0.02279	8	10	4
16392	HCp`erd	3	3.3177	3.5000	5	6	0.03971	0.02279	8	10	4
16393	HCQbQrf	3	3.3177	3.5000	5	7	0.03971	0.02279	8	10	4
16394	HCQbQrr	3	3.3177	3.5000	5	7	0.03971	0.02279	8	9	4
16395	HCp`ep\	3	3.3177	3.5000	5	6	0.03971	0.02279	8	10	4
16396	HCp`eq\	3	3.3177	3.5000	5	6	0.03971	0.02279	8	10	4
16397	HCp`fRh	3	3.3177	3.5000	5	6	0.03971	0.02279	8	10	4
16398	HCp`fRX	3	3.3177	3.5000	5	6	0.03971	0.02279	8	10	4
16399	HCQbQrj	3	3.3177	3.5000	5	7	0.03971	0.02279	8	10	4
16400	HCp`fhm	3	3.3177	3.5000	5	6	0.03971	0.02279	8	10	4
16401	HCp`fjk	3	3.3177	3.5000	5	6	0.03971	0.02279	8	9	4
16402	HCp`frk	3	3.3177	3.5000	5	6	0.03971	0.02279	8	10	4
16403	HCp`ejj	3	3.3177	3.5000	5	7	0.03971	0.02279	8	8	4
16404	HCp`fZ[	3	3.3177	3.5000	5	6	0.03971	0.02279	8	10	4
16405	HCp`er{	3	3.3177	3.5000	5	7	0.03971	0.02279	8	10	4
16406	HCp`erf	3	3.3177	3.5000	5	7	0.03971	0.02279	8	10	4
16407	HCp`fPv	3	3.3177	3.5000	5	7	0.03971	0.02279	8	10	4
16408	HCp`fRt	3	3.3177	3.5000	5	7	0.03971	0.02279	8	9	4
16409	HCQbQrv	3	3.3177	3.5000	5	8	0.03971	0.02279	8	10	4
16410	HCp`ejx	3	3.3177	3.5000	5	7	0.03971	0.02279	8	8	4
16411	HCp`ep|	3	3.3177	3.5000	5	7	0.03971	0.02279	8	10	4
16412	HCp`fPn	3	3.3177	3.5000	5	7	0.03971	0.02279	8	10	4
16413	HCp`erN	3	3.3177	3.5000	5	7	0.03971	0.02279	8	10	4
16414	HCp`fR\	3	3.3177	3.5000	5	7	0.03971	0.02279	8	10	4
16415	HCp`fRj	3	3.3177	3.5000	5	7	0.03971	0.02279	8	9	4
16416	HCp`fRl	3	3.3177	3.5000	5	7	0.03971	0.02279	8	10	4
16417	HCp`fRx	3	3.3177	3.5000	5	7	0.03971	0.02279	8	9	4
16418	HCp`fRZ	3	3.3177	3.5000	5	7	0.03971	0.02279	8	10	4
16419	HCp`erx	3	3.3177	3.5000	5	7	0.03971	0.02279	8	10	4
16420	HCp`fjm	3	3.3177	3.5000	5	7	0.03971	0.02279	8	9	4
16421	HCp`fr]	3	3.3177	3.5000	5	7	0.03971	0.02279	8	10	4
16422	HCp`frm	3	3.3177	3.5000	5	7	0.03971	0.02279	8	10	4
16423	HCp`fZ]	3	3.3177	3.5000	5	7	0.03971	0.02279	8	11	4
16424	HCp`fZ{	3	3.3177	3.5000	5	7	0.03971	0.02279	8	9	4
16425	HCp`fjj	3	3.3177	3.5000	5	7	0.03971	0.02279	8	8	4
16426	HCp`fpv	3	3.3177	3.5000	5	7	0.03971	0.02279	8	10	4
16427	HCp`fRv	3	3.3177	3.5000	5	8	0.03971	0.02279	8	9	4
16428	HCp`fjx	3	3.3177	3.5000	5	7	0.03971	0.02279	8	8	4
16429	HCp`frV	3	3.3177	3.5000	5	7	0.03971	0.02279	8	8	4
16430	HCp`fY^	3	3.3177	3.5000	5	7	0.03971	0.02279	8	10	4
16431	HCp`fP~	3	3.3177	3.5000	5	8	0.03971	0.02279	8	9	4
16432	HCp`fq|	3	3.3177	3.5000	5	7	0.03971	0.02279	8	8	4
16433	HCp`frl	3	3.3177	3.5000	5	7	0.03971	0.02279	8	10	4
16434	HCp`fR^	3	3.3177	3.5000	5	8	0.03971	0.02279	8	9	4
16435	HCp`fR|	3	3.3177	3.5000	5	8	0.03971	0.02279	8	9	4
16436	HCp`fRn	3	3.3177	3.5000	5	8	0.03971	0.02279	8	9	4
16437	HCp`fRz	3	3.3177	3.5000	5	8	0.03971	0.02279	8	9	4
16438	HCp`fr\	3	3.3177	3.5000	5	7	0.03971	0.02279	8	10	4
16439	HCp`frx	3	3.3177	3.5000	5	7	0.03971	0.02279	8	9	4
16440	HCp`fzu	3	3.3177	3.5000	5	7	0.03971	0.02279	8	10	4
16441	HCp`fzy	3	3.3177	3.5000	5	7	0.03971	0.02279	8	10	4
16442	HCp`fj}	3	3.3177	3.5000	5	8	0.03971	0.02279	8	8	4
16443	HCp`fr}	3	3.3177	3.5000	5	8	0.03971	0.02279	8	9	4
16444	HCp`fZ}	3	3.3177	3.5000	5	8	0.03971	0.02279	8	10	4
16445	HCp`frv	3	3.3177	3.5000	5	8	0.03971	0.02279	8	9	4
16446	HCp`frn	3	3.3177	3.5000	5	8	0.03971	0.02279	8	9	4
16447	HCp`fR~	3	3.3177	3.5000	5	9	0.03971	0.02279	8	8	4
16448	HCp`fr^	3	3.3177	3.5000	5	8	0.03971	0.02279	8	9	4
16449	HCp`fr|	3	3.3177	3.5000	5	8	0.03971	0.02279	8	9	4
16450	HCp`fr~	3	3.3177	3.5000	5	9	0.03971	0.02279	8	8	4
16451	HCp`f~}	3	3.3177	3.5000	5	9	0.03971	0.02279	8	8	4
16452	HCQ`fP[	3	3.4384	4.0000	4	5	0.03986	0.05105	11	9	4
16453	HCRbcqh	3	3.4384	4.0000	4	5	0.03986	0.05105	11	8	4
16454	HCRbdPq	3	3.4384	4.0000	4	5	0.03986	0.05105	11	8	4
16455	HCRbdQq	3	3.4384	4.0000	4	5	0.03986	0.05105	11	8	4
16456	HCRbdRQ	3	3.4384	4.0000	4	5	0.03986	0.05105	11	8	4
16457	HCRV@ps	3	3.4384	4.0000	4	5	0.03986	0.05105	11	8	4
16458	HCRbdRc	3	3.4384	4.0000	4	5	0.03986	0.05105	11	8	4
16459	HCRbdPy	3	3.4384	4.0000	4	6	0.03986	0.05105	11	8	4
16460	HCRbdR[	3	3.4384	4.0000	4	6	0.03986	0.05105	11	8	4
16461	HCRbdRM	3	3.4384	4.0000	4	6	0.03986	0.05105	11	8	4
16462	HCRbdRq	3	3.4384	4.0000	4	6	0.03986	0.05105	11	8	4
16463	HCRbdRR	3	3.4384	4.0000	4	6	0.03986	0.05105	11	8	4
16464	HCRbdRs	3	3.4384	4.0000	4	6	0.03986	0.05105	11	8	4
16465	HCRbdRY	3	3.4384	4.0000	4	6	0.03986	0.05105	11	8	4
16466	HCRbdQu	3	3.4384	4.0000	4	6	0.03986	0.05105	11	8	4
16467	HCRbdRU	3	3.4384	4.0000	4	6	0.03986	0.05105	11	8	4
16468	HCRbdR{	3	3.4384	4.0000	4	7	0.03986	0.05105	11	7	4
16469	HCRbdRy	3	3.4384	4.0000	4	7	0.03986	0.05105	11	7	4
16470	HCRbdR]	3	3.4384	4.0000	4	7	0.03986	0.05105	11	8	4
16471	HCRbdRr	3	3.4384	4.0000	4	7	0.03986	0.05105	11	7	4
16472	HCRbdRZ	3	3.4384	4.0000	4	7	0.03986	0.05105	11	8	4
16473	HCRbdRz	3	3.4384	4.0000	4	8	0.03986	0.05105	11	7	4
16474	HCRbdPe	3	3.4384	4.0000	5	5	0.03986	0.05105	11	8	4
16475	HCRbdPu	3	3.4384	4.0000	5	6	0.03986	0.05105	11	8	4
16476	HCRbdRe	3	3.4384	4.0000	5	6	0.03986	0.05105	11	8	4
16477	HCRbdP}	3	3.4384	4.0000	5	7	0.03986	0.05105	11	8	4
16478	HCRbdRm	3	3.4384	4.0000	5	7	0.03986	0.05105	11	7	4
16479	HCRbdRf	3	3.4384	4.0000	5	7	0.03986	0.05105	11	7	4
16480	HCRbdRu	3	3.4384	4.0000	5	7	0.03986	0.05105	11	8	4
16481	HCRbdR}	3	3.4384	4.0000	5	8	0.03986	0.05105	11	7	4
16482	HCRbdRv	3	3.4384	4.0000	5	8	0.03986	0.05105	11	7	4
16483	HCRbdR~	3	3.4384	4.0000	5	9	0.03986	0.05105	11	6	4
16484	HCRb`ym	3	3.4390	3.7500	4	6	0.03991	0.02827	11	8	4
16485	H?bB@_W	4	4.3601	4.5000	3	3	0.04001	0.01555	9	7	5
16486	HCpdPzq	3	3.3660	3.5000	4	6	0.04067	0.01489	9	9	4
16487	HCRbdqU	3	3.4104	3.7500	4	5	0.04104	0.03396	10	7	4
16488	HCpdQiw	3	3.3716	3.6667	4	5	0.04129	0.03279	9	10	4
16489	HCQbRbK	3	3.3723	3.6667	4	5	0.04136	0.03271	9	9	4
16490	HCQe`pd	3	3.3723	3.6667	4	5	0.04136	0.03271	9	10	4
16491	HCQeR`k	3	3.3723	3.6667	4	5	0.04136	0.03271	9	9	4
16492	HCQRFO{	3	3.3723	3.6667	4	5	0.04136	0.03271	9	10	4
16493	HCQe`rH	3	3.3723	3.6667	4	5	0.04136	0.03271	9	9	4
16494	HCQTbGm	3	3.3723	3.6667	4	5	0.04136	0.03271	9	9	4
16495	HCQRDP{	3	3.3723	3.6667	4	6	0.04136	0.03271	9	10	4
16496	HCQbQpq	3	3.3723	3.6667	4	5	0.04136	0.03271	9	9	4
16497	HCQe`rI	3	3.3723	3.6667	4	5	0.04136	0.03271	9	9	4
16498	HCRbcol	3	3.3723	3.6667	4	5	0.04136	0.03271	9	8	4
16499	HCQe`p{	3	3.3723	3.6667	4	6	0.04136	0.03271	9	9	4
16500	HCdebRK	3	3.3723	3.6667	4	5	0.04136	0.03271	9	9	4
16501	HCpdQjc	3	3.3723	3.6667	4	5	0.04136	0.03271	9	10	4
16502	HCQuQpq	3	3.3723	3.6667	4	5	0.04136	0.03271	9	10	4
16503	HCQbdpq	3	3.3723	3.6667	4	5	0.04136	0.03271	9	9	4
16504	HCQberI	3	3.3723	3.6667	4	5	0.04136	0.03271	9	8	4
16505	HCQdbi[	3	3.3723	3.6667	4	5	0.04136	0.03271	9	8	4
16506	HCOedr[	3	3.3723	3.6667	4	6	0.04136	0.03271	9	8	4
16507	HCQbRay	3	3.3723	3.6667	4	6	0.04136	0.03271	9	9	4
16508	HCQe`pt	3	3.3723	3.6667	4	6	0.04136	0.03271	9	9	4
16509	HCQe`r[	3	3.3723	3.6667	4	6	0.04136	0.03271	9	8	4
16510	HCQe`rd	3	3.3723	3.6667	4	6	0.04136	0.03271	9	9	4
16511	HCQe`rh	3	3.3723	3.6667	4	6	0.04136	0.03271	9	9	4
16512	HCQRDrk	3	3.3723	3.6667	4	6	0.04136	0.03271	9	9	4
16513	HCQe`qx	3	3.3723	3.6667	4	6	0.04136	0.03271	9	8	4
16514	HCQe`rJ	3	3.3723	3.6667	4	6	0.04136	0.03271	9	9	4
16515	HCQe`rX	3	3.3723	3.6667	4	6	0.04136	0.03271	9	9	4
16516	HCOedq]	3	3.3723	3.6667	4	6	0.04136	0.03271	9	8	4
16517	HCQe`rq	3	3.3723	3.6667	4	6	0.04136	0.03271	9	9	4
16518	HCQTbI{	3	3.3723	3.6667	4	6	0.04136	0.03271	9	9	4
16519	HCQbdrk	3	3.3723	3.6667	4	6	0.04136	0.03271	9	8	4
16520	HCQbdrM	3	3.3723	3.6667	4	6	0.04136	0.03271	9	9	4
16521	HCQbdpm	3	3.3723	3.6667	4	6	0.04136	0.03271	9	10	4
16522	HCQbdpu	3	3.3723	3.6667	4	6	0.04136	0.03271	9	9	4
16523	HCQbdpy	3	3.3723	3.6667	4	6	0.04136	0.03271	9	9	4
16524	HCQbdre	3	3.3723	3.6667	4	6	0.04136	0.03271	9	9	4
16525	HCQbdrU	3	3.3723	3.6667	4	6	0.04136	0.03271	9	8	4
16526	HCQv@rR	3	3.3723	3.6667	4	6	0.04136	0.03271	9	8	4
16527	HCQbcs|	3	3.3723	3.6667	4	6	0.04136	0.03271	9	8	4
16528	HCQbec|	3	3.3723	3.6667	4	6	0.04136	0.03271	9	9	4
16529	HCQbeo|	3	3.3723	3.6667	4	6	0.04136	0.03271	9	9	4
16530	HCQbeYx	3	3.3723	3.6667	4	6	0.04136	0.03271	9	9	4
16531	HCQe`r{	3	3.3723	3.6667	4	7	0.04136	0.03271	9	8	4
16532	HCQbdqu	3	3.3723	3.6667	4	6	0.04136	0.03271	9	8	4
16533	HCQbRc}	3	3.3723	3.6667	4	6	0.04136	0.03271	9	9	4
16534	HCQbRey	3	3.3723	3.6667	4	6	0.04136	0.03271	9	9	4
16535	HCQe`rj	3	3.3723	3.6667	4	7	0.04136	0.03271	9	8	4
16536	HCQe`rt	3	3.3723	3.6667	4	7	0.04136	0.03271	9	8	4
16537	HCQe`rx	3	3.3723	3.6667	4	7	0.04136	0.03271	9	8	4
16538	HCQbcux	3	3.3723	3.6667	4	6	0.04136	0.03271	9	9	4
16539	HCQbdK|	3	3.3723	3.6667	4	6	0.04136	0.03271	9	8	4
16540	HCQbdqx	3	3.3723	3.6667	4	6	0.04136	0.03271	9	9	4
16541	HCQbdW|	3	3.3723	3.6667	4	6	0.04136	0.03271	9	9	4
16542	HCQbeex	3	3.3723	3.6667	4	6	0.04136	0.03271	9	8	4
16543	HCQbeqx	3	3.3723	3.6667	4	6	0.04136	0.03271	9	9	4
16544	HCQe`ry	3	3.3723	3.6667	4	7	0.04136	0.03271	9	8	4
16545	HCQbdp}	3	3.3723	3.6667	4	7	0.04136	0.03271	9	9	4
16546	HCQbdr]	3	3.3723	3.6667	4	7	0.04136	0.03271	9	9	4
16547	HCQbdrm	3	3.3723	3.6667	4	7	0.04136	0.03271	9	9	4
16548	HCQbdrN	3	3.3723	3.6667	4	7	0.04136	0.03271	9	8	4
16549	HCQbdpn	3	3.3723	3.6667	4	7	0.04136	0.03271	9	9	4
16550	HCQbdru	3	3.3723	3.6667	4	7	0.04136	0.03271	9	9	4
16551	HCQbdq^	3	3.3723	3.6667	4	7	0.04136	0.03271	9	8	4
16552	HCQbdr\	3	3.3723	3.6667	4	7	0.04136	0.03271	9	9	4
16553	HCQbdrV	3	3.3723	3.6667	4	7	0.04136	0.03271	9	7	4
16554	HCQbdrx	3	3.3723	3.6667	4	7	0.04136	0.03271	9	8	4
16555	HCQbdrZ	3	3.3723	3.6667	4	7	0.04136	0.03271	9	9	4
16556	HCQbdr}	3	3.3723	3.6667	4	8	0.04136	0.03271	9	8	4
16557	HCQbdr^	3	3.3723	3.6667	4	8	0.04136	0.03271	9	8	4
16558	HCQv@qe	3	3.3723	3.6667	5	5	0.04136	0.03271	9	9	4
16559	HCQTbIm	3	3.3723	3.6667	5	6	0.04136	0.03271	9	8	4
16560	HCQbbey	3	3.3723	3.6667	5	6	0.04136	0.03271	9	8	4
16561	HCQbdc|	3	3.3723	3.6667	5	6	0.04136	0.03271	9	8	4
16562	HCQbdMx	3	3.3723	3.6667	5	6	0.04136	0.03271	9	8	4
16563	HCQbdYx	3	3.3723	3.6667	5	6	0.04136	0.03271	9	8	4
16564	HCQb`vq	3	3.3723	3.6667	5	6	0.04136	0.03271	9	8	4
16565	HCQbdex	3	3.3723	3.6667	5	6	0.04136	0.03271	9	8	4
16566	HCQbdqt	3	3.3723	3.6667	5	6	0.04136	0.03271	9	9	4
16567	HCQbdo~	3	3.3723	3.6667	5	7	0.04136	0.03271	9	7	4
16568	HCQbdpv	3	3.3723	3.6667	5	7	0.04136	0.03271	9	8	4
16569	HCQbdqn	3	3.3723	3.6667	5	7	0.04136	0.03271	9	7	4
16570	HCQbdrf	3	3.3723	3.6667	5	7	0.04136	0.03271	9	8	4
16571	HCQbdrl	3	3.3723	3.6667	5	7	0.04136	0.03271	9	9	4
16572	HCQbdpz	3	3.3723	3.6667	5	7	0.04136	0.03271	9	9	4
16573	HCQbdq|	3	3.3723	3.6667	5	7	0.04136	0.03271	9	9	4
16574	HCQbdqv	3	3.3723	3.6667	5	7	0.04136	0.03271	9	9	4
16575	HCQbdqz	3	3.3723	3.6667	5	7	0.04136	0.03271	9	8	4
16576	HCQbdrr	3	3.3723	3.6667	5	7	0.04136	0.03271	9	7	4
16577	HCQbdp~	3	3.3723	3.6667	5	8	0.04136	0.03271	9	8	4
16578	HCQbdrn	3	3.3723	3.6667	5	8	0.04136	0.03271	9	8	4
16579	HCQbdq~	3	3.3723	3.6667	5	8	0.04136	0.03271	9	8	4
16580	HCQbdr|	3	3.3723	3.6667	5	8	0.04136	0.03271	9	8	4
16581	HCQbdrv	3	3.3723	3.6667	5	8	0.04136	0.03271	9	8	4
16582	HCQbdrz	3	3.3723	3.6667	5	8	0.04136	0.03271	9	8	4
16583	HCQbdr~	3	3.3723	3.6667	5	9	0.04136	0.03271	9	7	4
16584	HCRbco{	3	3.4555	3.7500	4	5	0.04141	0.02677	11	8	4
16585	HUZu~rm	2	2.2908	2.5000	6	7	0.04154	0.02989	7	11	3
16586	HCpdUg{	3	3.3359	3.5000	4	5	0.04198	0.02052	8	9	4
16587	HCQbee]	3	3.3380	3.6667	5	6	0.04226	0.04108	8	8	4
16588	HCpdQgu	3	3.3380	3.5000	4	5	0.04226	0.02024	8	10	4
16589	HCpdQhe	3	3.3380	3.5000	4	5	0.04226	0.02024	8	10	4
16590	HCpdQie	3	3.3380	3.5000	4	5	0.04226	0.02024	8	10	4
16591	HCpdQjs	3	3.3380	3.5000	4	6	0.04226	0.02024	8	9	4
16592	HCpdQjk	3	3.3380	3.5000	4	6	0.04226	0.02024	8	10	4
16593	HCpdQi]	3	3.3380	3.5000	4	6	0.04226	0.02024	8	11	4
16594	HCpdQjM	3	3.3380	3.5000	4	6	0.04226	0.02024	8	10	4
16595	HCpdQh}	3	3.3380	3.5000	4	7	0.04226	0.02024	8	9	4
16596	HCpdQju	3	3.3380	3.5000	4	7	0.04226	0.02024	8	9	4
16597	HCpdQj]	3	3.3380	3.5000	4	7	0.04226	0.02024	8	10	4
16598	HCpdQjf	3	3.3380	3.5000	4	7	0.04226	0.02024	8	10	4
16599	HCRbeo{	3	3.4252	3.6667	4	5	0.04252	0.02415	10	8	4
16600	HCQeR`[	3	3.4678	4.0000	4	5	0.04253	0.04838	11	9	4
16601	HCQv@ps	3	3.4678	4.0000	4	5	0.04253	0.04838	11	8	4
16602	HCQb`ri	3	3.4678	4.0000	4	6	0.04253	0.04838	11	9	4
16603	HCQb`rs	3	3.4678	4.0000	4	6	0.04253	0.04838	11	9	4
16604	HCQb`q}	3	3.4678	4.0000	4	7	0.04253	0.04838	11	8	4
16605	HCQ`fI{	3	3.3828	3.7500	5	6	0.04253	0.04080	9	8	4
16606	HQyurji	2	2.3431	2.6667	5	6	0.04289	0.04044	8	15	3
16607	HQyurj]	2	2.3431	2.6667	5	7	0.04289	0.04044	8	14	3
16608	HQyurjy	2	2.3431	2.6667	5	7	0.04289	0.04044	8	14	3
16609	HQyurj}	2	2.3431	2.6667	5	8	0.04289	0.04044	8	13	3
16610	HQyurj~	2	2.3431	2.6667	5	9	0.04289	0.04044	8	12	3
16611	HCQe`qX	3	3.3871	3.7500	4	5	0.04301	0.04033	9	8	4
16612	HCpb`zS	3	3.4433	3.6667	4	5	0.04433	0.02233	10	8	4
16613	HQyuzz]	2	2.3146	2.6667	5	7	0.04494	0.05030	7	12	3
16614	HQjVmxz	2	2.3146	2.6667	6	7	0.04494	0.05030	7	13	3
16615	HQyv]x}	2	2.3146	2.6667	6	7	0.04494	0.05030	7	12	3
16616	HQyuzyn	2	2.3146	2.6667	6	7	0.04494	0.05030	7	12	3
16617	HQyuzz}	2	2.3146	2.6667	6	8	0.04494	0.05030	7	11	3
16618	HQyuzzn	2	2.3146	2.6667	6	8	0.04494	0.05030	7	11	3
16619	HQyuzz~	2	2.3146	2.6667	6	9	0.04494	0.05030	7	10	3
16620	HCQbdq]	3	3.4523	3.7500	4	6	0.04523	0.02977	10	8	4
16621	HCQbQqc	3	3.3177	3.5000	4	4	0.04538	0.02605	7	12	4
16622	HCOe`Ys	3	3.3177	3.5000	4	5	0.04538	0.02605	7	11	4
16623	HCQdarK	3	3.3177	3.5000	4	5	0.04538	0.02605	7	10	4
16624	HCQbQor	3	3.3177	3.5000	4	5	0.04538	0.02605	7	10	4
16625	HCQbQqs	3	3.3177	3.5000	4	5	0.04538	0.02605	7	12	4
16626	HCQTbRK	3	3.3177	3.5000	4	5	0.04538	0.02605	7	12	4
16627	HCQbQpi	3	3.3177	3.5000	4	5	0.04538	0.02605	7	11	4
16628	HCp`eik	3	3.3177	3.5000	4	5	0.04538	0.02605	7	9	4
16629	HCp`egu	3	3.3177	3.5000	4	5	0.04538	0.02605	7	9	4
16630	HCQbQqr	3	3.3177	3.5000	4	6	0.04538	0.02605	7	10	4
16631	HCdebIk	3	3.3177	3.5000	4	5	0.04538	0.02605	7	12	4
16632	HCQbQqu	3	3.3177	3.5000	4	6	0.04538	0.02605	7	12	4
16633	HCQbQpm	3	3.3177	3.5000	4	6	0.04538	0.02605	7	11	4
16634	HCQbQrM	3	3.3177	3.5000	4	6	0.04538	0.02605	7	9	4
16635	HCQbQrY	3	3.3177	3.5000	4	6	0.04538	0.02605	7	9	4
16636	HCp`ehy	3	3.3177	3.5000	4	6	0.04538	0.02605	7	9	4
16637	HCp`eji	3	3.3177	3.5000	4	6	0.04538	0.02605	7	9	4
16638	HCp`eiy	3	3.3177	3.5000	4	6	0.04538	0.02605	7	10	4
16639	HCp`ejk	3	3.3177	3.5000	4	6	0.04538	0.02605	7	9	4
16640	HCp`eqm	3	3.3177	3.5000	4	6	0.04538	0.02605	7	10	4
16641	HCp`epu	3	3.3177	3.5000	4	6	0.04538	0.02605	7	12	4
16642	HCQbQqv	3	3.3177	3.5000	4	7	0.04538	0.02605	7	11	4
16643	HCp`ehl	3	3.3177	3.5000	4	6	0.04538	0.02605	7	9	4
16644	HCp`eir	3	3.3177	3.5000	4	6	0.04538	0.02605	7	9	4
16645	HCp`eit	3	3.3177	3.5000	4	6	0.04538	0.02605	7	8	4
16646	HCp`epl	3	3.3177	3.5000	4	6	0.04538	0.02605	7	11	4
16647	HCQbQr]	3	3.3177	3.5000	4	7	0.04538	0.02605	7	9	4
16648	HCQbQrm	3	3.3177	3.5000	4	7	0.04538	0.02605	7	11	4
16649	HCQbQry	3	3.3177	3.5000	4	7	0.04538	0.02605	7	9	4
16650	HCp`ejT	3	3.3177	3.5000	4	6	0.04538	0.02605	7	9	4
16651	HCp`fji	3	3.3177	3.5000	4	6	0.04538	0.02605	7	9	4
16652	HCp`fXy	3	3.3177	3.5000	4	6	0.04538	0.02605	7	10	4
16653	HCp`ei}	3	3.3177	3.5000	4	7	0.04538	0.02605	7	9	4
16654	HCp`ejy	3	3.3177	3.5000	4	7	0.04538	0.02605	7	9	4
16655	HCp`ei|	3	3.3177	3.5000	4	7	0.04538	0.02605	7	7	4
16656	HCp`eiv	3	3.3177	3.5000	4	7	0.04538	0.02605	7	9	4
16657	HCp`eiz	3	3.3177	3.5000	4	7	0.04538	0.02605	7	9	4
16658	HCp`eqn	3	3.3177	3.5000	4	7	0.04538	0.02605	7	9	4
16659	HCp`eqv	3	3.3177	3.5000	4	7	0.04538	0.02605	7	11	4
16660	HCQbQr}	3	3.3177	3.5000	4	8	0.04538	0.02605	7	10	4
16661	HCp`ejt	3	3.3177	3.5000	4	7	0.04538	0.02605	7	8	4
16662	HCp`fjy	3	3.3177	3.5000	4	7	0.04538	0.02605	7	9	4
16663	HCp`ej}	3	3.3177	3.5000	4	8	0.04538	0.02605	7	8	4
16664	HCp`fin	3	3.3177	3.5000	4	7	0.04538	0.02605	7	7	4
16665	HCp`fYz	3	3.3177	3.5000	4	7	0.04538	0.02605	7	11	4
16666	HCp`ei~	3	3.3177	3.5000	4	8	0.04538	0.02605	7	8	4
16667	HCp`fi|	3	3.3177	3.5000	4	7	0.04538	0.02605	7	7	4
16668	HCp`ejv	3	3.3177	3.5000	4	8	0.04538	0.02605	7	8	4
16669	HCQbQpJ	3	3.3177	3.5000	5	5	0.04538	0.02605	7	11	4
16670	HCpbPhe	3	3.3177	3.5000	5	5	0.04538	0.02605	7	11	4
16671	HCQbQpj	3	3.3177	3.5000	5	6	0.04538	0.02605	7	11	4
16672	HCp`erk	3	3.3177	3.5000	5	6	0.04538	0.02605	7	11	4
16673	HCp`erT	3	3.3177	3.5000	5	6	0.04538	0.02605	7	9	4
16674	HCp`erL	3	3.3177	3.5000	5	6	0.04538	0.02605	7	11	4
16675	HCQbQpz	3	3.3177	3.5000	5	7	0.04538	0.02605	7	11	4
16676	HCQbQrN	3	3.3177	3.5000	5	7	0.04538	0.02605	7	9	4
16677	HCQbQrZ	3	3.3177	3.5000	5	7	0.04538	0.02605	7	11	4
16678	HCp`erX	3	3.3177	3.5000	5	6	0.04538	0.02605	7	11	4
16679	HCp`fZY	3	3.3177	3.5000	5	6	0.04538	0.02605	7	12	4
16680	HCp`er]	3	3.3177	3.5000	5	7	0.04538	0.02605	7	9	4
16681	HCp`erm	3	3.3177	3.5000	5	7	0.04538	0.02605	7	11	4
16682	HCp`ejl	3	3.3177	3.5000	5	7	0.04538	0.02605	7	9	4
16683	HCp`ert	3	3.3177	3.5000	5	7	0.04538	0.02605	7	9	4
16684	HCp`erV	3	3.3177	3.5000	5	7	0.04538	0.02605	7	9	4
16685	HCp`ej\	3	3.3177	3.5000	5	7	0.04538	0.02605	7	9	4
16686	HCp`eq|	3	3.3177	3.5000	5	7	0.04538	0.02605	7	9	4
16687	HCp`erl	3	3.3177	3.5000	5	7	0.04538	0.02605	7	11	4
16688	HCQbQrn	3	3.3177	3.5000	5	8	0.04538	0.02605	7	10	4
16689	HCQbQrz	3	3.3177	3.5000	5	8	0.04538	0.02605	7	10	4
16690	HCp`er\	3	3.3177	3.5000	5	7	0.04538	0.02605	7	11	4
16691	HCp`fZy	3	3.3177	3.5000	5	7	0.04538	0.02605	7	11	4
16692	HCp`er}	3	3.3177	3.5000	5	8	0.04538	0.02605	7	10	4
16693	HCp`fXz	3	3.3177	3.5000	5	7	0.04538	0.02605	7	9	4
16694	HCp`ejz	3	3.3177	3.5000	5	8	0.04538	0.02605	7	8	4
16695	HCp`erv	3	3.3177	3.5000	5	8	0.04538	0.02605	7	10	4
16696	HCp`fhn	3	3.3177	3.5000	5	7	0.04538	0.02605	7	9	4
16697	HCp`fj\	3	3.3177	3.5000	5	7	0.04538	0.02605	7	9	4
16698	HCp`fjl	3	3.3177	3.5000	5	7	0.04538	0.02605	7	9	4
16699	HCp`fZZ	3	3.3177	3.5000	5	7	0.04538	0.02605	7	11	4
16700	HCp`ej|	3	3.3177	3.5000	5	8	0.04538	0.02605	7	8	4
16701	HCp`ern	3	3.3177	3.5000	5	8	0.04538	0.02605	7	10	4
16702	HCQbQr~	3	3.3177	3.5000	5	9	0.04538	0.02605	7	9	4
16703	HCp`fjt	3	3.3177	3.5000	5	7	0.04538	0.02605	7	8	4
16704	HCp`fZ\	3	3.3177	3.5000	5	7	0.04538	0.02605	7	11	4
16705	HCp`er^	3	3.3177	3.5000	5	8	0.04538	0.02605	7	10	4
16706	HCp`er|	3	3.3177	3.5000	5	8	0.04538	0.02605	7	10	4
16707	HCp`fZl	3	3.3177	3.5000	5	7	0.04538	0.02605	7	11	4
16708	HCp`fzm	3	3.3177	3.5000	5	7	0.04538	0.02605	7	10	4
16709	HCp`fjz	3	3.3177	3.5000	5	8	0.04538	0.02605	7	8	4
16710	HCp`fj^	3	3.3177	3.5000	5	8	0.04538	0.02605	7	8	4
16711	HCp`fjn	3	3.3177	3.5000	5	8	0.04538	0.02605	7	8	4
16712	HCp`fY~	3	3.3177	3.5000	5	8	0.04538	0.02605	7	10	4
16713	HCp`fZz	3	3.3177	3.5000	5	8	0.04538	0.02605	7	10	4
16714	HCp`ej~	3	3.3177	3.5000	5	9	0.04538	0.02605	7	7	4
16715	HCp`fj|	3	3.3177	3.5000	5	8	0.04538	0.02605	7	8	4
16716	HCp`fZ^	3	3.3177	3.5000	5	8	0.04538	0.02605	7	10	4
16717	HCp`er~	3	3.3177	3.5000	5	9	0.04538	0.02605	7	9	4
16718	HCp`fZ|	3	3.3177	3.5000	5	8	0.04538	0.02605	7	10	4
16719	HCp`fz}	3	3.3177	3.5000	5	8	0.04538	0.02605	7	9	4
16720	HCp`fzv	3	3.3177	3.5000	5	8	0.04538	0.02605	7	9	4
16721	HCp`fzz	3	3.3177	3.5000	5	8	0.04538	0.02605	7	9	4
16722	HCp`fj~	3	3.3177	3.5000	5	9	0.04538	0.02605	7	7	4
16723	HCp`fzn	3	3.3177	3.5000	5	8	0.04538	0.02605	7	9	4
16724	HCp`fZ~	3	3.3177	3.5000	5	9	0.04538	0.02605	7	9	4
16725	HCp`fz|	3	3.3177	3.5000	5	8	0.04538	0.02605	7	9	4
16726	HCp`fz~	3	3.3177	3.5000	5	9	0.04538	0.02605	7	8	4
16727	HCp`f~~	3	3.3177	3.5000	5	9	0.04538	0.02605	7	7	4
16728	HQyuzzy	2	2.3182	2.6667	5	7	0.04546	0.04978	7	12	3
16729	HCpdbqi	3	3.3660	3.5000	4	5	0.04575	0.01675	8	9	4
16730	HCpdQjq	3	3.3660	3.5000	4	6	0.04575	0.01675	8	9	4
16731	HCpdQjw	3	3.3660	3.5000	4	6	0.04575	0.01675	8	9	4
16732	HCQe`ps	3	3.4576	3.7500	4	5	0.04576	0.02924	10	9	4
16733	HCOedG{	3	3.3723	3.6667	4	5	0.04654	0.03680	8	10	4
16734	HCQRDP[	3	3.3723	3.6667	4	5	0.04654	0.03680	8	10	4
16735	HCQe`rK	3	3.3723	3.6667	4	5	0.04654	0.03680	8	9	4
16736	HCQe`ph	3	3.3723	3.6667	4	5	0.04654	0.03680	8	10	4
16737	HCQbQrK	3	3.3723	3.6667	4	5	0.04654	0.03680	8	9	4
16738	HCQbQrQ	3	3.3723	3.6667	4	5	0.04654	0.03680	8	9	4
16739	HCQe`qd	3	3.3723	3.6667	4	5	0.04654	0.03680	8	9	4
16740	HCQbQrI	3	3.3723	3.6667	4	5	0.04654	0.03680	8	9	4
16741	HCQe`qR	3	3.3723	3.6667	4	5	0.04654	0.03680	8	8	4
16742	HCQe`rk	3	3.3723	3.6667	4	6	0.04654	0.03680	8	9	4
16743	HCQe`rL	3	3.3723	3.6667	4	6	0.04654	0.03680	8	9	4
16744	HCQe`pl	3	3.3723	3.6667	4	6	0.04654	0.03680	8	10	4
16745	HCQe`px	3	3.3723	3.6667	4	6	0.04654	0.03680	8	9	4
16746	HCQe`q\	3	3.3723	3.6667	4	6	0.04654	0.03680	8	8	4
16747	HCQe`ql	3	3.3723	3.6667	4	6	0.04654	0.03680	8	9	4
16748	HCQe`re	3	3.3723	3.6667	4	6	0.04654	0.03680	8	9	4
16749	HCQe`qt	3	3.3723	3.6667	4	6	0.04654	0.03680	8	9	4
16750	HCQe`qr	3	3.3723	3.6667	4	6	0.04654	0.03680	8	8	4
16751	HCQe`rR	3	3.3723	3.6667	4	6	0.04654	0.03680	8	9	4
16752	HCQe`rU	3	3.3723	3.6667	4	6	0.04654	0.03680	8	9	4
16753	HCQe`rY	3	3.3723	3.6667	4	6	0.04654	0.03680	8	9	4
16754	HCQe`p|	3	3.3723	3.6667	4	7	0.04654	0.03680	8	9	4
16755	HCQe`r\	3	3.3723	3.6667	4	7	0.04654	0.03680	8	8	4
16756	HCQe`rf	3	3.3723	3.6667	4	7	0.04654	0.03680	8	8	4
16757	HCQe`rl	3	3.3723	3.6667	4	7	0.04654	0.03680	8	9	4
16758	HCQe`rm	3	3.3723	3.6667	4	7	0.04654	0.03680	8	9	4
16759	HCQe`q|	3	3.3723	3.6667	4	7	0.04654	0.03680	8	9	4
16760	HCQe`qz	3	3.3723	3.6667	4	7	0.04654	0.03680	8	7	4
16761	HCQe`rr	3	3.3723	3.6667	4	7	0.04654	0.03680	8	8	4
16762	HCQe`ru	3	3.3723	3.6667	4	7	0.04654	0.03680	8	9	4
16763	HCQe`rV	3	3.3723	3.6667	4	7	0.04654	0.03680	8	8	4
16764	HCQe`rZ	3	3.3723	3.6667	4	7	0.04654	0.03680	8	9	4
16765	HCQe`r|	3	3.3723	3.6667	4	8	0.04654	0.03680	8	8	4
16766	HCQe`rn	3	3.3723	3.6667	4	8	0.04654	0.03680	8	8	4
16767	HCQe`r}	3	3.3723	3.6667	4	8	0.04654	0.03680	8	8	4
16768	HCQe`rv	3	3.3723	3.6667	4	8	0.04654	0.03680	8	8	4
16769	HCQe`rz	3	3.3723	3.6667	4	8	0.04654	0.03680	8	8	4
16770	HCQe`r~	3	3.3723	3.6667	4	9	0.04654	0.03680	8	7	4
16771	HCQeR_{	3	3.4675	3.7500	4	5	0.04675	0.02825	10	9	4
16772	HCQRDO{	3	3.4678	4.0000	4	5	0.04678	0.05322	10	10	4
16773	HCQb`rK	3	3.4678	4.0000	4	5	0.04678	0.05322	10	9	4
16774	HCQb`qs	3	3.4678	4.0000	4	5	0.04678	0.05322	10	9	4
16775	HCQbR_y	3	3.4678	4.0000	4	5	0.04678	0.05322	10	9	4
16776	HCQe`q[	3	3.4678	4.0000	4	5	0.04678	0.05322	10	9	4
16777	HCQb`pq	3	3.4678	4.0000	4	5	0.04678	0.05322	10	8	4
16778	HCQb`rk	3	3.4678	4.0000	4	6	0.04678	0.05322	10	9	4
16779	HCQb`py	3	3.4678	4.0000	4	6	0.04678	0.05322	10	9	4
16780	HCQb`rq	3	3.4678	4.0000	4	6	0.04678	0.05322	10	8	4
16781	HCQb`rY	3	3.4678	4.0000	4	6	0.04678	0.05322	10	9	4
16782	HCQb`qu	3	3.4678	4.0000	4	6	0.04678	0.05322	10	9	4
16783	HCQb`r{	3	3.4678	4.0000	4	7	0.04678	0.05322	10	8	4
16784	HCQb`rm	3	3.4678	4.0000	4	7	0.04678	0.05322	10	9	4
16785	HCQb`ry	3	3.4678	4.0000	4	7	0.04678	0.05322	10	8	4
16786	HCQb`ru	3	3.4678	4.0000	4	7	0.04678	0.05322	10	9	4
16787	HCQb`r}	3	3.4678	4.0000	4	8	0.04678	0.05322	10	8	4
16788	HCQb`or	3	3.4678	4.0000	5	5	0.04678	0.05322	10	8	4
16789	HCQb`qr	3	3.4678	4.0000	5	6	0.04678	0.05322	10	8	4
16790	HCQb`rr	3	3.4678	4.0000	5	7	0.04678	0.05322	10	7	4
16791	HCQb`pz	3	3.4678	4.0000	5	7	0.04678	0.05322	10	9	4
16792	HCQb`rz	3	3.4678	4.0000	5	8	0.04678	0.05322	10	8	4
16793	HCQb`r~	3	3.4678	4.0000	5	9	0.04678	0.05322	10	7	4
16794	HQjUjqm	2	2.2361	2.5000	4	6	0.04721	0.05279	5	16	3
16795	HQjurzY	2	2.2361	2.5000	4	6	0.04721	0.05279	5	14	3
16796	HQjRrv{	2	2.2361	2.5000	4	7	0.04721	0.05279	5	14	3
16797	HQhTVh]	2	2.2361	2.5000	5	6	0.04721	0.05279	5	17	3
16798	HQhTUh}	2	2.2361	2.5000	5	7	0.04721	0.05279	5	17	3
16799	HQhTVj]	2	2.2361	2.5000	5	7	0.04721	0.05279	5	16	3
16800	HQjUjrU	2	2.2361	2.5000	5	6	0.04721	0.05279	5	16	3
16801	HQjUjrx	2	2.2361	2.5000	5	7	0.04721	0.05279	5	15	3
16802	HQhTVzu	2	2.2361	2.5000	5	7	0.04721	0.05279	5	15	3
16803	HQjUjrV	2	2.2361	2.5000	5	7	0.04721	0.05279	5	15	3
16804	HQhVTy|	2	2.2361	2.5000	5	7	0.04721	0.05279	5	15	3
16805	HQjRun{	2	2.2361	2.5000	5	7	0.04721	0.05279	5	14	3
16806	HQjRumn	2	2.2361	2.5000	5	7	0.04721	0.05279	5	14	3
16807	HQhVvY}	2	2.2361	2.5000	5	7	0.04721	0.05279	5	14	3
16808	HQhVvZy	2	2.2361	2.5000	5	7	0.04721	0.05279	5	14	3
16809	HQjRrvV	2	2.2361	2.5000	5	7	0.04721	0.05279	5	14	3
16810	HQhVTz|	2	2.2361	2.5000	5	8	0.04721	0.05279	5	14	3
16811	HQhVTz}	2	2.2361	2.5000	5	8	0.04721	0.05279	5	14	3
16812	HQjUjr}	2	2.2361	2.5000	5	8	0.04721	0.05279	5	14	3
16813	HQjRrtz	2	2.2361	2.5000	5	7	0.04721	0.05279	5	14	3
16814	HQjuvjy	2	2.2361	2.5000	5	7	0.04721	0.05279	5	13	3
16815	HQinvh^	2	2.2361	2.5000	5	7	0.04721	0.05279	5	13	3
16816	HQjVrxz	2	2.2361	2.5000	5	7	0.04721	0.05279	5	13	3
16817	HQjuvh|	2	2.2361	2.5000	5	7	0.04721	0.05279	5	13	3
16818	HQinvjy	2	2.2361	2.5000	5	7	0.04721	0.05279	5	13	3
16819	HQhVvZ}	2	2.2361	2.5000	5	8	0.04721	0.05279	5	13	3
16820	HQjRun|	2	2.2361	2.5000	5	8	0.04721	0.05279	5	13	3
16821	HQjRunz	2	2.2361	2.5000	5	8	0.04721	0.05279	5	13	3
16822	HQjUjr~	2	2.2361	2.5000	5	9	0.04721	0.05279	5	13	3
16823	HQjuvjt	2	2.2361	2.5000	5	7	0.04721	0.05279	5	13	3
16824	HQjRrvz	2	2.2361	2.5000	5	8	0.04721	0.05279	5	13	3
16825	HQju~rt	2	2.2361	2.5000	5	7	0.04721	0.05279	5	12	3
16826	HQjRvz}	2	2.2361	2.5000	5	8	0.04721	0.05279	5	12	3
16827	HQjurz}	2	2.2361	2.5000	5	8	0.04721	0.05279	5	12	3
16828	HQy~ffj	2	2.2361	2.5000	5	7	0.04721	0.05279	5	12	3
16829	HQjurzv	2	2.2361	2.5000	5	8	0.04721	0.05279	5	12	3
16830	HQjuvh~	2	2.2361	2.5000	5	8	0.04721	0.05279	5	12	3
16831	HQjuvj^	2	2.2361	2.5000	5	8	0.04721	0.05279	5	12	3
16832	HQjRvv|	2	2.2361	2.5000	5	8	0.04721	0.05279	5	12	3
16833	HQjuvj|	2	2.2361	2.5000	5	8	0.04721	0.05279	5	12	3
16834	HQjuvjv	2	2.2361	2.5000	5	8	0.04721	0.05279	5	12	3
16835	HQjRvt~	2	2.2361	2.5000	5	8	0.04721	0.05279	5	12	3
16836	HQjRvz|	2	2.2361	2.5000	5	8	0.04721	0.05279	5	12	3
16837	HQjRrv~	2	2.2361	2.5000	5	9	0.04721	0.05279	5	12	3
16838	HUZvvjy	2	2.2361	2.5000	5	7	0.04721	0.05279	5	11	3
16839	HUZvvin	2	2.2361	2.5000	5	6	0.04721	0.05279	5	11	3
16840	HQjuvzz	2	2.2361	2.5000	5	8	0.04721	0.05279	5	11	3
16841	HQjuvzv	2	2.2361	2.5000	5	8	0.04721	0.05279	5	11	3
16842	HQjRvz~	2	2.2361	2.5000	5	9	0.04721	0.05279	5	11	3
16843	HQjuvj~	2	2.2361	2.5000	5	9	0.04721	0.05279	5	11	3
16844	HQhTVvm	2	2.2361	2.5000	6	7	0.04721	0.05279	5	15	3
16845	HQhVTzj	2	2.2361	2.5000	6	7	0.04721	0.05279	5	15	3
16846	HQjRul}	2	2.2361	2.5000	6	7	0.04721	0.05279	5	14	3
16847	HQjRunV	2	2.2361	2.5000	6	7	0.04721	0.05279	5	14	3
16848	HQhVTy~	2	2.2361	2.5000	6	8	0.04721	0.05279	5	14	3
16849	HQjuryn	2	2.2361	2.5000	6	7	0.04721	0.05279	5	13	3
16850	HQjRun}	2	2.2361	2.5000	6	8	0.04721	0.05279	5	13	3
16851	HQhVvY~	2	2.2361	2.5000	6	8	0.04721	0.05279	5	13	3
16852	HQhVvZz	2	2.2361	2.5000	6	8	0.04721	0.05279	5	13	3
16853	HQjRul~	2	2.2361	2.5000	6	8	0.04721	0.05279	5	13	3
16854	HQhVTz~	2	2.2361	2.5000	6	9	0.04721	0.05279	5	13	3
16855	HQinvin	2	2.2361	2.5000	6	7	0.04721	0.05279	5	13	3
16856	HQin\zm	2	2.2361	2.5000	6	7	0.04721	0.05279	5	13	3
16857	HQjlvZl	2	2.2361	2.5000	6	7	0.04721	0.05279	5	13	3
16858	HQyv\x^	2	2.2361	2.5000	6	7	0.04721	0.05279	5	12	3
16859	HQjRvv}	2	2.2361	2.5000	6	8	0.04721	0.05279	5	12	3
16860	HQinvj^	2	2.2361	2.5000	6	8	0.04721	0.05279	5	12	3
16861	HQinvjz	2	2.2361	2.5000	6	8	0.04721	0.05279	5	12	3
16862	HQjurz^	2	2.2361	2.5000	6	8	0.04721	0.05279	5	12	3
16863	HQjurz|	2	2.2361	2.5000	6	8	0.04721	0.05279	5	12	3
16864	HQy~fZj	2	2.2361	2.5000	6	7	0.04721	0.05279	5	12	3
16865	HQyvvZj	2	2.2361	2.5000	6	7	0.04721	0.05279	5	12	3
16866	HQinvj}	2	2.2361	2.5000	6	8	0.04721	0.05279	5	12	3
16867	HQhVvZ~	2	2.2361	2.5000	6	9	0.04721	0.05279	5	12	3
16868	HQjRun~	2	2.2361	2.5000	6	9	0.04721	0.05279	5	12	3
16869	HQjl~rl	2	2.2361	2.5000	6	7	0.04721	0.05279	5	12	3
16870	HQjRvvz	2	2.2361	2.5000	6	8	0.04721	0.05279	5	12	3
16871	HQin\z}	2	2.2361	2.5000	6	8	0.04721	0.05279	5	12	3
16872	HQjlvY~	2	2.2361	2.5000	6	8	0.04721	0.05279	5	12	3
16873	HQjlvZ|	2	2.2361	2.5000	6	8	0.04721	0.05279	5	12	3
16874	HQjlvZn	2	2.2361	2.5000	6	8	0.04721	0.05279	5	12	3
16875	HQjuvn}	2	2.2361	2.5000	6	8	0.04721	0.05279	5	11	3
16876	HQjuvz}	2	2.2361	2.5000	6	8	0.04721	0.05279	5	11	3
16877	HQyvvZ}	2	2.2361	2.5000	6	8	0.04721	0.05279	5	11	3
16878	HQyvvZv	2	2.2361	2.5000	6	8	0.04721	0.05279	5	11	3
16879	HQjuvx~	2	2.2361	2.5000	6	8	0.04721	0.05279	5	11	3
16880	HQjuvz^	2	2.2361	2.5000	6	8	0.04721	0.05279	5	11	3
16881	HQjurz~	2	2.2361	2.5000	6	9	0.04721	0.05279	5	11	3
16882	HUZvvjV	2	2.2361	2.5000	6	6	0.04721	0.05279	5	11	3
16883	HQyvV^}	2	2.2361	2.5000	6	8	0.04721	0.05279	5	11	3
16884	HQyvVv}	2	2.2361	2.5000	6	8	0.04721	0.05279	5	11	3
16885	HQyvvZ|	2	2.2361	2.5000	6	8	0.04721	0.05279	5	11	3
16886	HQyvvZz	2	2.2361	2.5000	6	8	0.04721	0.05279	5	11	3
16887	HQyv\z}	2	2.2361	2.5000	6	8	0.04721	0.05279	5	11	3
16888	HQjur|~	2	2.2361	2.5000	6	8	0.04721	0.05279	5	11	3
16889	HQjur~v	2	2.2361	2.5000	6	8	0.04721	0.05279	5	11	3
16890	HQjuvn^	2	2.2361	2.5000	6	8	0.04721	0.05279	5	11	3
16891	HUZvvjt	2	2.2361	2.5000	6	7	0.04721	0.05279	5	11	3
16892	HQjlvz}	2	2.2361	2.5000	6	8	0.04721	0.05279	5	11	3
16893	HQyvvY~	2	2.2361	2.5000	6	8	0.04721	0.05279	5	11	3
16894	HQyvvZn	2	2.2361	2.5000	6	8	0.04721	0.05279	5	11	3
16895	HQjlvzz	2	2.2361	2.5000	6	8	0.04721	0.05279	5	11	3
16896	HQjuvnv	2	2.2361	2.5000	6	8	0.04721	0.05279	5	11	3
16897	HQjuvz|	2	2.2361	2.5000	6	8	0.04721	0.05279	5	11	3
16898	HQinvj~	2	2.2361	2.5000	6	9	0.04721	0.05279	5	11	3
16899	HQjRvv~	2	2.2361	2.5000	6	9	0.04721	0.05279	5	11	3
16900	HQjlvy~	2	2.2361	2.5000	6	8	0.04721	0.05279	5	11	3
16901	HQjlvz|	2	2.2361	2.5000	6	8	0.04721	0.05279	5	11	3
16902	HQjlvzn	2	2.2361	2.5000	6	8	0.04721	0.05279	5	11	3
16903	HQyvV^n	2	2.2361	2.5000	6	8	0.04721	0.05279	5	11	3
16904	HQyvVu~	2	2.2361	2.5000	6	8	0.04721	0.05279	5	11	3
16905	HQyvVvn	2	2.2361	2.5000	6	8	0.04721	0.05279	5	11	3
16906	HQyvVvz	2	2.2361	2.5000	6	8	0.04721	0.05279	5	11	3
16907	HQjlvZ~	2	2.2361	2.5000	6	9	0.04721	0.05279	5	11	3
16908	HUZuv^}	2	2.2361	2.5000	6	8	0.04721	0.05279	5	10	3
16909	HUZuvzz	2	2.2361	2.5000	6	8	0.04721	0.05279	5	10	3
16910	HUZvvjn	2	2.2361	2.5000	6	8	0.04721	0.05279	5	10	3
16911	HQyvvn}	2	2.2361	2.5000	6	8	0.04721	0.05279	5	10	3
16912	HUZuvx~	2	2.2361	2.5000	6	8	0.04721	0.05279	5	10	3
16913	HUZuvzn	2	2.2361	2.5000	6	8	0.04721	0.05279	5	10	3
16914	HUZvvj^	2	2.2361	2.5000	6	8	0.04721	0.05279	5	10	3
16915	HQyvvz|	2	2.2361	2.5000	6	8	0.04721	0.05279	5	10	3
16916	HQyvvzz	2	2.2361	2.5000	6	8	0.04721	0.05279	5	10	3
16917	HQyv^z|	2	2.2361	2.5000	6	8	0.04721	0.05279	5	10	3
16918	HQyv^zv	2	2.2361	2.5000	6	8	0.04721	0.05279	5	10	3
16919	HQyv^zz	2	2.2361	2.5000	6	8	0.04721	0.05279	5	10	3
16920	HUZuv^n	2	2.2361	2.5000	6	8	0.04721	0.05279	5	10	3
16921	HUZuvy~	2	2.2361	2.5000	6	8	0.04721	0.05279	5	10	3
16922	HUZuvz^	2	2.2361	2.5000	6	8	0.04721	0.05279	5	10	3
16923	HQjur~~	2	2.2361	2.5000	6	9	0.04721	0.05279	5	10	3
16924	HUZvvjv	2	2.2361	2.5000	6	8	0.04721	0.05279	5	10	3
16925	HQyvv^|	2	2.2361	2.5000	6	8	0.04721	0.05279	5	10	3
16926	HQyvvy~	2	2.2361	2.5000	6	8	0.04721	0.05279	5	10	3
16927	HUZuvz|	2	2.2361	2.5000	6	8	0.04721	0.05279	5	10	3
16928	HUZuvzv	2	2.2361	2.5000	6	8	0.04721	0.05279	5	10	3
16929	HQyvvnn	2	2.2361	2.5000	6	8	0.04721	0.05279	5	10	3
16930	HQyvvvv	2	2.2361	2.5000	6	8	0.04721	0.05279	5	10	3
16931	HQjuvn~	2	2.2361	2.5000	6	9	0.04721	0.05279	5	10	3
16932	HQjuvz~	2	2.2361	2.5000	6	9	0.04721	0.05279	5	10	3
16933	HQyvvZ~	2	2.2361	2.5000	6	9	0.04721	0.05279	5	10	3
16934	HQjRv~~	2	2.2361	2.5000	6	9	0.04721	0.05279	5	10	3
16935	HQyvt}~	2	2.2361	2.5000	6	8	0.04721	0.05279	5	10	3
16936	HQyvv]~	2	2.2361	2.5000	6	8	0.04721	0.05279	5	10	3
16937	HQyvv^n	2	2.2361	2.5000	6	8	0.04721	0.05279	5	10	3
16938	HQyvvu~	2	2.2361	2.5000	6	8	0.04721	0.05279	5	10	3
16939	HQyvvvn	2	2.2361	2.5000	6	8	0.04721	0.05279	5	10	3
16940	HQyvvvz	2	2.2361	2.5000	6	8	0.04721	0.05279	5	10	3
16941	HQjlvz~	2	2.2361	2.5000	6	9	0.04721	0.05279	5	10	3
16942	HQyvV^~	2	2.2361	2.5000	6	9	0.04721	0.05279	5	10	3
16943	HQyvVv~	2	2.2361	2.5000	6	9	0.04721	0.05279	5	10	3
16944	HUZv^zz	2	2.2361	2.5000	6	8	0.04721	0.05279	5	9	3
16945	HUZu~^}	2	2.2361	2.5000	6	8	0.04721	0.05279	5	9	3
16946	HUZv\~}	2	2.2361	2.5000	6	8	0.04721	0.05279	5	9	3
16947	HUZu~z|	2	2.2361	2.5000	6	8	0.04721	0.05279	5	9	3
16948	HUZv\~|	2	2.2361	2.5000	6	8	0.04721	0.05279	5	9	3
16949	HUZvnz|	2	2.2361	2.5000	6	8	0.04721	0.05279	5	9	3
16950	HUZv^z|	2	2.2361	2.5000	6	8	0.04721	0.05279	5	9	3
16951	HUZv\~^	2	2.2361	2.5000	6	8	0.04721	0.05279	5	9	3
16952	HQyvvz~	2	2.2361	2.5000	6	9	0.04721	0.05279	5	9	3
16953	HUZuvz~	2	2.2361	2.5000	6	9	0.04721	0.05279	5	9	3
16954	HUZvvj~	2	2.2361	2.5000	6	9	0.04721	0.05279	5	9	3
16955	HUZvn^}	2	2.2361	2.5000	6	8	0.04721	0.05279	5	9	3
16956	HUZu~^n	2	2.2361	2.5000	6	8	0.04721	0.05279	5	9	3
16957	HQyvvn~	2	2.2361	2.5000	6	9	0.04721	0.05279	5	9	3
16958	HUZvvvz	2	2.2361	2.5000	6	8	0.04721	0.05279	5	9	3
16959	HQjuv~~	2	2.2361	2.5000	6	9	0.04721	0.05279	5	9	3
16960	HUZv\}~	2	2.2361	2.5000	6	8	0.04721	0.05279	5	9	3
16961	HUZvn^n	2	2.2361	2.5000	6	8	0.04721	0.05279	5	9	3
16962	HUZv\~v	2	2.2361	2.5000	6	8	0.04721	0.05279	5	9	3
16963	HQyvt~~	2	2.2361	2.5000	6	9	0.04721	0.05279	5	9	3
16964	HQyvv^~	2	2.2361	2.5000	6	9	0.04721	0.05279	5	9	3
16965	HQyvvv~	2	2.2361	2.5000	6	9	0.04721	0.05279	5	9	3
16966	HQyvV~~	2	2.2361	2.5000	6	9	0.04721	0.05279	5	9	3
16967	HUZvvv~	2	2.2361	2.5000	6	9	0.04721	0.05279	5	8	3
16968	HUZv\~~	2	2.2361	2.5000	6	9	0.04721	0.05279	5	8	3
16969	HQyvv~~	2	2.2361	2.5000	6	9	0.04721	0.05279	5	8	3
16970	HQin\yn	2	2.2361	2.5000	7	7	0.04721	0.05279	5	13	3
16971	HQyv\yn	2	2.2361	2.5000	7	7	0.04721	0.05279	5	12	3
16972	HQin\zn	2	2.2361	2.5000	7	8	0.04721	0.05279	5	12	3
16973	HQjlv^}	2	2.2361	2.5000	7	8	0.04721	0.05279	5	11	3
16974	HQyv\zn	2	2.2361	2.5000	7	8	0.04721	0.05279	5	11	3
16975	HQjlv]~	2	2.2361	2.5000	7	8	0.04721	0.05279	5	11	3
16976	HQjlv^n	2	2.2361	2.5000	7	8	0.04721	0.05279	5	11	3
16977	HQin\z~	2	2.2361	2.5000	7	9	0.04721	0.05279	5	11	3
16978	HUZuv^v	2	2.2361	2.5000	7	8	0.04721	0.05279	5	10	3
16979	HQyv^^}	2	2.2361	2.5000	7	8	0.04721	0.05279	5	10	3
16980	HQyv^y~	2	2.2361	2.5000	7	8	0.04721	0.05279	5	10	3
16981	HUZuvn^	2	2.2361	2.5000	7	8	0.04721	0.05279	5	10	3
16982	HQyv\z~	2	2.2361	2.5000	7	9	0.04721	0.05279	5	10	3
16983	HUZuvnv	2	2.2361	2.5000	7	8	0.04721	0.05279	5	10	3
16984	HQyv^]~	2	2.2361	2.5000	7	8	0.04721	0.05279	5	10	3
16985	HQyv^^n	2	2.2361	2.5000	7	8	0.04721	0.05279	5	10	3
16986	HQjlv^~	2	2.2361	2.5000	7	9	0.04721	0.05279	5	10	3
16987	HUZu~^|	2	2.2361	2.5000	7	8	0.04721	0.05279	5	9	3
16988	HUZvn^|	2	2.2361	2.5000	7	8	0.04721	0.05279	5	9	3
16989	HUZuv^~	2	2.2361	2.5000	7	9	0.04721	0.05279	5	9	3
16990	HUZvm~|	2	2.2361	2.5000	7	8	0.04721	0.05279	5	9	3
16991	HQyv^z~	2	2.2361	2.5000	7	9	0.04721	0.05279	5	9	3
16992	HUZvm~}	2	2.2361	2.5000	7	8	0.04721	0.05279	5	9	3
16993	HUZu~^v	2	2.2361	2.5000	7	8	0.04721	0.05279	5	9	3
16994	HUZuvn~	2	2.2361	2.5000	7	9	0.04721	0.05279	5	9	3
16995	HUZvnn}	2	2.2361	2.5000	7	8	0.04721	0.05279	5	9	3
16996	HUZvnnn	2	2.2361	2.5000	7	8	0.04721	0.05279	5	9	3
16997	HUZvm~^	2	2.2361	2.5000	7	8	0.04721	0.05279	5	9	3
16998	HUZvnn^	2	2.2361	2.5000	7	8	0.04721	0.05279	5	9	3
16999	HQyv^^~	2	2.2361	2.5000	7	9	0.04721	0.05279	5	9	3
17000	HQyv\~~	2	2.2361	2.5000	7	9	0.04721	0.05279	5	9	3
17001	HQjlv~~	2	2.2361	2.5000	7	9	0.04721	0.05279	5	9	3
17002	HUZvnnv	2	2.2361	2.5000	7	8	0.04721	0.05279	5	9	3
17003	HUZv^z~	2	2.2361	2.5000	7	9	0.04721	0.05279	5	8	3
17004	HUZu~z~	2	2.2361	2.5000	7	9	0.04721	0.05279	5	8	3
17005	HUZu~^~	2	2.2361	2.5000	7	9	0.04721	0.05279	5	8	3
17006	HUZvnz~	2	2.2361	2.5000	7	9	0.04721	0.05279	5	8	3
17007	HUZuv~~	2	2.2361	2.5000	7	9	0.04721	0.05279	5	8	3
17008	HUZvn^~	2	2.2361	2.5000	7	9	0.04721	0.05279	5	8	3
17009	HUZvm~~	2	2.2361	2.5000	7	9	0.04721	0.05279	5	8	3
17010	HQyv^~~	2	2.2361	2.5000	7	9	0.04721	0.05279	5	8	3
17011	HUZvnn~	2	2.2361	2.5000	7	9	0.04721	0.05279	5	8	3
17012	HUZvv~~	2	2.2361	2.5000	7	9	0.04721	0.05279	5	7	3
17013	HUZv^~~	2	2.2361	2.5000	7	9	0.04721	0.05279	5	7	3
17014	HUZu~~~	2	2.2361	2.5000	7	9	0.04721	0.05279	5	7	3
17015	HQyv~~~	2	2.2361	2.5000	7	9	0.04721	0.05279	5	7	3
17016	HUZvn~~	2	2.2361	2.5000	7	9	0.04721	0.05279	5	7	3
17017	HUZv~~~	2	2.2361	2.5000	7	9	0.04721	0.05279	5	6	3
17018	HUZ~~~~	2	2.2361	2.5000	7	9	0.04721	0.05279	5	5	3
17019	HQhTVU}	2	2.2361	2.5000	6	7	0.04722	0.05278	5	16	3
17020	HCpdQjo	3	3.4270	3.6667	4	5	0.04744	0.02663	9	9	4
17021	HQyurz]	2	2.3380	2.6667	5	7	0.04829	0.04695	7	13	3
17022	HQyurzy	2	2.3380	2.6667	5	7	0.04829	0.04695	7	13	3
17023	HCQ`epk	3	3.3380	3.5000	4	5	0.04829	0.02314	7	11	4
17024	HCpdQis	3	3.3380	3.5000	4	5	0.04829	0.02314	7	10	4
17025	HCQuQpi	3	3.3380	3.5000	4	5	0.04829	0.02314	7	12	4
17026	HCpdQjI	3	3.3380	3.5000	4	5	0.04829	0.02314	7	11	4
17027	HCpdQiu	3	3.3380	3.5000	4	6	0.04829	0.02314	7	10	4
17028	HCpdQhm	3	3.3380	3.5000	4	6	0.04829	0.02314	7	10	4
17029	HCpdQim	3	3.3380	3.5000	4	6	0.04829	0.02314	7	11	4
17030	HCpdQiy	3	3.3380	3.5000	4	6	0.04829	0.02314	7	12	4
17031	HCpdQji	3	3.3380	3.5000	4	6	0.04829	0.02314	7	11	4
17032	HCpdQj{	3	3.3380	3.5000	4	7	0.04829	0.02314	7	9	4
17033	HCpdQiv	3	3.3380	3.5000	4	7	0.04829	0.02314	7	11	4
17034	HCpdQi}	3	3.3380	3.5000	4	7	0.04829	0.02314	7	11	4
17035	HCpdQjm	3	3.3380	3.5000	4	7	0.04829	0.02314	7	11	4
17036	HCpdQjy	3	3.3380	3.5000	4	7	0.04829	0.02314	7	11	4
17037	HCpdQjN	3	3.3380	3.5000	4	7	0.04829	0.02314	7	9	4
17038	HCpdQj}	3	3.3380	3.5000	4	8	0.04829	0.02314	7	10	4
17039	HCpdQjv	3	3.3380	3.5000	4	8	0.04829	0.02314	7	10	4
17040	HCpdQjn	3	3.3380	3.5000	4	8	0.04829	0.02314	7	10	4
17041	HCpdQj~	3	3.3380	3.5000	4	9	0.04829	0.02314	7	9	4
17042	HCQv@pk	3	3.4505	3.6667	4	5	0.05006	0.02401	9	9	4
17043	HCQv@qR	3	3.4598	3.7500	4	5	0.05109	0.03224	9	8	4
17044	HCRbdO{	3	3.6667	4.0000	4	5	0.05128	0.02564	13	8	4
17045	HCrb`qi	3	3.6180	4.0000	4	5	0.05150	0.03183	12	8	4
17046	HCQe`pc	3	3.4704	3.7500	3	4	0.05226	0.03107	9	10	4
17047	HCpbPjK	3	3.3660	3.5000	4	5	0.05229	0.01914	7	10	4
17048	HCQe`pk	3	3.4303	3.6667	4	5	0.05379	0.02954	8	10	4
17049	HQyurzU	2	2.3837	2.7500	5	6	0.05482	0.05233	7	14	3
17050	HQyvuzu	2	2.3333	2.5000	5	7	0.05556	0.02778	6	12	3
17051	HUZurzu	2	2.3333	2.5000	6	7	0.05556	0.02778	6	12	3
17052	HQjRvj]	2	2.3380	2.6667	5	7	0.05634	0.05477	6	14	3
17053	HQyurx|	2	2.3380	2.6667	5	7	0.05634	0.05477	6	13	3
17054	HQyurz}	2	2.3380	2.6667	5	8	0.05634	0.05477	6	12	3
17055	HQjRvU}	2	2.3380	2.6667	6	7	0.05634	0.05477	6	14	3
17056	HQyury|	2	2.3380	2.6667	6	7	0.05634	0.05477	6	13	3
17057	HQyurzl	2	2.3380	2.6667	6	7	0.05634	0.05477	6	13	3
17058	HQyurz^	2	2.3380	2.6667	6	8	0.05634	0.05477	6	12	3
17059	HQyurz|	2	2.3380	2.6667	6	8	0.05634	0.05477	6	12	3
17060	HQyurz~	2	2.3380	2.6667	6	9	0.05634	0.05477	6	11	3
17061	HCpdQiq	3	3.4088	3.5000	4	5	0.05840	0.01303	7	10	4
17062	HQyurzu	2	2.3702	2.6667	5	7	0.06169	0.04942	6	13	3
17063	HQjurzu	2	2.3333	2.5000	5	7	0.06667	0.03333	5	13	3
17064	HUZurzt	2	2.3333	2.5000	6	7	0.06667	0.03333	5	12	3
17065	HUZurz}	2	2.3333	2.5000	6	8	0.06667	0.03333	5	11	3
17066	HUZurz|	2	2.3333	2.5000	6	8	0.06667	0.03333	5	11	3
17067	HUZurz~	2	2.3333	2.5000	6	9	0.06667	0.03333	5	10	3
17068	HUZurzm	2	2.3660	2.5000	6	7	0.07321	0.02679	5	12	3
