rank,graph6,n,edges,alpha,theta_hi,delta_hi,theta_bulk,solver_diff,pr_hi,status_hi,perfect,chi_comp
1,HCRbdO{,9,15,3,3.6666666924,0.6666666924,3.6666666799877143,1.246e-08,2.420e-09,optimal,False,4
2,HCrb`qi,9,16,3,3.6180340009,0.6180340009,3.618034000654442,2.408e-10,9.611e-10,optimal,False,4
3,HCQe`pc,9,13,3,3.4703808534,0.4703808534,3.4703808418939186,1.149e-08,4.496e-09,optimal,False,4
4,HCQv@ps,9,15,3,3.4678437744,0.4678437744,3.4678437311163424,4.327e-08,4.151e-09,optimal,False,4
5,HCQb`r},9,17,3,3.4678437725,0.4678437725,3.4678437295533215,4.296e-08,3.333e-09,optimal,False,4
6,HCQb`r~,9,18,3,3.4678437704,0.4678437704,3.4678437213553015,4.904e-08,4.714e-09,optimal,False,4
7,HCQb`rK,9,14,3,3.4678437676,0.4678437676,3.467843742695335,2.491e-08,3.143e-09,optimal,False,4
8,HCQb`py,9,15,3,3.4678437646,0.4678437646,3.4678437376091704,2.704e-08,5.798e-09,optimal,False,4
9,HCQbR_y,9,14,3,3.4678437622,0.4678437622,3.4678437273131033,3.490e-08,2.860e-09,optimal,False,4
10,HCQb`rY,9,15,3,3.4678437590,0.4678437590,3.4678437314341415,2.753e-08,3.505e-09,optimal,False,4
11,HCQb`pq,9,14,3,3.4678437587,0.4678437587,3.4678437317002064,2.701e-08,3.300e-09,optimal,False,4
12,HCQRDO{,9,13,3,3.4678437563,0.4678437563,3.46784374659121,9.722e-09,3.324e-09,optimal,False,4
13,HCQb`qr,9,15,3,3.4678437554,0.4678437554,3.4678437306182675,2.477e-08,2.881e-09,optimal,False,4
14,HCQb`ru,9,16,3,3.4678437488,0.4678437488,3.467843740676165,8.155e-09,2.403e-09,optimal,False,4
15,HCQeR`[,9,14,3,3.4678437487,0.4678437487,3.467843740481947,8.262e-09,1.842e-09,optimal,False,4
16,HCQb`ri,9,15,3,3.4678437479,0.4678437479,3.467843728535125,1.940e-08,2.808e-09,optimal,False,4
17,HCQb`pz,9,16,3,3.4678437463,0.4678437463,3.4678437381438267,8.159e-09,1.652e-09,optimal,False,4
18,HCQb`rm,9,16,3,3.4678437462,0.4678437462,3.467843733946536,1.226e-08,1.567e-09,optimal,False,4
19,HCQb`rz,9,17,3,3.4678437456,0.4678437456,3.4678437342276838,1.134e-08,1.469e-09,optimal,False,4
20,HCQb`ry,9,16,3,3.4678437453,0.4678437453,3.4678437377991975,7.508e-09,2.297e-09,optimal,False,4
21,HCQb`q},9,16,3,3.4678437452,0.4678437452,3.467843736875702,8.294e-09,1.348e-09,optimal,False,4
22,HCQe`q[,9,14,3,3.4678437425,0.4678437425,3.4678437259888146,1.652e-08,2.220e-09,optimal,False,4
23,HCQb`r{,9,16,3,3.4678437382,0.4678437382,3.467843727257409,1.090e-08,1.760e-09,optimal,False,4
24,HCQb`rk,9,15,3,3.4678437352,0.4678437352,3.4678437615558164,2.632e-08,9.427e-10,optimal,False,4
25,HCQb`rq,9,15,3,3.4678437347,0.4678437347,3.467843736087879,1.346e-09,5.277e-10,optimal,False,4
26,HCQb`rs,9,15,3,3.4678437343,0.4678437343,3.4678437426105466,8.263e-09,5.564e-10,optimal,False,4
27,HCRV@qk,9,15,3,3.4678437341,0.4678437341,3.467843737863954,3.743e-09,2.792e-10,optimal,False,4
28,HCQb`qu,9,15,3,3.4678437328,0.4678437328,3.46784373485825,2.033e-09,3.934e-10,optimal,False,4
29,HCQb`rr,9,16,3,3.4678437328,0.4678437328,3.4678437667697084,3.397e-08,6.328e-10,optimal,False,4
30,HCQb`qs,9,14,3,3.4678437309,0.4678437309,3.467843763673387,3.278e-08,3.176e-10,optimal,False,4
31,HCQb`or,9,14,3,3.4678437305,0.4678437305,3.467843736702726,6.168e-09,1.782e-10,optimal,False,4
32,HCQeR_{,9,14,3,3.4674943020,0.4674943020,3.4674942554373214,4.656e-08,5.364e-09,optimal,False,4
33,HCQv@qR,9,15,3,3.4598284417,0.4598284417,3.459828442863683,1.157e-09,2.166e-10,optimal,False,4
34,HCRbdQ{,9,16,3,3.4593960152,0.4593960152,3.4593959718992453,4.332e-08,3.963e-09,optimal,False,4
35,HCQe`ps,9,14,3,3.4576138530,0.4576138530,3.457613837380868,1.561e-08,3.068e-09,optimal,False,4
36,HCRbco{,9,15,3,3.4554913853,0.4554913853,3.455491390253277,4.969e-09,1.624e-09,optimal,False,4
37,HCQbdq],9,16,3,3.4522903429,0.4522903429,3.452290314757889,2.812e-08,4.353e-09,optimal,False,4
38,HCQv@pk,9,15,3,3.4505408552,0.4505408552,3.450540879899442,2.473e-08,7.007e-10,optimal,False,4
39,HCpb`zS,9,16,3,3.4433342856,0.4433342856,3.4433342916338474,6.047e-09,2.061e-09,optimal,False,4
40,HCRb`ym,9,17,3,3.4389903792,0.4389903792,3.438990359404232,1.983e-08,1.236e-09,optimal,False,4
41,HCRbdRR,9,16,3,3.4384472331,0.4384472331,3.438447193990727,3.911e-08,4.520e-09,optimal,False,4
42,HCRbcqh,9,15,3,3.4384472172,0.4384472172,3.4384471871687756,3.006e-08,3.773e-09,optimal,False,4
43,HCRbdRe,9,16,3,3.4384472132,0.4384472132,3.438447193609794,1.957e-08,3.418e-09,optimal,False,4
44,HCRbdPe,9,15,3,3.4384472128,0.4384472128,3.438447195214318,1.758e-08,2.959e-09,optimal,False,4
45,HCRbdPq,9,15,3,3.4384472114,0.4384472114,3.4384471865081156,2.494e-08,3.136e-09,optimal,False,4
46,HCRbdRM,9,16,3,3.4384472107,0.4384472107,3.438447189385986,2.135e-08,4.152e-09,optimal,False,4
47,HCRbdRr,9,17,3,3.4384472090,0.4384472090,3.4384471909196086,1.813e-08,2.636e-09,optimal,False,4
48,HCRbdRm,9,17,3,3.4384472077,0.4384472077,3.4384471977078914,1.003e-08,2.617e-09,optimal,False,4
49,HCRbdPu,9,16,3,3.4384472068,0.4384472068,3.4384471956525546,1.114e-08,4.731e-09,optimal,False,4
50,HCRbdRu,9,17,3,3.4384472066,0.4384472066,3.4384471962599696,1.038e-08,5.027e-09,optimal,False,4
51,HCRbdRs,9,16,3,3.4384472049,0.4384472049,3.4384471934747816,1.139e-08,2.856e-09,optimal,False,4
52,HCRbdQy,9,16,3,3.4384472043,0.4384472043,3.4384471946798834,9.619e-09,2.309e-09,optimal,False,4
53,HCRbdRv,9,18,3,3.4384472042,0.4384472042,3.438447183161894,2.106e-08,4.456e-09,optimal,False,4
54,HCRV@ps,9,15,3,3.4384472028,0.4384472028,3.4384471949900988,7.778e-09,1.825e-09,optimal,False,4
55,HCrb`rS,9,16,3,3.4384472015,0.4384472015,3.4384471965229526,4.987e-09,1.340e-09,optimal,False,4
56,HCRbdRU,9,16,3,3.4384471983,0.4384471983,3.438447231736143,3.346e-08,2.213e-09,optimal,False,4
57,HCRbdRy,9,17,3,3.4384471982,0.4384471982,3.4384471926023914,5.644e-09,2.780e-09,optimal,False,4
58,HCRbdR},9,18,3,3.4384471980,0.4384471980,3.4384471848879166,1.308e-08,2.984e-09,optimal,False,4
59,HCRbdP},9,17,3,3.4384471969,0.4384471969,3.4384472057679103,8.886e-09,7.489e-10,optimal,False,4
60,HCRbdQq,9,15,3,3.4384471969,0.4384471969,3.4384471979391122,1.067e-09,1.006e-09,optimal,False,4
61,HCRbdPy,9,16,3,3.4384471957,0.4384471957,3.4384471876112253,8.130e-09,1.215e-09,optimal,False,4
62,HCRbdR],9,17,3,3.4384471955,0.4384471955,3.4384471917023314,3.823e-09,1.381e-09,optimal,False,4
63,HCRbdRQ,9,15,3,3.4384471952,0.4384471952,3.4384471829326846,1.227e-08,6.817e-10,optimal,False,4
64,HCRbdRY,9,16,3,3.4384471944,0.4384471944,3.4384471895797453,4.866e-09,1.551e-09,optimal,False,4
65,HCRbdRq,9,16,3,3.4384471912,0.4384471912,3.4384471950688056,3.873e-09,5.202e-10,optimal,False,4
66,HCrb`ri,9,17,3,3.4384471907,0.4384471907,3.4384471906691885,2.925e-11,3.611e-10,optimal,False,4
67,HCRbdQu,9,16,3,3.4384471891,0.4384471891,3.4384471836790604,5.449e-09,2.677e-10,optimal,False,4
68,HCRbdR{,9,17,3,3.4384471889,0.4384471889,3.438447185072448,3.874e-09,5.362e-10,optimal,False,4
69,HCRbdQY,9,15,3,3.4384471886,0.4384471886,3.4384471902526434,1.661e-09,2.870e-10,optimal,False,4
70,HCQ`fP[,9,14,3,3.4384471885,0.4384471885,3.4384471927682103,4.239e-09,1.409e-10,optimal,False,4
71,HCRbdRc,9,15,3,3.4384471885,0.4384471885,3.438447193333091,4.815e-09,1.277e-10,optimal,False,4
72,HCRbdRf,9,17,3,3.4384471883,0.4384471883,3.438447190680313,2.354e-09,2.461e-10,optimal,False,4
73,HCRbdR[,9,16,3,3.4384471882,0.4384471882,3.438447198223785,9.998e-09,9.494e-11,optimal,False,4
74,HCRbdQ},9,17,3,3.4384471880,0.4384471880,3.4384471933955325,5.417e-09,1.129e-10,optimal,False,4
75,HCRbdRz,9,18,3,3.4384471877,0.4384471877,3.4384471883664167,6.304e-10,2.606e-10,optimal,False,4
76,HCRbdRZ,9,17,3,3.4384471873,0.4384471873,3.4384471904159724,3.106e-09,1.928e-10,optimal,False,4
77,HCRbdR~,9,19,3,3.4384471829,0.4384471829,3.438447175716005,7.217e-09,1.495e-09,optimal,False,4
78,HCQe`pk,9,14,3,3.4303376007,0.4303376007,3.4303375771097597,2.358e-08,2.149e-09,optimal,False,4
79,HCpdQjo,9,15,3,3.4269588107,0.4269588107,3.42695881063904,4.709e-11,6.105e-10,optimal,False,4
80,HCQbdo{,9,15,3,3.4262284701,0.4262284701,3.4262284585391316,1.159e-08,2.209e-09,optimal,False,4
81,HCRbeo{,9,16,3,3.4251646427,0.4251646427,3.425164629686449,1.302e-08,2.861e-09,optimal,False,4
82,HCRbdo{,9,16,3,3.4239444020,0.4239444020,3.423944397534975,4.451e-09,6.255e-10,optimal,False,4
83,HCrbbqi,9,17,3,3.4142136356,0.4142136356,3.414213566882661,6.867e-08,5.883e-09,optimal,False,4
84,HCrb`r~,9,20,3,3.4142136331,0.4142136331,3.4142135617259473,7.140e-08,5.599e-09,optimal,False,4
85,HCrb`rY,9,17,3,3.4142135977,0.4142135977,3.4142135668530207,3.082e-08,4.234e-09,optimal,False,4
86,HCrb`rc,9,16,3,3.4142135893,0.4142135893,3.41421356766272,2.167e-08,2.484e-09,optimal,False,4
87,HCrb`rk,9,17,3,3.4142135798,0.4142135798,3.4142135539954293,2.579e-08,2.090e-09,optimal,False,4
88,HCrb`rs,9,17,3,3.4142135776,0.4142135776,3.41421356862654,9.002e-09,1.673e-09,optimal,False,4
89,HCrb`ru,9,18,3,3.4142135703,0.4142135703,3.414213559816964,1.049e-08,9.835e-10,optimal,False,4
90,HCrb`rm,9,18,3,3.4142135703,0.4142135703,3.414213566550399,3.744e-09,7.117e-10,optimal,False,4
91,HCrb`r{,9,18,3,3.4142135700,0.4142135700,3.4142135511836265,1.885e-08,1.645e-09,optimal,False,4
92,HCrb`r},9,19,3,3.4142135679,0.4142135679,3.414213558928198,8.964e-09,6.573e-10,optimal,False,4
93,HCrb`rK,9,16,3,3.4142135675,0.4142135675,3.41421356287995,4.607e-09,3.290e-10,optimal,False,4
94,HCrb`qs,9,16,3,3.4142135669,0.4142135669,3.4142135529703026,1.392e-08,4.905e-10,optimal,False,4
95,HCrb`ry,9,18,3,3.4142135665,0.4142135665,3.4142135586995668,7.752e-09,1.143e-09,optimal,False,4
96,HCRbdqU,9,16,3,3.4103640756,0.4103640756,3.410364084269793,8.627e-09,7.051e-10,optimal,False,4
97,HCpdQiq,9,15,3,3.4088091153,0.4088091153,3.408809094156367,2.115e-08,4.684e-09,optimal,False,4
98,HCQe`qX,9,14,3,3.3870541738,0.3870541738,3.3870541808373065,6.993e-09,8.099e-10,optimal,False,4
99,HCRbdq],9,17,3,3.3865430102,0.3865430102,3.386542996091673,1.409e-08,1.334e-10,optimal,False,4
100,HQyurzU,9,22,2,2.3837190905,0.3837190905,2.3837190850632077,5.458e-09,1.801e-10,optimal,False,3
101,HCQ`fI{,9,15,3,3.3828017790,0.3828017790,3.3828017187201103,6.030e-08,5.352e-09,optimal,False,4
102,HCRbcrS,9,15,3,3.3804185767,0.3804185767,3.3804185681239556,8.585e-09,1.982e-09,optimal,False,4
103,HCQbfIm,9,16,3,3.3800448051,0.3800448051,3.380044777464204,2.767e-08,2.185e-09,optimal,False,4
104,HCQv@rk,9,16,3,3.3722813957,0.3722813957,3.3722813302096224,6.546e-08,5.821e-09,optimal,False,4
105,HCQbR_},9,15,3,3.3722813847,0.3722813847,3.372281338869247,4.582e-08,5.255e-09,optimal,False,4
106,HCR`vak,9,16,3,3.3722813840,0.3722813840,3.3722813322289262,5.179e-08,6.305e-09,optimal,False,4
107,HCRbcol,9,15,3,3.3722813829,0.3722813829,3.3722813330167676,4.987e-08,5.237e-09,optimal,False,4
108,HCRb`y},9,18,3,3.3722813799,0.3722813799,3.372281320992516,5.892e-08,6.160e-09,optimal,False,4
109,HCRb`yn,9,18,3,3.3722813763,0.3722813763,3.3722812795777726,9.673e-08,5.971e-09,optimal,False,4
110,HCQe`ph,9,14,3,3.3722813761,0.3722813761,3.372281337082015,3.899e-08,4.726e-09,optimal,False,4
111,HCQe`rY,9,15,3,3.3722813745,0.3722813745,3.372281322553312,5.198e-08,5.945e-09,optimal,False,4
112,HCOedq],9,15,3,3.3722813713,0.3722813713,3.3722813337241515,3.759e-08,4.865e-09,optimal,False,4
113,HCpdPzc,9,16,3,3.3722813711,0.3722813711,3.372281332934554,3.820e-08,3.957e-09,optimal,False,4
114,HCQe`q\,9,15,3,3.3722813695,0.3722813695,3.3722813333476713,3.619e-08,5.245e-09,optimal,False,4
115,HCRbco|,9,16,3,3.3722813695,0.3722813695,3.372281330602285,3.890e-08,5.433e-09,optimal,False,4
116,HCQbdY{,9,16,3,3.3722813688,0.3722813688,3.3722813319078253,3.690e-08,4.717e-09,optimal,False,4
117,HCdebRK,9,15,3,3.3722813681,0.3722813681,3.3722813247677372,4.336e-08,4.258e-09,optimal,False,4
118,HCQbdr[,9,16,3,3.3722813669,0.3722813669,3.372281354289443,1.259e-08,3.684e-09,optimal,False,4
119,HCQbdrs,9,16,3,3.3722813668,0.3722813668,3.372281337045802,2.975e-08,4.490e-09,optimal,False,4
120,HCpdQjc,9,15,3,3.3722813665,0.3722813665,3.372281347656063,1.882e-08,3.695e-09,optimal,False,4
121,HCQbdo~,9,17,3,3.3722813661,0.3722813661,3.3722813299049306,3.623e-08,5.818e-09,optimal,False,4
122,HCQbdry,9,17,3,3.3722813661,0.3722813661,3.3722813153559485,5.070e-08,6.292e-09,optimal,False,4
123,HCQe`pd,9,14,3,3.3722813649,0.3722813649,3.3722813219839662,4.296e-08,4.037e-09,optimal,False,4
124,HCQbdq^,9,17,3,3.3722813644,0.3722813644,3.3722813270596688,3.733e-08,5.423e-09,optimal,False,4
125,HCpbfH{,9,17,3,3.3722813636,0.3722813636,3.3722813123844717,5.125e-08,4.436e-09,optimal,False,4
126,HCQbdq{,9,16,3,3.3722813629,0.3722813629,3.3722813152042903,4.772e-08,3.633e-09,optimal,False,4
127,HCRb`xv,9,18,3,3.3722813627,0.3722813627,3.372281317726716,4.497e-08,6.531e-09,optimal,False,4
128,HCQbdi{,9,16,3,3.3722813625,0.3722813625,3.3722813388353856,2.364e-08,4.568e-09,optimal,False,4
129,HCQbdq~,9,18,3,3.3722813610,0.3722813610,3.372281323507399,3.750e-08,5.401e-09,optimal,False,4
130,HCQbfO|,9,16,3,3.3722813606,0.3722813606,3.3722813223711623,3.827e-08,3.833e-09,optimal,False,4
131,HCRbcp[,9,15,3,3.3722813604,0.3722813604,3.3722813363365614,2.409e-08,3.545e-09,optimal,False,4
132,HCQe`px,9,15,3,3.3722813602,0.3722813602,3.372281328914292,3.126e-08,4.288e-09,optimal,False,4
133,HCQTbGm,9,14,3,3.3722813597,0.3722813597,3.372281328857468,3.088e-08,2.515e-09,optimal,False,4
134,HCRb`zM,9,17,3,3.3722813591,0.3722813591,3.372281337223997,2.185e-08,4.672e-09,optimal,False,4
135,HCQbdrT,9,16,3,3.3722813581,0.3722813581,3.3722813222581807,3.586e-08,3.080e-09,optimal,False,4
136,HCQbdYw,9,15,3,3.3722813576,0.3722813576,3.3722813288806335,2.876e-08,3.674e-09,optimal,False,4
137,HCQbdr],9,17,3,3.3722813574,0.3722813574,3.372281330783644,2.661e-08,3.650e-09,optimal,False,4
138,HCRb`zq,9,17,3,3.3722813571,0.3722813571,3.3722813254991078,3.165e-08,5.339e-09,optimal,False,4
139,HCQbQpq,9,14,3,3.3722813568,0.3722813568,3.372281332675746,2.410e-08,2.808e-09,optimal,False,4
140,HCQbdMx,9,16,3,3.3722813559,0.3722813559,3.3722813252636556,3.063e-08,4.041e-09,optimal,False,4
141,HCQe`rK,9,14,3,3.3722813559,0.3722813559,3.3722813309266932,2.494e-08,3.318e-09,optimal,False,4
142,HCQe`rm,9,16,3,3.3722813557,0.3722813557,3.3722813241732963,3.155e-08,5.853e-09,optimal,False,4
143,HCQbdrM,9,16,3,3.3722813555,0.3722813555,3.3722813275168546,2.795e-08,3.490e-09,optimal,False,4
144,HCQbdr},9,18,3,3.3722813552,0.3722813552,3.372281321086188,3.415e-08,4.675e-09,optimal,False,4
145,HCR`ril,9,17,3,3.3722813550,0.3722813550,3.3722813291991236,2.582e-08,4.613e-09,optimal,False,4
146,HCQbdr|,9,18,3,3.3722813549,0.3722813549,3.3722813206721547,3.421e-08,4.692e-09,optimal,False,4
147,HCQbdp{,9,16,3,3.3722813549,0.3722813549,3.372281326426353,2.844e-08,3.695e-09,optimal,False,4
148,HCQbQrI,9,14,3,3.3722813544,0.3722813544,3.3722813266916645,2.768e-08,2.958e-09,optimal,False,4
149,HCQbdru,9,17,3,3.3722813533,0.3722813533,3.3722813284157027,2.489e-08,4.398e-09,optimal,False,4
150,HCQbdpq,9,15,3,3.3722813531,0.3722813531,3.3722813258637565,2.727e-08,2.845e-09,optimal,False,4
151,HCQbdrU,9,16,3,3.3722813531,0.3722813531,3.3722813291673193,2.397e-08,3.851e-09,optimal,False,4
152,HCQeQzw,9,16,3,3.3722813531,0.3722813531,3.3722813266514704,2.646e-08,4.322e-09,optimal,False,4
153,HCRdtpr,9,18,3,3.3722813531,0.3722813531,3.3722813144335957,3.863e-08,3.466e-09,optimal,False,4
154,HCRb`ze,9,17,3,3.3722813529,0.3722813529,3.3722813278348216,2.511e-08,4.284e-09,optimal,False,4
155,HCQRDrk,9,15,3,3.3722813528,0.3722813528,3.372281330791749,2.201e-08,4.885e-09,optimal,False,4
156,HCQbeo|,9,16,3,3.3722813524,0.3722813524,3.3722813274186247,2.499e-08,4.525e-09,optimal,False,4
157,HCQbdrV,9,17,3,3.3722813517,0.3722813517,3.3722813219340404,2.978e-08,3.475e-09,optimal,False,4
158,HCpbbje,9,17,3,3.3722813517,0.3722813517,3.372281327847371,2.385e-08,3.262e-09,optimal,False,4
159,HCQe`rs,9,15,3,3.3722813511,0.3722813511,3.3722813343618565,1.678e-08,2.439e-09,optimal,False,4
160,HCQbdr{,9,17,3,3.3722813510,0.3722813510,3.3722813312331805,1.978e-08,4.034e-09,optimal,False,4
161,HCQe`rI,9,14,3,3.3722813510,0.3722813510,3.372281330170685,2.080e-08,3.471e-09,optimal,False,4
162,HCQbdp^,9,17,3,3.3722813510,0.3722813510,3.3722813265259717,2.444e-08,3.485e-09,optimal,False,4
163,HCRbdp[,9,16,3,3.3722813505,0.3722813505,3.372281329526238,2.092e-08,3.034e-09,optimal,False,4
164,HCQbdrn,9,18,3,3.3722813504,0.3722813504,3.3722813030657512,4.733e-08,4.177e-09,optimal,False,4
165,HCRb`z~,9,20,3,3.3722813501,0.3722813501,3.372281323741016,2.631e-08,3.364e-09,optimal,False,4
166,HCQVdqm,9,17,3,3.3722813497,0.3722813497,3.372281322368071,2.732e-08,3.576e-09,optimal,False,4
167,HCQe`ry,9,16,3,3.3722813496,0.3722813496,3.372281327941804,2.168e-08,5.861e-09,optimal,False,4
168,HCQe`rh,9,15,3,3.3722813495,0.3722813495,3.3722813280052297,2.148e-08,4.808e-09,optimal,False,4
169,HCQbdp|,9,17,3,3.3722813491,0.3722813491,3.37228133206287,1.700e-08,4.329e-09,optimal,False,4
170,HCQe`qR,9,14,3,3.3722813489,0.3722813489,3.372281323514522,2.540e-08,2.854e-09,optimal,False,4
171,HCQbdqv,9,17,3,3.3722813481,0.3722813481,3.372281335584758,1.248e-08,3.765e-09,optimal,False,4
172,HCRb`xm,9,17,3,3.3722813477,0.3722813477,3.3722813363187347,1.138e-08,2.422e-09,optimal,False,4
173,HCpbdqi,9,16,3,3.3722813474,0.3722813474,3.3722813380517773,9.367e-09,2.683e-09,optimal,False,4
174,HCQbdpy,9,16,3,3.3722813473,0.3722813473,3.3722813136924685,3.364e-08,3.414e-09,optimal,False,4
175,HCQbbey,9,16,3,3.3722813469,0.3722813469,3.3722813319881326,1.492e-08,2.496e-09,optimal,False,4
176,HCQbdri,9,16,3,3.3722813464,0.3722813464,3.372281332917181,1.353e-08,3.269e-09,optimal,False,4
177,HCQbdre,9,16,3,3.3722813461,0.3722813461,3.372281323067087,2.302e-08,3.870e-09,optimal,False,4
178,HCQb`vq,9,16,3,3.3722813461,0.3722813461,3.372281328396245,1.768e-08,2.193e-09,optimal,False,4
179,HCQbdrv,9,18,3,3.3722813459,0.3722813459,3.372281323238195,2.271e-08,3.492e-09,optimal,False,4
180,HCRb`zu,9,18,3,3.3722813459,0.3722813459,3.37228131631366,2.954e-08,2.696e-09,optimal,False,4
181,HCQbdrI,9,15,3,3.3722813457,0.3722813457,3.372281333096182,1.265e-08,1.757e-09,optimal,False,4
182,HCQbdpM,9,15,3,3.3722813457,0.3722813457,3.372281331528243,1.415e-08,2.183e-09,optimal,False,4
183,HCQbQrQ,9,14,3,3.3722813457,0.3722813457,3.372281324883755,2.079e-08,3.011e-09,optimal,False,4
184,HCQbdp},9,17,3,3.3722813453,0.3722813453,3.3722813275896524,1.772e-08,3.416e-09,optimal,False,4
185,HCR`vbS,9,16,3,3.3722813449,0.3722813449,3.3722813261854454,1.872e-08,2.214e-09,optimal,False,4
186,HCRb`z},9,19,3,3.3722813448,0.3722813448,3.3722813236166944,2.123e-08,2.634e-09,optimal,False,4
187,HCOfdq],9,16,3,3.3722813443,0.3722813443,3.3722813381531886,6.179e-09,1.901e-09,optimal,False,4
188,HCQbbqx,9,16,3,3.3722813442,0.3722813442,3.3722813262660805,1.789e-08,2.503e-09,optimal,False,4
189,HCQv@rK,9,15,3,3.3722813437,0.3722813437,3.3722813209007607,2.280e-08,2.383e-09,optimal,False,4
190,HCQvDW},9,17,3,3.3722813436,0.3722813436,3.3722813298018655,1.384e-08,2.120e-09,optimal,False,4
191,HCQbdp],9,16,3,3.3722813435,0.3722813435,3.372281322188835,2.135e-08,3.257e-09,optimal,False,4
192,HCRb`zN,9,18,3,3.3722813429,0.3722813429,3.3722813277586323,1.515e-08,2.095e-09,optimal,False,4
193,HCQe`rt,9,16,3,3.3722813429,0.3722813429,3.372281321931752,2.093e-08,4.205e-09,optimal,False,4
194,HCRb`zv,9,19,3,3.3722813427,0.3722813427,3.3722813103452776,3.237e-08,2.586e-09,optimal,False,4
195,HCQe`rX,9,15,3,3.3722813427,0.3722813427,3.3722813281750827,1.451e-08,3.362e-09,optimal,False,4
196,HCQRFO{,9,14,3,3.3722813426,0.3722813426,3.372281329039935,1.360e-08,1.602e-09,optimal,False,4
197,HCQbdp~,9,18,3,3.3722813424,0.3722813424,3.3722813232662783,1.911e-08,2.730e-09,optimal,False,4
198,HCQbfQx,9,16,3,3.3722813417,0.3722813417,3.37228133009168,1.157e-08,3.021e-09,optimal,False,4
199,HCR`vbh,9,17,3,3.3722813415,0.3722813415,3.372281330761979,1.072e-08,3.495e-09,optimal,False,4
200,HCRb`yv,9,18,3,3.3722813414,0.3722813414,3.3722813242759058,1.708e-08,2.148e-09,optimal,False,4
201,HCRb`zy,9,18,3,3.3722813413,0.3722813413,3.372281318156577,2.316e-08,2.471e-09,optimal,False,4
202,HCQbdrd,9,16,3,3.3722813412,0.3722813412,3.3722813256262163,1.562e-08,1.954e-09,optimal,False,4
203,HCQbdr~,9,19,3,3.3722813411,0.3722813411,3.3722813177209403,2.339e-08,2.814e-09,optimal,False,4
204,HCQe`qd,9,14,3,3.3722813409,0.3722813409,3.3722813266969873,1.421e-08,3.299e-09,optimal,False,4
205,HCQuQpq,9,15,3,3.3722813409,0.3722813409,3.3722813466320534,5.735e-09,1.723e-09,optimal,False,4
206,HCQbdpu,9,16,3,3.3722813406,0.3722813406,3.3722813267177623,1.391e-08,1.680e-09,optimal,False,4
207,HCZbaw|,9,18,3,3.3722813406,0.3722813406,3.3722813185383975,2.208e-08,1.531e-09,optimal,False,4
208,HCRb`zw,9,17,3,3.3722813405,0.3722813405,3.3722813250238692,1.547e-08,2.598e-09,optimal,False,4
209,HCQbdqn,9,17,3,3.3722813403,0.3722813403,3.372281322582092,1.770e-08,1.889e-09,optimal,False,4
210,HCRbfP{,9,17,3,3.3722813403,0.3722813403,3.3722813165599415,2.371e-08,2.286e-09,optimal,False,4
211,HCQbeUx,9,16,3,3.3722813402,0.3722813402,3.3722813280865536,1.216e-08,2.974e-09,optimal,False,4
212,HCRbcqs,9,15,3,3.3722813400,0.3722813400,3.372281335162896,4.841e-09,1.929e-09,optimal,False,4
213,HCQbeS|,9,16,3,3.3722813397,0.3722813397,3.372281326044817,1.370e-08,2.641e-09,optimal,False,4
214,HCQbdrq,9,16,3,3.3722813393,0.3722813393,3.372281323406262,1.594e-08,1.347e-09,optimal,False,4
215,HCRbcq{,9,16,3,3.3722813392,0.3722813392,3.3722813359157238,3.297e-09,1.566e-09,optimal,False,4
216,HCQfQzK,9,16,3,3.3722813391,0.3722813391,3.3722813276640156,1.142e-08,1.989e-09,optimal,False,4
217,HCRbdq{,9,17,3,3.3722813390,0.3722813390,3.3722813727991814,3.375e-08,1.828e-09,optimal,False,4
218,HCQbdYx,9,16,3,3.3722813388,0.3722813388,3.3722813250378256,1.380e-08,3.102e-09,optimal,False,4
219,HCQdbi[,9,15,3,3.3722813386,0.3722813386,3.3722813340980475,4.487e-09,1.319e-09,optimal,False,4
220,HCRbfIm,9,17,3,3.3722813383,0.3722813383,3.3722813257179034,1.261e-08,1.553e-09,optimal,False,4
221,HCQ`fP{,9,15,3,3.3722813382,0.3722813382,3.3722813230250006,1.521e-08,1.548e-09,optimal,False,4
222,HCRb`zL,9,17,3,3.3722813380,0.3722813380,3.3722813164073018,2.164e-08,2.552e-09,optimal,False,4
223,HCQbcs|,9,16,3,3.3722813380,0.3722813380,3.3722813350992733,2.895e-09,1.510e-09,optimal,False,4
224,HCQbRc},9,16,3,3.3722813379,0.3722813379,3.372281323347569,1.460e-08,1.931e-09,optimal,False,4
225,HCQbdrr,9,17,3,3.3722813377,0.3722813377,3.372281311033979,2.671e-08,2.226e-09,optimal,False,4
226,HCQberI,9,15,3,3.3722813375,0.3722813375,3.372281330305833,7.165e-09,2.597e-09,optimal,False,4
227,HCpb`x\,9,17,3,3.3722813374,0.3722813374,3.3722813286926074,8.712e-09,1.738e-09,optimal,False,4
228,HCOedr[,9,15,3,3.3722813374,0.3722813374,3.372281327891755,9.471e-09,1.804e-09,optimal,False,4
229,HCQbdpz,9,17,3,3.3722813373,0.3722813373,3.372281328451471,8.821e-09,1.879e-09,optimal,False,4
230,HCQbRey,9,16,3,3.3722813371,0.3722813371,3.372281330087117,7.060e-09,1.872e-09,optimal,False,4
231,HCQbdrl,9,17,3,3.3722813368,0.3722813368,3.372281322383859,1.446e-08,2.294e-09,optimal,False,4
232,HCRb`z{,9,18,3,3.3722813368,0.3722813368,3.372281334560231,2.215e-09,1.080e-09,optimal,False,4
233,HCRbfG|,9,17,3,3.3722813367,0.3722813367,3.3722813255841624,1.110e-08,1.409e-09,optimal,False,4
234,HCQv@rR,9,16,3,3.3722813364,0.3722813364,3.3722813259242517,1.045e-08,1.499e-09,optimal,False,4
235,HCQeR`{,9,15,3,3.3722813362,0.3722813362,3.3722813269062786,9.295e-09,1.892e-09,optimal,False,4
236,HCQTbI{,9,15,3,3.3722813361,0.3722813361,3.372281326829475,9.256e-09,1.839e-09,optimal,False,4
237,HCQbdqu,9,16,3,3.3722813361,0.3722813361,3.3722813372284035,1.171e-09,1.982e-09,optimal,False,4
238,HCRb`zk,9,17,3,3.3722813357,0.3722813357,3.3722813444219337,8.751e-09,1.459e-09,optimal,False,4
239,HCQbdq|,9,17,3,3.3722813355,0.3722813355,3.3722813293995064,6.149e-09,1.845e-09,optimal,False,4
240,HCpb`zT,9,17,3,3.3722813351,0.3722813351,3.3722813207394915,1.431e-08,1.469e-09,optimal,False,4
241,HCQe`rr,9,16,3,3.3722813349,0.3722813349,3.3722813334651334,1.474e-09,1.766e-09,optimal,False,4
242,HCpb`zs,9,17,3,3.3722813349,0.3722813349,3.372281319391488,1.553e-08,1.345e-09,optimal,False,4
243,HCrbrqj,9,19,3,3.3722813349,0.3722813349,3.3722813174736403,1.744e-08,4.379e-09,optimal,False,4
244,HCRb`zV,9,18,3,3.3722813349,0.3722813349,3.372281310558969,2.432e-08,1.476e-09,optimal,False,4
245,HCQbdpm,9,16,3,3.3722813348,0.3722813348,3.3722813292673206,5.538e-09,1.579e-09,optimal,False,4
246,HCQe`rL,9,15,3,3.3722813348,0.3722813348,3.372281317850082,1.694e-08,2.260e-09,optimal,False,4
247,HCQbdpv,9,17,3,3.3722813347,0.3722813347,3.3722813164209757,1.829e-08,1.649e-09,optimal,False,4
248,HCRV@rK,9,15,3,3.3722813347,0.3722813347,3.3722813299230765,4.749e-09,1.338e-09,optimal,False,4
249,HCQe`re,9,15,3,3.3722813346,0.3722813346,3.3722813302268926,4.375e-09,3.240e-09,optimal,False,4
250,HCQe`ql,9,15,3,3.3722813344,0.3722813344,3.3722813447632873,1.034e-08,1.487e-09,optimal,False,4
251,HCRb`zi,9,17,3,3.3722813342,0.3722813342,3.3722813222188095,1.197e-08,1.015e-09,optimal,False,4
252,HCQbbri,9,16,3,3.3722813341,0.3722813341,3.372281324443443,9.649e-09,1.159e-09,optimal,False,4
253,HCQeR`k,9,14,3,3.3722813340,0.3722813340,3.372281325884878,8.091e-09,8.902e-10,optimal,False,4
254,HCQbdo},9,16,3,3.3722813337,0.3722813337,3.3722813258176787,7.879e-09,1.722e-09,optimal,False,4
255,HCQbdr^,9,18,3,3.3722813336,0.3722813336,3.3722813219159185,1.171e-08,1.459e-09,optimal,False,4
256,HCQe`rq,9,15,3,3.3722813335,0.3722813335,3.372281336834769,3.332e-09,1.191e-09,optimal,False,4
257,HCQe`rk,9,15,3,3.3722813335,0.3722813335,3.372281332036767,1.440e-09,1.555e-09,optimal,False,4
258,HCQe`qx,9,15,3,3.3722813331,0.3722813331,3.3722813424143454,9.266e-09,3.382e-09,optimal,False,4
259,HCRb`zt,9,18,3,3.3722813331,0.3722813331,3.3722813271986114,5.914e-09,9.003e-10,optimal,False,4
260,HCRb`x],9,17,3,3.3722813331,0.3722813331,3.3722813375682827,4.508e-09,1.217e-09,optimal,False,4
261,HCRctS},9,17,3,3.3722813330,0.3722813330,3.372281289447896,4.359e-08,1.362e-09,optimal,False,4
262,HCQbfRM,9,16,3,3.3722813329,0.3722813329,3.372281329805061,3.104e-09,8.130e-10,optimal,False,4
263,HCRb`zT,9,17,3,3.3722813329,0.3722813329,3.3722813397245917,6.859e-09,1.044e-09,optimal,False,4
264,HCR`val,9,17,3,3.3722813328,0.3722813328,3.3722813238010505,8.951e-09,1.654e-09,optimal,False,4
265,HCQRDP[,9,13,3,3.3722813327,0.3722813327,3.3722813300022954,2.699e-09,7.756e-10,optimal,False,4
266,HCQe`rV,9,16,3,3.3722813327,0.3722813327,3.3722813234945654,9.195e-09,3.584e-09,optimal,False,4
267,HCQbdW|,9,16,3,3.3722813327,0.3722813327,3.3722813204118065,1.226e-08,1.169e-09,optimal,False,4
268,HCQe`rZ,9,16,3,3.3722813327,0.3722813327,3.372281325404958,7.249e-09,1.805e-09,optimal,False,4
269,HCRb`z^,9,19,3,3.3722813325,0.3722813325,3.3722813390998594,6.567e-09,1.250e-09,optimal,False,4
270,HCQRDP{,9,14,3,3.3722813325,0.3722813325,3.3722813403902583,7.881e-09,7.749e-10,optimal,False,4
271,HCQfdq],9,17,3,3.3722813325,0.3722813325,3.3722813261081086,6.390e-09,1.647e-09,optimal,False,4
272,HCRb`zn,9,19,3,3.3722813324,0.3722813324,3.3722813169144605,1.549e-08,1.218e-09,optimal,False,4
273,HCQbdrZ,9,17,3,3.3722813323,0.3722813323,3.3722813194797054,1.283e-08,1.444e-09,optimal,False,4
274,HCQbeqx,9,16,3,3.3722813323,0.3722813323,3.372281320043823,1.225e-08,1.464e-09,optimal,False,4
275,HCRb`zl,9,18,3,3.3722813323,0.3722813323,3.372281314747554,1.752e-08,8.639e-10,optimal,False,4
276,HCQbeYx,9,16,3,3.3722813323,0.3722813323,3.372281327417752,4.845e-09,1.998e-09,optimal,False,4
277,HCQe`rj,9,16,3,3.3722813322,0.3722813322,3.372281326855877,5.365e-09,1.880e-09,optimal,False,4
278,HCQbfP{,9,16,3,3.3722813319,0.3722813319,3.3722813259640882,5.977e-09,9.712e-10,optimal,False,4
279,HCQe`rR,9,15,3,3.3722813318,0.3722813318,3.3722813284575937,3.339e-09,9.403e-10,optimal,False,4
280,HCQbdrm,9,17,3,3.3722813317,0.3722813317,3.37228132916321,2.542e-09,1.071e-09,optimal,False,4
281,HCQbdr\,9,17,3,3.3722813317,0.3722813317,3.372281328479084,3.204e-09,1.245e-09,optimal,False,4
282,HCQbdy{,9,17,3,3.3722813316,0.3722813316,3.372281318323088,1.331e-08,8.283e-10,optimal,False,4
283,HCrbbpt,9,18,3,3.3722813314,0.3722813314,3.3722813156814566,1.575e-08,1.203e-09,optimal,False,4
284,HCQbec|,9,16,3,3.3722813314,0.3722813314,3.3722813322075424,7.891e-10,1.474e-09,optimal,False,4
285,HCQbdrj,9,17,3,3.3722813314,0.3722813314,3.372281325999845,5.397e-09,1.772e-09,optimal,False,4
286,HCR`vbU,9,17,3,3.3722813314,0.3722813314,3.3722813268549223,4.530e-09,9.371e-10,optimal,False,4
287,HCRb`z|,9,19,3,3.3722813313,0.3722813313,3.3722813154679487,1.581e-08,8.868e-10,optimal,False,4
288,HCQbcux,9,16,3,3.3722813310,0.3722813310,3.3722813395634845,8.553e-09,1.579e-09,optimal,False,4
289,HCQbdqt,9,16,3,3.3722813310,0.3722813310,3.3722813308997024,8.422e-11,8.012e-10,optimal,False,4
290,HCRb`zf,9,18,3,3.3722813310,0.3722813310,3.372281321443178,9.508e-09,1.420e-09,optimal,False,4
291,HCp`fRM,9,16,3,3.3722813308,0.3722813308,3.37228132687757,3.917e-09,7.056e-10,optimal,False,4
292,HCrbbri,9,18,3,3.3722813308,0.3722813308,3.372281365558377,3.479e-08,9.030e-10,optimal,False,4
293,HCQe`rl,9,16,3,3.3722813308,0.3722813308,3.3722813324606693,1.707e-09,1.371e-09,optimal,False,4
294,HCRb`z[,9,17,3,3.3722813306,0.3722813306,3.3722813256131343,4.967e-09,1.455e-09,optimal,False,4
295,HCQe`r},9,17,3,3.3722813306,0.3722813306,3.3722813187409537,1.182e-08,1.212e-09,optimal,False,4
296,HCRb`z],9,18,3,3.3722813306,0.3722813306,3.3722813143582546,1.619e-08,8.560e-10,optimal,False,4
297,HCQe`q{,9,15,3,3.3722813305,0.3722813305,3.3722813347067153,4.166e-09,1.065e-09,optimal,False,4
298,HCQv@qm,9,16,3,3.3722813305,0.3722813305,3.3722813317062723,1.181e-09,8.862e-10,optimal,False,4
299,HCQe`pt,9,15,3,3.3722813305,0.3722813305,3.372281322869752,7.589e-09,1.219e-09,optimal,False,4
300,HCRb`z\,9,18,3,3.3722813304,0.3722813304,3.372281323839893,6.538e-09,9.008e-10,optimal,False,4
301,HCQbdrx,9,17,3,3.3722813303,0.3722813303,3.372281326886214,3.371e-09,1.109e-09,optimal,False,4
302,HCQbRay,9,15,3,3.3722813301,0.3722813301,3.372281331391873,1.329e-09,7.489e-10,optimal,False,4
303,HCRV@rk,9,16,3,3.3722813300,0.3722813300,3.372281327072802,2.915e-09,1.573e-09,optimal,False,4
304,HCQbdrz,9,18,3,3.3722813296,0.3722813296,3.3722813157853477,1.384e-08,8.317e-10,optimal,False,4
305,HCQbdK|,9,16,3,3.3722813293,0.3722813293,3.372281331364359,2.030e-09,1.020e-09,optimal,False,4
306,HCRbfRM,9,17,3,3.3722813293,0.3722813293,3.3722813261194973,3.153e-09,7.307e-10,optimal,False,4
307,HCQbdc|,9,16,3,3.3722813291,0.3722813291,3.3722813279150157,1.171e-09,1.130e-09,optimal,False,4
308,HCQbdqm,9,16,3,3.3722813291,0.3722813291,3.3722813270860064,1.967e-09,1.350e-09,optimal,False,4
309,HCQe`ru,9,16,3,3.3722813290,0.3722813290,3.372281335644853,6.625e-09,2.348e-09,optimal,False,4
310,HCRVDZw,9,17,3,3.3722813290,0.3722813290,3.372281326909595,2.107e-09,1.771e-09,optimal,False,4
311,HCQbRpq,9,15,3,3.3722813290,0.3722813290,3.3722813305394164,1.579e-09,5.539e-10,optimal,False,4
312,HCQbfIw,9,15,3,3.3722813288,0.3722813288,3.3722813290002955,1.955e-10,5.620e-10,optimal,False,4
313,HCQbdpn,9,17,3,3.3722813287,0.3722813287,3.372281338704399,1.000e-08,8.436e-10,optimal,False,4
314,HCRb`zm,9,18,3,3.3722813285,0.3722813285,3.3722813159183613,1.262e-08,5.541e-10,optimal,False,4
315,HCQe`rf,9,16,3,3.3722813285,0.3722813285,3.372281323774987,4.746e-09,1.679e-09,optimal,False,4
316,HCQbdrt,9,17,3,3.3722813284,0.3722813284,3.372281329815604,1.374e-09,8.384e-10,optimal,False,4
317,HCQv@qe,9,15,3,3.3722813284,0.3722813284,3.3722813289602414,5.720e-10,6.302e-10,optimal,False,4
318,HCQbdqz,9,17,3,3.3722813283,0.3722813283,3.372281319084591,9.255e-09,1.076e-09,optimal,False,4
319,HCQbdq},9,17,3,3.3722813280,0.3722813280,3.3722813111639476,1.687e-08,5.340e-10,optimal,False,4
320,HCQTbIm,9,15,3,3.3722813278,0.3722813278,3.372281331038098,3.189e-09,4.359e-10,optimal,False,4
321,HCRbdg|,9,17,3,3.3722813277,0.3722813277,3.3722813181612663,9.563e-09,7.637e-10,optimal,False,4
322,HCQe`r{,9,16,3,3.3722813277,0.3722813277,3.372281324200649,3.491e-09,1.859e-09,optimal,False,4
323,HCQbeex,9,16,3,3.3722813275,0.3722813275,3.372281318302646,9.173e-09,1.209e-09,optimal,False,4
324,HCQbeT],9,16,3,3.3722813275,0.3722813275,3.3722813305685495,3.102e-09,5.686e-10,optimal,False,4
325,HCQbQrK,9,14,3,3.3722813274,0.3722813274,3.3722813274728054,8.904e-11,8.628e-10,optimal,False,4
326,HCQbeVw,9,16,3,3.3722813273,0.3722813273,3.372281332170431,4.861e-09,5.986e-10,optimal,False,4
327,HCRb`x},9,18,3,3.3722813271,0.3722813271,3.372281305242405,2.187e-08,2.902e-10,optimal,False,4
328,HCQbdrN,9,17,3,3.3722813271,0.3722813271,3.3722813240051446,3.073e-09,4.847e-10,optimal,False,4
329,HCQbdex,9,16,3,3.3722813270,0.3722813270,3.3722813237822176,3.264e-09,5.375e-10,optimal,False,4
330,HCQbdrk,9,16,3,3.3722813269,0.3722813269,3.3722813218852807,5.026e-09,4.090e-10,optimal,False,4
331,HCQbRbK,9,14,3,3.3722813269,0.3722813269,3.37228132819866,1.317e-09,6.268e-10,optimal,False,4
332,HCQe`qz,9,16,3,3.3722813266,0.3722813266,3.3722813237349767,2.913e-09,7.719e-10,optimal,False,4
333,HCQbdqx,9,16,3,3.3722813266,0.3722813266,3.372281337257782,1.071e-08,3.421e-10,optimal,False,4
334,HCQeRay,9,15,3,3.3722813263,0.3722813263,3.3722813277930896,1.472e-09,4.940e-10,optimal,False,4
335,HCQbdo|,9,16,3,3.3722813263,0.3722813263,3.3722813273012995,1.024e-09,2.505e-10,optimal,False,4
336,HCQe`qt,9,15,3,3.3722813262,0.3722813262,3.3722813422281552,1.602e-08,5.795e-10,optimal,False,4
337,HCQbdrY,9,16,3,3.3722813262,0.3722813262,3.3722813255520516,6.550e-10,4.143e-10,optimal,False,4
338,HCQe`pl,9,15,3,3.3722813262,0.3722813262,3.3722813315767897,5.401e-09,1.859e-09,optimal,False,4
339,HCOedG{,9,13,3,3.3722813262,0.3722813262,3.372281331023492,4.864e-09,2.766e-10,optimal,False,4
340,HCQe`rn,9,17,3,3.3722813261,0.3722813261,3.3722813221362955,3.963e-09,1.357e-09,optimal,False,4
341,HCQfJil,9,17,3,3.3722813260,0.3722813260,3.372281322264508,3.756e-09,4.775e-10,optimal,False,4
342,HCQe`rv,9,17,3,3.3722813254,0.3722813254,3.372281330897781,5.451e-09,1.609e-09,optimal,False,4
343,HCQbdrf,9,17,3,3.3722813254,0.3722813254,3.372281335880803,1.049e-08,5.292e-10,optimal,False,4
344,HCQe`r\,9,16,3,3.3722813252,0.3722813252,3.3722813231408653,2.024e-09,3.432e-10,optimal,False,4
345,HCQe`rd,9,15,3,3.3722813249,0.3722813249,3.372281331004214,6.092e-09,3.222e-09,optimal,False,4
346,HCQe`rH,9,14,3,3.3722813249,0.3722813249,3.3722813223092096,2.555e-09,2.807e-10,optimal,False,4
347,HCQe`ri,9,15,3,3.3722813249,0.3722813249,3.3722813341928886,9.336e-09,4.657e-10,optimal,False,4
348,HCQe`r[,9,15,3,3.3722813248,0.3722813248,3.3722813281561446,3.318e-09,1.971e-10,optimal,False,4
349,HCQe`qr,9,15,3,3.3722813248,0.3722813248,3.372281324543743,2.472e-10,4.901e-10,optimal,False,4
350,HCQe`p{,9,15,3,3.3722813247,0.3722813247,3.3722813367979256,1.207e-08,2.042e-10,optimal,False,4
351,HCQe`rx,9,16,3,3.3722813247,0.3722813247,3.37228132777287,3.096e-09,1.704e-09,optimal,False,4
352,HCQe`q|,9,16,3,3.3722813246,0.3722813246,3.3722813230503927,1.512e-09,2.049e-10,optimal,False,4
353,HCQe`r|,9,17,3,3.3722813245,0.3722813245,3.3722813296391205,5.175e-09,9.520e-10,optimal,False,4
354,HCQe`rz,9,17,3,3.3722813238,0.3722813238,3.3722813292135707,5.432e-09,1.028e-09,optimal,False,4
355,HCQe`rU,9,15,3,3.3722813237,0.3722813237,3.3722813349776275,1.126e-08,1.963e-10,optimal,False,4
356,HCQe`rJ,9,15,3,3.3722813237,0.3722813237,3.3722813264317764,2.757e-09,4.025e-10,optimal,False,4
357,HCRb`zY,9,17,3,3.3722813235,0.3722813235,3.372281320789809,2.694e-09,3.968e-10,optimal,False,4
358,HCQe`p|,9,16,3,3.3722813227,0.3722813227,3.3722813296196397,6.876e-09,1.353e-09,optimal,False,4
359,HCQe`r~,9,18,3,3.3722813226,0.3722813226,3.3722813186732554,3.919e-09,3.560e-10,optimal,False,4
360,HCpdQiw,9,15,3,3.3715816871,0.3715816871,3.371581642076963,4.499e-08,8.775e-10,optimal,False,4
361,HCpdRg{,9,16,3,3.3715811476,0.3715811476,3.371581145452246,2.146e-09,1.526e-09,optimal,False,4
362,HQyurzu,9,23,2,2.3701642193,0.3701642193,2.370164212580932,6.769e-09,1.935e-10,optimal,False,3
363,HCpdQjw,9,16,3,3.3660254171,0.3660254171,3.366025406350543,1.075e-08,1.945e-09,optimal,False,4
364,HCpdPzq,9,17,3,3.3660254156,0.3660254156,3.3660254026217276,1.298e-08,1.666e-09,optimal,False,4
365,HCpdbqi,9,16,3,3.3660254112,0.3660254112,3.3660253895546948,2.166e-08,1.146e-09,optimal,False,4
366,HCpdQjq,9,16,3,3.3660254082,0.3660254082,3.3660254038618156,4.386e-09,6.200e-10,optimal,False,4
367,HCpbPjK,9,15,3,3.3660254068,0.3660254068,3.366025411442262,4.635e-09,5.363e-10,optimal,False,4
368,HUZurzm,9,24,2,2.3660254056,0.3660254056,2.3660253971512537,8.446e-09,2.050e-10,optimal,False,3
369,HCQ`fi{,9,16,3,3.3603540082,0.3603540082,3.3603540087762123,5.684e-10,6.155e-10,optimal,False,4
370,H?bB@_W,9,9,4,4.3600895675,0.3600895675,4.360089589608329,2.215e-08,4.120e-09,optimal,False,5
371,HCRbdrS,9,16,3,3.3501277081,0.3501277081,3.350127647609797,6.048e-08,3.773e-09,optimal,False,4
372,HCpdQjK,9,15,3,3.3485780519,0.3485780519,3.348578053432993,1.530e-09,2.744e-10,optimal,False,4
373,HCRbczQ,9,16,3,3.3474305821,0.3474305821,3.347430569790135,1.228e-08,1.814e-09,optimal,False,4
374,HQyurj],9,22,2,2.3431457721,0.3431457721,2.3431457481882307,2.394e-08,2.999e-09,optimal,False,3
375,HQyurjy,9,22,2,2.3431457672,0.3431457672,2.343145757239302,9.962e-09,1.753e-09,optimal,False,3
376,HQyurji,9,21,2,2.3431457658,0.3431457658,2.3431457456958116,2.014e-08,2.898e-09,optimal,False,3
377,HQyurj},9,23,2,2.3431457601,0.3431457601,2.343145737314414,2.280e-08,1.406e-09,optimal,False,3
378,HQyurj~,9,24,2,2.3431457509,0.3431457509,2.3431457698526477,1.898e-08,6.747e-11,optimal,False,3
379,HCRVBiZ,9,17,3,3.3380445125,0.3380445125,3.3380444568287944,5.565e-08,5.431e-09,optimal,False,4
380,HCpdQj{,9,17,3,3.3380445088,0.3380445088,3.3380444628399886,4.595e-08,5.448e-09,optimal,False,4
381,HCpdQhm,9,16,3,3.3380445062,0.3380445062,3.338044464214496,4.198e-08,4.360e-09,optimal,False,4
382,HCpdQis,9,15,3,3.3380445044,0.3380445044,3.3380444565746514,4.780e-08,4.192e-09,optimal,False,4
383,HQyurz~,9,25,2,2.3380445007,0.3380445007,2.3380444612231264,3.945e-08,6.094e-09,optimal,False,3
384,HCQuQpi,9,15,3,3.3380444996,0.3380444996,3.338044466253654,3.336e-08,3.950e-09,optimal,False,4
385,HCpdQiu,9,16,3,3.3380444894,0.3380444894,3.338044471952377,1.749e-08,4.518e-09,optimal,False,4
386,HCpdQjs,9,16,3,3.3380444874,0.3380444874,3.3380444555016493,3.190e-08,5.071e-09,optimal,False,4
387,HCpdQjf,9,17,3,3.3380444872,0.3380444872,3.338044462174312,2.498e-08,4.833e-09,optimal,False,4
388,HCpdQjy,9,17,3,3.3380444826,0.3380444826,3.3380444604266106,2.215e-08,2.778e-09,optimal,False,4
389,HCpdQhu,9,16,3,3.3380444800,0.3380444800,3.3380444626139076,1.737e-08,2.276e-09,optimal,False,4
390,HQyurzy,9,23,2,2.3380444799,0.3380444799,2.3380444561559366,2.374e-08,4.146e-09,optimal,False,3
391,HCpdQj},9,18,3,3.3380444775,0.3380444775,3.33804446049417,1.700e-08,2.400e-09,optimal,False,4
392,HCpdQi},9,17,3,3.3380444772,0.3380444772,3.3380444671408505,1.004e-08,2.740e-09,optimal,False,4
393,HCpdQjI,9,15,3,3.3380444769,0.3380444769,3.3380444622282153,1.463e-08,1.631e-09,optimal,False,4
394,HCpdQie,9,15,3,3.3380444747,0.3380444747,3.33804447013879,4.551e-09,3.198e-09,optimal,False,4
395,HQjRvU},9,22,2,2.3380444741,0.3380444741,2.338044462176447,1.196e-08,2.465e-09,optimal,False,3
396,HCpdQi],9,16,3,3.3380444727,0.3380444727,3.3380444601439,1.254e-08,1.703e-09,optimal,False,4
397,HCpdQim,9,16,3,3.3380444726,0.3380444726,3.338044462741626,9.906e-09,1.804e-09,optimal,False,4
398,HQyurz|,9,24,2,2.3380444724,0.3380444724,2.338044458884498,1.350e-08,1.625e-09,optimal,False,3
399,HQyurz},9,24,2,2.3380444723,0.3380444723,2.3380444532381754,1.909e-08,2.430e-09,optimal,False,3
400,HCQbee],9,16,3,3.3380444710,0.3380444710,3.3380444680147336,2.955e-09,1.232e-09,optimal,False,4
401,HCpdQjk,9,16,3,3.3380444706,0.3380444706,3.3380444658513313,4.755e-09,1.465e-09,optimal,False,4
402,HCpdQiy,9,16,3,3.3380444673,0.3380444673,3.338044464219017,3.050e-09,1.444e-09,optimal,False,4
403,HCpdQju,9,17,3,3.3380444669,0.3380444669,3.338044463296115,3.560e-09,1.439e-09,optimal,False,4
404,HCQbcvU,9,16,3,3.3380444668,0.3380444668,3.3380444625595316,4.192e-09,9.426e-10,optimal,False,4
405,HQyurzl,9,23,2,2.3380444659,0.3380444659,2.3380444536438225,1.228e-08,1.018e-09,optimal,False,3
406,HQyury|,9,23,2,2.3380444659,0.3380444659,2.338044456150612,9.749e-09,9.287e-10,optimal,False,3
407,HCpdQje,9,16,3,3.3380444656,0.3380444656,3.3380444576858666,7.911e-09,1.261e-09,optimal,False,4
408,HQjRvj],9,22,2,2.3380444656,0.3380444656,2.3380444547144172,1.088e-08,9.344e-10,optimal,False,3
409,HCpdQj],9,17,3,3.3380444655,0.3380444655,3.338044468394938,2.855e-09,7.046e-10,optimal,False,4
410,HCpdQjM,9,16,3,3.3380444652,0.3380444652,3.338044462710291,2.460e-09,1.532e-09,optimal,False,4
411,HCpdQjN,9,17,3,3.3380444649,0.3380444649,3.3380444658002832,9.325e-10,6.528e-10,optimal,False,4
412,HQyurx|,9,23,2,2.3380444649,0.3380444649,2.3380444584157667,6.442e-09,1.379e-09,optimal,False,3
413,HCpdQhe,9,15,3,3.3380444640,0.3380444640,3.33804446984473,5.823e-09,5.820e-10,optimal,False,4
414,HCpdQji,9,16,3,3.3380444639,0.3380444639,3.3380444750276137,1.108e-08,6.250e-10,optimal,False,4
415,HCQbcvq,9,16,3,3.3380444637,0.3380444637,3.338044460887046,2.790e-09,6.985e-10,optimal,False,4
416,HCpdQjv,9,18,3,3.3380444631,0.3380444631,3.338044445529754,1.756e-08,9.911e-10,optimal,False,4
417,HQyurz],9,23,2,2.3380444629,0.3380444629,2.3380444574243486,5.470e-09,6.147e-10,optimal,False,3
418,HCpdQiv,9,17,3,3.3380444618,0.3380444618,3.3380444620049423,1.558e-10,6.302e-10,optimal,False,4
419,HCpdQj~,9,19,3,3.3380444613,0.3380444613,3.338044454871452,6.454e-09,2.706e-10,optimal,False,4
420,HCpdQif,9,16,3,3.3380444613,0.3380444613,3.3380444699427585,8.623e-09,9.214e-10,optimal,False,4
421,HCpdQgu,9,15,3,3.3380444608,0.3380444608,3.3380444753569583,1.455e-08,3.833e-10,optimal,False,4
422,HQyurz^,9,24,2,2.3380444605,0.3380444605,2.33804445672879,3.816e-09,4.578e-10,optimal,False,3
423,HCpdQjm,9,17,3,3.3380444602,0.3380444602,3.3380444600089945,1.661e-10,1.815e-10,optimal,False,4
424,HCQ`epk,9,14,3,3.3380444600,0.3380444600,3.338044460922471,9.251e-10,1.252e-10,optimal,False,4
425,HCpdQh},9,17,3,3.3380444599,0.3380444599,3.338044468789883,8.868e-09,2.191e-10,optimal,False,4
426,HCpdQjn,9,18,3,3.3380444599,0.3380444599,3.3380444542886054,5.598e-09,1.794e-10,optimal,False,4
427,HCpdUg{,9,16,3,3.3358717921,0.3358717921,3.3358717909599718,1.100e-09,3.369e-10,optimal,False,4
428,HQyvuzu,9,24,2,2.3333333580,0.3333333580,2.3333333301551193,2.780e-08,3.913e-09,optimal,False,3
429,HUZurzu,9,24,2,2.3333333550,0.3333333550,2.3333333317153624,2.324e-08,4.464e-09,optimal,False,3
430,HQjurzu,9,23,2,2.3333333456,0.3333333456,2.3333333230924564,2.252e-08,2.127e-09,optimal,False,3
431,HUZurz|,9,25,2,2.3333333373,0.3333333373,2.3333333505534504,1.322e-08,6.993e-10,optimal,False,3
432,HUZurz~,9,26,2,2.3333333372,0.3333333372,2.3333333418667,4.699e-09,9.715e-10,optimal,False,3
433,HUZurz},9,25,2,2.3333333370,0.3333333370,2.333333340244911,3.232e-09,5.669e-10,optimal,False,3
434,HUZurzt,9,24,2,2.3333333354,0.3333333354,2.3333333272639067,8.100e-09,2.966e-10,optimal,False,3
435,HCRbcqd,9,15,3,3.3315438722,0.3315438722,3.3315438554438974,1.672e-08,1.957e-09,optimal,False,4
436,HCRbcp|,9,17,3,3.3309707015,0.3309707015,3.3309706533121797,4.815e-08,5.778e-09,optimal,False,4
437,HCRbcqx,9,16,3,3.3309706997,0.3309706997,3.3309706717181675,2.800e-08,3.090e-09,optimal,False,4
438,HCRbcq},9,17,3,3.3309706964,0.3309706964,3.330970637935796,5.851e-08,3.552e-09,optimal,False,4
439,HCRbcrH,9,15,3,3.3309706948,0.3309706948,3.330970650405046,4.435e-08,4.915e-09,optimal,False,4
440,HCRbcrc,9,15,3,3.3309706899,0.3309706899,3.3309706638648455,2.604e-08,3.467e-09,optimal,False,4
441,HCY^B`Y,9,16,3,3.3309706898,0.3309706898,3.330970659844946,2.991e-08,3.140e-09,optimal,False,4
442,HCdebQ[,9,15,3,3.3309706874,0.3309706874,3.3309706523262954,3.512e-08,5.498e-09,optimal,False,4
443,HCY^B`i,9,16,3,3.3309706849,0.3309706849,3.330970658564959,2.630e-08,4.242e-09,optimal,False,4
444,HCRbcqm,9,16,3,3.3309706823,0.3309706823,3.3309706512533346,3.106e-08,3.188e-09,optimal,False,4
445,HCpbdie,9,16,3,3.3309706817,0.3309706817,3.330970664765711,1.692e-08,2.629e-09,optimal,False,4
446,HCRbcrm,9,17,3,3.3309706809,0.3309706809,3.330970655627328,2.522e-08,3.857e-09,optimal,False,4
447,HCRbcp{,9,16,3,3.3309706801,0.3309706801,3.3309706567154085,2.339e-08,4.016e-09,optimal,False,4
448,HCOedW{,9,14,3,3.3309706800,0.3309706800,3.330970657379332,2.261e-08,2.411e-09,optimal,False,4
449,HCRbcqu,9,16,3,3.3309706780,0.3309706780,3.3309706502983922,2.774e-08,2.190e-09,optimal,False,4
450,HCRbcpM,9,15,3,3.3309706774,0.3309706774,3.3309706592675625,1.809e-08,2.116e-09,optimal,False,4
451,HCRbcrK,9,15,3,3.3309706756,0.3309706756,3.3309706614521786,1.413e-08,2.760e-09,optimal,False,4
452,HCRbcqV,9,16,3,3.3309706752,0.3309706752,3.330970667720107,7.484e-09,2.358e-09,optimal,False,4
453,HCRbcp\,9,16,3,3.3309706721,0.3309706721,3.330970665577121,6.507e-09,3.276e-09,optimal,False,4
454,HCRbcr^,9,18,3,3.3309706719,0.3309706719,3.3309706566512154,1.527e-08,2.191e-09,optimal,False,4
455,HCRbcon,9,16,3,3.3309706717,0.3309706717,3.3309706603347196,1.134e-08,2.975e-09,optimal,False,4
456,HCRbcqv,9,17,3,3.3309706710,0.3309706710,3.3309706520385953,1.893e-08,2.057e-09,optimal,False,4
457,HCRbcr\,9,17,3,3.3309706707,0.3309706707,3.330970657223134,1.347e-08,3.065e-09,optimal,False,4
458,HCRbcpL,9,15,3,3.3309706703,0.3309706703,3.3309706669142836,3.344e-09,1.459e-09,optimal,False,4
459,HCRbcq|,9,17,3,3.3309706702,0.3309706702,3.3309706609474627,9.213e-09,3.321e-09,optimal,False,4
460,HCpb`xe,9,16,3,3.3309706691,0.3309706691,3.3309706582367973,1.091e-08,1.459e-09,optimal,False,4
461,HCRbdqu,9,17,3,3.3309706691,0.3309706691,3.330970648309661,2.078e-08,1.302e-09,optimal,False,4
462,HCRbcrv,9,18,3,3.3309706682,0.3309706682,3.330970643001467,2.522e-08,1.766e-09,optimal,False,4
463,HCRbcr~,9,19,3,3.3309706681,0.3309706681,3.3309706160441963,5.201e-08,1.727e-09,optimal,False,4
464,HCRbcru,9,17,3,3.3309706678,0.3309706678,3.330970657650653,1.018e-08,1.647e-09,optimal,False,4
465,HCRbcrN,9,17,3,3.3309706668,0.3309706668,3.3309706510902997,1.572e-08,2.838e-09,optimal,False,4
466,HCRbcqe,9,15,3,3.3309706667,0.3309706667,3.3309706522087983,1.448e-08,1.440e-09,optimal,False,4
467,HCRbcq\,9,16,3,3.3309706665,0.3309706665,3.3309706605180094,5.959e-09,1.511e-09,optimal,False,4
468,HCRbcof,9,15,3,3.3309706654,0.3309706654,3.3309706593580377,6.056e-09,1.022e-09,optimal,False,4
469,HCRbcrh,9,16,3,3.3309706652,0.3309706652,3.330970664583858,6.139e-10,1.279e-09,optimal,False,4
470,HCRbcpn,9,17,3,3.3309706648,0.3309706648,3.3309706420884417,2.268e-08,1.297e-09,optimal,False,4
471,HCQ`fPY,9,14,3,3.3309706645,0.3309706645,3.330970657971946,6.545e-09,8.938e-10,optimal,False,4
472,HCRbcrd,9,16,3,3.3309706643,0.3309706643,3.330970662808188,1.527e-09,9.695e-10,optimal,False,4
473,HCRbcrs,9,16,3,3.3309706643,0.3309706643,3.330970661253491,3.046e-09,1.886e-09,optimal,False,4
474,HCRbcre,9,16,3,3.3309706642,0.3309706642,3.3309706624679474,1.765e-09,1.753e-09,optimal,False,4
475,HCRbcrf,9,17,3,3.3309706642,0.3309706642,3.3309706500085863,1.418e-08,1.018e-09,optimal,False,4
476,HCRbcql,9,16,3,3.3309706635,0.3309706635,3.3309706472608096,1.621e-08,1.125e-09,optimal,False,4
477,HCRbcrl,9,17,3,3.3309706630,0.3309706630,3.3309706629309392,2.753e-11,1.081e-09,optimal,False,4
478,HCRbcph,9,15,3,3.3309706625,0.3309706625,3.330970651006176,1.153e-08,7.919e-10,optimal,False,4
479,HCRbcq^,9,17,3,3.3309706623,0.3309706623,3.330970646378672,1.589e-08,1.746e-09,optimal,False,4
480,HCRbcr[,9,16,3,3.3309706623,0.3309706623,3.33097066585753,3.601e-09,1.037e-09,optimal,False,4
481,HCRbcpe,9,15,3,3.3309706621,0.3309706621,3.330970672015063,9.934e-09,5.234e-10,optimal,False,4
482,HCRbcrX,9,16,3,3.3309706621,0.3309706621,3.330970659701741,2.368e-09,7.786e-10,optimal,False,4
483,HCRbcrx,9,17,3,3.3309706610,0.3309706610,3.330970664273459,3.232e-09,1.091e-09,optimal,False,4
484,HCRbcrU,9,16,3,3.3309706609,0.3309706609,3.330970650026971,1.089e-08,9.825e-10,optimal,False,4
485,HCRbcrT,9,16,3,3.3309706609,0.3309706609,3.330970657071823,3.830e-09,7.304e-10,optimal,False,4
486,HCRbcrM,9,16,3,3.3309706607,0.3309706607,3.330970651249294,9.430e-09,7.634e-10,optimal,False,4
487,HCRbcrk,9,16,3,3.3309706605,0.3309706605,3.3309706625182844,2.061e-09,7.360e-10,optimal,False,4
488,HCRbcq~,9,18,3,3.3309706602,0.3309706602,3.330970647615258,1.256e-08,8.115e-10,optimal,False,4
489,HCRbcrV,9,17,3,3.3309706592,0.3309706592,3.330970661255553,2.033e-09,7.505e-10,optimal,False,4
490,HCRbcqT,9,15,3,3.3309706590,0.3309706590,3.3309706670896686,8.132e-09,4.144e-10,optimal,False,4
491,HCRbcom,9,15,3,3.3309706588,0.3309706588,3.330970665742634,6.911e-09,8.496e-10,optimal,False,4
492,HCRbcqf,9,16,3,3.3309706588,0.3309706588,3.330970669387081,1.057e-08,6.101e-10,optimal,False,4
493,HCRbcpf,9,16,3,3.3309706581,0.3309706581,3.3309706618954706,3.764e-09,4.555e-10,optimal,False,4
494,HCRbcrt,9,17,3,3.3309706579,0.3309706579,3.3309706608007446,2.891e-09,4.652e-10,optimal,False,4
495,HCRbcr},9,18,3,3.3309706578,0.3309706578,3.330970654917107,2.932e-09,3.468e-10,optimal,False,4
496,HCRbcrn,9,18,3,3.3309706576,0.3309706576,3.330970658922745,1.369e-09,3.262e-10,optimal,False,4
497,HCRbcqt,9,16,3,3.3309706574,0.3309706574,3.3309706623050546,4.920e-09,4.430e-10,optimal,False,4
498,HCRbcrL,9,16,3,3.3309706573,0.3309706573,3.330970661235684,3.976e-09,7.066e-10,optimal,False,4
499,HCRbcpN,9,16,3,3.3309706572,0.3309706572,3.330970658283519,1.097e-09,4.407e-10,optimal,False,4
500,HCRbcr],9,17,3,3.3309706571,0.3309706571,3.330970649854332,7.223e-09,2.256e-10,optimal,False,4
501,HCRbcpm,9,16,3,3.3309706569,0.3309706569,3.330970655904142,9.823e-10,2.364e-10,optimal,False,4
502,HCRbcr|,9,18,3,3.3309706568,0.3309706568,3.3309706545343607,2.250e-09,2.665e-10,optimal,False,4
503,HCRbcqn,9,17,3,3.3309706566,0.3309706566,3.33097065057954,6.070e-09,3.256e-10,optimal,False,4
504,HCRbcpl,9,16,3,3.3309706566,0.3309706566,3.3309706864982607,2.989e-08,2.767e-10,optimal,False,4
505,HCRbcr{,9,17,3,3.3309706558,0.3309706558,3.3309706672579993,1.145e-08,1.531e-10,optimal,False,4
506,HCQbfI{,9,16,3,3.3292319190,0.3292319190,3.3292319038485165,1.520e-08,8.021e-10,optimal,False,4
507,HCQeQxy,9,16,3,3.3292177403,0.3292177403,3.32921769151441,4.882e-08,5.616e-09,optimal,False,4
508,HCRbdru,9,18,3,3.3292177401,0.3292177401,3.329217687092802,5.303e-08,5.955e-09,optimal,False,4
509,HCRbdrn,9,19,3,3.3292177391,0.3292177391,3.3292176829173057,5.614e-08,6.136e-09,optimal,False,4
510,HCQbeT{,9,16,3,3.3292177367,0.3292177367,3.3292177022540037,3.446e-08,3.250e-09,optimal,False,4
511,HCRbdr[,9,17,3,3.3292177358,0.3292177358,3.3292176859061198,4.987e-08,5.968e-09,optimal,False,4
512,HCRbdrM,9,17,3,3.3292177329,0.3292177329,3.3292176944189653,3.850e-08,4.326e-09,optimal,False,4
513,HCRbdrv,9,19,3,3.3292177327,0.3292177327,3.3292176591724085,7.357e-08,6.042e-09,optimal,False,4
514,HCRbdp{,9,17,3,3.3292177313,0.3292177313,3.3292176711782377,6.015e-08,4.517e-09,optimal,False,4
515,HCQfLX{,9,17,3,3.3292177312,0.3292177312,3.329217696799347,3.442e-08,4.981e-09,optimal,False,4
516,HCRbdrl,9,18,3,3.3292177280,0.3292177280,3.3292176836946266,4.430e-08,2.802e-09,optimal,False,4
517,HCpb`ze,9,17,3,3.3292177257,0.3292177257,3.329217705949113,1.977e-08,3.191e-09,optimal,False,4
518,HCRbdrf,9,18,3,3.3292177230,0.3292177230,3.3292176979012007,2.508e-08,3.325e-09,optimal,False,4
519,HCRbdrN,9,18,3,3.3292177228,0.3292177228,3.329217689850534,3.296e-08,4.276e-09,optimal,False,4
520,HCRbdrV,9,18,3,3.3292177226,0.3292177226,3.3292176840116254,3.854e-08,5.042e-09,optimal,False,4
521,HCRbdp|,9,18,3,3.3292177210,0.3292177210,3.3292176855601707,3.547e-08,3.787e-09,optimal,False,4
522,HCRbdr{,9,18,3,3.3292177209,0.3292177209,3.329217688636807,3.230e-08,4.108e-09,optimal,False,4
523,HCRVBi{,9,17,3,3.3292177208,0.3292177208,3.3292177002397096,2.058e-08,5.432e-09,optimal,False,4
524,HCQVfI{,9,17,3,3.3292177201,0.3292177201,3.3292176951395946,2.498e-08,3.379e-09,optimal,False,4
525,HCRbdrU,9,17,3,3.3292177198,0.3292177198,3.3292176786255347,4.119e-08,2.665e-09,optimal,False,4
526,HCRbdq|,9,18,3,3.3292177182,0.3292177182,3.329217688304529,2.989e-08,2.898e-09,optimal,False,4
527,HCRbdqx,9,17,3,3.3292177176,0.3292177176,3.329217699874505,1.774e-08,2.962e-09,optimal,False,4
528,HCQbbrM,9,16,3,3.3292177150,0.3292177150,3.3292176953892407,1.957e-08,3.891e-09,optimal,False,4
529,HCRbdqv,9,18,3,3.3292177149,0.3292177149,3.3292176876677755,2.719e-08,2.939e-09,optimal,False,4
530,HCRbdpM,9,16,3,3.3292177136,0.3292177136,3.3292176935752753,1.998e-08,1.884e-09,optimal,False,4
531,HCR`rjk,9,17,3,3.3292177127,0.3292177127,3.329217681920824,3.078e-08,2.939e-09,optimal,False,4
532,HCRbdrk,9,17,3,3.3292177127,0.3292177127,3.329217693625954,1.904e-08,3.050e-09,optimal,False,4
533,HCQfdr[,9,17,3,3.3292177122,0.3292177122,3.3292176961111504,1.608e-08,2.739e-09,optimal,False,4
534,HCRbdq^,9,18,3,3.3292177107,0.3292177107,3.3292176560178026,5.471e-08,3.131e-09,optimal,False,4
535,HCRVDX{,9,17,3,3.3292177093,0.3292177093,3.329217697984546,1.133e-08,2.142e-09,optimal,False,4
536,HCOfdr[,9,16,3,3.3292177087,0.3292177087,3.3292176590872318,4.962e-08,1.724e-09,optimal,False,4
537,HCRbdre,9,17,3,3.3292177077,0.3292177077,3.329217720725347,1.299e-08,2.291e-09,optimal,False,4
538,HCRbdqn,9,18,3,3.3292177074,0.3292177074,3.3292176819656674,2.545e-08,2.052e-09,optimal,False,4
539,HCQbfP],9,16,3,3.3292177065,0.3292177065,3.329217705858764,5.939e-10,1.971e-09,optimal,False,4
540,HCRbdpm,9,17,3,3.3292177061,0.3292177061,3.3292176760214676,3.011e-08,2.467e-09,optimal,False,4
541,HCRbdr~,9,20,3,3.3292177054,0.3292177054,3.329217684848023,2.060e-08,1.544e-09,optimal,False,4
542,HCRbdqm,9,17,3,3.3292177044,0.3292177044,3.3292176974266323,6.959e-09,1.354e-09,optimal,False,4
543,HCRbdrc,9,16,3,3.3292177037,0.3292177037,3.3292176994222786,4.257e-09,1.559e-09,optimal,False,4
544,HCRbdpn,9,18,3,3.3292177037,0.3292177037,3.3292176587402267,4.493e-08,1.457e-09,optimal,False,4
545,HCRctTy,9,17,3,3.3292177031,0.3292177031,3.3292176961532687,6.944e-09,1.293e-09,optimal,False,4
546,HCRbdq},9,18,3,3.3292177028,0.3292177028,3.329217662707257,4.009e-08,1.409e-09,optimal,False,4
547,HCRbfI{,9,17,3,3.3292177026,0.3292177026,3.3292176956433717,6.929e-09,1.495e-09,optimal,False,4
548,HCQVdrk,9,17,3,3.3292177020,0.3292177020,3.329217695233243,6.791e-09,1.189e-09,optimal,False,4
549,HCRbeqx,9,17,3,3.3292177018,0.3292177018,3.329217688678904,1.313e-08,9.662e-10,optimal,False,4
550,HCRbdrs,9,17,3,3.3292177013,0.3292177013,3.329217699531251,1.748e-09,1.103e-09,optimal,False,4
551,HCRbdrx,9,18,3,3.3292177006,0.3292177006,3.329217686205127,1.435e-08,1.345e-09,optimal,False,4
552,HCRbfP],9,17,3,3.3292177002,0.3292177002,3.3292176989182307,1.282e-09,1.096e-09,optimal,False,4
553,HCQfJi{,9,17,3,3.3292177001,0.3292177001,3.329217682797239,1.728e-08,1.263e-09,optimal,False,4
554,HCpbdrS,9,16,3,3.3292176995,0.3292176995,3.329217691952786,7.512e-09,8.604e-10,optimal,False,4
555,HCRbdr\,9,18,3,3.3292176986,0.3292176986,3.3292176813239247,1.727e-08,7.776e-10,optimal,False,4
556,HCQ`fP],9,15,3,3.3292176980,0.3292176980,3.3292176893893917,8.598e-09,4.400e-10,optimal,False,4
557,HCRbdrt,9,18,3,3.3292176980,0.3292176980,3.329217684839734,1.315e-08,7.124e-10,optimal,False,4
558,HCRbdqt,9,17,3,3.3292176977,0.3292176977,3.3292176956610624,2.038e-09,1.089e-09,optimal,False,4
559,HCRbdr],9,18,3,3.3292176976,0.3292176976,3.329217684004935,1.359e-08,6.685e-10,optimal,False,4
560,HCRbdr|,9,19,3,3.3292176975,0.3292176975,3.3292176847546484,1.274e-08,9.468e-10,optimal,False,4
561,HCpdRjc,9,16,3,3.3292176966,0.3292176966,3.3292177005687464,4.013e-09,6.139e-10,optimal,False,4
562,HCRbdr^,9,19,3,3.3292176965,0.3292176965,3.3292176811004017,1.540e-08,7.068e-10,optimal,False,4
563,HCQvDX{,9,17,3,3.3292176960,0.3292176960,3.3292176967430507,7.713e-10,5.995e-10,optimal,False,4
564,HCRbdrm,9,18,3,3.3292176954,0.3292176954,3.3292176889188916,6.442e-09,4.154e-10,optimal,False,4
565,HCRbdr},9,19,3,3.3292176953,0.3292176953,3.3292176834120357,1.193e-08,4.127e-10,optimal,False,4
566,HCRbcyx,9,17,3,3.3292176953,0.3292176953,3.329217688301513,6.968e-09,6.595e-10,optimal,False,4
567,HCRbdq~,9,19,3,3.3292176949,0.3292176949,3.3292176853277446,9.583e-09,5.215e-10,optimal,False,4
568,HCpdPzs,9,17,3,3.3287407381,0.3287407381,3.3287407172599366,2.085e-08,2.490e-09,optimal,False,4
569,HCQbdZs,9,16,3,3.3252868787,0.3252868787,3.325286811054008,6.760e-08,5.078e-09,optimal,False,4
570,HCQbdZe,9,16,3,3.3252868550,0.3252868550,3.3252868081802482,4.681e-08,3.415e-09,optimal,False,4
571,HCQfLXr,9,17,3,3.3251293600,0.3251293600,3.325129348462047,1.153e-08,1.223e-09,optimal,False,4
572,HCQfdpr,9,17,3,3.3251293565,0.3251293565,3.3251293422993884,1.422e-08,1.154e-09,optimal,False,4
573,HCpdPze,9,17,3,3.3232942049,0.3232942049,3.323294151798985,5.312e-08,3.435e-09,optimal,False,4
574,HCRV@p[,9,15,3,3.3216671780,0.3216671780,3.3216671240359785,5.400e-08,5.143e-09,optimal,False,4
575,HCR`vas,9,16,3,3.3187252524,0.3187252524,3.3187251772576687,7.514e-08,3.682e-09,optimal,False,4
576,HQyuzzy,9,24,2,2.3182388406,0.3182388406,2.318238825525696,1.510e-08,2.656e-09,optimal,False,3
577,HCRV@p{,9,16,3,3.3182317763,0.3182317763,3.3182317285866847,4.775e-08,5.239e-09,optimal,False,4
578,HCRV@pt,9,16,3,3.3182317255,0.3182317255,3.318231726898835,1.356e-09,7.208e-10,optimal,False,4
579,HCR`va{,9,17,3,3.3177181279,0.3177181279,3.317718070517308,5.736e-08,4.288e-09,optimal,False,4
580,H?bB@R[,9,12,4,4.3176672685,0.3176672685,4.317667202451499,6.605e-08,4.910e-09,optimal,False,5
581,HCQbQpJ,9,14,3,3.3176672596,0.3176672596,3.3176672089447874,5.067e-08,5.225e-09,optimal,False,4
582,HCp`erx,9,17,3,3.3176672559,0.3176672559,3.317667205819006,5.005e-08,4.808e-09,optimal,False,4
583,HCp`fin,9,18,3,3.3176672558,0.3176672558,3.317667203945797,5.187e-08,4.747e-09,optimal,False,4
584,HCp`egu,9,15,3,3.3176672542,0.3176672542,3.317667214256378,3.990e-08,5.793e-09,optimal,False,4
585,HCQbQrY,9,15,3,3.3176672524,0.3176672524,3.3176672163816496,3.604e-08,6.453e-09,optimal,False,4
586,HCQbQrZ,9,16,3,3.3176672514,0.3176672514,3.3176672168403742,3.457e-08,4.275e-09,optimal,False,4
587,HCpbPhe,9,15,3,3.3176672508,0.3176672508,3.317667193407113,5.741e-08,3.393e-09,optimal,False,4
588,HCp`ej|,9,18,3,3.3176672499,0.3176672499,3.317667199192487,5.073e-08,5.289e-09,optimal,False,4
589,HCp`ej[,9,16,3,3.3176672482,0.3176672482,3.317667220742575,2.744e-08,4.795e-09,optimal,False,4
590,HCp`fQV,9,16,3,3.3176672456,0.3176672456,3.317667218102664,2.752e-08,4.709e-09,optimal,False,4
591,HCQdarK,9,14,3,3.3176672444,0.3176672444,3.3176672128752105,3.157e-08,5.391e-09,optimal,False,4
592,HCp`fQm,9,16,3,3.3176672442,0.3176672442,3.3176672078495373,3.638e-08,6.266e-09,optimal,False,4
593,HCp`erN,9,17,3,3.3176672441,0.3176672441,3.317667217321437,2.682e-08,5.065e-09,optimal,False,4
594,HCp`erd,9,16,3,3.3176672420,0.3176672420,3.317667208898432,3.308e-08,5.606e-09,optimal,False,4
595,H?bB@aS,9,10,4,4.3176672417,0.3176672417,4.31766720087559,4.086e-08,3.747e-09,optimal,False,5
596,HCp`fRk,9,16,3,3.3176672409,0.3176672409,3.31766721144705,2.949e-08,4.275e-09,optimal,False,4
597,HCQbQrs,9,15,3,3.3176672406,0.3176672406,3.3176672139375385,2.663e-08,3.574e-09,optimal,False,4
598,HCQbQor,9,14,3,3.3176672404,0.3176672404,3.3176672124165245,2.802e-08,3.867e-09,optimal,False,4
599,HCp`fQ{,9,16,3,3.3176672404,0.3176672404,3.3176672123821787,2.801e-08,4.943e-09,optimal,False,4
600,HCp`fPy,9,16,3,3.3176672403,0.3176672403,3.3176672038947332,3.644e-08,5.693e-09,optimal,False,4
601,HCp`eg},9,16,3,3.3176672391,0.3176672391,3.3176672084719314,3.066e-08,4.615e-09,optimal,False,4
602,HCp`ehy,9,16,3,3.3176672384,0.3176672384,3.317667208464875,2.996e-08,3.741e-09,optimal,False,4
603,HCp`eq\,9,16,3,3.3176672383,0.3176672383,3.3176672152476967,2.309e-08,5.255e-09,optimal,False,4
604,H?`D@`W,9,9,4,4.3176672382,0.3176672382,4.3176672088937575,2.932e-08,2.656e-09,optimal,False,5
605,HCQbQrU,9,15,3,3.3176672377,0.3176672377,3.3176672178777147,1.981e-08,3.286e-09,optimal,False,4
606,HCQbQqv,9,16,3,3.3176672374,0.3176672374,3.3176672169673522,2.045e-08,2.790e-09,optimal,False,4
607,HCQbQpr,9,15,3,3.3176672366,0.3176672366,3.3176672113775987,2.523e-08,3.032e-09,optimal,False,4
608,HCp`fQz,9,17,3,3.3176672366,0.3176672366,3.317667218312834,1.825e-08,6.004e-09,optimal,False,4
609,HCdebRE,9,15,3,3.3176672364,0.3176672364,3.317667208924742,2.749e-08,5.438e-09,optimal,False,4
610,HCp`ejh,9,16,3,3.3176672360,0.3176672360,3.317667214910048,2.112e-08,5.110e-09,optimal,False,4
611,HCp`fQt,9,16,3,3.3176672358,0.3176672358,3.3176672139512724,2.190e-08,4.123e-09,optimal,False,4
612,HCp`eju,9,17,3,3.3176672358,0.3176672358,3.3176672166972367,1.907e-08,3.862e-09,optimal,False,4
613,HCp`ej},9,18,3,3.3176672353,0.3176672353,3.3176672040454207,3.122e-08,4.113e-09,optimal,False,4
614,HCp`fj\,9,18,3,3.3176672352,0.3176672352,3.3176672008455688,3.440e-08,6.159e-09,optimal,False,4
615,HCp`er\,9,17,3,3.3176672352,0.3176672352,3.317667208685218,2.654e-08,4.814e-09,optimal,False,4
616,HCp`fRj,9,17,3,3.3176672349,0.3176672349,3.3176672053275205,2.959e-08,5.143e-09,optimal,False,4
617,HCp`fP^,9,17,3,3.3176672348,0.3176672348,3.3176671974208403,3.742e-08,5.807e-09,optimal,False,4
618,HCp`eq|,9,17,3,3.3176672340,0.3176672340,3.3176672122478745,2.178e-08,3.448e-09,optimal,False,4
619,HCQbQrc,9,14,3,3.3176672328,0.3176672328,3.3176672137099876,1.909e-08,3.299e-09,optimal,False,4
620,HCQbQqu,9,15,3,3.3176672328,0.3176672328,3.3176672141716668,1.861e-08,3.254e-09,optimal,False,4
621,HCQbQqs,9,14,3,3.3176672326,0.3176672326,3.3176672284821938,4.121e-09,4.909e-09,optimal,False,4
622,HCp`fR],9,17,3,3.3176672324,0.3176672324,3.317667212152113,2.024e-08,5.503e-09,optimal,False,4
623,HCp`erM,9,16,3,3.3176672322,0.3176672322,3.3176672049745197,2.727e-08,4.386e-09,optimal,False,4
624,HCp`fQe,9,15,3,3.3176672322,0.3176672322,3.317667215532906,1.668e-08,5.192e-09,optimal,False,4
625,HCQvBP[,9,15,3,3.3176672320,0.3176672320,3.317667220644863,1.138e-08,3.691e-09,optimal,False,4
626,HCp`eit,9,16,3,3.3176672320,0.3176672320,3.317667199884167,3.213e-08,5.398e-09,optimal,False,4
627,H?bB@Rs,9,12,4,4.3176672317,0.3176672317,4.31766720539507,2.632e-08,4.305e-09,optimal,False,5
628,HCp`ejw,9,16,3,3.3176672317,0.3176672317,3.3176672267635525,4.940e-09,4.756e-09,optimal,False,4
629,HCQbQpj,9,15,3,3.3176672315,0.3176672315,3.317667231302303,1.647e-10,2.697e-09,optimal,False,4
630,HCQbQrr,9,16,3,3.3176672315,0.3176672315,3.317667219078158,1.238e-08,4.593e-09,optimal,False,4
631,HCp`fQ^,9,17,3,3.3176672311,0.3176672311,3.3176672073653735,2.378e-08,5.202e-09,optimal,False,4
632,HCp`fOm,9,15,3,3.3176672311,0.3176672311,3.317667220809219,1.029e-08,3.483e-09,optimal,False,4
633,HCQbQpz,9,16,3,3.3176672310,0.3176672310,3.317667209758139,2.120e-08,2.619e-09,optimal,False,4
634,HCp`frN,9,18,3,3.3176672309,0.3176672309,3.317667200395176,3.055e-08,3.180e-09,optimal,False,4
635,HCp`fR|,9,18,3,3.3176672307,0.3176672307,3.31766719561744,3.510e-08,6.014e-09,optimal,False,4
636,H?bB@R{,9,13,4,4.3176672306,0.3176672306,4.317667214875249,1.576e-08,4.786e-09,optimal,False,5
637,HCQbQr],9,16,3,3.3176672303,0.3176672303,3.317667210206606,2.006e-08,2.732e-09,optimal,False,4
638,HCp`ei\,9,16,3,3.3176672298,0.3176672298,3.317667213123752,1.665e-08,4.557e-09,optimal,False,4
639,HCp`fRv,9,18,3,3.3176672286,0.3176672286,3.3176672063748773,2.223e-08,4.812e-09,optimal,False,4
640,HCp`erL,9,16,3,3.3176672285,0.3176672285,3.31766721000818,1.854e-08,4.859e-09,optimal,False,4
641,HCp`fQu,9,16,3,3.3176672283,0.3176672283,3.3176672089082895,1.939e-08,4.367e-09,optimal,False,4
642,HCOe`Ys,9,13,3,3.3176672280,0.3176672280,3.317667217415833,1.062e-08,2.228e-09,optimal,False,4
643,HCp`fjw,9,17,3,3.3176672277,0.3176672277,3.3176672083040715,1.943e-08,2.132e-09,optimal,False,4
644,HCp`eh{,9,16,3,3.3176672275,0.3176672275,3.317667219308515,8.182e-09,4.091e-09,optimal,False,4
645,HCQbQpy,9,15,3,3.3176672272,0.3176672272,3.3176672129064797,1.427e-08,2.895e-09,optimal,False,4
646,HCp`fjn,9,19,3,3.3176672270,0.3176672270,3.317667209322506,1.767e-08,3.136e-09,optimal,False,4
647,HCQbQpi,9,14,3,3.3176672269,0.3176672269,3.3176672187694924,8.089e-09,1.695e-09,optimal,False,4
648,HCp`fRN,9,17,3,3.3176672266,0.3176672266,3.3176672146942883,1.189e-08,3.949e-09,optimal,False,4
649,HCp`fRz,9,18,3,3.3176672262,0.3176672262,3.31766721058514,1.562e-08,4.372e-09,optimal,False,4
650,HCp`fR\,9,17,3,3.3176672261,0.3176672261,3.3176672100275626,1.608e-08,2.303e-09,optimal,False,4
651,HCp`ejz,9,18,3,3.3176672261,0.3176672261,3.3176672024084537,2.367e-08,2.816e-09,optimal,False,4
652,HCp`eir,9,16,3,3.3176672261,0.3176672261,3.3176672198931163,6.175e-09,2.383e-09,optimal,False,4
653,HCp`fim,9,17,3,3.3176672258,0.3176672258,3.3176672509471103,2.512e-08,2.358e-09,optimal,False,4
654,HCQdbPY,9,14,3,3.3176672256,0.3176672256,3.3176672088068675,1.684e-08,2.896e-09,optimal,False,4
655,HCp`eiu,9,16,3,3.3176672256,0.3176672256,3.317667195622823,2.993e-08,2.211e-09,optimal,False,4
656,HCp`ep{,9,16,3,3.3176672254,0.3176672254,3.3176672067705506,1.860e-08,5.009e-09,optimal,False,4
657,HCp`fQ~,9,18,3,3.3176672248,0.3176672248,3.3176672080020553,1.678e-08,3.339e-09,optimal,False,4
658,HCp`er},9,18,3,3.3176672247,0.3176672247,3.317667207751928,1.691e-08,4.340e-09,optimal,False,4
659,HCp`fRZ,9,17,3,3.3176672246,0.3176672246,3.3176672309930155,6.355e-09,4.282e-09,optimal,False,4
660,HCQbQp},9,16,3,3.3176672246,0.3176672246,3.317667212011404,1.256e-08,3.186e-09,optimal,False,4
661,HCp`fR^,9,18,3,3.3176672245,0.3176672245,3.3176672060438728,1.848e-08,3.509e-09,optimal,False,4
662,HCp`fR{,9,17,3,3.3176672242,0.3176672242,3.3176672042241644,1.993e-08,3.591e-09,optimal,False,4
663,HCp`fPz,9,17,3,3.3176672238,0.3176672238,3.317667214322828,9.525e-09,2.894e-09,optimal,False,4
664,HCp`epu,9,16,3,3.3176672236,0.3176672236,3.317667210488783,1.307e-08,1.615e-09,optimal,False,4
665,HCp`erv,9,18,3,3.3176672235,0.3176672235,3.317667204977176,1.854e-08,4.235e-09,optimal,False,4
666,HCQbQrf,9,16,3,3.3176672234,0.3176672234,3.3176672247461947,1.338e-09,2.032e-09,optimal,False,4
667,H?bB@RW,9,11,4,4.3176672234,0.3176672234,4.317667208669165,1.472e-08,2.288e-09,optimal,False,5
668,HCp`ejq,9,16,3,3.3176672233,0.3176672233,3.3176672063103054,1.702e-08,2.710e-09,optimal,False,4
669,HCp`er^,9,18,3,3.3176672231,0.3176672231,3.3176672035576,1.955e-08,4.308e-09,optimal,False,4
670,HCp`fr],9,18,3,3.3176672230,0.3176672230,3.3176672049921803,1.798e-08,1.971e-09,optimal,False,4
671,HCp`ejj,9,17,3,3.3176672229,0.3176672229,3.3176672459919265,2.305e-08,2.134e-09,optimal,False,4
672,HCp`fRf,9,17,3,3.3176672227,0.3176672227,3.317667208240941,1.441e-08,4.974e-09,optimal,False,4
673,HCp`fjz,9,19,3,3.3176672226,0.3176672226,3.317667210197222,1.236e-08,2.209e-09,optimal,False,4
674,HCp`erU,9,16,3,3.3176672225,0.3176672225,3.3176672067102952,1.582e-08,2.514e-09,optimal,False,4
675,HCp`epv,9,17,3,3.3176672225,0.3176672225,3.3176672083060734,1.418e-08,2.498e-09,optimal,False,4
676,HCp`fP|,9,17,3,3.3176672225,0.3176672225,3.317667211435249,1.102e-08,3.830e-09,optimal,False,4
677,HCp`fj[,9,17,3,3.3176672220,0.3176672220,3.3176672070308615,1.501e-08,5.586e-09,optimal,False,4
678,HCp`fRm,9,17,3,3.3176672220,0.3176672220,3.317667205544911,1.647e-08,3.209e-09,optimal,False,4
679,HCp`fRe,9,16,3,3.3176672215,0.3176672215,3.317667218126265,3.421e-09,2.061e-09,optimal,False,4
680,HCp`fRx,9,17,3,3.3176672215,0.3176672215,3.317667216475371,5.070e-09,3.953e-09,optimal,False,4
681,HCp`fR[,9,16,3,3.3176672213,0.3176672213,3.317667211432728,9.912e-09,2.278e-09,optimal,False,4
682,HCp`fZ~,9,20,3,3.3176672212,0.3176672212,3.3176671979549965,2.326e-08,2.886e-09,optimal,False,4
683,HCQbQrq,9,15,3,3.3176672212,0.3176672212,3.3176672095772446,1.163e-08,2.006e-09,optimal,False,4
684,HCp`fRu,9,17,3,3.3176672211,0.3176672211,3.317667208637024,1.247e-08,2.422e-09,optimal,False,4
685,HCQbQqf,9,15,3,3.3176672210,0.3176672210,3.3176671985646853,2.247e-08,1.717e-09,optimal,False,4
686,HCQbQri,9,15,3,3.3176672210,0.3176672210,3.3176672052457303,1.572e-08,2.635e-09,optimal,False,4
687,HCp`epl,9,16,3,3.3176672209,0.3176672209,3.3176672097611712,1.116e-08,4.856e-09,optimal,False,4
688,HCp`fP],9,16,3,3.3176672208,0.3176672208,3.3176672141915136,6.599e-09,1.720e-09,optimal,False,4
689,HCp`fPn,9,17,3,3.3176672207,0.3176672207,3.317667214521999,6.225e-09,4.745e-09,optimal,False,4
690,HCp`fQq,9,15,3,3.3176672207,0.3176672207,3.3176672224197867,1.709e-09,2.132e-09,optimal,False,4
691,HCp`equ,9,16,3,3.3176672206,0.3176672206,3.317667211422824,9.141e-09,2.823e-09,optimal,False,4
692,HCp`eqn,9,17,3,3.3176672204,0.3176672204,3.3176672131423444,7.244e-09,1.614e-09,optimal,False,4
693,HCp`ejr,9,17,3,3.3176672204,0.3176672204,3.317667206706676,1.367e-08,2.570e-09,optimal,False,4
694,HCQbRpe,9,15,3,3.3176672203,0.3176672203,3.3176672179687565,2.373e-09,2.400e-09,optimal,False,4
695,HCp`fRn,9,18,3,3.3176672202,0.3176672202,3.317667202019741,1.814e-08,2.640e-09,optimal,False,4
696,HCp`fQv,9,17,3,3.3176672201,0.3176672201,3.317667208884989,1.126e-08,2.266e-09,optimal,False,4
697,HCp`fj],9,18,3,3.3176672201,0.3176672201,3.317667203189074,1.692e-08,2.919e-09,optimal,False,4
698,HCp`erl,9,17,3,3.3176672200,0.3176672200,3.3176672107681227,9.260e-09,3.723e-09,optimal,False,4
699,HCp`fRV,9,17,3,3.3176672200,0.3176672200,3.3176672068355963,1.312e-08,3.880e-09,optimal,False,4
700,HCQbQrk,9,15,3,3.3176672199,0.3176672199,3.3176672149741013,4.971e-09,1.939e-09,optimal,False,4
701,HCp`erk,9,16,3,3.3176672198,0.3176672198,3.3176672085657564,1.127e-08,3.245e-09,optimal,False,4
702,HCp`eqm,9,16,3,3.3176672194,0.3176672194,3.3176672091169666,1.031e-08,1.725e-09,optimal,False,4
703,HCp`ers,9,16,3,3.3176672194,0.3176672194,3.317667205510545,1.391e-08,2.756e-09,optimal,False,4
704,HCp`fRY,9,16,3,3.3176672194,0.3176672194,3.317667208621789,1.078e-08,3.489e-09,optimal,False,4
705,HCp`ei},9,17,3,3.3176672194,0.3176672194,3.317667211788949,7.590e-09,4.541e-09,optimal,False,4
706,HCp`fjy,9,18,3,3.3176672192,0.3176672192,3.317667206552268,1.270e-08,1.336e-09,optimal,False,4
707,HCp`eij,9,16,3,3.3176672192,0.3176672192,3.317667214013943,5.194e-09,1.063e-09,optimal,False,4
708,H?b@b_w,9,11,4,4.3176672189,0.3176672189,4.317667207203705,1.170e-08,1.508e-09,optimal,False,5
709,HCp`fYz,9,18,3,3.3176672188,0.3176672188,3.317667202588045,1.619e-08,3.350e-09,optimal,False,4
710,HCp`fQ],9,16,3,3.3176672188,0.3176672188,3.317667202281692,1.648e-08,1.658e-09,optimal,False,4
711,HCp`fP{,9,16,3,3.3176672187,0.3176672187,3.317667206478154,1.218e-08,2.862e-09,optimal,False,4
712,HCp`eiy,9,16,3,3.3176672184,0.3176672184,3.3176672115599737,6.888e-09,1.788e-09,optimal,False,4
713,HCQbQqU,9,14,3,3.3176672184,0.3176672184,3.3176671968241704,2.155e-08,1.514e-09,optimal,False,4
714,HCQbQr{,9,16,3,3.3176672183,0.3176672183,3.3176672123655657,5.885e-09,1.197e-09,optimal,False,4
715,HCp`fZ{,9,18,3,3.3176672182,0.3176672182,3.3176672065396158,1.170e-08,5.242e-09,optimal,False,4
716,HCp`ehl,9,16,3,3.3176672182,0.3176672182,3.3176672022053153,1.600e-08,1.742e-09,optimal,False,4
717,HCp`fPv,9,17,3,3.3176672182,0.3176672182,3.317667203647951,1.455e-08,1.591e-09,optimal,False,4
718,HCQbQry,9,16,3,3.3176672182,0.3176672182,3.317667217627407,5.614e-10,1.774e-09,optimal,False,4
719,HCp`fr},9,19,3,3.3176672181,0.3176672181,3.3176672015395545,1.660e-08,1.949e-09,optimal,False,4
720,HCp`fPN,9,16,3,3.3176672181,0.3176672181,3.3176672192886665,1.197e-09,2.101e-09,optimal,False,4
721,HCQTbRK,9,14,3,3.3176672181,0.3176672181,3.3176672077030664,1.038e-08,1.774e-09,optimal,False,4
722,HCp`fOn,9,16,3,3.3176672180,0.3176672180,3.3176672151596702,2.830e-09,2.539e-09,optimal,False,4
723,HCp`eqf,9,16,3,3.3176672179,0.3176672179,3.3176672164393834,1.464e-09,1.190e-09,optimal,False,4
724,HCQbQrj,9,16,3,3.3176672179,0.3176672179,3.3176672091639863,8.711e-09,1.284e-09,optimal,False,4
725,HCp`fRt,9,17,3,3.3176672178,0.3176672178,3.3176672097550743,8.007e-09,4.486e-09,optimal,False,4
726,HCp`fzv,9,20,3,3.3176672178,0.3176672178,3.3176671995371394,1.822e-08,1.800e-09,optimal,False,4
727,HCp`fj},9,19,3,3.3176672176,0.3176672176,3.3176672050105696,1.261e-08,1.797e-09,optimal,False,4
728,HCQbQrN,9,16,3,3.3176672176,0.3176672176,3.3176672114881534,6.118e-09,3.235e-09,optimal,False,4
729,HCp`fi],9,17,3,3.3176672176,0.3176672176,3.317667206040946,1.152e-08,1.481e-09,optimal,False,4
730,HCp`epf,9,16,3,3.3176672175,0.3176672175,3.3176672077289764,9.721e-09,1.185e-09,optimal,False,4
731,HCQbQqR,9,14,3,3.3176672172,0.3176672172,3.3176672103074036,6.886e-09,1.547e-09,optimal,False,4
732,HCp`fj~,9,20,3,3.3176672172,0.3176672172,3.317667202628966,1.456e-08,1.479e-09,optimal,False,4
733,HCp`er],9,17,3,3.3176672171,0.3176672171,3.317667213835407,3.298e-09,3.016e-09,optimal,False,4
734,H?bB@Qo,9,10,4,4.3176672170,0.3176672170,4.31766718779529,2.918e-08,1.779e-09,optimal,False,5
735,HCp`ejT,9,16,3,3.3176672169,0.3176672169,3.317667208394689,8.463e-09,1.866e-09,optimal,False,4
736,HCp`fQx,9,16,3,3.3176672167,0.3176672167,3.3176672191724648,2.468e-09,1.114e-09,optimal,False,4
737,HCp`fR},9,18,3,3.3176672167,0.3176672167,3.317667216613401,8.330e-11,1.736e-09,optimal,False,4
738,HCp`fQs,9,15,3,3.3176672166,0.3176672166,3.317667211720712,4.896e-09,8.838e-10,optimal,False,4
739,HCp`ept,9,16,3,3.3176672166,0.3176672166,3.3176672124327733,4.170e-09,1.969e-09,optimal,False,4
740,HCp`fRr,9,17,3,3.3176672165,0.3176672165,3.317667201149068,1.534e-08,4.199e-09,optimal,False,4
741,HCp`ei{,9,16,3,3.3176672164,0.3176672164,3.3176672106695366,5.759e-09,2.126e-09,optimal,False,4
742,HCQbQr~,9,18,3,3.3176672163,0.3176672163,3.3176672045584694,1.173e-08,9.122e-10,optimal,False,4
743,H?bB@Ry,9,13,4,4.3176672163,0.3176672163,4.31766721749602,1.211e-09,1.495e-09,optimal,False,5
744,HCp`frM,9,17,3,3.3176672163,0.3176672163,3.317667208559271,7.723e-09,1.145e-09,optimal,False,4
745,HCp`fPV,9,16,3,3.3176672162,0.3176672162,3.3176672069807,9.183e-09,2.528e-09,optimal,False,4
746,HCp`fPq,9,15,3,3.3176672160,0.3176672160,3.31766721748703,1.477e-09,1.540e-09,optimal,False,4
747,HCp`ejt,9,17,3,3.3176672158,0.3176672158,3.3176672069920414,8.813e-09,1.958e-09,optimal,False,4
748,HCp`ei~,9,18,3,3.3176672158,0.3176672158,3.317667201301599,1.450e-08,1.773e-09,optimal,False,4
749,HCp`fQ},9,17,3,3.3176672157,0.3176672157,3.3176672056724037,1.006e-08,1.250e-09,optimal,False,4
750,HCRcrQp,9,15,3,3.3176672156,0.3176672156,3.317667214641182,9.408e-10,2.130e-09,optimal,False,4
751,HCp`fQy,9,16,3,3.3176672155,0.3176672155,3.317667211897228,3.641e-09,2.256e-09,optimal,False,4
752,HCp`fPm,9,16,3,3.3176672155,0.3176672155,3.317667208671327,6.865e-09,1.552e-09,optimal,False,4
753,HCp`eqv,9,17,3,3.3176672155,0.3176672155,3.317667219587185,4.052e-09,1.292e-09,optimal,False,4
754,HCp`fP~,9,18,3,3.3176672155,0.3176672155,3.3176672030539334,1.240e-08,1.553e-09,optimal,False,4
755,HCp`eik,9,15,3,3.3176672153,0.3176672153,3.3176672172813477,1.937e-09,6.398e-10,optimal,False,4
756,HCp`fXz,9,18,3,3.3176672153,0.3176672153,3.3176672046533517,1.069e-08,1.866e-09,optimal,False,4
757,HCp`fRy,9,17,3,3.3176672152,0.3176672152,3.3176672066866133,8.547e-09,4.298e-09,optimal,False,4
758,HCp`ejd,9,16,3,3.3176672152,0.3176672152,3.317667212107098,3.092e-09,1.076e-09,optimal,False,4
759,HCQbQpe,9,14,3,3.3176672151,0.3176672151,3.317667211306506,3.764e-09,1.143e-09,optimal,False,4
760,HCp`fY},9,18,3,3.3176672150,0.3176672150,3.3176672016504356,1.335e-08,4.495e-09,optimal,False,4
761,HCp`frV,9,18,3,3.3176672149,0.3176672149,3.3176672045806668,1.030e-08,1.403e-09,optimal,False,4
762,HCp`fr~,9,20,3,3.3176672147,0.3176672147,3.317667206412214,8.324e-09,2.160e-09,optimal,False,4
763,HCp`fPu,9,16,3,3.3176672147,0.3176672147,3.317667191580402,2.315e-08,1.710e-09,optimal,False,4
764,HCp`fz|,9,20,3,3.3176672145,0.3176672145,3.3176672030986456,1.136e-08,1.767e-09,optimal,False,4
765,HCp`fr{,9,18,3,3.3176672145,0.3176672145,3.317667206693884,7.758e-09,1.029e-09,optimal,False,4
766,HCp`frl,9,18,3,3.3176672144,0.3176672144,3.3176672028579586,1.155e-08,2.493e-09,optimal,False,4
767,HCp`er|,9,18,3,3.3176672144,0.3176672144,3.3176671934929094,2.091e-08,1.315e-09,optimal,False,4
768,HCp`fPt,9,16,3,3.3176672142,0.3176672142,3.3176672157535188,1.586e-09,2.840e-09,optimal,False,4
769,HCp`erf,9,17,3,3.3176672141,0.3176672141,3.317667215401968,1.273e-09,1.727e-09,optimal,False,4
770,HCp`fjm,9,18,3,3.3176672140,0.3176672140,3.317667200743197,1.327e-08,1.911e-09,optimal,False,4
771,HCp`frv,9,19,3,3.3176672140,0.3176672140,3.3176672027938667,1.121e-08,1.044e-09,optimal,False,4
772,HCp`ere,9,16,3,3.3176672140,0.3176672140,3.317667213284318,6.834e-10,1.039e-09,optimal,False,4
773,HCQbQqr,9,15,3,3.3176672140,0.3176672140,3.317667211180606,2.779e-09,9.590e-10,optimal,False,4
774,HCp`fP},9,17,3,3.3176672138,0.3176672138,3.3176672070728306,6.710e-09,1.127e-09,optimal,False,4
775,HCp`ern,9,18,3,3.3176672137,0.3176672137,3.3176671963191726,1.738e-08,2.628e-09,optimal,False,4
776,HCp`eiz,9,17,3,3.3176672136,0.3176672136,3.3176672029897287,1.059e-08,1.674e-09,optimal,False,4
777,HCp`fji,9,17,3,3.3176672136,0.3176672136,3.317667239729974,2.615e-08,1.447e-09,optimal,False,4
778,HCp`fq|,9,18,3,3.3176672135,0.3176672135,3.317667203455242,1.009e-08,1.833e-09,optimal,False,4
779,HCp`fRq,9,16,3,3.3176672135,0.3176672135,3.317667200290479,1.323e-08,1.069e-09,optimal,False,4
780,HCp`fre,9,17,3,3.3176672135,0.3176672135,3.3176672081799294,5.300e-09,6.266e-10,optimal,False,4
781,H?bB@Ro,9,11,4,4.3176672135,0.3176672135,4.317667209783933,3.678e-09,9.562e-10,optimal,False,5
782,HCp`fRl,9,17,3,3.3176672134,0.3176672134,3.317667213039808,3.457e-10,1.171e-09,optimal,False,4
783,HCp`fpu,9,17,3,3.3176672134,0.3176672134,3.3176672046044393,8.777e-09,1.120e-09,optimal,False,4
784,HCp`erm,9,17,3,3.3176672134,0.3176672134,3.317667210512019,2.845e-09,9.001e-10,optimal,False,4
785,HCp`ej~,9,19,3,3.3176672134,0.3176672134,3.3176672076565725,5.694e-09,1.880e-09,optimal,False,4
786,HCp`eru,9,17,3,3.3176672133,0.3176672133,3.3176672080895577,5.206e-09,5.096e-09,optimal,False,4
787,HCp`frn,9,19,3,3.3176672130,0.3176672130,3.317667196754744,1.629e-08,1.528e-09,optimal,False,4
788,HCp`ei|,9,17,3,3.3176672129,0.3176672129,3.3176672139274355,9.885e-10,1.663e-09,optimal,False,4
789,HCp`fRU,9,16,3,3.3176672129,0.3176672129,3.3176672044467987,8.426e-09,1.071e-09,optimal,False,4
790,HCQbQr},9,17,3,3.3176672128,0.3176672128,3.3176672032242696,9.562e-09,7.873e-10,optimal,False,4
791,HCp`fPZ,9,16,3,3.3176672128,0.3176672128,3.3176672156961344,2.915e-09,1.545e-09,optimal,False,4
792,H?bB@Rw,9,12,4,4.3176672127,0.3176672127,4.317667205336437,7.361e-09,6.622e-10,optimal,False,5
793,HCp`frU,9,17,3,3.3176672127,0.3176672127,3.3176672095768938,3.081e-09,1.401e-09,optimal,False,4
794,HCp`fjj,9,18,3,3.3176672126,0.3176672126,3.3176672125806763,5.817e-11,1.042e-09,optimal,False,4
795,HCp`fRQ,9,15,3,3.3176672126,0.3176672126,3.3176672136254455,1.000e-09,1.420e-09,optimal,False,4
796,HCp`fRS,9,15,3,3.3176672125,0.3176672125,3.3176672158777674,3.350e-09,1.703e-09,optimal,False,4
797,HCQbQrz,9,17,3,3.3176672125,0.3176672125,3.317667211201007,1.255e-09,4.519e-10,optimal,False,4
798,HCp`fr\,9,18,3,3.3176672124,0.3176672124,3.3176672064362718,5.983e-09,1.713e-09,optimal,False,4
799,HCp`fhn,9,18,3,3.3176672124,0.3176672124,3.3176672048634415,7.543e-09,1.095e-09,optimal,False,4
800,HCQbQrv,9,17,3,3.3176672124,0.3176672124,3.317667188957391,2.344e-08,4.355e-10,optimal,False,4
801,HCp`ehz,9,17,3,3.3176672123,0.3176672123,3.31766721005055,2.264e-09,7.618e-10,optimal,False,4
802,HCp`fr|,9,19,3,3.3176672123,0.3176672123,3.3176672066028745,5.673e-09,9.460e-10,optimal,False,4
803,HCQbQrJ,9,15,3,3.3176672123,0.3176672123,3.317667203015711,9.252e-09,6.421e-10,optimal,False,4
804,HCp`fRc,9,15,3,3.3176672122,0.3176672122,3.3176672228995177,1.066e-08,6.993e-10,optimal,False,4
805,HCQbQru,9,16,3,3.3176672122,0.3176672122,3.3176671831355082,2.906e-08,4.643e-10,optimal,False,4
806,HCp`erX,9,16,3,3.3176672122,0.3176672122,3.3176672011156794,1.108e-08,1.182e-09,optimal,False,4
807,HCp`fQn,9,17,3,3.3176672122,0.3176672122,3.317667217735063,5.556e-09,1.535e-09,optimal,False,4
808,HCp`ej{,9,17,3,3.3176672122,0.3176672122,3.3176672049131875,7.265e-09,6.336e-10,optimal,False,4
809,HCp`eg~,9,17,3,3.3176672122,0.3176672122,3.3176672050310017,7.124e-09,6.383e-10,optimal,False,4
810,HCQbQpm,9,15,3,3.3176672121,0.3176672121,3.3176672136229923,1.491e-09,7.100e-10,optimal,False,4
811,HCp`fq{,9,17,3,3.3176672121,0.3176672121,3.3176672103876252,1.717e-09,7.690e-10,optimal,False,4
812,HCp`eiv,9,17,3,3.3176672121,0.3176672121,3.3176672099241693,2.153e-09,1.442e-09,optimal,False,4
813,HCp`frm,9,18,3,3.3176672120,0.3176672120,3.3176672064261545,5.619e-09,1.259e-09,optimal,False,4
814,HCp`fYy,9,17,3,3.3176672120,0.3176672120,3.3176672180668523,6.087e-09,2.169e-09,optimal,False,4
815,HCp`fp{,9,17,3,3.3176672120,0.3176672120,3.3176672157306037,3.757e-09,7.632e-10,optimal,False,4
816,HCp`fz~,9,21,3,3.3176672119,0.3176672119,3.3176672042237874,7.719e-09,2.724e-09,optimal,False,4
817,HCp`fR~,9,19,3,3.3176672119,0.3176672119,3.3176672031501715,8.768e-09,9.474e-10,optimal,False,4
818,HCQbRXq,9,15,3,3.3176672119,0.3176672119,3.317667242936576,3.103e-08,9.491e-10,optimal,False,4
819,HCdebIk,9,15,3,3.3176672119,0.3176672119,3.3176672060859875,5.803e-09,1.122e-09,optimal,False,4
820,HCRcrRS,9,15,3,3.3176672118,0.3176672118,3.31766721469521,2.882e-09,1.674e-09,optimal,False,4
821,HCp`fr^,9,19,3,3.3176672118,0.3176672118,3.317667202754267,9.058e-09,9.887e-10,optimal,False,4
822,HCp`ejx,9,17,3,3.3176672118,0.3176672118,3.3176672176374526,5.876e-09,7.138e-10,optimal,False,4
823,HCp`frf,9,18,3,3.3176672117,0.3176672117,3.3176672031121526,8.637e-09,7.937e-10,optimal,False,4
824,HCQbQrR,9,15,3,3.3176672117,0.3176672117,3.317667223174634,1.146e-08,1.513e-09,optimal,False,4
825,HCQbQrm,9,16,3,3.3176672117,0.3176672117,3.3176672146291013,2.914e-09,5.126e-10,optimal,False,4
826,HCp`eil,9,16,3,3.3176672117,0.3176672117,3.3176672161621314,4.456e-09,3.976e-10,optimal,False,4
827,HCp`fZY,9,17,3,3.3176672117,0.3176672117,3.3176672041884503,7.504e-09,3.896e-09,optimal,False,4
828,HCp`fRX,9,16,3,3.3176672116,0.3176672116,3.317667214632487,3.019e-09,8.510e-10,optimal,False,4
829,HCp`fRd,9,16,3,3.3176672116,0.3176672116,3.31766721128591,2.848e-10,1.737e-09,optimal,False,4
830,H?bB@RY,9,12,4,4.3176672116,0.3176672116,4.317667211587506,3.128e-11,1.186e-09,optimal,False,5
831,HCQbQrn,9,17,3,3.3176672115,0.3176672115,3.3176672089900654,2.557e-09,7.848e-10,optimal,False,4
832,HCp`fj|,9,19,3,3.3176672115,0.3176672115,3.317667207569658,3.976e-09,7.146e-10,optimal,False,4
833,HCp`ejy,9,17,3,3.3176672115,0.3176672115,3.3176672024781664,9.053e-09,9.645e-10,optimal,False,4
834,HCp`ejv,9,18,3,3.3176672114,0.3176672114,3.317667197458907,1.395e-08,1.385e-09,optimal,False,4
835,HCp`fQ|,9,17,3,3.3176672113,0.3176672113,3.3176672174419655,6.166e-09,1.581e-09,optimal,False,4
836,HCp`f~~,9,22,3,3.3176672112,0.3176672112,3.317667208248092,2.989e-09,8.007e-10,optimal,False,4
837,HCp`fO~,9,17,3,3.3176672112,0.3176672112,3.3176672021188054,9.086e-09,1.654e-09,optimal,False,4
838,HCp`fP\,9,16,3,3.3176672110,0.3176672110,3.3176672110613845,4.250e-11,2.539e-09,optimal,False,4
839,HCp`fjx,9,18,3,3.3176672110,0.3176672110,3.3176672015652606,9.386e-09,4.473e-10,optimal,False,4
840,HCQbQre,9,15,3,3.3176672109,0.3176672109,3.3176672178696336,6.939e-09,6.428e-10,optimal,False,4
841,HCp`fj^,9,19,3,3.3176672109,0.3176672109,3.31766720530285,5.560e-09,4.223e-10,optimal,False,4
842,HCp`fRh,9,16,3,3.3176672108,0.3176672108,3.3176672178977618,7.072e-09,8.176e-10,optimal,False,4
843,HCQubQh,9,15,3,3.3176672108,0.3176672108,3.3176672148409074,4.018e-09,8.883e-10,optimal,False,4
844,HCp`erV,9,17,3,3.3176672108,0.3176672108,3.3176672109300225,1.401e-10,6.955e-10,optimal,False,4
845,HCp`frk,9,17,3,3.3176672108,0.3176672108,3.31766720660405,4.185e-09,8.881e-10,optimal,False,4
846,HCp`fi|,9,18,3,3.3176672105,0.3176672105,3.3176672588820075,4.840e-08,6.270e-10,optimal,False,4
847,HCp`erT,9,16,3,3.3176672105,0.3176672105,3.3176672264333518,1.597e-08,1.195e-09,optimal,False,4
848,HCp`fQf,9,16,3,3.3176672104,0.3176672104,3.3176672143749757,3.971e-09,6.784e-10,optimal,False,4
849,HCp`eq{,9,16,3,3.3176672103,0.3176672103,3.31766721205718,1.756e-09,5.742e-10,optimal,False,4
850,HCp`fO},9,16,3,3.3176672103,0.3176672103,3.3176672113815546,1.126e-09,5.896e-10,optimal,False,4
851,H?bB@_w,9,10,4,4.3176672102,0.3176672102,4.3176672067930335,3.436e-09,1.459e-10,optimal,False,5
852,HCp`ert,9,17,3,3.3176672102,0.3176672102,3.3176672094895814,7.375e-10,1.161e-09,optimal,False,4
853,HCp`fZl,9,18,3,3.3176672102,0.3176672102,3.3176672034355708,6.721e-09,1.515e-09,optimal,False,4
854,HCp`egv,9,16,3,3.3176672101,0.3176672101,3.3176672130503895,2.954e-09,2.870e-10,optimal,False,4
855,HCp`fRs,9,16,3,3.3176672101,0.3176672101,3.3176672107598146,6.676e-10,7.412e-10,optimal,False,4
856,HCp`fjt,9,18,3,3.3176672101,0.3176672101,3.317667194513291,1.557e-08,2.801e-10,optimal,False,4
857,HCp`ejk,9,16,3,3.3176672101,0.3176672101,3.3176672121867425,2.109e-09,1.577e-09,optimal,False,4
858,HCp`fZ[,9,17,3,3.3176672101,0.3176672101,3.317667208538513,1.531e-09,8.243e-10,optimal,False,4
859,HCp`er~,9,19,3,3.3176672100,0.3176672100,3.317667209434819,6.106e-10,1.240e-09,optimal,False,4
860,HCQbQqc,9,13,3,3.3176672100,0.3176672100,3.3176672205866935,1.055e-08,3.569e-10,optimal,False,4
861,HCp`fr[,9,17,3,3.3176672100,0.3176672100,3.3176672237360276,1.372e-08,2.984e-10,optimal,False,4
862,HCp`fi{,9,17,3,3.3176672099,0.3176672099,3.317667217734128,7.853e-09,1.034e-09,optimal,False,4
863,H?bB@Ru,9,13,4,4.3176672099,0.3176672099,4.317667212826383,2.958e-09,2.182e-09,optimal,False,5
864,HCp`eh|,9,17,3,3.3176672098,0.3176672098,3.3176672107285192,9.047e-10,3.493e-10,optimal,False,4
865,HCQbQpu,9,15,3,3.3176672097,0.3176672097,3.317667204795613,4.912e-09,3.167e-10,optimal,False,4
866,HCp`fjl,9,18,3,3.3176672097,0.3176672097,3.3176672004343093,9.234e-09,6.232e-10,optimal,False,4
867,HCp`er[,9,16,3,3.3176672096,0.3176672096,3.3176672034022077,6.243e-09,1.599e-09,optimal,False,4
868,H?bB@Qs,9,11,4,4.3176672096,0.3176672096,4.317667207970555,1.654e-09,5.902e-10,optimal,False,5
869,HCp`eji,9,16,3,3.3176672096,0.3176672096,3.31766721037188,7.551e-10,4.384e-10,optimal,False,4
870,HCp`fZ],9,18,3,3.3176672095,0.3176672095,3.3176672001381795,9.372e-09,5.822e-10,optimal,False,4
871,HCp`fY],9,17,3,3.3176672095,0.3176672095,3.3176672109927345,1.485e-09,7.026e-10,optimal,False,4
872,HCp`fzm,9,19,3,3.3176672095,0.3176672095,3.3176672038352844,5.649e-09,7.400e-10,optimal,False,4
873,HCp`er{,9,17,3,3.3176672094,0.3176672094,3.3176672035424737,5.878e-09,6.017e-10,optimal,False,4
874,HCp`ep\,9,16,3,3.3176672094,0.3176672094,3.3176672041786164,5.176e-09,1.102e-09,optimal,False,4
875,HCp`fzz,9,20,3,3.3176672093,0.3176672093,3.317667196592799,1.267e-08,3.317e-09,optimal,False,4
876,HCp`ejl,9,17,3,3.3176672092,0.3176672092,3.3176671974300125,1.179e-08,9.440e-10,optimal,False,4
877,H?bB@RO,9,10,4,4.3176672092,0.3176672092,4.317667200104657,9.081e-09,1.146e-10,optimal,False,5
878,HCp`fZk,9,17,3,3.3176672091,0.3176672091,3.317667210486543,1.430e-09,1.099e-09,optimal,False,4
879,HCp`ej\,9,17,3,3.3176672090,0.3176672090,3.317667204501774,4.525e-09,4.018e-10,optimal,False,4
880,HCp`fzn,9,20,3,3.3176672090,0.3176672090,3.3176671718828072,3.713e-08,5.536e-10,optimal,False,4
881,HCQbQrM,9,15,3,3.3176672090,0.3176672090,3.3176672108608285,1.862e-09,2.351e-10,optimal,False,4
882,HCp`eht,9,16,3,3.3176672089,0.3176672089,3.3176672181882605,9.266e-09,4.713e-10,optimal,False,4
883,HCp`fzu,9,19,3,3.3176672089,0.3176672089,3.317667206854507,2.041e-09,3.676e-10,optimal,False,4
884,HCp`fRJ,9,16,3,3.3176672089,0.3176672089,3.317667207836272,1.040e-09,2.010e-10,optimal,False,4
885,HCp`fzy,9,19,3,3.3176672088,0.3176672088,3.3176672064319694,2.412e-09,2.979e-10,optimal,False,4
886,HCp`fZ},9,19,3,3.3176672087,0.3176672087,3.317667203210593,5.487e-09,3.155e-10,optimal,False,4
887,HCp`frx,9,18,3,3.3176672086,0.3176672086,3.317667200753187,7.874e-09,3.117e-10,optimal,False,4
888,HCp`fhm,9,17,3,3.3176672086,0.3176672086,3.3176672161711007,7.563e-09,4.161e-10,optimal,False,4
889,HCp`fi^,9,18,3,3.3176672086,0.3176672086,3.3176672028103367,5.797e-09,1.167e-09,optimal,False,4
890,HCp`fXy,9,17,3,3.3176672086,0.3176672086,3.317667210329454,1.728e-09,5.843e-10,optimal,False,4
891,HCp`fZ\,9,18,3,3.3176672086,0.3176672086,3.3176671945032816,1.406e-08,1.015e-09,optimal,False,4
892,HCp`fj{,9,18,3,3.3176672085,0.3176672085,3.3176672103906295,1.853e-09,1.899e-10,optimal,False,4
893,HCp`fpv,9,18,3,3.3176672085,0.3176672085,3.3176671782990472,3.023e-08,2.220e-10,optimal,False,4
894,HCp`fZz,9,19,3,3.3176672085,0.3176672085,3.3176672044090973,4.091e-09,5.869e-10,optimal,False,4
895,HCp`fZy,9,18,3,3.3176672084,0.3176672084,3.317667203400363,5.035e-09,3.661e-10,optimal,False,4
896,HCp`fjk,9,17,3,3.3176672084,0.3176672084,3.317667205672687,2.706e-09,2.113e-10,optimal,False,4
897,HCp`fY^,9,18,3,3.3176672084,0.3176672084,3.3176672039522317,4.421e-09,9.932e-10,optimal,False,4
898,HCp`eqV,9,16,3,3.3176672084,0.3176672084,3.317667209077087,7.222e-10,2.963e-10,optimal,False,4
899,HCp`fp|,9,18,3,3.3176672083,0.3176672083,3.3176672088816073,5.527e-10,2.684e-10,optimal,False,4
900,HCp`fz},9,20,3,3.3176672083,0.3176672083,3.3176672074649067,8.166e-10,1.846e-10,optimal,False,4
901,HCp`erc,9,15,3,3.3176672083,0.3176672083,3.317667211415764,3.138e-09,2.669e-10,optimal,False,4
902,H?bB@R},9,14,4,4.3176672082,0.3176672082,4.317667216806434,8.595e-09,2.069e-09,optimal,False,5
903,HCp`fru,9,18,3,3.3176672082,0.3176672082,3.317667209258307,1.066e-09,3.070e-10,optimal,False,4
904,H?bB@RS,9,11,4,4.3176672081,0.3176672081,4.317667192808619,1.532e-08,1.742e-09,optimal,False,5
905,HCp`ep|,9,17,3,3.3176672081,0.3176672081,3.317667211026934,2.916e-09,3.952e-10,optimal,False,4
906,HCQubRI,9,15,3,3.3176672081,0.3176672081,3.3176672179901336,9.928e-09,1.109e-10,optimal,False,4
907,HCp`fY~,9,19,3,3.3176672079,0.3176672079,3.3176672018932907,6.016e-09,9.500e-10,optimal,False,4
908,HCp`fZ^,9,19,3,3.3176672077,0.3176672077,3.3176671986279747,9.091e-09,4.830e-10,optimal,False,4
909,HCp`fZ|,9,19,3,3.3176672077,0.3176672077,3.317667203606707,4.083e-09,4.721e-10,optimal,False,4
910,HCp`f~},9,21,3,3.3176672077,0.3176672077,3.317667205224842,2.447e-09,1.340e-09,optimal,False,4
911,HCp`fz{,9,19,3,3.3176672075,0.3176672075,3.3176672242743,1.678e-08,1.211e-10,optimal,False,4
912,HCp`fPr,9,16,3,3.3176672075,0.3176672075,3.31766720844886,9.844e-10,1.958e-09,optimal,False,4
913,HCp`fZZ,9,18,3,3.3176672074,0.3176672074,3.317667205666866,1.728e-09,4.595e-10,optimal,False,4
914,H?bB@R~,9,15,4,4.3176672050,0.3176672050,4.317667211530149,6.548e-09,6.062e-10,optimal,False,5
915,HCpbdh[,9,16,3,3.3162250576,0.3162250576,3.316225004822289,5.275e-08,4.905e-09,optimal,False,4
916,HCR`v`r,9,17,3,3.3159746127,0.3159746127,3.3159745774242566,3.532e-08,4.108e-09,optimal,False,4
917,HCR`v`x,9,17,3,3.3159745909,0.3159745909,3.315974577313369,1.356e-08,1.507e-09,optimal,False,4
918,HCR`rhr,9,17,3,3.3159745753,0.3159745753,3.3159745859512144,1.065e-08,4.661e-10,optimal,False,4
919,HCrbbp],9,18,3,3.3159115193,0.3159115193,3.315911519485728,1.710e-10,4.437e-10,optimal,False,4
920,HCpbfRM,9,17,3,3.3150654993,0.3150654993,3.3150654461515177,5.318e-08,4.481e-09,optimal,False,4
921,HCRcuhr,9,17,3,3.3150654677,0.3150654677,3.315065431782587,3.596e-08,4.114e-09,optimal,False,4
922,HCpdPzu,9,18,3,3.3148086905,0.3148086905,3.314808674898492,1.564e-08,1.415e-09,optimal,False,4
923,HQyuzz},9,25,2,2.3145962325,0.3145962325,2.3145962128787265,1.966e-08,4.224e-09,optimal,False,3
924,HQyuzyn,9,24,2,2.3145962232,0.3145962232,2.3145962093716563,1.385e-08,1.399e-09,optimal,False,3
925,HQyuzzn,9,25,2,2.3145962225,0.3145962225,2.3145962142408445,8.224e-09,2.114e-09,optimal,False,3
926,HCRbem],9,18,3,3.3145962224,0.3145962224,3.314596219269171,3.089e-09,1.252e-09,optimal,False,4
927,HQjVmxz,9,23,2,2.3145962217,0.3145962217,2.3145961901360583,3.153e-08,1.972e-09,optimal,False,3
928,HQyv]x},9,24,2,2.3145962206,0.3145962206,2.3145962169796492,3.654e-09,1.270e-09,optimal,False,3
929,HCRbd^e,9,18,3,3.3145962186,0.3145962186,3.3145962040737604,1.457e-08,4.707e-10,optimal,False,4
930,HQyuzz],9,24,2,2.3145962175,0.3145962175,2.3145962110506866,6.468e-09,9.054e-10,optimal,False,3
931,HQyuzz~,9,26,2,2.3145962126,0.3145962126,2.314596205014389,7.591e-09,6.865e-11,optimal,False,3
932,HCpbawy,9,16,3,3.3135386393,0.3135386393,3.313538603642528,3.569e-08,3.590e-09,optimal,False,4
933,HCR`szU,9,17,3,3.3134040691,0.3134040691,3.313404032910497,3.622e-08,4.585e-09,optimal,False,4
934,HCpbei],9,17,3,3.3123776853,0.3123776853,3.3123776566686773,2.862e-08,2.693e-09,optimal,False,4
935,HCY^BbK,9,16,3,3.3106586869,0.3106586869,3.310658670417755,1.646e-08,3.318e-09,optimal,False,4
936,HCZLb`i,9,16,3,3.3095335751,0.3095335751,3.309533533959559,4.114e-08,5.279e-10,optimal,False,4
937,HCpbdq],9,17,3,3.3091967567,0.3091967567,3.309196762722187,6.059e-09,4.116e-10,optimal,False,4
938,HCpbeh],9,17,3,3.3085185371,0.3085185371,3.308518514316881,2.279e-08,1.981e-09,optimal,False,4
939,HCpbeij,9,17,3,3.3085185369,0.3085185369,3.3085185112515623,2.562e-08,1.467e-09,optimal,False,4
940,HCpbegz,9,17,3,3.3085185318,0.3085185318,3.308518518089325,1.376e-08,1.568e-09,optimal,False,4
941,HCpbazU,9,17,3,3.3085185295,0.3085185295,3.3085185127960925,1.666e-08,3.337e-09,optimal,False,4
942,HCpdPxy,9,17,3,3.3085185264,0.3085185264,3.30851852989024,3.532e-09,1.250e-09,optimal,False,4
943,HCpdPzw,9,17,3,3.3085185210,0.3085185210,3.3085185420889562,2.111e-08,5.017e-10,optimal,False,4
944,HCpVbrk,9,18,3,3.3080129437,0.3080129437,3.308012921766042,2.190e-08,1.637e-09,optimal,False,4
945,HCpbdii,9,16,3,3.3053562508,0.3053562508,3.3053562302009474,2.064e-08,2.976e-09,optimal,False,4
946,HCpbei{,9,17,3,3.3049057099,0.3049057099,3.3049057081670283,1.725e-09,1.322e-09,optimal,False,4
947,HCpVdXy,9,18,3,3.3041872612,0.3041872612,3.3041871901002455,7.108e-08,3.932e-09,optimal,False,4
948,HCQbdzs,9,17,3,3.3036401001,0.3036401001,3.3036401119750294,1.183e-08,3.282e-10,optimal,False,4
949,HCQberi,9,16,3,3.3016944172,0.3016944172,3.3016943477584766,6.940e-08,6.029e-09,optimal,False,4
950,HCpbdqj,9,17,3,3.3016944058,0.3016944058,3.3016943495631184,5.623e-08,6.145e-09,optimal,False,4
951,HCQvDZw,9,17,3,3.3016943878,0.3016943878,3.3016943562797003,3.153e-08,4.095e-09,optimal,False,4
952,HCpdRhw,9,16,3,3.3016943858,0.3016943858,3.301694371782907,1.397e-08,4.866e-09,optimal,False,4
953,HCpdPz|,9,19,3,3.3016943833,0.3016943833,3.3016943503490612,3.294e-08,4.382e-09,optimal,False,4
954,HCQbRfL,9,16,3,3.3016943815,0.3016943815,3.3016943505140905,3.100e-08,3.323e-09,optimal,False,4
955,HCpbfIm,9,17,3,3.3016943784,0.3016943784,3.301694348686285,2.969e-08,3.359e-09,optimal,False,4
956,HCpbehf,9,17,3,3.3016943773,0.3016943773,3.3016943552934315,2.198e-08,4.075e-09,optimal,False,4
957,HCpbaxZ,9,17,3,3.3016943731,0.3016943731,3.3016943518910455,2.121e-08,3.932e-09,optimal,False,4
958,HCpbegv,9,17,3,3.3016943719,0.3016943719,3.3016943502832543,2.159e-08,4.153e-09,optimal,False,4
959,HCpbdhe,9,16,3,3.3016943717,0.3016943717,3.301694349639928,2.201e-08,4.048e-09,optimal,False,4
960,HCpbehZ,9,17,3,3.3016943703,0.3016943703,3.301694348994239,2.132e-08,4.377e-09,optimal,False,4
961,HCQbQzk,9,16,3,3.3016943694,0.3016943694,3.3016943549951145,1.436e-08,1.929e-09,optimal,False,4
962,HCRcrrS,9,16,3,3.3016943688,0.3016943688,3.3016943668995506,1.936e-09,2.348e-09,optimal,False,4
963,HCpbdoy,9,16,3,3.3016943688,0.3016943688,3.301694349958599,1.885e-08,2.749e-09,optimal,False,4
964,HCpberT,9,17,3,3.3016943679,0.3016943679,3.301694347573255,2.035e-08,2.578e-09,optimal,False,4
965,HCpbejf,9,18,3,3.3016943655,0.3016943655,3.301694349797246,1.568e-08,2.727e-09,optimal,False,4
966,HCpdegz,9,17,3,3.3016943642,0.3016943642,3.301694347943082,1.621e-08,4.451e-09,optimal,False,4
967,HCQbep{,9,16,3,3.3016943629,0.3016943629,3.3016943528329494,1.011e-08,2.136e-09,optimal,False,4
968,HCpbaz[,9,17,3,3.3016943620,0.3016943620,3.301694351435419,1.060e-08,2.053e-09,optimal,False,4
969,HCQudq],9,17,3,3.3016943616,0.3016943616,3.301694355811056,5.745e-09,2.016e-09,optimal,False,4
970,HCpbeim,9,17,3,3.3016943615,0.3016943615,3.3016943689118166,7.449e-09,2.850e-09,optimal,False,4
971,HCpbax},9,18,3,3.3016943608,0.3016943608,3.3016943668758283,6.066e-09,3.118e-09,optimal,False,4
972,HCQuQrb,9,16,3,3.3016943597,0.3016943597,3.301694350815223,8.852e-09,1.860e-09,optimal,False,4
973,HCpbeqj,9,17,3,3.3016943587,0.3016943587,3.301694351109162,7.581e-09,2.334e-09,optimal,False,4
974,HCpddVw,9,17,3,3.3016943586,0.3016943586,3.301694373790994,1.516e-08,3.022e-09,optimal,False,4
975,HCpbeoy,9,16,3,3.3016943586,0.3016943586,3.301694352446926,6.120e-09,1.598e-09,optimal,False,4
976,HCpdRW|,9,17,3,3.3016943576,0.3016943576,3.301694351754637,5.829e-09,1.487e-09,optimal,False,4
977,HCpbay{,9,17,3,3.3016943568,0.3016943568,3.3016943568563732,2.291e-11,2.007e-09,optimal,False,4
978,HCpbazT,9,17,3,3.3016943565,0.3016943565,3.30169434892367,7.548e-09,1.506e-09,optimal,False,4
979,HCQbRpu,9,16,3,3.3016943560,0.3016943560,3.301694350025653,5.943e-09,1.923e-09,optimal,False,4
980,HCpdPzl,9,18,3,3.3016943543,0.3016943543,3.3016943628339464,8.504e-09,1.354e-09,optimal,False,4
981,HCpbdrT,9,17,3,3.3016943539,0.3016943539,3.3016943564249677,2.497e-09,1.293e-09,optimal,False,4
982,HCdebPM,9,15,3,3.3016943533,0.3016943533,3.3016943565376446,3.228e-09,1.174e-09,optimal,False,4
983,HCpdUi{,9,17,3,3.3016943528,0.3016943528,3.3016943578803692,5.043e-09,1.221e-09,optimal,False,4
984,HCRcujw,9,17,3,3.3016943526,0.3016943526,3.3016943536296988,1.025e-09,2.089e-09,optimal,False,4
985,HCpbeiy,9,17,3,3.3016943521,0.3016943521,3.301694354692373,2.603e-09,1.075e-09,optimal,False,4
986,HCpddq\,9,17,3,3.3016943517,0.3016943517,3.3016943477290384,4.014e-09,1.240e-09,optimal,False,4
987,HCpbejT,9,17,3,3.3016943516,0.3016943516,3.301694352749739,1.171e-09,1.068e-09,optimal,False,4
988,HCpbejJ,9,17,3,3.3016943512,0.3016943512,3.3016943489084736,2.339e-09,1.589e-09,optimal,False,4
989,HCpbdoz,9,17,3,3.3016943511,0.3016943511,3.301694350322501,7.611e-10,9.539e-10,optimal,False,4
990,HCpdUjw,9,17,3,3.3016943496,0.3016943496,3.301694350488545,8.623e-10,1.617e-09,optimal,False,4
991,HCpdPzx,9,18,3,3.3016943483,0.3016943483,3.301694352269335,3.995e-09,9.153e-10,optimal,False,4
992,HCpbazX,9,17,3,3.3016943481,0.3016943481,3.301694355900085,7.809e-09,9.322e-10,optimal,False,4
993,HCQbRd\,9,16,3,3.3016943476,0.3016943476,3.3016943483215977,6.968e-10,7.324e-10,optimal,False,4
994,HCpbdgy,9,16,3,3.3016943476,0.3016943476,3.3016943529688074,5.390e-09,8.231e-10,optimal,False,4
995,HCpbazY,9,17,3,3.3016943473,0.3016943473,3.3016943496482445,2.361e-09,1.040e-09,optimal,False,4
996,HCQ`erM,9,15,3,3.3016943470,0.3016943470,3.30169434894358,1.975e-09,5.666e-10,optimal,False,4
997,HCpbein,9,18,3,3.3016943463,0.3016943463,3.301694348457507,2.150e-09,5.604e-10,optimal,False,4
998,HCpbejz,9,19,3,3.3016943462,0.3016943462,3.301694349461893,3.258e-09,8.159e-10,optimal,False,4
999,HCRctVw,9,17,3,3.3016943462,0.3016943462,3.3016943521075914,5.905e-09,4.922e-10,optimal,False,4
1000,HCQbQxx,9,16,3,3.3016943460,0.3016943460,3.3016943526660993,6.635e-09,4.242e-10,optimal,False,4
